{"analysis": {"adg": 0.008741259054979134,
              "adg_per_exposure_long": 0.001456876509163189,
              "adg_per_exposure_short": 0.0,
              "adg_w": 0.004440026726353752,
              "adg_w_per_exposure_long": 0.000740004454392292,
              "adg_w_per_exposure_short": 0.0,
              "calmar_ratio": 0.01131442910723625,
              "calmar_ratio_w": 0.014131353584048822,
              "drawdown_worst": 0.7725762362493905,
              "drawdown_worst_mean_1pct": 0.4183315138176747,
              "equity_balance_diff_neg_max": 0.8156754892738086,
              "equity_balance_diff_neg_mean": 0.016256918391056807,
              "equity_balance_diff_pos_max": 0.25537887796707903,
              "equity_balance_diff_pos_mean": 0.0012780151885717311,
              "equity_choppiness": 1.2122962666289352,
              "equity_choppiness_w": 1.4170111278949535,
              "equity_jerkiness": 0.013376147958575635,
              "equity_jerkiness_w": 0.009175650938741668,
              "expected_shortfall_1pct": 0.3707854238412071,
              "exponential_fit_error": 2.966629663494112,
              "exponential_fit_error_w": 0.3087986722828899,
              "gain": 5392574.957102293,
              "gain_per_exposure_long": 898762.4928503822,
              "gain_per_exposure_short": 0.0,
              "loss_profit_ratio": 0.01690981783627284,
              "loss_profit_ratio_long": 0.01690981783627284,
              "loss_profit_ratio_short": 1.0,
              "loss_profit_ratio_w": 0.015932059107018476,
              "mdg": 0.0006385378834694741,
              "mdg_per_exposure_long": 0.00010642298057824568,
              "mdg_per_exposure_short": 0.0,
              "mdg_w": 0.00033263718770799985,
              "mdg_w_per_exposure_long": 5.543953128466664e-05,
              "mdg_w_per_exposure_short": 0.0,
              "omega_ratio": 23.173634039268006,
              "omega_ratio_w": 16.013767399990954,
              "pnl_ratio_long_short": 1.0,
              "position_held_hours_max": 124.78333333333333,
              "position_held_hours_mean": 0.4312616478134616,
              "position_held_hours_median": 0.15,
              "position_unchanged_hours_max": 48.63333333333333,
              "positions_held_per_day": 8.636720943290287,
              "sharpe_ratio": 0.030508480862021937,
              "sharpe_ratio_w": 0.0686565648366574,
              "sortino_ratio": 0.10631005300400555,
              "sortino_ratio_w": 0.08970844832870223,
              "sterling_ratio": 0.02089553085591567,
              "sterling_ratio_w": 0.01739836613715409,
              "volume_pct_per_day_avg": 2.3002214015145848,
              "volume_pct_per_day_avg_w": 1.5183388170944963},
 "backtest": {"base_dir": "backtests/pbgui/SOL_DOGE_adg_sharpe_omega_new_markup_grtr",
              "cache_dir": {"binance": "caches/hlcvs_data/8c3ff0b10ab21ba4"},
              "coins": {"binance": ["DOGE", "SOL"]},
              "combine_ohlcvs": false,
              "compress_cache": true,
              "end_date": "2025-06-23",
              "exchanges": ["bybit", "binance"],
              "gap_tolerance_ohlcvs_minutes": 120,
              "start_date": "2020-01-01",
              "starting_balance": 1000,
              "use_btc_collateral": false},
 "bot": {"long": {"close_grid_markup_end": 0.025203,
                  "close_grid_markup_start": 0.029923,
                  "close_grid_qty_pct": 0.38986,
                  "close_trailing_grid_ratio": 0.69478,
                  "close_trailing_qty_pct": 0.22858,
                  "close_trailing_retracement_pct": 0.0043661,
                  "close_trailing_threshold_pct": 0.0044802,
                  "ema_span_0": 198.37,
                  "ema_span_1": 193.6,
                  "enforce_exposure_limit": true,
                  "entry_grid_double_down_factor": 0.99458,
                  "entry_grid_spacing_pct": 0.017362,
                  "entry_grid_spacing_weight": 1.893,
                  "entry_initial_ema_dist": 0.019739,
                  "entry_initial_qty_pct": 0.012377,
                  "entry_trailing_double_down_factor": 7.6996,
                  "entry_trailing_grid_ratio": -0.53013,
                  "entry_trailing_retracement_pct": 0.087968,
                  "entry_trailing_threshold_pct": 0.048356,
                  "filter_noisiness_rolling_window": 60,
                  "filter_volume_drop_pct": 0,
                  "filter_volume_rolling_window": 60,
                  "n_positions": 2,
                  "total_wallet_exposure_limit": 6,
                  "unstuck_close_pct": 0.034468,
                  "unstuck_ema_dist": -0.0081025,
                  "unstuck_loss_allowance_pct": 0.12545,
                  "unstuck_threshold": 0.94319},
         "short": {"close_grid_markup_end": 0.001,
                   "close_grid_markup_start": 0.001,
                   "close_grid_qty_pct": 0.05,
                   "close_trailing_grid_ratio": -1,
                   "close_trailing_qty_pct": 0.05,
                   "close_trailing_retracement_pct": 0,
                   "close_trailing_threshold_pct": -0.1,
                   "ema_span_0": 200,
                   "ema_span_1": 200,
                   "enforce_exposure_limit": true,
                   "entry_grid_double_down_factor": 0.1,
                   "entry_grid_spacing_pct": 0.01,
                   "entry_grid_spacing_weight": 0.2,
                   "entry_initial_ema_dist": -0.1,
                   "entry_initial_qty_pct": 0.025,
                   "entry_trailing_double_down_factor": 0.1,
                   "entry_trailing_grid_ratio": -1,
                   "entry_trailing_retracement_pct": 0,
                   "entry_trailing_threshold_pct": -0.1,
                   "filter_noisiness_rolling_window": 10,
                   "filter_volume_drop_pct": 0,
                   "filter_volume_rolling_window": 10,
                   "n_positions": 0,
                   "total_wallet_exposure_limit": 0,
                   "unstuck_close_pct": 0.005,
                   "unstuck_ema_dist": -0.1,
                   "unstuck_loss_allowance_pct": 0.01,
                   "unstuck_threshold": 0.7}},
 "disable_plotting": false,
 "live": {"approved_coins": {"long": ["DOGEUSDT", "SOLUSDT"], "short": []},
          "auto_gs": true,
          "coin_flags": {},
          "empty_means_all_approved": false,
          "execution_delay_seconds": 2,
          "filter_by_min_effective_cost": true,
          "forced_mode_long": "",
          "forced_mode_short": "",
          "ignored_coins": {"long": [], "short": []},
          "leverage": 10,
          "market_orders_allowed": true,
          "max_n_cancellations_per_batch": 5,
          "max_n_creations_per_batch": 3,
          "max_n_restarts_per_day": 10,
          "mimic_backtest_1m_delay": false,
          "minimum_coin_age_days": 30,
          "ohlcvs_1m_rolling_window_days": 4,
          "ohlcvs_1m_update_after_minutes": 10,
          "pnls_max_lookback_days": 30,
          "price_distance_threshold": 0.002,
          "time_in_force": "good_till_cancelled",
          "user": "bybit_01"},
 "optimize": {"bounds": {"long_close_grid_markup_end": [0.001, 0.03],
                         "long_close_grid_markup_start": [0.001, 0.03],
                         "long_close_grid_qty_pct": [0.05, 0.4],
                         "long_close_trailing_grid_ratio": [-1, 1],
                         "long_close_trailing_qty_pct": [0.05, 0.25],
                         "long_close_trailing_retracement_pct": [0.003, 0.01],
                         "long_close_trailing_threshold_pct": [0.001, 0.005],
                         "long_ema_span_0": [100, 800],
                         "long_ema_span_1": [100, 800],
                         "long_entry_grid_double_down_factor": [0.4, 10],
                         "long_entry_grid_spacing_pct": [0.01, 0.12],