{"analysis": {"adg": 0.03674339484188005,
              "adg_per_exposure_long": 0.004082599426875561,
              "adg_per_exposure_short": 0.0,
              "adg_w": 0.022439827596239838,
              "adg_w_per_exposure_long": 0.002493314177359982,
              "adg_w_per_exposure_short": 0.0,
              "calmar_ratio": 0.12758080570962488,
              "calmar_ratio_w": 0.08125074943221175,
              "drawdown_worst": 0.2880009625077017,
              "drawdown_worst_mean_1pct": 0.2880009625077017,
              "equity_balance_diff_neg_max": 0.32235849585337994,
              "equity_balance_diff_neg_mean": 0.0248536533669432,
              "equity_balance_diff_pos_max": 0.4435931869182391,
              "equity_balance_diff_pos_mean": 0.006918758115201086,
              "equity_choppiness": 1.197099111468919,
              "equity_choppiness_w": 1.2125924054400685,
              "equity_jerkiness": 0.06061664135969947,
              "equity_jerkiness_w": 0.03982298068812088,
              "expected_shortfall_1pct": 0.2818653931743226,
              "exponential_fit_error": 0.3300735006651771,
              "exponential_fit_error_w": 0.04018222772600421,
              "gain": 686.2797114687672,
              "gain_per_exposure_long": 76.25330127430747,
              "gain_per_exposure_short": 0.0,
              "loss_profit_ratio": 0.0,
              "loss_profit_ratio_long": 0.0,
              "loss_profit_ratio_short": 1.0,
              "loss_profit_ratio_w": 0.0,
              "mdg": 0.008344883004198812,
              "mdg_per_exposure_long": 0.0009272092226887569,
              "mdg_per_exposure_short": 0.0,
              "mdg_w": 0.007652291464765789,
              "mdg_w_per_exposure_long": 0.0008502546071961988,
              "mdg_w_per_exposure_short": 0.0,
              "omega_ratio": 16.277754213538554,
              "omega_ratio_w": 12.834245612700638,
              "pnl_ratio_long_short": 1.0,
              "position_held_hours_max": 39.71666666666667,
              "position_held_hours_mean": 2.9136856368563686,
              "position_held_hours_median": 0.8333333333333334,
              "position_unchanged_hours_max": 24.05,
              "positions_held_per_day": 2.0386740331491713,
              "sharpe_ratio": 0.18326921572643914,
              "sharpe_ratio_w": 0.15915308356701297,
              "sortino_ratio": 0.35584966817170677,
              "sortino_ratio_w": 0.2752741346402826,
              "sterling_ratio": 0.12758080570962488,
              "sterling_ratio_w": 0.08125074943221175,
              "volume_pct_per_day_avg": 6.497299579789457,
              "volume_pct_per_day_avg_w": 4.471011634312588},
 "backtest": {"base_dir": "backtests/pbgui/HYPE_cpt_adg_omega_sharpe_grtr_c70_e100",
              "cache_dir": {"bybit": "caches/hlcvs_data/60347e4d92303158"},
              "coins": {"bybit": ["HYPE"]},
              "combine_ohlcvs": false,
              "compress_cache": true,
              "end_date": "2025-07-04",
              "exchanges": ["bybit", "binance"],
              "gap_tolerance_ohlcvs_minutes": 120,
              "start_date": "2020-01-01",
              "starting_balance": 1000,
              "use_btc_collateral": false},
 "bot": {"long": {"close_grid_markup_end": 0.029464,
                  "close_grid_markup_start": 0.01209,
                  "close_grid_qty_pct": 0.27413,
                  "close_trailing_grid_ratio": -0.70875,
                  "close_trailing_qty_pct": 0.08347,
                  "close_trailing_retracement_pct": 0.003,
                  "close_trailing_threshold_pct": 0.0035102,
                  "ema_span_0": 792.32,
                  "ema_span_1": 674.59,
                  "enforce_exposure_limit": true,
                  "entry_grid_double_down_factor": 7.6013,
                  "entry_grid_spacing_pct": 0.088605,
                  "entry_grid_spacing_weight": 1.4217,
                  "entry_initial_ema_dist": 0.025,
                  "entry_initial_qty_pct": 0.071263,
                  "entry_trailing_double_down_factor": 5.8858,
                  "entry_trailing_grid_ratio": -1,
                  "entry_trailing_retracement_pct": 1.1539e-05,
                  "entry_trailing_threshold_pct": 0.064905,
                  "filter_noisiness_rolling_window": 60,
                  "filter_volume_drop_pct": 0,
                  "filter_volume_rolling_window": 60,
                  "n_positions": 1,
                  "total_wallet_exposure_limit": 9,
                  "unstuck_close_pct": 0.047191,
                  "unstuck_ema_dist": -0.0071933,
                  "unstuck_loss_allowance_pct": 0.16095,
                  "unstuck_threshold": 0.67915},
         "short": {"close_grid_markup_end": 0.001,
                   "close_grid_markup_start": 0.001,
                   "close_grid_qty_pct": 0.1,
                   "close_trailing_grid_ratio": -1,
                   "close_trailing_qty_pct": 0.1,
                   "close_trailing_retracement_pct": 0.003,
                   "close_trailing_threshold_pct": -0.001,
                   "ema_span_0": 200,
                   "ema_span_1": 200,
                   "enforce_exposure_limit": true,
                   "entry_grid_double_down_factor": 0.6,
                   "entry_grid_spacing_pct": 0.01,
                   "entry_grid_spacing_weight": 0.2,
                   "entry_initial_ema_dist": -0.001,
                   "entry_initial_qty_pct": 0.025,
                   "entry_trailing_double_down_factor": 0.1,
                   "entry_trailing_grid_ratio": -1,
                   "entry_trailing_retracement_pct": 0,
                   "entry_trailing_threshold_pct": -0.1,
                   "filter_noisiness_rolling_window": 60,
                   "filter_volume_drop_pct": 0.53,
                   "filter_volume_rolling_window": 60,
                   "n_positions": 0,
                   "total_wallet_exposure_limit": 0,
                   "unstuck_close_pct": 0.005,
                   "unstuck_ema_dist": -0.1,
                   "unstuck_loss_allowance_pct": 0.01,
                   "unstuck_threshold": 0.55}},
 "disable_plotting": false,
 "live": {"approved_coins": {"long": ["HYPEUSDT"], "short": []},
          "auto_gs": true,
          "coin_flags": {},
          "empty_means_all_approved": false,
          "execution_delay_seconds": 2,
          "filter_by_min_effective_cost": true,
          "forced_mode_long": "",
          "forced_mode_short": "",
          "ignored_coins": {"long": [], "short": []},
          "leverage": 10,
          "market_orders_allowed": true,
          "max_n_cancellations_per_batch": 5,
          "max_n_creations_per_batch": 3,
          "max_n_restarts_per_day": 10,
          "mimic_backtest_1m_delay": false,
          "minimum_coin_age_days": 30,
          "ohlcvs_1m_rolling_window_days": 4,
          "ohlcvs_1m_update_after_minutes": 10,
          "pnls_max_lookback_days": 30,
          "price_distance_threshold": 0.002,
          "time_in_force": "good_till_cancelled",
          "user": "bybit_01"},
 "optimize": {"bounds": {"long_close_grid_markup_end": [0.001, 0.03],
                         "long_close_grid_markup_start": [0.001, 0.03],
                         "long_close_grid_qty_pct": [0.05, 0.4],
                         "long_close_trailing_grid_ratio": [-1, -0.7],
                         "long_close_trailing_qty_pct": [0.05, 0.25],
                         "long_close_trailing_retracement_pct": [0.003, 0.01],
                         "long_close_trailing_threshold_pct": [0.001, 0.005],
                         "long_ema_span_0": [50, 800],
                         "long_ema_span_1": [50, 800],
                         "long_entry_grid_double_down_factor": [0.4, 10],
                         "long_entry_grid_spacing_pct": [0.01, 0.12],
                         "long_entry_grid_spacing_weight": [0.2, 2],