{"analysis": {"adg": 0.005291712125742309,
              "adg_per_exposure_long": 0.00029025901627679823,
              "adg_per_exposure_short": 0.0,
              "adg_w": 0.0014550114448383944,
              "adg_w_per_exposure_long": 7.980974410829874e-05,
              "adg_w_per_exposure_short": 0.0,
              "calmar_ratio": 0.007681320618493088,
              "calmar_ratio_w": 0.007944419716731302,
              "drawdown_worst": 0.6889065550788623,
              "drawdown_worst_mean_1pct": 0.31926673451800686,
              "equity_balance_diff_neg_max": 0.9531730966250977,
              "equity_balance_diff_neg_mean": 0.031577764997474216,
              "equity_balance_diff_pos_max": 4.406277266956814,
              "equity_balance_diff_pos_mean": 0.011273182466385638,
              "equity_choppiness": 2.43757252847789,
              "equity_choppiness_w": 2.118702391922251,
              "equity_jerkiness": 0.012537900088774161,
              "equity_jerkiness_w": 0.004516196691670786,
              "expected_shortfall_1pct": 0.20821369208432694,
              "exponential_fit_error": 1.3698929672972795,
              "exponential_fit_error_w": 0.1380021235700548,
              "gain": 43803.29998633543,
              "gain_per_exposure_long": 2402.682243779026,
              "gain_per_exposure_short": 0.0,
              "loss_profit_ratio": 1.4339620474551703e-06,
              "loss_profit_ratio_long": 1.4339620474551703e-06,
              "loss_profit_ratio_short": 1.0,
              "loss_profit_ratio_w": 1.4339620474551702e-07,
              "mdg": 0.0,
              "mdg_per_exposure_long": 0.0,
              "mdg_per_exposure_short": 0.0,
              "mdg_w": 0.0,
              "mdg_w_per_exposure_long": 0.0,
              "mdg_w_per_exposure_short": 0.0,
              "omega_ratio": 7.654279147224533,
              "omega_ratio_w": 3.4162379403210137,
              "pnl_ratio_long_short": 1.0,
              "position_held_hours_max": 567.8,
              "position_held_hours_mean": 2.93649190315857,
              "position_held_hours_median": 0.03333333333333333,
              "position_unchanged_hours_max": 567.8,
              "positions_held_per_day": 1.0266666666666666,
              "sharpe_ratio": 0.0016182914642586068,
              "sharpe_ratio_w": 0.056063550241222074,
              "sortino_ratio": 0.09415417486103571,
              "sortino_ratio_w": 0.04971125061205231,
              "sterling_ratio": 0.016574580291714838,
              "sterling_ratio_w": 0.011451256832807274,
              "volume_pct_per_day_avg": 5.223991656800149,
              "volume_pct_per_day_avg_w": 3.4328742317404677},
 "backtest": {"base_dir": "backtests/pbgui/BTC_cpt_adg_calmar_sharpe_grtr_maxdd7_eema2_c50",
              "cache_dir": {"binance": "caches/hlcvs_data/17b5880d91ef3c12"},
              "coins": {"binance": ["BTC"]},
              "combine_ohlcvs": false,
              "compress_cache": true,
              "end_date": "2025-07-18",
              "exchanges": ["bybit", "binance"],
              "gap_tolerance_ohlcvs_minutes": 120,
              "start_date": "2020-01-01",
              "starting_balance": 1000,
              "use_btc_collateral": false},
 "bot": {"long": {"close_grid_markup_end": 0.021339,
                  "close_grid_markup_start": 0.0025187,
                  "close_grid_qty_pct": 0.097112,
                  "close_trailing_grid_ratio": -0.71074,
                  "close_trailing_qty_pct": 0.128,
                  "close_trailing_retracement_pct": 0.0088029,
                  "close_trailing_threshold_pct": 0.0048142,
                  "ema_span_0": 96.052,
                  "ema_span_1": 76.046,
                  "enforce_exposure_limit": true,
                  "entry_grid_double_down_factor": 6.1376,
                  "entry_grid_spacing_pct": 0.095433,
                  "entry_grid_spacing_weight": 0.89843,
                  "entry_initial_ema_dist": 0.016274,
                  "entry_initial_qty_pct": 0.038653,
                  "entry_trailing_double_down_factor": 0.44721,
                  "entry_trailing_grid_ratio": -0.23726,
                  "entry_trailing_retracement_pct": 0.012644,
                  "entry_trailing_threshold_pct": -0.036919,
                  "filter_noisiness_rolling_window": 60,
                  "filter_volume_drop_pct": 0,
                  "filter_volume_rolling_window": 60,
                  "n_positions": 1,
                  "total_wallet_exposure_limit": 18.231,
                  "unstuck_close_pct": 0.009568,
                  "unstuck_ema_dist": -0.041761,
                  "unstuck_loss_allowance_pct": 0.091142,
                  "unstuck_threshold": 0.86613},
         "short": {"close_grid_markup_end": 0.001,
                   "close_grid_markup_start": 0.001,
                   "close_grid_qty_pct": 0.1,
                   "close_trailing_grid_ratio": -1,
                   "close_trailing_qty_pct": 0.1,
                   "close_trailing_retracement_pct": 0.003,
                   "close_trailing_threshold_pct": -0.001,
                   "ema_span_0": 200,
                   "ema_span_1": 200,
                   "enforce_exposure_limit": true,
                   "entry_grid_double_down_factor": 0.6,
                   "entry_grid_spacing_pct": 0.01,
                   "entry_grid_spacing_weight": 0.2,
                   "entry_initial_ema_dist": -0.001,
                   "entry_initial_qty_pct": 0.025,
                   "entry_trailing_double_down_factor": 0.1,
                   "entry_trailing_grid_ratio": -1,
                   "entry_trailing_retracement_pct": 0,
                   "entry_trailing_threshold_pct": -0.1,
                   "filter_noisiness_rolling_window": 60,
                   "filter_volume_drop_pct": 0.53,
                   "filter_volume_rolling_window": 60,
                   "n_positions": 0,
                   "total_wallet_exposure_limit": 0,
                   "unstuck_close_pct": 0.005,
                   "unstuck_ema_dist": -0.1,
                   "unstuck_loss_allowance_pct": 0.01,
                   "unstuck_threshold": 0.55}},
 "disable_plotting": false,
 "live": {"approved_coins": {"long": ["BTCUSDT"], "short": []},
          "auto_gs": true,
          "coin_flags": {},
          "empty_means_all_approved": false,
          "execution_delay_seconds": 2,
          "filter_by_min_effective_cost": true,
          "forced_mode_long": "",
          "forced_mode_short": "",
          "ignored_coins": {"long": [], "short": []},
          "leverage": 10,
          "market_orders_allowed": true,
          "max_n_cancellations_per_batch": 5,
          "max_n_creations_per_batch": 3,
          "max_n_restarts_per_day": 10,
          "mimic_backtest_1m_delay": false,
          "minimum_coin_age_days": 30,
          "ohlcvs_1m_rolling_window_days": 4,
          "ohlcvs_1m_update_after_minutes": 10,
          "pnls_max_lookback_days": 30,
          "price_distance_threshold": 0.002,
          "time_in_force": "good_till_cancelled",
          "user": "bybit_01"},
 "optimize": {"bounds": {"long_close_grid_markup_end": [0.001, 0.03],
                         "long_close_grid_markup_start": [0.001, 0.03],
                         "long_close_grid_qty_pct": [0.05, 0.4],
                         "long_close_trailing_grid_ratio": [-1, -0.5],
                         "long_close_trailing_qty_pct": [0.05, 0.25],
                         "long_close_trailing_retracement_pct": [0.003, 0.01],
                         "long_close_trailing_threshold_pct": [0.001, 0.005],
                         "long_ema_span_0": [50, 800],
                         "long_ema_span_1": [50, 800],
                         "long_entry_grid_double_down_factor": [0.4, 10],
                         "long_entry_grid_spacing_pct": [0.01, 0.12],
                         "long_entry_grid_spacing_weight": [0.2, 2],