{
    "adg": 0.0020367781933634532,
    "adg_per_exposure_long": 0.0009468542575256628,
    "adg_per_exposure_short": 0.0,
    "adg_w": 0.0010698523104818447,
    "adg_w_per_exposure_long": 0.0004973512670177326,
    "adg_w_per_exposure_short": 0.0,
    "calmar_ratio": 0.010564847759563413,
    "calmar_ratio_w": 0.01782844086573963,
    "drawdown_worst": 0.19278821992676043,
    "drawdown_worst_mean_1pct": 0.074436360513112,
    "equity_balance_diff_neg_max": 0.2889840129465447,
    "equity_balance_diff_neg_mean": 0.0013238761583392203,
    "equity_balance_diff_pos_max": 0.30787093134685567,
    "equity_balance_diff_pos_mean": 0.0006174694315781173,
    "equity_choppiness": 1.0566219756180406,
    "equity_choppiness_w": 1.0943098510024136,
    "equity_jerkiness": 0.0032287442302056124,
    "equity_jerkiness_w": 0.0019066063498534257,
    "expected_shortfall_1pct": 0.0708866209906766,
    "exponential_fit_error": 0.059276917430411635,
    "exponential_fit_error_w": 0.006652570164619176,
    "gain": 17.546721725466735,
    "gain_per_exposure_long": 8.157092522647359,
    "gain_per_exposure_short": 0.0,
    "loss_profit_ratio": 0.002125901875996905,
    "loss_profit_ratio_long": 0.002125901875996905,
    "loss_profit_ratio_short": 1.0,
    "loss_profit_ratio_w": 0.00021259018759969053,
    "mdg": 0.00010093262427342389,
    "mdg_per_exposure_long": 4.692140034095295e-05,
    "mdg_per_exposure_short": 0.0,
    "mdg_w": 1.0093262427342389e-05,
    "mdg_w_per_exposure_long": 4.692140034095295e-06,
    "mdg_w_per_exposure_short": 0.0,
    "omega_ratio": 48.756508648403866,
    "omega_ratio_w": 30.41341682653434,
    "pnl_ratio_long_short": 1.0,
    "position_held_hours_max": 35.416666666666664,
    "position_held_hours_mean": 0.6882332186645497,
    "position_held_hours_median": 0.16666666666666666,
    "position_unchanged_hours_max": 35.416666666666664,
    "positions_held_per_day": 2.684516876647373,
    "sharpe_ratio": 0.06961291061443729,
    "sharpe_ratio_w": 0.0789102954799137,
    "sortino_ratio": 0.12251690837152096,
    "sortino_ratio_w": 0.09960056914500781,
    "sterling_ratio": 0.027362678391626545,
    "sterling_ratio_w": 0.022122036768028756,
    "volume_pct_per_day_avg": 0.7845660886148962,
    "volume_pct_per_day_avg_w": 0.679515012825681
}