{
    "adg": 0.01447268951718339,
    "adg_per_exposure_long": 0.00482422983906113,
    "adg_per_exposure_short": 0.0,
    "adg_w": 0.007570717185450948,
    "adg_w_per_exposure_long": 0.002523572395150316,
    "adg_w_per_exposure_short": 0.0,
    "calmar_ratio": 0.06272271370037188,
    "calmar_ratio_w": 0.08836061449972975,
    "drawdown_worst": 0.23074080605504127,
    "drawdown_worst_mean_1pct": 0.2198048730842974,
    "equity_balance_diff_neg_max": 0.22816076891018208,
    "equity_balance_diff_neg_mean": 0.018016415781357493,
    "equity_balance_diff_pos_max": 0.2503163960367059,
    "equity_balance_diff_pos_mean": 0.003875113800718734,
    "equity_choppiness": 1.9114063970833306,
    "equity_choppiness_w": 1.7514509815517347,
    "equity_jerkiness": 0.03518400398996631,
    "equity_jerkiness_w": 0.018240913743774984,
    "expected_shortfall_1pct": 0.19543828625278417,
    "exponential_fit_error": 0.07902565766683838,
    "exponential_fit_error_w": 0.00967757882927098,
    "gain": 48.40577577334937,
    "gain_per_exposure_long": 16.135258591116457,
    "gain_per_exposure_short": 0.0,
    "loss_profit_ratio": 0.2953517332839872,
    "loss_profit_ratio_long": 0.2953517332839872,
    "loss_profit_ratio_short": 1.0,
    "loss_profit_ratio_w": 0.2269952422094656,
    "mdg": 0.010008490863194195,
    "mdg_per_exposure_long": 0.003336163621064732,
    "mdg_per_exposure_short": 0.0,
    "mdg_w": 0.00417569212586924,
    "mdg_w_per_exposure_long": 0.0013918973752897468,
    "mdg_w_per_exposure_short": 0.0,
    "omega_ratio": 3.7365656523118536,
    "omega_ratio_w": 7.864576671794614,
    "pnl_ratio_long_short": 1.0,
    "position_held_hours_max": 111.38333333333334,
    "position_held_hours_mean": 3.6163780663780662,
    "position_held_hours_median": 1.25,
    "position_unchanged_hours_max": 84.85,
    "positions_held_per_day": 2.566673268192562,
    "sharpe_ratio": 0.22162573034025954,
    "sharpe_ratio_w": 0.2169061914318804,
    "sortino_ratio": 0.2601059653410774,
    "sortino_ratio_w": 0.23025509346092318,
    "sterling_ratio": 0.06584335148763043,
    "sterling_ratio_w": 0.0886726782784556,
    "volume_pct_per_day_avg": 6.464681463416256,
    "volume_pct_per_day_avg_w": 3.5614371469560417
}