{
    "adg": 0.004158114927325984,
    "adg_per_exposure_long": 0.0016638848485024229,
    "adg_per_exposure_short": 0.0,
    "adg_w": 0.003540197539711998,
    "adg_w_per_exposure_long": 0.0014166229529447903,
    "adg_w_per_exposure_short": 0.0,
    "calmar_ratio": 0.008367519576816584,
    "calmar_ratio_w": 0.011833012565650693,
    "drawdown_worst": 0.4969351895927007,
    "drawdown_worst_mean_1pct": 0.19077787388131295,
    "equity_balance_diff_neg_max": 0.5049417521312717,
    "equity_balance_diff_neg_mean": 0.015801728791203583,
    "equity_balance_diff_pos_max": 0.20480090048154576,
    "equity_balance_diff_pos_mean": 0.027427296175474646,
    "equity_choppiness": 1.3910406822572692,
    "equity_choppiness_w": 1.143327941045921,
    "equity_jerkiness": 0.01023653033434326,
    "equity_jerkiness_w": 0.007029746654687749,
    "expected_shortfall_1pct": 0.1544978957424055,
    "exponential_fit_error": 0.44936813830336864,
    "exponential_fit_error_w": 0.06260189408664796,
    "gain": 2536.128277105663,
    "gain_per_exposure_long": 1014.8409767135436,
    "gain_per_exposure_short": 0.0,
    "loss_profit_ratio": 0.049794933520042634,
    "loss_profit_ratio_long": 0.049794933520042634,
    "loss_profit_ratio_short": 1.0,
    "loss_profit_ratio_w": 0.03054582212460331,
    "mdg": 0.0,
    "mdg_per_exposure_long": 0.0,
    "mdg_per_exposure_short": 0.0,
    "mdg_w": 0.0,
    "mdg_w_per_exposure_long": 0.0,
    "mdg_w_per_exposure_short": 0.0,
    "omega_ratio": 4.970656519499884,
    "omega_ratio_w": 85.48412984881011,
    "pnl_ratio_long_short": 1.0,
    "position_held_hours_max": 1575.2666666666667,
    "position_held_hours_mean": 2.97068491936913,
    "position_held_hours_median": 0.08333333333333333,
    "position_unchanged_hours_max": 1290.45,
    "positions_held_per_day": 1.991529910005294,
    "sharpe_ratio": 0.07677416882376026,
    "sharpe_ratio_w": 0.07269586111189348,
    "sortino_ratio": 0.0943652185211008,
    "sortino_ratio_w": 0.07769354169792238,
    "sterling_ratio": 0.021795582699033735,
    "sterling_ratio_w": 0.020785694898346977,
    "volume_pct_per_day_avg": 1.0694225318068438,
    "volume_pct_per_day_avg_w": 1.317246933223236
}