{
    "adg_btc": 0.0003972192292978072,
    "adg_per_exposure_long_btc": 0.00018073493006543232,
    "adg_per_exposure_long_usd": 0.0003361198120940668,
    "adg_per_exposure_short_btc": 0.0,
    "adg_per_exposure_short_usd": 0.0,
    "adg_pnl": 0.002574607656774161,
    "adg_pnl_w": 0.0018342211344728597,
    "adg_strategy_eq": 0.0007387241230203401,
    "adg_strategy_eq_w": 0.0003719970723681465,
    "adg_usd": 0.0007387241230203401,
    "adg_w_btc": 0.001442962933664782,
    "adg_w_per_exposure_long_btc": 0.0006565487913662672,
    "adg_w_per_exposure_long_usd": 0.00016925883718634386,
    "adg_w_per_exposure_short_btc": 0.0,
    "adg_w_per_exposure_short_usd": 0.0,
    "adg_w_usd": 0.0003719970723681465,
    "backtest_completion_ratio": 1.0,
    "calmar_ratio_btc": 0.000493349593979899,
    "calmar_ratio_strategy_eq": 0.0021524239836484375,
    "calmar_ratio_strategy_eq_w": 0.002594878034063437,
    "calmar_ratio_usd": 0.0021524239836484397,
    "calmar_ratio_w_btc": 0.008758333716077553,
    "calmar_ratio_w_usd": 0.0025948780340634397,
    "drawdown_worst_btc": 0.8051475751574074,
    "drawdown_worst_ema_strategy_eq": 0.0,
    "drawdown_worst_ema_strategy_eq_long": 0.0,
    "drawdown_worst_ema_strategy_eq_short": 0.0,
    "drawdown_worst_mean_1pct_btc": 0.8009861131940105,
    "drawdown_worst_mean_1pct_ema_strategy_eq": 0.0,
    "drawdown_worst_mean_1pct_ema_strategy_eq_long": 0.0,
    "drawdown_worst_mean_1pct_ema_strategy_eq_short": 0.0,
    "drawdown_worst_mean_1pct_strategy_eq": 0.2847067850685463,
    "drawdown_worst_mean_1pct_strategy_eq_long": 0.0,
    "drawdown_worst_mean_1pct_strategy_eq_short": 0.0,
    "drawdown_worst_mean_1pct_usd": 0.28470678506854574,
    "drawdown_worst_strategy_eq": 0.34320567352542486,
    "drawdown_worst_strategy_eq_long": 0.0,
    "drawdown_worst_strategy_eq_short": 0.0,
    "drawdown_worst_usd": 0.3432056735254245,
    "entry_initial_balance_pct_long": 0.034142823,
    "entry_initial_balance_pct_short": 0.0,
    "entry_interval_hours_max": 1269.8166666666666,
    "entry_interval_hours_mean": 37.834063260340635,
    "entry_interval_hours_median": 1.8166666666666667,
    "entry_interval_hours_p95": 188.83999999999978,
    "entry_interval_hours_p99": 504.42933333333445,
    "equity_balance_diff_neg_max_btc": 0.3994844731108151,
    "equity_balance_diff_neg_max_usd": 0.3217227320257444,
    "equity_balance_diff_neg_mean_btc": 0.12755776953173115,
    "equity_balance_diff_neg_mean_usd": 0.025169861742889432,
    "equity_balance_diff_pos_max_btc": 1.0656294613009414,
    "equity_balance_diff_pos_max_usd": 0.32982340158292134,
    "equity_balance_diff_pos_mean_btc": 0.15951276725762095,
    "equity_balance_diff_pos_mean_usd": 0.036319819123311795,
    "equity_choppiness_btc": 37.50763650103091,
    "equity_choppiness_usd": 2.4869271119570455,
    "equity_choppiness_w_btc": 15.061368376990249,
    "equity_choppiness_w_usd": 2.0380770251669293,
    "equity_jerkiness_btc": 0.020043078509906324,
    "equity_jerkiness_usd": 0.0030915883871394517,
    "equity_jerkiness_w_btc": 0.012238139363073147,
    "equity_jerkiness_w_usd": 0.001280324118772725,
    "expected_shortfall_1pct_btc": 0.20623280790878307,
    "expected_shortfall_1pct_strategy_eq": 0.11692579448623626,
    "expected_shortfall_1pct_usd": 0.11692579448623625,
    "exponential_fit_error_btc": 0.19355183376340138,
    "exponential_fit_error_usd": 0.009225397537299606,
    "exponential_fit_error_w_btc": 0.03850575055205302,
    "exponential_fit_error_w_usd": 0.0013265580433281447,
    "exposure_mean_ratio_btc": 0.012359657387628321,
    "exposure_mean_ratio_usd": 0.022985737827063455,
    "exposure_mean_ratio_w_btc": 0.08623335884311756,
    "exposure_mean_ratio_w_usd": 0.020269105800047798,
    "exposure_ratio_btc": 0.0001792965697395366,
    "exposure_ratio_usd": 0.0003334448371886149,
    "exposure_ratio_w_btc": 0.0006564181829632825,
    "exposure_ratio_w_usd": 0.00016878530146454963,
    "gain_btc": 2.1667585136339755,
    "gain_per_exposure_long_btc": 0.9858761095795685,
    "gain_per_exposure_long_usd": 1.9161309391277752,
    "gain_per_exposure_short_btc": 0.0,
    "gain_per_exposure_short_usd": 0.0,
    "gain_strategy_eq": 4.211272578015015,
    "gain_usd": 4.211272578015024,
    "hard_stop_duration_minutes_max": 0.0,
    "hard_stop_duration_minutes_mean": 0.0,
    "hard_stop_flatten_time_minutes_mean": 0.0,
    "hard_stop_halt_to_restart_equity_loss_pct": 0.0,
    "hard_stop_panic_close_loss_max": 0.0,
    "hard_stop_panic_close_loss_sum": 0.0,
    "hard_stop_post_restart_retrigger_pct": 0.0,
    "hard_stop_restarts": 0,
    "hard_stop_restarts_long": 0,
    "hard_stop_restarts_per_year": 0.0,
    "hard_stop_restarts_per_year_long": 0.0,
    "hard_stop_restarts_per_year_short": 0.0,
    "hard_stop_restarts_short": 0,
    "hard_stop_time_in_orange_pct": 0.0,
    "hard_stop_time_in_red_pct": 0.0,
    "hard_stop_time_in_yellow_pct": 0.0,
    "hard_stop_trigger_drawdown_mean": 0.0,
    "hard_stop_triggers": 0,
    "hard_stop_triggers_long": 0,
    "hard_stop_triggers_per_year": 0.0,
    "hard_stop_triggers_short": 0,
    "high_exposure_days_max_long": 3.6097222222222225,
    "high_exposure_days_max_short": 0.0,
    "high_exposure_days_mean_long": 0.17098707849640685,
    "high_exposure_days_mean_short": 0.0,
    "high_exposure_hours_max_long": 86.63333333333334,
    "high_exposure_hours_max_short": 0.0,
    "high_exposure_hours_mean_long": 4.1036898839137645,
    "high_exposure_hours_mean_short": 0.0,
    "liquidated": false,
    "long_short_profit_ratio": 1.0,
    "loss_profit_ratio": 0.370758235652356,
    "loss_profit_ratio_long": 0.370758235652356,
    "loss_profit_ratio_short": 1.0,
    "loss_profit_ratio_w": 0.3159611155325774,
    "mdg_btc": 0.0,
    "mdg_per_exposure_long_btc": 0.0,
    "mdg_per_exposure_long_usd": 0.0,
    "mdg_per_exposure_short_btc": 0.0,
    "mdg_per_exposure_short_usd": 0.0,
    "mdg_pnl": 0.00012555795069392776,
    "mdg_pnl_w": 1.7422923051573537e-05,
    "mdg_strategy_eq": 0.0,
    "mdg_strategy_eq_w": 0.0,
    "mdg_usd": 0.0,
    "mdg_w_btc": 0.0,
    "mdg_w_per_exposure_long_btc": 0.0,
    "mdg_w_per_exposure_long_usd": 0.0,
    "mdg_w_per_exposure_short_btc": 0.0,
    "mdg_w_per_exposure_short_usd": 0.0,
    "mdg_w_usd": 0.0,
    "omega_ratio_btc": 1.187652337511137,
    "omega_ratio_strategy_eq": 2.557967605716993,
    "omega_ratio_strategy_eq_w": 3.416343210747743,
    "omega_ratio_usd": 2.5579676057169984,
    "omega_ratio_w_btc": 1.8046162749147576,
    "omega_ratio_w_usd": 3.416343210747752,
    "paper_loss_mean_ratio_btc": 0.00311403398441359,
    "paper_loss_mean_ratio_usd": 0.029349550290201018,
    "paper_loss_mean_ratio_w_btc": 0.6545045697571906,
    "paper_loss_mean_ratio_w_usd": 0.5171703117684597,
    "paper_loss_ratio_btc": 0.0009943295823355328,
    "paper_loss_ratio_usd": 0.002296151466727029,
    "paper_loss_ratio_w_btc": 0.36974492153370875,
    "paper_loss_ratio_w_usd": 0.009247903749068222,
    "peak_recovery_days_equity_btc": 326.90833333333336,
    "peak_recovery_days_equity_usd": 306.6354166666667,
    "peak_recovery_days_pnl": 307.99791666666664,
    "peak_recovery_days_strategy_eq": 306.6354166666667,
    "peak_recovery_days_strategy_eq_long": 0.0,
    "peak_recovery_days_strategy_eq_short": 0.0,
    "peak_recovery_hours_equity_btc": 7845.8,
    "peak_recovery_hours_equity_usd": 7359.25,
    "peak_recovery_hours_pnl": 7391.95,
    "peak_recovery_hours_strategy_eq": 7359.25,
    "peak_recovery_hours_strategy_eq_long": 0.0,
    "peak_recovery_hours_strategy_eq_short": 0.0,
    "pnl_ratio_long_short": 1.0,
    "position_held_days_max": 3.6208333333333336,
    "position_held_days_mean": 0.09688476126729138,
    "position_held_days_median": 0.02152777777777778,
    "position_held_hours_max": 86.9,
    "position_held_hours_mean": 2.325234270414993,
    "position_held_hours_median": 0.5166666666666667,
    "position_unchanged_days_max": 2.6618055555555555,