{
    "adg": 0.012306211831567326,
    "adg_per_exposure_long": 0.004945034088068523,
    "adg_per_exposure_short": 0.0,
    "adg_w": 0.02339153186997589,
    "adg_w_per_exposure_long": 0.009399474351031058,
    "adg_w_per_exposure_short": 0.0,
    "calmar_ratio": 0.04281902162103314,
    "calmar_ratio_w": 0.09184959559583208,
    "drawdown_worst": 0.28740058426562437,
    "drawdown_worst_mean_1pct": 0.2871863398730383,
    "equity_balance_diff_neg_max": 0.31398606413860747,
    "equity_balance_diff_neg_mean": 0.019096632931046298,
    "equity_balance_diff_pos_max": 0.8174246831339645,
    "equity_balance_diff_pos_mean": 0.00363212426374056,
    "equity_choppiness": 1.5597267694290964,
    "equity_choppiness_w": 1.2736474496176498,
    "equity_jerkiness": 0.0430366985080524,
    "equity_jerkiness_w": 0.05484946491539901,
    "expected_shortfall_1pct": 0.25274760160155796,
    "exponential_fit_error": 0.0318890423656392,
    "exponential_fit_error_w": 0.05716072739259126,
    "flat_btc_balance_hours": 0.0,
    "gain": 35.13689906916844,
    "gain_per_exposure_long": 14.11914291937975,
    "gain_per_exposure_short": 0.0,
    "loss_profit_ratio": 0.015169684440448222,
    "loss_profit_ratio_long": 0.015169684440448222,
    "loss_profit_ratio_short": 1.0,
    "loss_profit_ratio_w": 0.005053291615766476,
    "mdg": 0.0049261011943075314,
    "mdg_per_exposure_long": 0.00197946684654325,
    "mdg_per_exposure_short": 0.0,
    "mdg_w": 0.003141797479479392,
    "mdg_w_per_exposure_long": 0.0012624758818128234,
    "mdg_w_per_exposure_short": 0.0,
    "omega_ratio": 3.3476075168829564,
    "omega_ratio_w": 9.978662692019366,
    "pnl_ratio_long_short": 1.0,
    "position_held_hours_max": 130.8,
    "position_held_hours_mean": 8.572535211267606,
    "position_held_hours_median": 1.6833333333333333,
    "position_unchanged_hours_max": 50.38333333333333,
    "positions_held_per_day": 1.7079037800687284,
    "sharpe_ratio": 0.075728480029808,
    "sharpe_ratio_w": 0.07646463064896869,
    "sortino_ratio": 0.18503077586315975,
    "sortino_ratio_w": 0.38112986445764735,
    "sterling_ratio": 0.04285096511556837,
    "sterling_ratio_w": 0.09185278994528559,
    "volume_pct_per_day_avg": 1.0164711274090201,
    "volume_pct_per_day_avg_w": 0.8912828022569732
}