{"analysis": {"adg": 0.012306211831567326,
              "adg_per_exposure_long": 0.004945034088068523,
              "adg_per_exposure_short": 0.0,
              "adg_w": 0.02339153186997589,
              "adg_w_per_exposure_long": 0.009399474351031058,
              "adg_w_per_exposure_short": 0.0,
              "calmar_ratio": 0.04281902162103314,
              "calmar_ratio_w": 0.09184959559583208,
              "drawdown_worst": 0.28740058426562437,
              "drawdown_worst_mean_1pct": 0.2871863398730383,
              "equity_balance_diff_neg_max": 0.31398606413860747,
              "equity_balance_diff_neg_mean": 0.019096632931046298,
              "equity_balance_diff_pos_max": 0.8174246831339645,
              "equity_balance_diff_pos_mean": 0.00363212426374056,
              "equity_choppiness": 1.5597267694290964,
              "equity_choppiness_w": 1.2736474496176498,
              "equity_jerkiness": 0.0430366985080524,
              "equity_jerkiness_w": 0.05484946491539901,
              "expected_shortfall_1pct": 0.25274760160155796,
              "exponential_fit_error": 0.0318890423656392,
              "exponential_fit_error_w": 0.05716072739259126,
              "flat_btc_balance_hours": 0.0,
              "gain": 35.13689906916844,
              "gain_per_exposure_long": 14.11914291937975,
              "gain_per_exposure_short": 0.0,
              "loss_profit_ratio": 0.015169684440448222,
              "loss_profit_ratio_long": 0.015169684440448222,
              "loss_profit_ratio_short": 1.0,
              "loss_profit_ratio_w": 0.005053291615766476,
              "mdg": 0.0049261011943075314,
              "mdg_per_exposure_long": 0.00197946684654325,
              "mdg_per_exposure_short": 0.0,
              "mdg_w": 0.003141797479479392,
              "mdg_w_per_exposure_long": 0.0012624758818128234,
              "mdg_w_per_exposure_short": 0.0,
              "omega_ratio": 3.3476075168829564,
              "omega_ratio_w": 9.978662692019366,
              "pnl_ratio_long_short": 1.0,
              "position_held_hours_max": 130.8,
              "position_held_hours_mean": 8.572535211267606,
              "position_held_hours_median": 1.6833333333333333,
              "position_unchanged_hours_max": 50.38333333333333,
              "positions_held_per_day": 1.7079037800687284,
              "sharpe_ratio": 0.075728480029808,
              "sharpe_ratio_w": 0.07646463064896869,
              "sortino_ratio": 0.18503077586315975,
              "sortino_ratio_w": 0.38112986445764735,
              "sterling_ratio": 0.04285096511556837,
              "sterling_ratio_w": 0.09185278994528559,
              "volume_pct_per_day_avg": 1.0164711274090201,
              "volume_pct_per_day_avg_w": 0.8912828022569732},
 "backtest": {"base_dir": "backtests/pbgui/FART_adg_w_gpe_unchanged_fit_eema150_72_twe2-5_entry_trgr",
              "cache_dir": {"bybit": "caches/hlcvs_data/c48203b4bd7e5e70"},
              "coins": {"bybit": ["FARTCOIN"]},
              "combine_ohlcvs": false,
              "compress_cache": true,
              "end_date": "2025-10-18",
              "exchanges": ["binance", "bybit"],
              "gap_tolerance_ohlcvs_minutes": 120,
              "max_warmup_minutes": 0,
              "start_date": "2020-01-01",
              "starting_balance": 1000,
              "use_btc_collateral": false},
 "bot": {"long": {"close_grid_markup_end": 0.016748,
                  "close_grid_markup_start": 0.021236,
                  "close_grid_qty_pct": 0.20376,
                  "close_trailing_grid_ratio": -0.53029,
                  "close_trailing_qty_pct": 0.055484,
                  "close_trailing_retracement_pct": 0.0097889,
                  "close_trailing_threshold_pct": 0.0032189,
                  "ema_span_0": 43.442,
                  "ema_span_1": 527.43,
                  "enforce_exposure_limit": true,
                  "entry_grid_double_down_factor": 0.55338,
                  "entry_grid_spacing_log_span_hours": 198.24,
                  "entry_grid_spacing_log_weight": 157.13,
                  "entry_grid_spacing_pct": 0.014104,
                  "entry_grid_spacing_we_weight": 0.25595,
                  "entry_initial_ema_dist": 0.013425,
                  "entry_initial_qty_pct": 0.034707,
                  "entry_trailing_double_down_factor": 0.15991,
                  "entry_trailing_grid_ratio": 0.15215,
                  "entry_trailing_retracement_pct": 0.04153,
                  "entry_trailing_threshold_pct": -0.089949,
                  "filter_log_range_ema_span": 60,
                  "filter_volume_drop_pct": 0,
                  "filter_volume_ema_span": 41.852,
                  "n_positions": 1,
                  "total_wallet_exposure_limit": 2.4886,
                  "unstuck_close_pct": 0.0055569,
                  "unstuck_ema_dist": 0.0099656,
                  "unstuck_loss_allowance_pct": 0.19881,
                  "unstuck_threshold": 0.77353},
         "short": {"close_grid_markup_end": 0.001,
                   "close_grid_markup_start": 0.001,
                   "close_grid_qty_pct": 0.1,
                   "close_trailing_grid_ratio": -1,
                   "close_trailing_qty_pct": 0.1,
                   "close_trailing_retracement_pct": 0.003,
                   "close_trailing_threshold_pct": -0.001,
                   "ema_span_0": 200,
                   "ema_span_1": 200,
                   "enforce_exposure_limit": true,
                   "entry_grid_double_down_factor": 0.6,
                   "entry_grid_spacing_log_span_hours": 24,
                   "entry_grid_spacing_log_weight": 0,
                   "entry_grid_spacing_pct": 0.01,
                   "entry_grid_spacing_we_weight": 0,
                   "entry_initial_ema_dist": -0.001,
                   "entry_initial_qty_pct": 0.025,
                   "entry_trailing_double_down_factor": 0.1,
                   "entry_trailing_grid_ratio": -1,
                   "entry_trailing_retracement_pct": 0,
                   "entry_trailing_threshold_pct": -0.1,
                   "filter_log_range_ema_span": 60,
                   "filter_volume_drop_pct": 0.53,
                   "filter_volume_ema_span": 10,
                   "n_positions": 0,
                   "total_wallet_exposure_limit": 0,
                   "unstuck_close_pct": 0.005,
                   "unstuck_ema_dist": -0.1,
                   "unstuck_loss_allowance_pct": 0.01,
                   "unstuck_threshold": 0.55}},
 "coin_overrides": {},
 "disable_plotting": false,
 "live": {"approved_coins": {"long": ["FARTCOIN"], "short": []},
          "auto_gs": true,
          "base_config_path": "/home/mani/software/pb7/optimize_results/2025-10-21T05_06_28_binance_bybit_2117days_FARTCOIN_747c0ad1/pareto/000.7758_e80f5d75e754900c73898ec1e508aa39d696fe20ee1c698a707f507ef47ee483.json",
          "empty_means_all_approved": false,
          "execution_delay_seconds": 2,
          "filter_by_min_effective_cost": true,
          "forced_mode_long": "",
          "forced_mode_short": "",
          "ignored_coins": {"long": [], "short": []},
          "inactive_coin_candle_ttl_minutes": 10,
          "leverage": 10,
          "market_orders_allowed": true,
          "max_disk_candles_per_symbol_per_tf": 2000000,
          "max_memory_candles_per_symbol": 20000,
          "max_n_cancellations_per_batch": 5,
          "max_n_creations_per_batch": 3,
          "max_n_restarts_per_day": 10,
          "minimum_coin_age_days": 30,
          "pnls_max_lookback_days": 30,
          "price_distance_threshold": 0.002,
          "time_in_force": "good_till_cancelled",
          "user": "bybit_01",
          "warmup_ratio": 0.2},
 "optimize": {"bounds": {"long_close_grid_markup_end": [0.001, 0.03],
                         "long_close_grid_markup_start": [0.001, 0.03],
                         "long_close_grid_qty_pct": [0.05, 0.4],