{
    "adg": 0.024712494728085455,
    "adg_per_exposure_long": 0.0016474996485390304,
    "adg_per_exposure_short": 0.0,
    "adg_w": 0.013243947495771357,
    "adg_w_per_exposure_long": 0.0008829298330514238,
    "adg_w_per_exposure_short": 0.0,
    "calmar_ratio": 0.044446243607447505,
    "calmar_ratio_w": 0.055871584592495485,
    "drawdown_worst": 0.556008623503665,
    "drawdown_worst_mean_1pct": 0.42616244775176204,
    "equity_balance_diff_neg_max": 0.5679776757802409,
    "equity_balance_diff_neg_mean": 0.011077017698564865,
    "equity_balance_diff_pos_max": 0.5076952025039604,
    "equity_balance_diff_pos_mean": 0.02018029520825373,
    "equity_choppiness": 1.0833264115501713,
    "equity_choppiness_w": 1.0452475305479623,
    "equity_jerkiness": 0.042391990229291195,
    "equity_jerkiness_w": 0.025067294491391317,
    "expected_shortfall_1pct": 0.4035003497078184,
    "exponential_fit_error": 0.1267312119286843,
    "exponential_fit_error_w": 0.02884177870197203,
    "gain": 3002.385256699673,
    "gain_per_exposure_long": 200.15901711331153,
    "gain_per_exposure_short": 0.0,
    "loss_profit_ratio": 0.029650043291974605,
    "loss_profit_ratio_long": 0.029650043291974605,
    "loss_profit_ratio_short": 1.0,
    "loss_profit_ratio_w": 0.03744574757048387,
    "mdg": 0.0003131136836753674,
    "mdg_per_exposure_long": 2.0874245578357827e-05,
    "mdg_per_exposure_short": 0.0,
    "mdg_w": 3.131136836753674e-05,
    "mdg_w_per_exposure_long": 2.087424557835783e-06,
    "mdg_w_per_exposure_short": 0.0,
    "omega_ratio": 46.3333699389723,
    "omega_ratio_w": 82.0921541612514,
    "pnl_ratio_long_short": 1.0,
    "position_held_hours_max": 7.65,
    "position_held_hours_mean": 0.2124296171171171,
    "position_held_hours_median": 0.1,
    "position_unchanged_hours_max": 2.7333333333333334,
    "positions_held_per_day": 3.6097560975609757,
    "sharpe_ratio": 0.12266155505806316,
    "sharpe_ratio_w": 0.11120473153528146,
    "sortino_ratio": 0.25671782089567385,
    "sortino_ratio_w": 0.1778660735450604,
    "sterling_ratio": 0.05798843811428544,
    "sterling_ratio_w": 0.05722580404317927,
    "volume_pct_per_day_avg": 8.980196749487169,
    "volume_pct_per_day_avg_w": 6.486014668202746
}