{
    "adg": 0.006817780902555137,
    "adg_per_exposure_long": 0.0017044452256387843,
    "adg_per_exposure_short": 0.0,
    "adg_w": 0.0047866949118472,
    "adg_w_per_exposure_long": 0.0011966737279618,
    "adg_w_per_exposure_short": 0.0,
    "calmar_ratio": 0.00932774631246751,
    "calmar_ratio_w": 0.013703770796260359,
    "drawdown_worst": 0.7309140572833182,
    "drawdown_worst_mean_1pct": 0.2725516191672971,
    "equity_balance_diff_neg_max": 0.7674340041589199,
    "equity_balance_diff_neg_mean": 0.004967686193202908,
    "equity_balance_diff_pos_max": 1.1110476712977468,
    "equity_balance_diff_pos_mean": 0.007222892690169858,
    "equity_choppiness": 1.7118565367352134,
    "equity_choppiness_w": 1.8032407773699526,
    "equity_jerkiness": 0.014004053143530457,
    "equity_jerkiness_w": 0.013688990321698258,
    "expected_shortfall_1pct": 0.25328089136042464,
    "exponential_fit_error": 1.1588154868234166,
    "exponential_fit_error_w": 0.13315500354788845,
    "gain": 101774.25464826828,
    "gain_per_exposure_long": 25443.56366206707,
    "gain_per_exposure_short": 0.0,
    "loss_profit_ratio": 0.013542746889998014,
    "loss_profit_ratio_long": 0.013542746889998014,
    "loss_profit_ratio_short": 1.0,
    "loss_profit_ratio_w": 0.014688715105036942,
    "mdg": 0.0006501329718944663,
    "mdg_per_exposure_long": 0.00016253324297361657,
    "mdg_per_exposure_short": 0.0,
    "mdg_w": 0.0005074042659201398,
    "mdg_w_per_exposure_long": 0.00012685106648003495,
    "mdg_w_per_exposure_short": 0.0,
    "omega_ratio": 10.119952403268211,
    "omega_ratio_w": 5.100658885756649,
    "pnl_ratio_long_short": 1.0,
    "position_held_hours_max": 316.56666666666666,
    "position_held_hours_mean": 7.636444536423841,
    "position_held_hours_median": 0.85,
    "position_unchanged_hours_max": 233.83333333333334,
    "positions_held_per_day": 1.4236888626988804,
    "sharpe_ratio": 0.04109355052132293,
    "sharpe_ratio_w": 0.05551680124588602,
    "sortino_ratio": 0.13710100639696618,
    "sortino_ratio_w": 0.11370322562757525,
    "sterling_ratio": 0.025014640982082226,
    "sterling_ratio_w": 0.0188744027469172,
    "volume_pct_per_day_avg": 0.7384212905264771,
    "volume_pct_per_day_avg_w": 0.6568169708330789
}