{
    "adg": 0.025922516906828452,
    "adg_per_exposure_long": 0.0008640838968942817,
    "adg_per_exposure_short": 0.0,
    "adg_w": 0.017004846621642276,
    "adg_w_per_exposure_long": 0.0005668282207214093,
    "adg_w_per_exposure_short": 0.0,
    "calmar_ratio": 0.03127336661919355,
    "calmar_ratio_w": 0.030931635620140185,
    "drawdown_worst": 0.8289007455602464,
    "drawdown_worst_mean_1pct": 0.6685483579559991,
    "equity_balance_diff_neg_max": 0.8317433870195002,
    "equity_balance_diff_neg_mean": 0.04538437954948695,
    "equity_balance_diff_pos_max": 0.8649463326155343,
    "equity_balance_diff_pos_mean": 0.015179264864764886,
    "equity_choppiness": 2.1300302332217713,
    "equity_choppiness_w": 2.3089246879421514,
    "equity_jerkiness": 0.059125195532386085,
    "equity_jerkiness_w": 0.05403879846599931,
    "expected_shortfall_1pct": 0.5751554814359295,
    "exponential_fit_error": 0.8171006355603914,
    "exponential_fit_error_w": 0.17587023811666883,
    "gain": 432528289.3412605,
    "gain_per_exposure_long": 14417609.644708684,
    "gain_per_exposure_short": 0.0,
    "loss_profit_ratio": 0.019270988807034078,
    "loss_profit_ratio_long": 0.019270988807034078,
    "loss_profit_ratio_short": 1.0,
    "loss_profit_ratio_w": 0.019921742832387512,
    "mdg": 0.004918311542553859,
    "mdg_per_exposure_long": 0.00016394371808512866,
    "mdg_per_exposure_short": 0.0,
    "mdg_w": 0.002686459387962546,
    "mdg_w_per_exposure_long": 8.95486462654182e-05,
    "mdg_w_per_exposure_short": 0.0,
    "omega_ratio": 6.839939164824521,
    "omega_ratio_w": 3.8244525801708145,
    "pnl_ratio_long_short": 1.0,
    "position_held_hours_max": 283.5833333333333,
    "position_held_hours_mean": 2.5306778635194433,
    "position_held_hours_median": 0.25,
    "position_unchanged_hours_max": 142.85,
    "positions_held_per_day": 2.8352638352638353,
    "sharpe_ratio": 0.05639537242830109,
    "sharpe_ratio_w": 0.06021866764880718,
    "sortino_ratio": 0.21486923195118543,
    "sortino_ratio_w": 0.17197436855417467,
    "sterling_ratio": 0.038774333372208446,
    "sterling_ratio_w": 0.032678049128904756,
    "volume_pct_per_day_avg": 7.197694188235978,
    "volume_pct_per_day_avg_w": 5.289083341781479
}