{"analysis": {"adg": 0.025922516906828452,
              "adg_per_exposure_long": 0.0008640838968942817,
              "adg_per_exposure_short": 0.0,
              "adg_w": 0.017004846621642276,
              "adg_w_per_exposure_long": 0.0005668282207214093,
              "adg_w_per_exposure_short": 0.0,
              "calmar_ratio": 0.03127336661919355,
              "calmar_ratio_w": 0.030931635620140185,
              "drawdown_worst": 0.8289007455602464,
              "drawdown_worst_mean_1pct": 0.6685483579559991,
              "equity_balance_diff_neg_max": 0.8317433870195002,
              "equity_balance_diff_neg_mean": 0.04538437954948695,
              "equity_balance_diff_pos_max": 0.8649463326155343,
              "equity_balance_diff_pos_mean": 0.015179264864764886,
              "equity_choppiness": 2.1300302332217713,
              "equity_choppiness_w": 2.3089246879421514,
              "equity_jerkiness": 0.059125195532386085,
              "equity_jerkiness_w": 0.05403879846599931,
              "expected_shortfall_1pct": 0.5751554814359295,
              "exponential_fit_error": 0.8171006355603914,
              "exponential_fit_error_w": 0.17587023811666883,
              "gain": 432528289.3412605,
              "gain_per_exposure_long": 14417609.644708684,
              "gain_per_exposure_short": 0.0,
              "loss_profit_ratio": 0.019270988807034078,
              "loss_profit_ratio_long": 0.019270988807034078,
              "loss_profit_ratio_short": 1.0,
              "loss_profit_ratio_w": 0.019921742832387512,
              "mdg": 0.004918311542553859,
              "mdg_per_exposure_long": 0.00016394371808512866,
              "mdg_per_exposure_short": 0.0,
              "mdg_w": 0.002686459387962546,
              "mdg_w_per_exposure_long": 8.95486462654182e-05,
              "mdg_w_per_exposure_short": 0.0,
              "omega_ratio": 6.839939164824521,
              "omega_ratio_w": 3.8244525801708145,
              "pnl_ratio_long_short": 1.0,
              "position_held_hours_max": 283.5833333333333,
              "position_held_hours_mean": 2.5306778635194433,
              "position_held_hours_median": 0.25,
              "position_unchanged_hours_max": 142.85,
              "positions_held_per_day": 2.8352638352638353,
              "sharpe_ratio": 0.05639537242830109,
              "sharpe_ratio_w": 0.06021866764880718,
              "sortino_ratio": 0.21486923195118543,
              "sortino_ratio_w": 0.17197436855417467,
              "sterling_ratio": 0.038774333372208446,
              "sterling_ratio_w": 0.032678049128904756,
              "volume_pct_per_day_avg": 7.197694188235978,
              "volume_pct_per_day_avg_w": 5.289083341781479},
 "backtest": {"base_dir": "backtests/pbgui/PEPE_adg_sharpe_omega_twe9_trgr_forced",
              "cache_dir": {"bybit": "caches/hlcvs_data/63a7191b27ff0582"},
              "coins": {"bybit": ["PEPE"]},
              "combine_ohlcvs": false,
              "compress_cache": true,
              "end_date": "2025-07-04",
              "exchanges": ["binance", "bybit"],
              "gap_tolerance_ohlcvs_minutes": 120,
              "start_date": "2020-01-01",
              "starting_balance": 1000,
              "use_btc_collateral": false},
 "bot": {"long": {"close_grid_markup_end": 0.028707,
                  "close_grid_markup_start": 0.029565,
                  "close_grid_qty_pct": 0.38334,
                  "close_trailing_grid_ratio": 0.36331,
                  "close_trailing_qty_pct": 0.098417,
                  "close_trailing_retracement_pct": 0.0063717,
                  "close_trailing_threshold_pct": 0.0047033,
                  "ema_span_0": 114.94,
                  "ema_span_1": 145.26,
                  "enforce_exposure_limit": true,
                  "entry_grid_double_down_factor": 1.8456,
                  "entry_grid_spacing_pct": 0.11392,
                  "entry_grid_spacing_weight": 0.7522,
                  "entry_initial_ema_dist": 0.019271,
                  "entry_initial_qty_pct": 0.025492,
                  "entry_trailing_double_down_factor": 2.7891,
                  "entry_trailing_grid_ratio": -0.77752,
                  "entry_trailing_retracement_pct": 0.06,
                  "entry_trailing_threshold_pct": -0.097945,
                  "filter_noisiness_rolling_window": 60,
                  "filter_volume_drop_pct": 0,
                  "filter_volume_rolling_window": 60,
                  "n_positions": 1,
                  "total_wallet_exposure_limit": 30,
                  "unstuck_close_pct": 0.037648,
                  "unstuck_ema_dist": -0.075951,
                  "unstuck_loss_allowance_pct": 0.084091,
                  "unstuck_threshold": 0.94429},
         "short": {"close_grid_markup_end": 0.001,
                   "close_grid_markup_start": 0.001,
                   "close_grid_qty_pct": 0.1,
                   "close_trailing_grid_ratio": -1,
                   "close_trailing_qty_pct": 0.1,
                   "close_trailing_retracement_pct": 0.003,
                   "close_trailing_threshold_pct": -0.001,
                   "ema_span_0": 200,
                   "ema_span_1": 200,
                   "enforce_exposure_limit": true,
                   "entry_grid_double_down_factor": 0.6,
                   "entry_grid_spacing_pct": 0.01,
                   "entry_grid_spacing_weight": 0.2,
                   "entry_initial_ema_dist": -0.001,
                   "entry_initial_qty_pct": 0.025,
                   "entry_trailing_double_down_factor": 0.1,
                   "entry_trailing_grid_ratio": -1,
                   "entry_trailing_retracement_pct": 0,
                   "entry_trailing_threshold_pct": -0.1,
                   "filter_noisiness_rolling_window": 60,
                   "filter_volume_drop_pct": 0.53,
                   "filter_volume_rolling_window": 60,
                   "n_positions": 0,
                   "total_wallet_exposure_limit": 0,
                   "unstuck_close_pct": 0.005,
                   "unstuck_ema_dist": -0.1,
                   "unstuck_loss_allowance_pct": 0.01,
                   "unstuck_threshold": 0.55}},
 "disable_plotting": false,
 "live": {"approved_coins": {"long": ["1000PEPEUSDT"], "short": []},
          "auto_gs": true,
          "coin_flags": {},
          "empty_means_all_approved": false,
          "execution_delay_seconds": 2,
          "filter_by_min_effective_cost": true,
          "forced_mode_long": "",
          "forced_mode_short": "",
          "ignored_coins": {"long": [], "short": []},
          "leverage": 10,
          "market_orders_allowed": true,
          "max_n_cancellations_per_batch": 5,
          "max_n_creations_per_batch": 3,
          "max_n_restarts_per_day": 10,
          "mimic_backtest_1m_delay": false,
          "minimum_coin_age_days": 30,
          "ohlcvs_1m_rolling_window_days": 4,
          "ohlcvs_1m_update_after_minutes": 10,
          "pnls_max_lookback_days": 30,
          "price_distance_threshold": 0.002,
          "time_in_force": "good_till_cancelled",
          "user": "bybit_01"},
 "optimize": {"bounds": {"long_close_grid_markup_end": [0.001, 0.03],
                         "long_close_grid_markup_start": [0.001, 0.03],
                         "long_close_grid_qty_pct": [0.05, 0.4],
                         "long_close_trailing_grid_ratio": [-1, 1],
                         "long_close_trailing_qty_pct": [0.05, 0.25],
                         "long_close_trailing_retracement_pct": [0.003, 0.01],
                         "long_close_trailing_threshold_pct": [0.001, 0.005],
                         "long_ema_span_0": [100, 800],
                         "long_ema_span_1": [100, 800],
                         "long_entry_grid_double_down_factor": [0.4, 10],
                         "long_entry_grid_spacing_pct": [0.01, 0.12],
                         "long_entry_grid_spacing_weight": [0.2, 2],