{
    "adg": 0.009447975541241549,
    "adg_per_exposure_long": 0.0007873312951034624,
    "adg_per_exposure_short": 0.0,
    "adg_w": 0.012250364611998044,
    "adg_w_per_exposure_long": 0.0010208637176665036,
    "adg_w_per_exposure_short": 0.0,
    "calmar_ratio": 0.013231326118320615,
    "calmar_ratio_w": 0.020344141245383515,
    "drawdown_worst": 0.7140611195547142,
    "drawdown_worst_mean_1pct": 0.48730897710410864,
    "equity_balance_diff_neg_max": 0.8505809151322847,
    "equity_balance_diff_neg_mean": 0.006050818660279216,
    "equity_balance_diff_pos_max": 0.7658723607768683,
    "equity_balance_diff_pos_mean": 0.005933529637897093,
    "equity_choppiness": 1.2478612677151255,
    "equity_choppiness_w": 1.167276730378299,
    "equity_jerkiness": 0.016894534907079928,
    "equity_jerkiness_w": 0.02152849940219546,
    "expected_shortfall_1pct": 0.482565180742837,
    "exponential_fit_error": 4.060099619301246,
    "exponential_fit_error_w": 0.6250387501406393,
    "gain": 1205004.6692892634,
    "gain_per_exposure_long": 100417.05577410529,
    "gain_per_exposure_short": 0.0,
    "loss_profit_ratio": 0.22595358498399642,
    "loss_profit_ratio_long": 0.22595358498399642,
    "loss_profit_ratio_short": 1.0,
    "loss_profit_ratio_w": 0.22792612069774604,
    "mdg": 0.0002267628763712323,
    "mdg_per_exposure_long": 1.8896906364269357e-05,
    "mdg_per_exposure_short": 0.0,
    "mdg_w": 0.0012372465382667333,
    "mdg_w_per_exposure_long": 0.00010310387818889444,
    "mdg_w_per_exposure_short": 0.0,
    "omega_ratio": 24.99915905838786,
    "omega_ratio_w": 24.54697065219701,
    "pnl_ratio_long_short": 1.0,
    "position_held_hours_max": 61.85,
    "position_held_hours_mean": 0.4361355607448656,
    "position_held_hours_median": 0.11666666666666667,
    "position_unchanged_hours_max": 61.85,
    "positions_held_per_day": 7.479748226745217,
    "sharpe_ratio": 0.03685226811799635,
    "sharpe_ratio_w": 0.04042910696607887,
    "sortino_ratio": 0.09489586635567356,
    "sortino_ratio_w": 0.13635392417868258,
    "sterling_ratio": 0.019388059701644044,
    "sterling_ratio_w": 0.022429520677279286,
    "volume_pct_per_day_avg": 2.663174778698902,
    "volume_pct_per_day_avg_w": 3.7075867223909524
}