{"analysis": {"adg": 0.017351631305863258,
              "adg_per_exposure_long": 0.006940652522345303,
              "adg_per_exposure_short": 0.0,
              "adg_w": 0.009563784504667883,
              "adg_w_per_exposure_long": 0.003825513801867153,
              "adg_w_per_exposure_short": 0.0,
              "calmar_ratio": 0.08882284027602848,
              "calmar_ratio_w": 0.3676140731650809,
              "drawdown_worst": 0.19535100715019713,
              "drawdown_worst_mean_1pct": 0.1937516175668514,
              "equity_balance_diff_neg_max": 0.21461548363971197,
              "equity_balance_diff_neg_mean": 0.004450340068767054,
              "equity_balance_diff_pos_max": 0.21778838953955873,
              "equity_balance_diff_pos_mean": 0.001337498660133448,
              "equity_choppiness": 1.2398326936337034,
              "equity_choppiness_w": 1.0748557899900884,
              "equity_jerkiness": 0.028483281634065664,
              "equity_jerkiness_w": 0.012707371748288523,
              "expected_shortfall_1pct": 0.17671511122739275,
              "exponential_fit_error": 0.07639767803720181,
              "exponential_fit_error_w": 0.008058410608284034,
              "gain": 46.35025572541046,
              "gain_per_exposure_long": 18.540102290164185,
              "gain_per_exposure_short": 0.0,
              "loss_profit_ratio": 0.13090892162215645,
              "loss_profit_ratio_long": 0.13090892162215645,
              "loss_profit_ratio_short": 1.0,
              "loss_profit_ratio_w": 0.06613352075578745,
              "mdg": 0.008206201843534093,
              "mdg_per_exposure_long": 0.003282480737413637,
              "mdg_per_exposure_short": 0.0,
              "mdg_w": 0.005625222322211349,
              "mdg_w_per_exposure_long": 0.0022500889288845395,
              "mdg_w_per_exposure_short": 0.0,
              "omega_ratio": 8.23527312126367,
              "omega_ratio_w": 75.37852395460679,
              "pnl_ratio_long_short": 1.0,
              "position_held_hours_max": 28.8,
              "position_held_hours_mean": 3.057935536515708,
              "position_held_hours_median": 1.4333333333333333,
              "position_unchanged_hours_max": 20.3,
              "positions_held_per_day": 3.663677130044843,
              "sharpe_ratio": 0.28717076455754853,
              "sharpe_ratio_w": 0.4610028406513111,
              "sortino_ratio": 0.38153197470344097,
              "sortino_ratio_w": 0.8713728916721413,
              "sterling_ratio": 0.08955605906039113,
              "sterling_ratio_w": 0.36768739504351716,
              "volume_pct_per_day_avg": 3.7790534509472846,
              "volume_pct_per_day_avg_w": 2.1076227831723378},
 "backtest": {"base_dir": "backtests/pbgui/HYPE_adg_w_sharpe_gain_175_twe2_5_48h_dd02",
              "cache_dir": {"bybit": "caches/hlcvs_data/2b7df7cacd067266"},
              "coins": {"bybit": ["HYPE"]},
              "combine_ohlcvs": false,
              "compress_cache": true,
              "end_date": "2025-08-15",
              "exchanges": ["bybit", "binance"],
              "gap_tolerance_ohlcvs_minutes": 120,
              "start_date": "2020-01-01",
              "starting_balance": 1000,
              "use_btc_collateral": false},
 "bot": {"long": {"close_grid_markup_end": 0.005214,
                  "close_grid_markup_start": 0.014179,
                  "close_grid_qty_pct": 0.092944,
                  "close_trailing_grid_ratio": -0.30035,
                  "close_trailing_qty_pct": 0.082734,
                  "close_trailing_retracement_pct": 0.009348,
                  "close_trailing_threshold_pct": 0.0038244,
                  "ema_span_0": 392.61,
                  "ema_span_1": 443.38,
                  "enforce_exposure_limit": true,
                  "entry_grid_double_down_factor": 2.0389,
                  "entry_grid_spacing_pct": 0.024067,
                  "entry_grid_spacing_weight": 0.68897,
                  "entry_initial_ema_dist": 0.010609,
                  "entry_initial_qty_pct": 0.015385,
                  "entry_trailing_double_down_factor": 8.515,
                  "entry_trailing_grid_ratio": 0.05319,
                  "entry_trailing_retracement_pct": 0.010595,
                  "entry_trailing_threshold_pct": -0.077255,
                  "filter_noisiness_rolling_window": 60,
                  "filter_volume_drop_pct": 0,
                  "filter_volume_rolling_window": 60,
                  "n_positions": 1,
                  "total_wallet_exposure_limit": 2.5,
                  "unstuck_close_pct": 0.030671,
                  "unstuck_ema_dist": -0.053999,
                  "unstuck_loss_allowance_pct": 0.24992,
                  "unstuck_threshold": 0.70363},
         "short": {"close_grid_markup_end": 0.001,
                   "close_grid_markup_start": 0.001,
                   "close_grid_qty_pct": 0.1,
                   "close_trailing_grid_ratio": -1,
                   "close_trailing_qty_pct": 0.1,
                   "close_trailing_retracement_pct": 0.003,
                   "close_trailing_threshold_pct": -0.001,
                   "ema_span_0": 200,
                   "ema_span_1": 200,
                   "enforce_exposure_limit": true,
                   "entry_grid_double_down_factor": 0.6,
                   "entry_grid_spacing_pct": 0.01,
                   "entry_grid_spacing_weight": 0.2,
                   "entry_initial_ema_dist": -0.001,
                   "entry_initial_qty_pct": 0.025,
                   "entry_trailing_double_down_factor": 0.1,
                   "entry_trailing_grid_ratio": -1,
                   "entry_trailing_retracement_pct": 0,
                   "entry_trailing_threshold_pct": -0.1,
                   "filter_noisiness_rolling_window": 60,
                   "filter_volume_drop_pct": 0.53,
                   "filter_volume_rolling_window": 60,
                   "n_positions": 0,
                   "total_wallet_exposure_limit": 0,
                   "unstuck_close_pct": 0.005,
                   "unstuck_ema_dist": -0.1,
                   "unstuck_loss_allowance_pct": 0.01,
                   "unstuck_threshold": 0.55}},
 "coin_overrides": {},
 "disable_plotting": false,
 "live": {"approved_coins": {"long": ["HYPEUSDT"], "short": []},
          "auto_gs": true,
          "base_config_path": "",
          "empty_means_all_approved": false,
          "execution_delay_seconds": 2,
          "filter_by_min_effective_cost": true,
          "forced_mode_long": "",
          "forced_mode_short": "",
          "ignored_coins": {"long": [], "short": []},
          "leverage": 10,
          "market_orders_allowed": true,
          "max_n_cancellations_per_batch": 5,
          "max_n_creations_per_batch": 3,
          "max_n_restarts_per_day": 10,
          "mimic_backtest_1m_delay": false,
          "minimum_coin_age_days": 30,
          "ohlcvs_1m_rolling_window_days": 4,
          "ohlcvs_1m_update_after_minutes": 10,
          "pnls_max_lookback_days": 30,
          "price_distance_threshold": 0.002,
          "time_in_force": "good_till_cancelled",
          "user": "bybit_01"},
 "optimize": {"bounds": {"long_close_grid_markup_end": [0.001, 0.03],
                         "long_close_grid_markup_start": [0.001, 0.03],
                         "long_close_grid_qty_pct": [0.05, 0.4],
                         "long_close_trailing_grid_ratio": [-1, 1],
                         "long_close_trailing_qty_pct": [0.05, 0.25],
                         "long_close_trailing_retracement_pct": [0.003, 0.01],
                         "long_close_trailing_threshold_pct": [0.001, 0.005],
                         "long_ema_span_0": [1, 800],
                         "long_ema_span_1": [1, 800],
                         "long_entry_grid_double_down_factor": [0, 10],
                         "long_entry_grid_spacing_pct": [0.01, 0.12],