{
    "adg": 0.0028518917652760045,
    "adg_w": 0.001668080063753008,
    "calmar_ratio": 0.0038243174311166236,
    "calmar_ratio_w": 0.0032176156950922603,
    "drawdown_worst": 0.7457256926612679,
    "drawdown_worst_mean_1pct": 0.1782278629647196,
    "equity_balance_diff_neg_max": 0.7803496768604222,
    "equity_balance_diff_neg_mean": 0.010840602280229221,
    "equity_balance_diff_pos_max": 0.5987791884173845,
    "equity_balance_diff_pos_mean": 0.0016500228055683264,
    "equity_choppiness": 1.1527485109183702,
    "equity_choppiness_w": 1.0878487347981665,
    "equity_jerkiness": 0.005318641386555409,
    "equity_jerkiness_w": 0.0031113992428811123,
    "expected_shortfall_1pct": 0.16727498417880118,
    "exponential_fit_error": 0.4945821411410507,
    "exponential_fit_error_w": 0.05120128279636116,
    "gain": 256.6153745718204,
    "loss_profit_ratio": 0.018679220353799264,
    "loss_profit_ratio_long": 0.018679220353799264,
    "loss_profit_ratio_short": 1.0,
    "loss_profit_ratio_w": 0.019057406947515305,
    "mdg": 0.0,
    "mdg_w": 0.0,
    "omega_ratio": 16.843684007224823,
    "omega_ratio_w": 249.09166441243255,
    "pnl_ratio_long_short": 1.0,
    "position_held_hours_max": 102.3,
    "position_held_hours_mean": 0.3588298611111111,
    "position_held_hours_median": 0.1,
    "position_unchanged_hours_max": 91.68333333333334,
    "positions_held_per_day": 2.4640657084188913,
    "sharpe_ratio": 0.02534734164227369,
    "sharpe_ratio_w": 0.024955015930888447,
    "sortino_ratio": 0.05959672178414552,
    "sortino_ratio_w": 0.029301227978197335,
    "sterling_ratio": 0.01600138001901835,
    "sterling_ratio_w": 0.007671398968599396
}