{
    "adg": 0.022651344949174756,
    "adg_per_exposure_long": 0.004588915327723255,
    "adg_per_exposure_short": 0.0,
    "adg_w": 0.008524327233950779,
    "adg_w_per_exposure_long": 0.0017269356848424423,
    "adg_w_per_exposure_short": 0.0,
    "calmar_ratio": 0.07350065453767107,
    "calmar_ratio_w": 0.027660328011185224,
    "drawdown_worst": 0.3081788195173871,
    "drawdown_worst_mean_1pct": 0.28248716558536513,
    "equity_balance_diff_neg_max": 0.29672561257137425,
    "equity_balance_diff_neg_mean": 0.009714852019955434,
    "equity_balance_diff_pos_max": 0.5122463364694594,
    "equity_balance_diff_pos_mean": 0.0032157567868579813,
    "equity_choppiness": 1.4422697590267677,
    "equity_choppiness_w": 1.6985648166791787,
    "equity_jerkiness": 0.04013887746696793,
    "equity_jerkiness_w": 0.02020401496571795,
    "expected_shortfall_1pct": 0.2694047003365459,
    "exponential_fit_error": 0.37607365425026124,
    "exponential_fit_error_w": 0.03953213610881616,
    "gain": 423.10712709584703,
    "gain_per_exposure_long": 85.71688723807198,
    "gain_per_exposure_short": 0.0,
    "loss_profit_ratio": 0.04087817662779571,
    "loss_profit_ratio_long": 0.04087817662779571,
    "loss_profit_ratio_short": 1.0,
    "loss_profit_ratio_w": 0.11602857835267535,
    "mdg": 0.006531816385045721,
    "mdg_per_exposure_long": 0.0013232747280334113,
    "mdg_per_exposure_short": 0.0,
    "mdg_w": 0.004347731401912925,
    "mdg_w_per_exposure_long": 0.0008808029419811037,
    "mdg_w_per_exposure_short": 0.0,
    "omega_ratio": 11.67867095935542,
    "omega_ratio_w": 5.301925918351112,
    "pnl_ratio_long_short": 1.0,
    "position_held_hours_max": 107.41666666666667,
    "position_held_hours_mean": 4.953245805981036,
    "position_held_hours_median": 1.8833333333333333,
    "position_unchanged_hours_max": 85.96666666666667,
    "positions_held_per_day": 1.6925969459797994,
    "sharpe_ratio": 0.16917604241825066,
    "sharpe_ratio_w": 0.09615523522348529,
    "sortino_ratio": 0.34826915181721674,
    "sortino_ratio_w": 0.12170682587108264,
    "sterling_ratio": 0.08018539497975784,
    "sterling_ratio_w": 0.028328802055393905,
    "volume_pct_per_day_avg": 3.1707886002121928,
    "volume_pct_per_day_avg_w": 2.153125224512155
}