{
    "adg": 0.02187011375016379,
    "adg_per_exposure_long": 0.0024300126389070874,
    "adg_per_exposure_short": 0.0,
    "adg_w": 0.006010358955216133,
    "adg_w_per_exposure_long": 0.0006678176616906814,
    "adg_w_per_exposure_short": 0.0,
    "calmar_ratio": 0.07413262857872902,
    "calmar_ratio_w": 0.05653711828936363,
    "drawdown_worst": 0.29501333177384476,
    "drawdown_worst_mean_1pct": 0.29402137736112355,
    "equity_balance_diff_neg_max": 0.3702360526419971,
    "equity_balance_diff_neg_mean": 0.02132806216079124,
    "equity_balance_diff_pos_max": 0.23230143588645602,
    "equity_balance_diff_pos_mean": 0.005466663659430577,
    "equity_choppiness": 1.2173600753192257,
    "equity_choppiness_w": 1.131492466594413,
    "equity_jerkiness": 0.032529596499041954,
    "equity_jerkiness_w": 0.009079128679215578,
    "expected_shortfall_1pct": 0.2819852387298663,
    "exponential_fit_error": 0.41127909315431904,
    "exponential_fit_error_w": 0.041753861116859595,
    "gain": 344.2218041247714,
    "gain_per_exposure_long": 38.2468671249746,
    "gain_per_exposure_short": 0.0,
    "loss_profit_ratio": 0.0,
    "loss_profit_ratio_long": 0.0,
    "loss_profit_ratio_short": 1.0,
    "loss_profit_ratio_w": 0.0,
    "mdg": 0.006140359514945454,
    "mdg_per_exposure_long": 0.0006822621683272727,
    "mdg_per_exposure_short": 0.0,
    "mdg_w": 0.0013255098163786503,
    "mdg_w_per_exposure_long": 0.0001472788684865167,
    "mdg_w_per_exposure_short": 0.0,
    "omega_ratio": 13.458688469595502,
    "omega_ratio_w": null,
    "pnl_ratio_long_short": 1.0,
    "position_held_hours_max": 41.7,
    "position_held_hours_mean": 0.8716414323479933,
    "position_held_hours_median": 0.15,
    "position_unchanged_hours_max": 20.033333333333335,
    "positions_held_per_day": 5.137050249614839,
    "sharpe_ratio": 0.14658743014996542,
    "sharpe_ratio_w": 0.17957837418995645,
    "sortino_ratio": 0.25601202911523585,
    "sortino_ratio_w": 0.15988605540517734,
    "sterling_ratio": 0.07438273348166256,
    "sterling_ratio_w": 0.05656212877965698,
    "volume_pct_per_day_avg": 9.033598660893377,
    "volume_pct_per_day_avg_w": 4.57107276890603
}