{
    "adg": 0.006312587636250644,
    "adg_per_exposure_long": 0.0012520752199160292,
    "adg_per_exposure_short": 0.0,
    "adg_w": 0.006053223075424041,
    "adg_w_per_exposure_long": 0.0012006313496289033,
    "adg_w_per_exposure_short": 0.0,
    "calmar_ratio": 0.008663046532364308,
    "calmar_ratio_w": 0.010199868445615979,
    "drawdown_worst": 0.7286798717595968,
    "drawdown_worst_mean_1pct": 0.3488105951563474,
    "equity_balance_diff_neg_max": 0.7447330805588385,
    "equity_balance_diff_neg_mean": 0.01960600399903698,
    "equity_balance_diff_pos_max": 0.21430417651716763,
    "equity_balance_diff_pos_mean": 0.001665659980625135,
    "equity_choppiness": 1.695549915554352,
    "equity_choppiness_w": 2.0615127889560285,
    "equity_jerkiness": 0.013539867508079033,
    "equity_jerkiness_w": 0.016576577358182274,
    "expected_shortfall_1pct": 0.3338739314778225,
    "exponential_fit_error": 0.9352752774085533,
    "exponential_fit_error_w": 0.12301232308774379,
    "gain": 184632.54936674025,
    "gain_per_exposure_long": 36621.08998289074,
    "gain_per_exposure_short": 0.0,
    "loss_profit_ratio": 0.11951002193707103,
    "loss_profit_ratio_long": 0.11951002193707103,
    "loss_profit_ratio_short": 1.0,
    "loss_profit_ratio_w": 0.12236756964955439,
    "mdg": 0.0004719737128336499,
    "mdg_per_exposure_long": 9.361400179178649e-05,
    "mdg_per_exposure_short": 0.0,
    "mdg_w": 0.0003439658343822289,
    "mdg_w_per_exposure_long": 6.822417723827854e-05,
    "mdg_w_per_exposure_short": 0.0,
    "omega_ratio": 5.925054630323172,
    "omega_ratio_w": 4.618285947137932,
    "pnl_ratio_long_short": 1.0,
    "position_held_hours_max": 867.1333333333333,
    "position_held_hours_mean": 1.4194493918884534,
    "position_held_hours_median": 0.2833333333333333,
    "position_unchanged_hours_max": 334.7,
    "positions_held_per_day": 10.197716658017644,
    "sharpe_ratio": 0.05690152273406799,
    "sharpe_ratio_w": 0.05496337295926368,
    "sortino_ratio": 0.09101469628829109,
    "sortino_ratio_w": 0.08498939294082823,
    "sterling_ratio": 0.01809746528318944,
    "sterling_ratio_w": 0.01562641565002079,
    "volume_pct_per_day_avg": 1.4440596261059149,
    "volume_pct_per_day_avg_w": 1.5416762260499735
}