{"analysis": {"adg": 0.007340834557725717,
              "adg_per_exposure_long": 0.0007340834557725718,
              "adg_per_exposure_short": 0.0,
              "adg_w": 0.003775786625709876,
              "adg_w_per_exposure_long": 0.0003775786625709876,
              "adg_w_per_exposure_short": 0.0,
              "calmar_ratio": 0.008059464277401252,
              "calmar_ratio_w": 0.009741615380646195,
              "drawdown_worst": 0.9108340585750131,
              "drawdown_worst_mean_1pct": 0.3638105949714506,
              "equity_balance_diff_neg_max": 0.9250485530000339,
              "equity_balance_diff_neg_mean": 0.018855857536960063,
              "equity_balance_diff_pos_max": 0.45243224355129846,
              "equity_balance_diff_pos_mean": 0.0016151813085690068,
              "equity_choppiness": 1.0447122119537993,
              "equity_choppiness_w": 1.0383581325825069,
              "equity_jerkiness": 0.011053474873126778,
              "equity_jerkiness_w": 0.005978152510145217,
              "expected_shortfall_1pct": 0.34478323120656995,
              "exponential_fit_error": 2.953899571985951,
              "exponential_fit_error_w": 0.3034126745932594,
              "gain": 1946927.6146314011,
              "gain_per_exposure_long": 194692.7614631401,
              "gain_per_exposure_short": 0.0,
              "loss_profit_ratio": 0.00786211914599227,
              "loss_profit_ratio_long": 0.00786211914599227,
              "loss_profit_ratio_short": 1.0,
              "loss_profit_ratio_w": 0.007180418721726414,
              "mdg": 0.0,
              "mdg_per_exposure_long": 0.0,
              "mdg_per_exposure_short": 0.0,
              "mdg_w": 0.0,
              "mdg_w_per_exposure_long": 0.0,
              "mdg_w_per_exposure_short": 0.0,
              "omega_ratio": 23.967641649537036,
              "omega_ratio_w": null,
              "pnl_ratio_long_short": 1.0,
              "position_held_hours_max": 736.5833333333334,
              "position_held_hours_mean": 1.4813781180538406,
              "position_held_hours_median": 0.16666666666666666,
              "position_unchanged_hours_max": 591.3333333333334,
              "positions_held_per_day": 2.044949494949495,
              "sharpe_ratio": 0.011706267842729268,
              "sharpe_ratio_w": 0.05481491229874581,
              "sortino_ratio": 0.06673864720641579,
              "sortino_ratio_w": 0.05254027471312411,
              "sterling_ratio": 0.020177627202698088,
              "sterling_ratio_w": 0.015228440855795727,
              "volume_pct_per_day_avg": 4.550119370507531,
              "volume_pct_per_day_avg_w": 3.6671594776938834},
 "backtest": {"base_dir": "backtests/pbgui/big6_adg_omega_sharpe_twe10",
              "cache_dir": {"binance": "caches/hlcvs_data/d89a4441b3928388"},
              "coins": {"binance": ["BNB", "BTC", "DOGE", "ETH", "SOL", "XRP"]},
              "combine_ohlcvs": false,
              "compress_cache": true,
              "end_date": "2025-06-03",
              "exchanges": ["bybit", "binance"],
              "gap_tolerance_ohlcvs_minutes": 120,
              "start_date": "2020-01-01",
              "starting_balance": 1000,
              "use_btc_collateral": false},
 "bot": {"long": {"close_grid_markup_end": 0.0036309,
                  "close_grid_markup_start": 0.013758,
                  "close_grid_qty_pct": 0.1284,
                  "close_trailing_grid_ratio": -1,
                  "close_trailing_qty_pct": 0.14595,
                  "close_trailing_retracement_pct": 0.0043928,
                  "close_trailing_threshold_pct": 0.0043931,
                  "ema_span_0": 110.42,
                  "ema_span_1": 126.86,
                  "enforce_exposure_limit": true,
                  "entry_grid_double_down_factor": 0.97708,
                  "entry_grid_spacing_pct": 0.093273,
                  "entry_grid_spacing_weight": 0.66504,
                  "entry_initial_ema_dist": 0.039416,
                  "entry_initial_qty_pct": 0.19983,
                  "entry_trailing_double_down_factor": 8.5184,
                  "entry_trailing_grid_ratio": -0.56851,
                  "entry_trailing_retracement_pct": 0.085053,
                  "entry_trailing_threshold_pct": 0.091167,
                  "filter_noisiness_rolling_window": 60,
                  "filter_volume_drop_pct": 0,
                  "filter_volume_rolling_window": 60,
                  "n_positions": 6,
                  "total_wallet_exposure_limit": 10,
                  "unstuck_close_pct": 0.046177,
                  "unstuck_ema_dist": -0.037874,
                  "unstuck_loss_allowance_pct": 0.21567,
                  "unstuck_threshold": 0.91296},
         "short": {"close_grid_markup_end": 0.001,
                   "close_grid_markup_start": 0.001,
                   "close_grid_qty_pct": 0.1,
                   "close_trailing_grid_ratio": -1,
                   "close_trailing_qty_pct": 0.1,
                   "close_trailing_retracement_pct": 0.003,
                   "close_trailing_threshold_pct": -0.001,
                   "ema_span_0": 200,
                   "ema_span_1": 200,
                   "enforce_exposure_limit": true,
                   "entry_grid_double_down_factor": 0.6,
                   "entry_grid_spacing_pct": 0.01,
                   "entry_grid_spacing_weight": 0.2,
                   "entry_initial_ema_dist": -0.001,
                   "entry_initial_qty_pct": 0.025,
                   "entry_trailing_double_down_factor": 0.1,
                   "entry_trailing_grid_ratio": -1,
                   "entry_trailing_retracement_pct": 0,
                   "entry_trailing_threshold_pct": -0.1,
                   "filter_noisiness_rolling_window": 60,
                   "filter_volume_drop_pct": 0.53,
                   "filter_volume_rolling_window": 60,
                   "n_positions": 0,
                   "total_wallet_exposure_limit": 0,
                   "unstuck_close_pct": 0.005,
                   "unstuck_ema_dist": -0.1,
                   "unstuck_loss_allowance_pct": 0.01,
                   "unstuck_threshold": 0.55}},
 "disable_plotting": false,
 "live": {"approved_coins": {"long": ["DOGEUSDT",
                                      "SOLUSDT",
                                      "ETHUSDT",
                                      "BTCUSDT",
                                      "BNBUSDT",
                                      "XRPUSDT"],
                             "short": []},
          "auto_gs": true,
          "coin_flags": {},
          "empty_means_all_approved": false,
          "execution_delay_seconds": 2,
          "filter_by_min_effective_cost": true,
          "forced_mode_long": "",
          "forced_mode_short": "",
          "ignored_coins": {"long": [], "short": []},
          "leverage": 10,
          "market_orders_allowed": true,
          "max_n_cancellations_per_batch": 5,
          "max_n_creations_per_batch": 3,
          "max_n_restarts_per_day": 10,
          "mimic_backtest_1m_delay": false,
          "minimum_coin_age_days": 30,
          "ohlcvs_1m_rolling_window_days": 4,
          "ohlcvs_1m_update_after_minutes": 10,
          "pnls_max_lookback_days": 30,
          "price_distance_threshold": 0.002,
          "time_in_force": "good_till_cancelled",
          "user": "bybit_01"},
 "optimize": {"bounds": {"long_close_grid_markup_end": [0.001, 0.03],
                         "long_close_grid_markup_start": [0.001, 0.03],
                         "long_close_grid_qty_pct": [0, 0.4],
                         "long_close_trailing_grid_ratio": [-1, -1],
                         "long_close_trailing_qty_pct": [0.1, 0.25],
                         "long_close_trailing_retracement_pct": [0.003, 0.01],
                         "long_close_trailing_threshold_pct": [0.001, 0.005],
                         "long_ema_span_0": [100, 800],