{
    "adg": 0.01715740619501238,
    "adg_per_exposure_long": 0.0018060427573697243,
    "adg_per_exposure_short": 0.0,
    "adg_w": 0.01024741397268969,
    "adg_w_per_exposure_long": 0.0010786751550199674,
    "adg_w_per_exposure_short": 0.0,
    "calmar_ratio": 0.0595057422598657,
    "calmar_ratio_w": 0.15572196116311443,
    "drawdown_worst": 0.2883319414802827,
    "drawdown_worst_mean_1pct": 0.2793698067731763,
    "equity_balance_diff_neg_max": 0.2898413754615768,
    "equity_balance_diff_neg_mean": 0.004456305854483093,
    "equity_balance_diff_pos_max": 0.8151617554930429,
    "equity_balance_diff_pos_mean": 0.007434840246280814,
    "equity_choppiness": 1.0849056998998257,
    "equity_choppiness_w": 1.135853066958681,
    "equity_jerkiness": 0.03652844025213777,
    "equity_jerkiness_w": 0.021234277421593346,
    "expected_shortfall_1pct": 0.2521826902385362,
    "exponential_fit_error": 0.1433228838622233,
    "exponential_fit_error_w": 0.023670880744534044,
    "gain": 146.1276963737799,
    "gain_per_exposure_long": 15.38186277618736,
    "gain_per_exposure_short": 0.0,
    "loss_profit_ratio": 0.04882802270420625,
    "loss_profit_ratio_long": 0.04882802270420625,
    "loss_profit_ratio_short": 1.0,
    "loss_profit_ratio_w": 0.04614704514906533,
    "mdg": 0.0007088570050557855,
    "mdg_per_exposure_long": 7.461652684797741e-05,
    "mdg_per_exposure_short": 0.0,
    "mdg_w": 0.0009419440256913479,
    "mdg_w_per_exposure_long": 9.915200270435241e-05,
    "mdg_w_per_exposure_short": 0.0,
    "omega_ratio": 20.5503605220602,
    "omega_ratio_w": 23.72571339172049,
    "pnl_ratio_long_short": 1.0,
    "position_held_hours_max": 73.6,
    "position_held_hours_mean": 2.621122536418166,
    "position_held_hours_median": 0.8083333333333333,
    "position_unchanged_hours_max": 50.983333333333334,
    "positions_held_per_day": 2.660208006838581,
    "sharpe_ratio": 0.10525118510247318,
    "sharpe_ratio_w": 0.13715728311563544,
    "sortino_ratio": 0.28405707752170406,
    "sortino_ratio_w": 0.544278124360348,
    "sterling_ratio": 0.0614146760997071,
    "sterling_ratio_w": 0.15591285454709855,
    "volume_pct_per_day_avg": 2.2451605853219974,
    "volume_pct_per_day_avg_w": 1.740901804796506
}