{
    "adg": 0.006348145126947147,
    "adg_per_exposure_long": 0.00032286365206729464,
    "adg_per_exposure_short": 0.0,
    "adg_w": 0.001148619027859965,
    "adg_w_per_exposure_long": 5.841821929915395e-05,
    "adg_w_per_exposure_short": 0.0,
    "calmar_ratio": 0.014711291454889057,
    "calmar_ratio_w": 0.051456493136556994,
    "drawdown_worst": 0.43151514919089207,
    "drawdown_worst_mean_1pct": 0.14235466882168485,
    "equity_balance_diff_neg_max": 0.43634129404473526,
    "equity_balance_diff_neg_mean": 0.0065390881734166345,
    "equity_balance_diff_pos_max": 1.0554687124884319,
    "equity_balance_diff_pos_mean": 0.01743850862697462,
    "equity_choppiness": 1.0236199177683682,
    "equity_choppiness_w": 1.0158995187350193,
    "equity_jerkiness": 0.011111113192548904,
    "equity_jerkiness_w": 0.0021065672070005688,
    "expected_shortfall_1pct": 0.14064657207458686,
    "exponential_fit_error": 3.6470898606636415,
    "exponential_fit_error_w": 0.3664599636233795,
    "gain": 530402.6595066288,
    "gain_per_exposure_long": 26976.027845927616,
    "gain_per_exposure_short": 0.0,
    "loss_profit_ratio": 0.011366428351244677,
    "loss_profit_ratio_long": 0.011366428351244677,
    "loss_profit_ratio_short": 1.0,
    "loss_profit_ratio_w": 0.010103834587418033,
    "mdg": 0.0,
    "mdg_per_exposure_long": 0.0,
    "mdg_per_exposure_short": 0.0,
    "mdg_w": 0.0,
    "mdg_w_per_exposure_long": 0.0,
    "mdg_w_per_exposure_short": 0.0,
    "omega_ratio": 449.5990552694014,
    "omega_ratio_w": null,
    "pnl_ratio_long_short": 1.0,
    "position_held_hours_max": 56.483333333333334,
    "position_held_hours_mean": 0.6386476426799007,
    "position_held_hours_median": 0.1,
    "position_unchanged_hours_max": 56.483333333333334,
    "positions_held_per_day": 0.38694191070571293,
    "sharpe_ratio": 0.02594497542442238,
    "sharpe_ratio_w": 0.06018857266116441,
    "sortino_ratio": 0.11114695195037945,
    "sortino_ratio_w": 0.1494025264652079,
    "sterling_ratio": 0.04459386670976636,
    "sterling_ratio_w": 0.08405142591641517,
    "volume_pct_per_day_avg": 4.08549529994002,
    "volume_pct_per_day_avg_w": 1.7458359227085034
}