{
    "adg": 0.0027423096285428272,
    "adg_per_exposure_long": 0.00021057433990192946,
    "adg_per_exposure_short": 0.0,
    "adg_w": 0.0007584214264836798,
    "adg_w_per_exposure_long": 5.823707490468247e-05,
    "adg_w_per_exposure_short": 0.0,
    "calmar_ratio": 0.005851530088583721,
    "calmar_ratio_w": 0.00418045803274514,
    "drawdown_worst": 0.4686483000220826,
    "drawdown_worst_mean_1pct": 0.1549093258013232,
    "equity_balance_diff_neg_max": 0.47035502155327186,
    "equity_balance_diff_neg_mean": 0.0016953489198321227,
    "equity_balance_diff_pos_max": 0.8768429242751756,
    "equity_balance_diff_pos_mean": 0.0004434224156261212,
    "equity_choppiness": 1.9429638402390783,
    "equity_choppiness_w": 3.729142725282937,
    "equity_jerkiness": 0.0068547994949195775,
    "equity_jerkiness_w": 0.003069347313637403,
    "expected_shortfall_1pct": 0.14499970426738293,
    "exponential_fit_error": 0.2705606849094874,
    "exponential_fit_error_w": 0.02782643427536997,
    "gain": 300.1891851448792,
    "gain_per_exposure_long": 23.05069378368112,
    "gain_per_exposure_short": 0.0,
    "loss_profit_ratio": 0.2703144620279756,
    "loss_profit_ratio_long": 0.2703144620279756,
    "loss_profit_ratio_short": 1.0,
    "loss_profit_ratio_w": 0.41264771829858493,
    "mdg": 0.0004232706703090625,
    "mdg_per_exposure_long": 3.250177918367984e-05,
    "mdg_per_exposure_short": 0.0,
    "mdg_w": 0.0002474998644450321,
    "mdg_w_per_exposure_long": 1.9004827186134693e-05,
    "mdg_w_per_exposure_short": 0.0,
    "omega_ratio": 6.095451018430172,
    "omega_ratio_w": 2.458584590491964,
    "pnl_ratio_long_short": 1.0,
    "position_held_hours_max": 464.3666666666667,
    "position_held_hours_mean": 6.883448968413365,
    "position_held_hours_median": 0.9,
    "position_unchanged_hours_max": 144.23333333333332,
    "positions_held_per_day": 2.629380700912146,
    "sharpe_ratio": 0.030285605271743517,
    "sharpe_ratio_w": 0.03899112604736573,
    "sortino_ratio": 0.09304565272866015,
    "sortino_ratio_w": 0.049046279002340085,
    "sterling_ratio": 0.017702676158180036,
    "sterling_ratio_w": 0.008332623464970148,
    "volume_pct_per_day_avg": 1.5290972299762629,
    "volume_pct_per_day_avg_w": 0.7495431122238834
}