{"analysis": {"adg": 0.0027423096285428272,
              "adg_per_exposure_long": 0.00021057433990192946,
              "adg_per_exposure_short": 0.0,
              "adg_w": 0.0007584214264836798,
              "adg_w_per_exposure_long": 5.823707490468247e-05,
              "adg_w_per_exposure_short": 0.0,
              "calmar_ratio": 0.005851530088583721,
              "calmar_ratio_w": 0.00418045803274514,
              "drawdown_worst": 0.4686483000220826,
              "drawdown_worst_mean_1pct": 0.1549093258013232,
              "equity_balance_diff_neg_max": 0.47035502155327186,
              "equity_balance_diff_neg_mean": 0.0016953489198321227,
              "equity_balance_diff_pos_max": 0.8768429242751756,
              "equity_balance_diff_pos_mean": 0.0004434224156261212,
              "equity_choppiness": 1.9429638402390783,
              "equity_choppiness_w": 3.729142725282937,
              "equity_jerkiness": 0.0068547994949195775,
              "equity_jerkiness_w": 0.003069347313637403,
              "expected_shortfall_1pct": 0.14499970426738293,
              "exponential_fit_error": 0.2705606849094874,
              "exponential_fit_error_w": 0.02782643427536997,
              "gain": 300.1891851448792,
              "gain_per_exposure_long": 23.05069378368112,
              "gain_per_exposure_short": 0.0,
              "loss_profit_ratio": 0.2703144620279756,
              "loss_profit_ratio_long": 0.2703144620279756,
              "loss_profit_ratio_short": 1.0,
              "loss_profit_ratio_w": 0.41264771829858493,
              "mdg": 0.0004232706703090625,
              "mdg_per_exposure_long": 3.250177918367984e-05,
              "mdg_per_exposure_short": 0.0,
              "mdg_w": 0.0002474998644450321,
              "mdg_w_per_exposure_long": 1.9004827186134693e-05,
              "mdg_w_per_exposure_short": 0.0,
              "omega_ratio": 6.095451018430172,
              "omega_ratio_w": 2.458584590491964,
              "pnl_ratio_long_short": 1.0,
              "position_held_hours_max": 464.3666666666667,
              "position_held_hours_mean": 6.883448968413365,
              "position_held_hours_median": 0.9,
              "position_unchanged_hours_max": 144.23333333333332,
              "positions_held_per_day": 2.629380700912146,
              "sharpe_ratio": 0.030285605271743517,
              "sharpe_ratio_w": 0.03899112604736573,
              "sortino_ratio": 0.09304565272866015,
              "sortino_ratio_w": 0.049046279002340085,
              "sterling_ratio": 0.017702676158180036,
              "sterling_ratio_w": 0.008332623464970148,
              "volume_pct_per_day_avg": 1.5290972299762629,
              "volume_pct_per_day_avg_w": 0.7495431122238834},
 "backtest": {"base_dir": "backtests/pbgui/btc_adg_w_sharpe_w_posmean_lpr_gain_100_dd5_TWE10-25",
              "cache_dir": {"binance": "caches/hlcvs_data/8632a2d25075e40f"},
              "coins": {"binance": ["BTC"]},
              "combine_ohlcvs": false,
              "compress_cache": true,
              "end_date": "2025-09-14",
              "exchanges": ["bybit", "binance"],
              "gap_tolerance_ohlcvs_minutes": 120,
              "start_date": "2020-01-01",
              "starting_balance": 1000,
              "use_btc_collateral": false},
 "bot": {"long": {"close_grid_markup_end": 0.025767,
                  "close_grid_markup_start": 0.016594,
                  "close_grid_qty_pct": 0.32472,
                  "close_trailing_grid_ratio": -0.99925,
                  "close_trailing_qty_pct": 0.19863,
                  "close_trailing_retracement_pct": 0.0065862,
                  "close_trailing_threshold_pct": 0.0016351,
                  "ema_span_0": 566.37,
                  "ema_span_1": 604.37,
                  "enforce_exposure_limit": true,
                  "entry_grid_double_down_factor": 1.4723,
                  "entry_grid_spacing_pct": 0.032177,
                  "entry_grid_spacing_weight": 1.9603,
                  "entry_initial_ema_dist": 0.0029101,
                  "entry_initial_qty_pct": 0.009725,
                  "entry_trailing_double_down_factor": 1.0028,
                  "entry_trailing_grid_ratio": -0.42172,
                  "entry_trailing_retracement_pct": 0.00036415,
                  "entry_trailing_threshold_pct": 0.00056805,
                  "filter_noisiness_rolling_window": 60,
                  "filter_volume_drop_pct": 0,
                  "filter_volume_rolling_window": 60,
                  "n_positions": 1,
                  "total_wallet_exposure_limit": 13.023,
                  "unstuck_close_pct": 0.048157,
                  "unstuck_ema_dist": -0.033699,
                  "unstuck_loss_allowance_pct": 0.2068,
                  "unstuck_threshold": 0.84562},
         "short": {"close_grid_markup_end": 0.001,
                   "close_grid_markup_start": 0.001,
                   "close_grid_qty_pct": 0.1,
                   "close_trailing_grid_ratio": -1,
                   "close_trailing_qty_pct": 0.1,
                   "close_trailing_retracement_pct": 0.003,
                   "close_trailing_threshold_pct": -0.001,
                   "ema_span_0": 200,
                   "ema_span_1": 200,
                   "enforce_exposure_limit": true,
                   "entry_grid_double_down_factor": 0.6,
                   "entry_grid_spacing_pct": 0.01,
                   "entry_grid_spacing_weight": 0.2,
                   "entry_initial_ema_dist": -0.001,
                   "entry_initial_qty_pct": 0.025,
                   "entry_trailing_double_down_factor": 0.1,
                   "entry_trailing_grid_ratio": -1,
                   "entry_trailing_retracement_pct": 0,
                   "entry_trailing_threshold_pct": -0.1,
                   "filter_noisiness_rolling_window": 60,
                   "filter_volume_drop_pct": 0.53,
                   "filter_volume_rolling_window": 60,
                   "n_positions": 0,
                   "total_wallet_exposure_limit": 0,
                   "unstuck_close_pct": 0.005,
                   "unstuck_ema_dist": -0.1,
                   "unstuck_loss_allowance_pct": 0.01,
                   "unstuck_threshold": 0.55}},
 "coin_overrides": {},
 "disable_plotting": false,
 "live": {"approved_coins": {"long": ["BTC"], "short": []},
          "auto_gs": true,
          "base_config_path": "",
          "empty_means_all_approved": false,
          "execution_delay_seconds": 2,
          "filter_by_min_effective_cost": true,
          "forced_mode_long": "",
          "forced_mode_short": "",
          "ignored_coins": {"long": [], "short": []},
          "leverage": 10,
          "market_orders_allowed": true,
          "max_n_cancellations_per_batch": 5,
          "max_n_creations_per_batch": 3,
          "max_n_restarts_per_day": 10,
          "mimic_backtest_1m_delay": false,
          "minimum_coin_age_days": 30,
          "ohlcvs_1m_rolling_window_days": 4,
          "ohlcvs_1m_update_after_minutes": 10,
          "pnls_max_lookback_days": 30,
          "price_distance_threshold": 0.002,
          "time_in_force": "good_till_cancelled",
          "user": "bybit_01"},
 "optimize": {"bounds": {"long_close_grid_markup_end": [0.001, 0.03],
                         "long_close_grid_markup_start": [0.001, 0.03],
                         "long_close_grid_qty_pct": [0.05, 0.4],
                         "long_close_trailing_grid_ratio": [-1, 1],
                         "long_close_trailing_qty_pct": [0.05, 0.25],
                         "long_close_trailing_retracement_pct": [0.003, 0.01],
                         "long_close_trailing_threshold_pct": [0.001, 0.005],
                         "long_ema_span_0": [1, 800],
                         "long_ema_span_1": [1, 800],
                         "long_entry_grid_double_down_factor": [0.4, 2],
                         "long_entry_grid_spacing_pct": [0.01, 0.12],