{"analysis": {"adg": 0.003980508273415007,
              "adg_per_exposure_long": 0.002511678617753033,
              "adg_per_exposure_short": 0.0,
              "adg_w": 0.0042233032534344074,
              "adg_w_per_exposure_long": 0.0026648809019651737,
              "adg_w_per_exposure_short": 0.0,
              "calmar_ratio": 0.008176472189526223,
              "calmar_ratio_w": 0.010837085906406465,
              "drawdown_worst": 0.48682465752331416,
              "drawdown_worst_mean_1pct": 0.34502586048213674,
              "equity_balance_diff_neg_max": 0.5034391342900578,
              "equity_balance_diff_neg_mean": 0.03907488529370901,
              "equity_balance_diff_pos_max": 0.08339878706046755,
              "equity_balance_diff_pos_mean": 0.005207277974772995,
              "equity_choppiness": 1.993605945548602,
              "equity_choppiness_w": 1.6826914633241217,
              "equity_jerkiness": 0.012697842481235757,
              "equity_jerkiness_w": 0.012304586090350022,
              "expected_shortfall_1pct": 0.28042229378718914,
              "exponential_fit_error": 0.06807281835889036,
              "exponential_fit_error_w": 0.018010314232969234,
              "gain": 308.7314843887361,
              "gain_per_exposure_long": 194.80785234019189,
              "gain_per_exposure_short": 0.0,
              "loss_profit_ratio": 0.18078528954258638,
              "loss_profit_ratio_long": 0.18078528954258638,
              "loss_profit_ratio_short": 1.0,
              "loss_profit_ratio_w": 0.1359303060482424,
              "mdg": 0.0,
              "mdg_per_exposure_long": 0.0,
              "mdg_per_exposure_short": 0.0,
              "mdg_w": 0.0,
              "mdg_w_per_exposure_long": 0.0,
              "mdg_w_per_exposure_short": 0.0,
              "omega_ratio": 3.4806728178880606,
              "omega_ratio_w": 18.728069660370295,
              "pnl_ratio_long_short": 1.0,
              "position_held_hours_max": 216.38333333333333,
              "position_held_hours_mean": 1.2528413513934298,
              "position_held_hours_median": 0.23333333333333334,
              "position_unchanged_hours_max": 105.38333333333334,
              "positions_held_per_day": 1.4841744669461354,
              "sharpe_ratio": 0.06545179444891075,
              "sharpe_ratio_w": 0.0814097424983089,
              "sortino_ratio": 0.05834309259395478,
              "sortino_ratio_w": 0.07109656887387494,
              "sterling_ratio": 0.011536840362785189,
              "sterling_ratio_w": 0.012361119136260014,
              "volume_pct_per_day_avg": 2.455919374378923,
              "volume_pct_per_day_avg_w": 2.6144777113368116},
 "backtest": {"base_dir": "backtests/pbgui/DOGE_adg_loss_profit_dd4",
              "cache_dir": {"bybit": "caches/hlcvs_data/98cb6c9bbb8250eb"},
              "coins": {"bybit": ["DOGE"]},
              "combine_ohlcvs": false,
              "compress_cache": true,
              "end_date": "2025-05-15",
              "exchanges": ["bybit", "binance"],
              "gap_tolerance_ohlcvs_minutes": 120,
              "start_date": "2020-01-01",
              "starting_balance": 1000,
              "use_btc_collateral": false},
 "bot": {"long": {"close_grid_markup_range": 0.043179,
                  "close_grid_min_markup": 0.08015,
                  "close_grid_qty_pct": 0.038227,
                  "close_trailing_grid_ratio": -1,
                  "close_trailing_qty_pct": 0.22725,
                  "close_trailing_retracement_pct": 0.0061794,
                  "close_trailing_threshold_pct": 0.0044604,
                  "ema_span_0": 108.19,
                  "ema_span_1": 124.52,
                  "enforce_exposure_limit": true,
                  "entry_grid_double_down_factor": 3.9189,
                  "entry_grid_spacing_pct": 0.02137,
                  "entry_grid_spacing_weight": 1.8176,
                  "entry_initial_ema_dist": 0.022306,
                  "entry_initial_qty_pct": 0.10333,
                  "entry_trailing_double_down_factor": 3.7304,
                  "entry_trailing_grid_ratio": -0.098204,
                  "entry_trailing_retracement_pct": 0.011069,
                  "entry_trailing_threshold_pct": 0.077813,
                  "filter_noisiness_rolling_window": 60,
                  "filter_volume_drop_pct": 0,
                  "filter_volume_rolling_window": 60,
                  "n_positions": 1,
                  "total_wallet_exposure_limit": 1.5848,
                  "unstuck_close_pct": 0.013556,
                  "unstuck_ema_dist": -0.022908,
                  "unstuck_loss_allowance_pct": 0.068384,
                  "unstuck_threshold": 0.91428},
         "short": {"close_grid_markup_range": 0.02,
                   "close_grid_min_markup": 0.02,
                   "close_grid_qty_pct": 0.1,
                   "close_trailing_grid_ratio": -1,
                   "close_trailing_qty_pct": 0.1,
                   "close_trailing_retracement_pct": 0.003,
                   "close_trailing_threshold_pct": -0.001,
                   "ema_span_0": 200,
                   "ema_span_1": 200,
                   "enforce_exposure_limit": true,
                   "entry_grid_double_down_factor": 0.6,
                   "entry_grid_spacing_pct": 0.01,
                   "entry_grid_spacing_weight": 0.2,
                   "entry_initial_ema_dist": -0.001,
                   "entry_initial_qty_pct": 0.025,
                   "entry_trailing_double_down_factor": 0.1,
                   "entry_trailing_grid_ratio": -1,
                   "entry_trailing_retracement_pct": 0,
                   "entry_trailing_threshold_pct": -0.1,
                   "filter_noisiness_rolling_window": 60,
                   "filter_volume_drop_pct": 0.53,
                   "filter_volume_rolling_window": 60,
                   "n_positions": 0,
                   "total_wallet_exposure_limit": 0,
                   "unstuck_close_pct": 0.005,
                   "unstuck_ema_dist": -0.1,
                   "unstuck_loss_allowance_pct": 0.01,
                   "unstuck_threshold": 0.55}},
 "disable_plotting": false,
 "live": {"approved_coins": {"long": ["DOGEUSDT"], "short": []},
          "auto_gs": true,
          "coin_flags": {},
          "empty_means_all_approved": false,
          "execution_delay_seconds": 2,
          "filter_by_min_effective_cost": true,
          "forced_mode_long": "",
          "forced_mode_short": "",
          "ignored_coins": {"long": [], "short": []},
          "leverage": 10,
          "market_orders_allowed": true,
          "max_n_cancellations_per_batch": 5,
          "max_n_creations_per_batch": 3,
          "max_n_restarts_per_day": 10,
          "minimum_coin_age_days": 30,
          "ohlcvs_1m_rolling_window_days": 4,
          "ohlcvs_1m_update_after_minutes": 10,
          "pnls_max_lookback_days": 30,
          "price_distance_threshold": 0.002,
          "time_in_force": "good_till_cancelled",
          "user": "bybit_01"},
 "optimize": {"bounds": {"long_close_grid_markup_range": [0.02, 0.1],
                         "long_close_grid_min_markup": [0.02, 0.1],
                         "long_close_grid_qty_pct": [0, 0.4],
                         "long_close_trailing_grid_ratio": [-1, -1],
                         "long_close_trailing_qty_pct": [0.1, 0.25],
                         "long_close_trailing_retracement_pct": [0.003, 0.01],
                         "long_close_trailing_threshold_pct": [0.001, 0.005],
                         "long_ema_span_0": [100, 800],
                         "long_ema_span_1": [100, 800],
                         "long_entry_grid_double_down_factor": [0.5, 4],
                         "long_entry_grid_spacing_pct": [0.01, 0.12],
                         "long_entry_grid_spacing_weight": [0.2, 2],
                         "long_entry_initial_ema_dist": [-0.001, 0.05],