{
    "adg": 0.003482836482399776,
    "adg_per_exposure_long": 0.0003869818313777529,
    "adg_per_exposure_short": 0.0,
    "adg_w": 0.0009631796429843797,
    "adg_w_per_exposure_long": 0.00010701996033159774,
    "adg_w_per_exposure_short": 0.0,
    "calmar_ratio": 0.008728913789358535,
    "calmar_ratio_w": 0.01615530390501914,
    "drawdown_worst": 0.3989999863036476,
    "drawdown_worst_mean_1pct": 0.1913315991803609,
    "equity_balance_diff_neg_max": 0.41889701745862984,
    "equity_balance_diff_neg_mean": 0.0362266406666085,
    "equity_balance_diff_pos_max": 1.9734953013752006,
    "equity_balance_diff_pos_mean": 0.007789394955659144,
    "equity_choppiness": 1.3703698080240447,
    "equity_choppiness_w": 1.0824583295622972,
    "equity_jerkiness": 0.007114328417991765,
    "equity_jerkiness_w": 0.001865020407562148,
    "expected_shortfall_1pct": 0.15142432886289697,
    "exponential_fit_error": 0.7058388255221745,
    "exponential_fit_error_w": 0.07151337109997954,
    "gain": 1330.7115825644512,
    "gain_per_exposure_long": 147.85684250716125,
    "gain_per_exposure_short": 0.0,
    "loss_profit_ratio": 0.00958981167185338,
    "loss_profit_ratio_long": 0.00958981167185338,
    "loss_profit_ratio_short": 1.0,
    "loss_profit_ratio_w": 0.005622079986841,
    "mdg": 0.0,
    "mdg_per_exposure_long": 0.0,
    "mdg_per_exposure_short": 0.0,
    "mdg_w": 0.0,
    "mdg_w_per_exposure_long": 0.0,
    "mdg_w_per_exposure_short": 0.0,
    "omega_ratio": 11.769864214573577,
    "omega_ratio_w": null,
    "pnl_ratio_long_short": 1.0,
    "position_held_hours_max": 198.21666666666667,
    "position_held_hours_mean": 0.7663423153692615,
    "position_held_hours_median": 0.05,
    "position_unchanged_hours_max": 140.71666666666667,
    "positions_held_per_day": 0.9685838569357177,
    "sharpe_ratio": 0.03050705608819665,
    "sharpe_ratio_w": 0.065116288887714,
    "sortino_ratio": 0.06977634980741934,
    "sortino_ratio_w": 0.05124347420650573,
    "sterling_ratio": 0.018203143115511414,
    "sterling_ratio_w": 0.021547157231130654,
    "volume_pct_per_day_avg": 3.089539126427595,
    "volume_pct_per_day_avg_w": 1.7625046709217884
}