{
    "adg": 0.002213165345495094,
    "adg_w": 0.0016197636794243798,
    "calmar_ratio": 0.004377581086681724,
    "calmar_ratio_w": 0.003203848669678115,
    "drawdown_worst": 0.5055680983793515,
    "drawdown_worst_mean_1pct": 0.1495612528815036,
    "equity_balance_diff_neg_max": 0.5175719565203761,
    "equity_balance_diff_neg_mean": 0.00913222416304492,
    "equity_balance_diff_pos_max": 0.13833989800672447,
    "equity_balance_diff_pos_mean": 0.0015293549160963482,
    "equity_choppiness": 1.2119812358674642,
    "equity_choppiness_w": 1.3663449199550484,
    "equity_jerkiness": 0.003935339020593482,
    "equity_jerkiness_w": 0.0034415051460307336,
    "expected_shortfall_1pct": 0.14833894570774092,
    "exponential_fit_error": 0.12841523107629163,
    "exponential_fit_error_w": 0.01419874060782111,
    "gain": 38.7267555395198,
    "loss_profit_ratio": 0.019968861862130892,
    "loss_profit_ratio_long": 0.019968861862130892,
    "loss_profit_ratio_short": 1.0,
    "loss_profit_ratio_w": 0.025599595702323192,
    "mdg": 0.0,
    "mdg_w": 0.0,
    "omega_ratio": 18.348518677474548,
    "omega_ratio_w": 8.661443346877846,
    "pnl_ratio_long_short": 1.0,
    "position_held_hours_max": 107.71666666666667,
    "position_held_hours_mean": 0.4407216985623155,
    "position_held_hours_median": 0.11666666666666667,
    "position_unchanged_hours_max": 98.3,
    "positions_held_per_day": 2.1171872801788343,
    "sharpe_ratio": 0.047035039086065135,
    "sharpe_ratio_w": 0.02506752521427596,
    "sortino_ratio": 0.05256165856806396,
    "sortino_ratio_w": 0.026657253263407437,
    "sterling_ratio": 0.014797718679506987,
    "sterling_ratio_w": 0.006691803326416878
}