{
    "adg": 0.034189535250294334,
    "adg_per_exposure_long": 0.005952942602736116,
    "adg_per_exposure_short": 0.0,
    "adg_w": 0.007642253057531212,
    "adg_w_per_exposure_long": 0.0013306379707713706,
    "adg_w_per_exposure_short": 0.0,
    "calmar_ratio": 0.09775595155553546,
    "calmar_ratio_w": 0.033334115483482016,
    "drawdown_worst": 0.3497437721822098,
    "drawdown_worst_mean_1pct": 0.3497437721822098,
    "equity_balance_diff_neg_max": 0.4258305849823573,
    "equity_balance_diff_neg_mean": 0.058014514908078844,
    "equity_balance_diff_pos_max": 0.5085770896505111,
    "equity_balance_diff_pos_mean": 0.011726803304357315,
    "equity_choppiness": 1.758874692187664,
    "equity_choppiness_w": 2.5049788706878013,
    "equity_jerkiness": 0.09069523738106056,
    "equity_jerkiness_w": 0.029285581556559543,
    "expected_shortfall_1pct": 0.3075824606679989,
    "exponential_fit_error": 0.5116300988373196,
    "exponential_fit_error_w": 0.05380786207711302,
    "gain": 209.61487027304335,
    "gain_per_exposure_long": 36.49728732140814,
    "gain_per_exposure_short": 0.0,
    "loss_profit_ratio": 0.11503758091125398,
    "loss_profit_ratio_long": 0.11503758091125398,
    "loss_profit_ratio_short": 1.0,
    "loss_profit_ratio_w": 0.12345671953107742,
    "mdg": 0.0070296453705094705,
    "mdg_per_exposure_long": 0.0012239732158357513,
    "mdg_per_exposure_short": 0.0,
    "mdg_w": 0.001695946341794025,
    "mdg_w_per_exposure_long": 0.0002952912683986602,
    "mdg_w_per_exposure_short": 0.0,
    "omega_ratio": 4.962362466592628,
    "omega_ratio_w": 3.203425925162829,
    "pnl_ratio_long_short": 1.0,
    "position_held_hours_max": 60.81666666666667,
    "position_held_hours_mean": 1.214966389877422,
    "position_held_hours_median": 0.16666666666666666,
    "position_unchanged_hours_max": 18.216666666666665,
    "positions_held_per_day": 5.30188679245283,
    "sharpe_ratio": 0.18122727370944153,
    "sharpe_ratio_w": 0.08766934690028463,
    "sortino_ratio": 0.3562451308785358,
    "sortino_ratio_w": 0.12809988388226595,
    "sterling_ratio": 0.09775595155553546,
    "sterling_ratio_w": 0.033334115483482016,
    "volume_pct_per_day_avg": 8.504329216818554,
    "volume_pct_per_day_avg_w": 4.184855906499555
}