{"analysis": {"adg": 0.034680660699127897,
              "adg_per_exposure_long": 0.005548284304018413,
              "adg_per_exposure_short": 0.0,
              "adg_w": 0.005105503145821233,
              "adg_w_per_exposure_long": 0.0008167890229608256,
              "adg_w_per_exposure_short": 0.0,
              "calmar_ratio": 0.10112205724400383,
              "calmar_ratio_w": 0.026290250648268232,
              "drawdown_worst": 0.34295841722686404,
              "drawdown_worst_mean_1pct": 0.34295841722686404,
              "equity_balance_diff_neg_max": 0.43060747634573904,
              "equity_balance_diff_neg_mean": 0.04054972705889411,
              "equity_balance_diff_pos_max": 0.9132217144037849,
              "equity_balance_diff_pos_mean": 0.016621547609695732,
              "equity_choppiness": 1.695816079174763,
              "equity_choppiness_w": 2.318104642279358,
              "equity_jerkiness": 0.0666639540570559,
              "equity_jerkiness_w": 0.015297368025515717,
              "expected_shortfall_1pct": 0.342958417226864,
              "exponential_fit_error": 1.089796932531117,
              "exponential_fit_error_w": 0.1092764602052934,
              "gain": 226.05116257809954,
              "gain_per_exposure_long": 36.16413562930544,
              "gain_per_exposure_short": 0.0,
              "loss_profit_ratio": 0.2015011257439096,
              "loss_profit_ratio_long": 0.2015011257439096,
              "loss_profit_ratio_short": 1.0,
              "loss_profit_ratio_w": 0.3482878044855021,
              "mdg": 0.00034607039259179346,
              "mdg_per_exposure_long": 5.536506192775104e-05,
              "mdg_per_exposure_short": 0.0,
              "mdg_w": 3.4607039259179345e-05,
              "mdg_w_per_exposure_long": 5.5365061927751045e-06,
              "mdg_w_per_exposure_short": 0.0,
              "omega_ratio": 9.264816319723487,
              "omega_ratio_w": 4.535898419475936,
              "pnl_ratio_long_short": 1.0,
              "position_held_hours_max": 27.766666666666666,
              "position_held_hours_mean": 0.7150318979266348,
              "position_held_hours_median": 0.13333333333333333,
              "position_unchanged_hours_max": 18.3,
              "positions_held_per_day": 5.2578616352201255,
              "sharpe_ratio": 0.15950498596582263,
              "sharpe_ratio_w": 0.0663848994233016,
              "sortino_ratio": 0.3140505528248231,
              "sortino_ratio_w": 0.07517877816732274,
              "sterling_ratio": 0.10112205724400383,
              "sterling_ratio_w": 0.026290250648268232,
              "volume_pct_per_day_avg": 7.987424867700123,
              "volume_pct_per_day_avg_w": 3.4610007263480957},
 "backtest": {"base_dir": "backtests/pbgui/FART_adg_sharpe_omega_twe20_100tr",
              "cache_dir": {"bybit": "caches/hlcvs_data/eb4a1b819776b0ae"},
              "coins": {"bybit": ["FARTCOIN"]},
              "combine_ohlcvs": false,
              "compress_cache": true,
              "end_date": "2025-06-08",
              "exchanges": ["binance", "bybit"],
              "gap_tolerance_ohlcvs_minutes": 120,
              "start_date": "2020-01-01",
              "starting_balance": 1000,
              "use_btc_collateral": false},
 "bot": {"long": {"close_grid_markup_end": 0.0084222,
                  "close_grid_markup_start": 0.018593,
                  "close_grid_qty_pct": 0.22958,
                  "close_trailing_grid_ratio": -1,
                  "close_trailing_qty_pct": 0.10145,
                  "close_trailing_retracement_pct": 0.0088966,
                  "close_trailing_threshold_pct": 0.0020023,
                  "ema_span_0": 460.33,
                  "ema_span_1": 800,
                  "enforce_exposure_limit": true,
                  "entry_grid_double_down_factor": 7.766,
                  "entry_grid_spacing_pct": 0.033026,
                  "entry_grid_spacing_weight": 1.3534,
                  "entry_initial_ema_dist": 0.048313,
                  "entry_initial_qty_pct": 0.036485,
                  "entry_trailing_double_down_factor": 10,
                  "entry_trailing_grid_ratio": -1,
                  "entry_trailing_retracement_pct": 0.067674,
                  "entry_trailing_threshold_pct": -0.098834,
                  "filter_noisiness_rolling_window": 60,
                  "filter_volume_drop_pct": 0,
                  "filter_volume_rolling_window": 60,
                  "n_positions": 1,
                  "total_wallet_exposure_limit": 6.2507,
                  "unstuck_close_pct": 0.0072348,
                  "unstuck_ema_dist": 0.0086066,
                  "unstuck_loss_allowance_pct": 0.20464,
                  "unstuck_threshold": 0.94338},
         "short": {"close_grid_markup_end": 0.001,
                   "close_grid_markup_start": 0.001,
                   "close_grid_qty_pct": 0.1,
                   "close_trailing_grid_ratio": -1,
                   "close_trailing_qty_pct": 0.1,
                   "close_trailing_retracement_pct": 0.003,
                   "close_trailing_threshold_pct": -0.001,
                   "ema_span_0": 200,
                   "ema_span_1": 200,
                   "enforce_exposure_limit": true,
                   "entry_grid_double_down_factor": 0.6,
                   "entry_grid_spacing_pct": 0.01,
                   "entry_grid_spacing_weight": 0.2,
                   "entry_initial_ema_dist": -0.001,
                   "entry_initial_qty_pct": 0.025,
                   "entry_trailing_double_down_factor": 0.1,
                   "entry_trailing_grid_ratio": -1,
                   "entry_trailing_retracement_pct": 0,
                   "entry_trailing_threshold_pct": -0.1,
                   "filter_noisiness_rolling_window": 60,
                   "filter_volume_drop_pct": 0.53,
                   "filter_volume_rolling_window": 60,
                   "n_positions": 0,
                   "total_wallet_exposure_limit": 0,
                   "unstuck_close_pct": 0.005,
                   "unstuck_ema_dist": -0.1,
                   "unstuck_loss_allowance_pct": 0.01,
                   "unstuck_threshold": 0.55}},
 "disable_plotting": false,
 "live": {"approved_coins": {"long": ["FARTCOINUSDT"], "short": []},
          "auto_gs": true,
          "coin_flags": {},
          "empty_means_all_approved": false,
          "execution_delay_seconds": 2,
          "filter_by_min_effective_cost": true,
          "forced_mode_long": "",
          "forced_mode_short": "",
          "ignored_coins": {"long": [], "short": []},
          "leverage": 10,
          "market_orders_allowed": true,
          "max_n_cancellations_per_batch": 5,
          "max_n_creations_per_batch": 3,
          "max_n_restarts_per_day": 10,
          "mimic_backtest_1m_delay": false,
          "minimum_coin_age_days": 30,
          "ohlcvs_1m_rolling_window_days": 4,
          "ohlcvs_1m_update_after_minutes": 10,
          "pnls_max_lookback_days": 30,
          "price_distance_threshold": 0.002,
          "time_in_force": "good_till_cancelled",
          "user": "bybit_01"},
 "optimize": {"bounds": {"long_close_grid_markup_end": [0.001, 0.03],
                         "long_close_grid_markup_start": [0.001, 0.03],
                         "long_close_grid_qty_pct": [0, 0.4],
                         "long_close_trailing_grid_ratio": [-1, -1],
                         "long_close_trailing_qty_pct": [0.1, 0.25],
                         "long_close_trailing_retracement_pct": [0.003, 0.01],
                         "long_close_trailing_threshold_pct": [0.001, 0.005],
                         "long_ema_span_0": [100, 800],
                         "long_ema_span_1": [100, 800],
                         "long_entry_grid_double_down_factor": [0.5, 10],
                         "long_entry_grid_spacing_pct": [0.01, 0.12],
                         "long_entry_grid_spacing_weight": [0.2, 2],