{
    "adg": 0.02689104848952062,
    "adg_per_exposure_long": 0.004481990814613924,
    "adg_per_exposure_short": 0.0,
    "adg_w": 0.013977675804246536,
    "adg_w_per_exposure_long": 0.0023296902903841023,
    "adg_w_per_exposure_short": 0.0,
    "calmar_ratio": 0.11073577408351064,
    "calmar_ratio_w": 0.0843908019178142,
    "drawdown_worst": 0.24283975717947223,
    "drawdown_worst_mean_1pct": 0.2405089065097094,
    "equity_balance_diff_neg_max": 0.35779093293755926,
    "equity_balance_diff_neg_mean": 0.021235199306112416,
    "equity_balance_diff_pos_max": 0.3925719405550272,
    "equity_balance_diff_pos_mean": 0.003857837775092089,
    "equity_choppiness": 1.8391830021270028,
    "equity_choppiness_w": 1.7602080856211437,
    "equity_jerkiness": 0.05623465584375258,
    "equity_jerkiness_w": 0.03611168459403023,
    "expected_shortfall_1pct": 0.23174709121802406,
    "exponential_fit_error": 0.2478794051274296,
    "exponential_fit_error_w": 0.026349068874892256,
    "gain": 615.0310996682889,
    "gain_per_exposure_long": 102.50860023138921,
    "gain_per_exposure_short": 0.0,
    "loss_profit_ratio": 0.0229231607453467,
    "loss_profit_ratio_long": 0.0229231607453467,
    "loss_profit_ratio_short": 1.0,
    "loss_profit_ratio_w": 0.041000798399579055,
    "mdg": 0.015360553743838679,
    "mdg_per_exposure_long": 0.00256017762989411,
    "mdg_per_exposure_short": 0.0,
    "mdg_w": 0.01063844431213691,
    "mdg_w_per_exposure_long": 0.0017731331564613672,
    "mdg_w_per_exposure_short": 0.0,
    "omega_ratio": 5.824371372237335,
    "omega_ratio_w": 4.042804899667062,
    "pnl_ratio_long_short": 1.0,
    "position_held_hours_max": 130.45,
    "position_held_hours_mean": 4.687339743589743,
    "position_held_hours_median": 0.8583333333333333,
    "position_unchanged_hours_max": 96.78333333333333,
    "positions_held_per_day": 2.5785123966942147,
    "sharpe_ratio": 0.2129160697480436,
    "sharpe_ratio_w": 0.1993328542121039,
    "sortino_ratio": 0.35188959883739374,
    "sortino_ratio_w": 0.3130323986676537,
    "sterling_ratio": 0.11180895077760881,
    "sterling_ratio_w": 0.08449811958722402,
    "volume_pct_per_day_avg": 5.4247452342366556,
    "volume_pct_per_day_avg_w": 3.220245464317326
}