{"analysis": {"adg": 0.02689104848952062,
              "adg_per_exposure_long": 0.004481990814613924,
              "adg_per_exposure_short": 0.0,
              "adg_w": 0.013977675804246536,
              "adg_w_per_exposure_long": 0.0023296902903841023,
              "adg_w_per_exposure_short": 0.0,
              "calmar_ratio": 0.11073577408351064,
              "calmar_ratio_w": 0.0843908019178142,
              "drawdown_worst": 0.24283975717947223,
              "drawdown_worst_mean_1pct": 0.2405089065097094,
              "equity_balance_diff_neg_max": 0.35779093293755926,
              "equity_balance_diff_neg_mean": 0.021235199306112416,
              "equity_balance_diff_pos_max": 0.3925719405550272,
              "equity_balance_diff_pos_mean": 0.003857837775092089,
              "equity_choppiness": 1.8391830021270028,
              "equity_choppiness_w": 1.7602080856211437,
              "equity_jerkiness": 0.05623465584375258,
              "equity_jerkiness_w": 0.03611168459403023,
              "expected_shortfall_1pct": 0.23174709121802406,
              "exponential_fit_error": 0.2478794051274296,
              "exponential_fit_error_w": 0.026349068874892256,
              "gain": 615.0310996682889,
              "gain_per_exposure_long": 102.50860023138921,
              "gain_per_exposure_short": 0.0,
              "loss_profit_ratio": 0.0229231607453467,
              "loss_profit_ratio_long": 0.0229231607453467,
              "loss_profit_ratio_short": 1.0,
              "loss_profit_ratio_w": 0.041000798399579055,
              "mdg": 0.015360553743838679,
              "mdg_per_exposure_long": 0.00256017762989411,
              "mdg_per_exposure_short": 0.0,
              "mdg_w": 0.01063844431213691,
              "mdg_w_per_exposure_long": 0.0017731331564613672,
              "mdg_w_per_exposure_short": 0.0,
              "omega_ratio": 5.824371372237335,
              "omega_ratio_w": 4.042804899667062,
              "pnl_ratio_long_short": 1.0,
              "position_held_hours_max": 130.45,
              "position_held_hours_mean": 4.687339743589743,
              "position_held_hours_median": 0.8583333333333333,
              "position_unchanged_hours_max": 96.78333333333333,
              "positions_held_per_day": 2.5785123966942147,
              "sharpe_ratio": 0.2129160697480436,
              "sharpe_ratio_w": 0.1993328542121039,
              "sortino_ratio": 0.35188959883739374,
              "sortino_ratio_w": 0.3130323986676537,
              "sterling_ratio": 0.11180895077760881,
              "sterling_ratio_w": 0.08449811958722402,
              "volume_pct_per_day_avg": 5.4247452342366556,
              "volume_pct_per_day_avg_w": 3.220245464317326},
 "backtest": {"base_dir": "backtests/pbgui/HYPE_adg_w_mdg_w_gain_48_dd25_dd175",
              "cache_dir": {"bybit": "caches/hlcvs_data/d6ce1d500981a794"},
              "coins": {"bybit": ["HYPE"]},
              "combine_ohlcvs": false,
              "compress_cache": true,
              "end_date": "2025-09-03",
              "exchanges": ["bybit", "binance"],
              "gap_tolerance_ohlcvs_minutes": 120,
              "start_date": "2020-01-01",
              "starting_balance": 1000,
              "use_btc_collateral": false},
 "bot": {"long": {"close_grid_markup_end": 0.010212,
                  "close_grid_markup_start": 0.010431,
                  "close_grid_qty_pct": 0.22531,
                  "close_trailing_grid_ratio": -0.32603,
                  "close_trailing_qty_pct": 0.08435,
                  "close_trailing_retracement_pct": 0.0030744,
                  "close_trailing_threshold_pct": 0.0041383,
                  "ema_span_0": 586.08,
                  "ema_span_1": 672.54,
                  "enforce_exposure_limit": true,
                  "entry_grid_double_down_factor": 1.474,
                  "entry_grid_spacing_pct": 0.01797,
                  "entry_grid_spacing_weight": 1.1414,
                  "entry_initial_ema_dist": 0.011413,
                  "entry_initial_qty_pct": 0.11451,
                  "entry_trailing_double_down_factor": 0.43835,
                  "entry_trailing_grid_ratio": 0.32916,
                  "entry_trailing_retracement_pct": 0.00084676,
                  "entry_trailing_threshold_pct": 0.060771,
                  "filter_noisiness_rolling_window": 60,
                  "filter_volume_drop_pct": 0,
                  "filter_volume_rolling_window": 60,
                  "n_positions": 1,
                  "total_wallet_exposure_limit": 5.9998,
                  "unstuck_close_pct": 0.009223,
                  "unstuck_ema_dist": -0.020375,
                  "unstuck_loss_allowance_pct": 0.24225,
                  "unstuck_threshold": 0.85478},
         "short": {"close_grid_markup_end": 0.001,
                   "close_grid_markup_start": 0.001,
                   "close_grid_qty_pct": 0.05,
                   "close_trailing_grid_ratio": -1,
                   "close_trailing_qty_pct": 0.05,
                   "close_trailing_retracement_pct": 0,
                   "close_trailing_threshold_pct": -0.1,
                   "ema_span_0": 200,
                   "ema_span_1": 200,
                   "enforce_exposure_limit": true,
                   "entry_grid_double_down_factor": 0.1,
                   "entry_grid_spacing_pct": 0.01,
                   "entry_grid_spacing_weight": 0.2,
                   "entry_initial_ema_dist": -0.1,
                   "entry_initial_qty_pct": 0.025,
                   "entry_trailing_double_down_factor": 0.1,
                   "entry_trailing_grid_ratio": -1,
                   "entry_trailing_retracement_pct": 0,
                   "entry_trailing_threshold_pct": -0.1,
                   "filter_noisiness_rolling_window": 10,
                   "filter_volume_drop_pct": 0,
                   "filter_volume_rolling_window": 10,
                   "n_positions": 0,
                   "total_wallet_exposure_limit": 0,
                   "unstuck_close_pct": 0.005,
                   "unstuck_ema_dist": -0.1,
                   "unstuck_loss_allowance_pct": 0.01,
                   "unstuck_threshold": 0.7}},
 "coin_overrides": {},
 "disable_plotting": false,
 "live": {"approved_coins": {"long": ["HYPE"], "short": []},
          "auto_gs": true,
          "base_config_path": "",
          "empty_means_all_approved": false,
          "execution_delay_seconds": 2,
          "filter_by_min_effective_cost": true,
          "forced_mode_long": "",
          "forced_mode_short": "",
          "ignored_coins": {"long": [], "short": []},
          "leverage": 10,
          "market_orders_allowed": true,
          "max_n_cancellations_per_batch": 5,
          "max_n_creations_per_batch": 3,
          "max_n_restarts_per_day": 10,
          "mimic_backtest_1m_delay": false,
          "minimum_coin_age_days": 30,
          "ohlcvs_1m_rolling_window_days": 4,
          "ohlcvs_1m_update_after_minutes": 10,
          "pnls_max_lookback_days": 30,
          "price_distance_threshold": 0.002,
          "time_in_force": "good_till_cancelled",
          "user": "bybit_01"},
 "optimize": {"bounds": {"long_close_grid_markup_end": [0.001, 0.03],
                         "long_close_grid_markup_start": [0.001, 0.03],
                         "long_close_grid_qty_pct": [0.05, 0.4],
                         "long_close_trailing_grid_ratio": [-1, 1],
                         "long_close_trailing_qty_pct": [0.05, 0.25],
                         "long_close_trailing_retracement_pct": [0.003, 0.01],
                         "long_close_trailing_threshold_pct": [0.001, 0.005],
                         "long_ema_span_0": [1, 800],
                         "long_ema_span_1": [1, 800],
                         "long_entry_grid_double_down_factor": [0, 1.5],
                         "long_entry_grid_spacing_pct": [0.01, 0.12],
                         "long_entry_grid_spacing_weight": [0.2, 2],