{
    "adg": 0.007799893999876684,
    "adg_w": 0.004848999007675392,
    "calmar_ratio": 0.013000229434430587,
    "calmar_ratio_w": 0.01381716255123272,
    "drawdown_worst": 0.5999812571937366,
    "drawdown_worst_mean_1pct": 0.2769363193905709,
    "equity_balance_diff_neg_max": 0.645271799825001,
    "equity_balance_diff_neg_mean": 0.013015496287033794,
    "equity_balance_diff_pos_max": 0.34880835209520855,
    "equity_balance_diff_pos_mean": 0.004150999075440314,
    "equity_choppiness": 1.1996506097104112,
    "equity_choppiness_w": 1.457957388666618,
    "equity_jerkiness": 0.011595821754131786,
    "equity_jerkiness_w": 0.010339512463619232,
    "expected_shortfall_1pct": 0.2541982897379355,
    "exponential_fit_error": 3.813233800768713,
    "exponential_fit_error_w": 0.3974993448675073,
    "gain": 715195.8261035098,
    "loss_profit_ratio": 0.2165911544392289,
    "loss_profit_ratio_long": 0.2165911544392289,
    "loss_profit_ratio_short": 1.0,
    "loss_profit_ratio_w": 0.22406400302347373,
    "mdg": 0.0,
    "mdg_w": 4.908458778969092e-05,
    "omega_ratio": 25.449086528522837,
    "omega_ratio_w": 9.794327675744661,
    "pnl_ratio_long_short": 1.0,
    "position_held_hours_max": 42.666666666666664,
    "position_held_hours_mean": 0.7557743198899122,
    "position_held_hours_median": 0.23333333333333334,
    "position_unchanged_hours_max": 33.233333333333334,
    "positions_held_per_day": 3.629971181556196,
    "sharpe_ratio": 0.07140403482767267,
    "sharpe_ratio_w": 0.08004909874416995,
    "sortino_ratio": 0.13444823983492107,
    "sortino_ratio_w": 0.09372834225208557,
    "sterling_ratio": 0.028164937040548586,
    "sterling_ratio_w": 0.017261648611326064
}