{"analysis": {"adg": 0.006540493520775792,
              "adg_per_exposure_long": 0.0013080987041551584,
              "adg_per_exposure_short": 0.0,
              "adg_w": 0.002451443435550704,
              "adg_w_per_exposure_long": 0.0004902886871101409,
              "adg_w_per_exposure_short": 0.0,
              "calmar_ratio": 0.007317539605713386,
              "calmar_ratio_w": 0.008947705133732798,
              "drawdown_worst": 0.8938104708950406,
              "drawdown_worst_mean_1pct": 0.2550961090271659,
              "equity_balance_diff_neg_max": 0.9590714025816595,
              "equity_balance_diff_neg_mean": 0.0036806179140138236,
              "equity_balance_diff_pos_max": 0.3926090200236293,
              "equity_balance_diff_pos_mean": 0.001623136304244545,
              "equity_choppiness": 1.1338093730789303,
              "equity_choppiness_w": 1.4993640999880158,
              "equity_jerkiness": 0.009855005811172667,
              "equity_jerkiness_w": 0.005543439586218859,
              "expected_shortfall_1pct": 0.24405188634985678,
              "exponential_fit_error": 1.284858572231912,
              "exponential_fit_error_w": 0.13155452906587403,
              "gain": 52103.25509706116,
              "gain_per_exposure_long": 10420.651019412233,
              "gain_per_exposure_short": 0.0,
              "loss_profit_ratio": 0.036496826593358865,
              "loss_profit_ratio_long": 0.036496826593358865,
              "loss_profit_ratio_short": 1.0,
              "loss_profit_ratio_w": 0.07794602106498381,
              "mdg": 0.0005000733851423792,
              "mdg_per_exposure_long": 0.00010001467702847584,
              "mdg_per_exposure_short": 0.0,
              "mdg_w": 5.194610015713289e-05,
              "mdg_w_per_exposure_long": 1.038922003142658e-05,
              "mdg_w_per_exposure_short": 0.0,
              "omega_ratio": 73.95652293624188,
              "omega_ratio_w": 15.225934421235541,
              "pnl_ratio_long_short": 1.0,
              "position_held_hours_max": 46.88333333333333,
              "position_held_hours_mean": 0.6130155979202773,
              "position_held_hours_median": 0.15,
              "position_unchanged_hours_max": 35.416666666666664,
              "positions_held_per_day": 3.4633853541416566,
              "sharpe_ratio": 0.016427802531820013,
              "sharpe_ratio_w": 0.056958651271209394,
              "sortino_ratio": 0.11132356063497909,
              "sortino_ratio_w": 0.07142272843858245,
              "sterling_ratio": 0.025639330782890445,
              "sterling_ratio_w": 0.013617491168289137,
              "volume_pct_per_day_avg": 2.085509939638255,
              "volume_pct_per_day_avg_w": 1.4838710642160369},
 "backtest": {"base_dir": "backtests/pbgui/sol_sharp-adg_omega_100tr",
              "cache_dir": {"binance": "caches/hlcvs_data/684bc0c2191af55f"},
              "coins": {"binance": ["SOL"]},
              "combine_ohlcvs": false,
              "compress_cache": true,
              "end_date": "2025-05-07",
              "exchanges": ["binance", "bybit"],
              "gap_tolerance_ohlcvs_minutes": 120,
              "start_date": "2020-01-01",
              "starting_balance": 1000,
              "use_btc_collateral": false},
 "bot": {"long": {"close_grid_markup_range": 0,
                  "close_grid_min_markup": 0,
                  "close_grid_qty_pct": 0,
                  "close_trailing_grid_ratio": -1,
                  "close_trailing_qty_pct": 0.33043,
                  "close_trailing_retracement_pct": 0.0041977,
                  "close_trailing_threshold_pct": 0.0042017,
                  "ema_span_0": 158.52,
                  "ema_span_1": 185,
                  "enforce_exposure_limit": true,
                  "entry_grid_double_down_factor": 0,
                  "entry_grid_spacing_pct": 0,
                  "entry_grid_spacing_weight": 0,
                  "entry_initial_ema_dist": 0.019924,
                  "entry_initial_qty_pct": 0.018134,
                  "entry_trailing_double_down_factor": 2.8524,
                  "entry_trailing_grid_ratio": -1,
                  "entry_trailing_retracement_pct": 0.005116,
                  "entry_trailing_threshold_pct": 0.034438,
                  "filter_noisiness_rolling_window": 60,
                  "filter_volume_drop_pct": 0,
                  "filter_volume_rolling_window": 60,
                  "n_positions": 1,
                  "total_wallet_exposure_limit": 5,
                  "unstuck_close_pct": 0.0057835,
                  "unstuck_ema_dist": -0.0059466,
                  "unstuck_loss_allowance_pct": 0.087615,
                  "unstuck_threshold": 0.89538},
         "short": {"close_grid_markup_range": 0.01,
                   "close_grid_min_markup": 0.002,
                   "close_grid_qty_pct": 0.05,
                   "close_trailing_grid_ratio": 0,
                   "close_trailing_qty_pct": 0.05,
                   "close_trailing_retracement_pct": 0,
                   "close_trailing_threshold_pct": 0,
                   "ema_span_0": 200,
                   "ema_span_1": 200,
                   "enforce_exposure_limit": true,
                   "entry_grid_double_down_factor": 0.1,
                   "entry_grid_spacing_pct": 0.01,
                   "entry_grid_spacing_weight": 0.2,
                   "entry_initial_ema_dist": 0,
                   "entry_initial_qty_pct": 0.025,
                   "entry_trailing_double_down_factor": 0.1,
                   "entry_trailing_grid_ratio": 0,
                   "entry_trailing_retracement_pct": 0,
                   "entry_trailing_threshold_pct": 0,
                   "filter_noisiness_rolling_window": 10,
                   "filter_volume_drop_pct": 0,
                   "filter_volume_rolling_window": 10,
                   "n_positions": 0,
                   "total_wallet_exposure_limit": 0,
                   "unstuck_close_pct": 0.005,
                   "unstuck_ema_dist": 0,
                   "unstuck_loss_allowance_pct": 0.01,
                   "unstuck_threshold": 0.7}},
 "disable_plotting": false,
 "live": {"approved_coins": {"long": ["SOLUSDT"], "short": []},
          "auto_gs": true,
          "coin_flags": {},
          "empty_means_all_approved": false,
          "execution_delay_seconds": 2,
          "filter_by_min_effective_cost": true,
          "forced_mode_long": "",
          "forced_mode_short": "",
          "ignored_coins": {"long": [], "short": []},
          "leverage": 10,
          "market_orders_allowed": true,
          "max_n_cancellations_per_batch": 5,
          "max_n_creations_per_batch": 3,
          "max_n_restarts_per_day": 10,
          "minimum_coin_age_days": 30,
          "ohlcvs_1m_rolling_window_days": 4,
          "ohlcvs_1m_update_after_minutes": 10,
          "pnls_max_lookback_days": 30,
          "price_distance_threshold": 0.002,
          "time_in_force": "good_till_cancelled",
          "user": "bybit_01"},
 "optimize": {"bounds": {"long_close_grid_markup_range": [0, 0],
                         "long_close_grid_min_markup": [0, 0],
                         "long_close_grid_qty_pct": [0, 0],
                         "long_close_trailing_grid_ratio": [-1, -1],
                         "long_close_trailing_qty_pct": [0.05, 0.35],
                         "long_close_trailing_retracement_pct": [0.003, 0.01],
                         "long_close_trailing_threshold_pct": [0.001, 0.005],
                         "long_ema_span_0": [100, 800],
                         "long_ema_span_1": [100, 800],
                         "long_entry_grid_double_down_factor": [0, 0],
                         "long_entry_grid_spacing_pct": [0, 0],
                         "long_entry_grid_spacing_weight": [0, 0],
                         "long_entry_initial_ema_dist": [-0.001, 0.02],
                         "long_entry_initial_qty_pct": [0.01, 0.2],