{
    "adg": 0.007675638722386635,
    "adg_per_exposure_long": 0.001073005664772924,
    "adg_per_exposure_short": 0.0,
    "adg_w": 0.005166917835752405,
    "adg_w_per_exposure_long": 0.0007223023786943838,
    "adg_w_per_exposure_short": 0.0,
    "calmar_ratio": 0.012496660995586965,
    "calmar_ratio_w": 0.01671025558105515,
    "drawdown_worst": 0.6142151671632277,
    "drawdown_worst_mean_1pct": 0.33266897094372705,
    "equity_balance_diff_neg_max": 0.6523983778330922,
    "equity_balance_diff_neg_mean": 0.02979461577641826,
    "equity_balance_diff_pos_max": 0.308614426091833,
    "equity_balance_diff_pos_mean": 0.0010458385507109182,
    "equity_choppiness": 1.5303088073976752,
    "equity_choppiness_w": 1.804181153153816,
    "equity_jerkiness": 0.015750965420139994,
    "equity_jerkiness_w": 0.011878462079417763,
    "expected_shortfall_1pct": 0.2699886050734696,
    "exponential_fit_error": 2.4169575865184663,
    "exponential_fit_error_w": 0.25372285855387344,
    "gain": 1932846.5318776951,
    "gain_per_exposure_long": 270199.6997061111,
    "gain_per_exposure_short": 0.0,
    "loss_profit_ratio": 0.006396910591692505,
    "loss_profit_ratio_long": 0.006396910591692505,
    "loss_profit_ratio_short": 1.0,
    "loss_profit_ratio_w": 0.005378124214107018,
    "mdg": 0.0014988233933736603,
    "mdg_per_exposure_long": 0.00020952601467465263,
    "mdg_per_exposure_short": 0.0,
    "mdg_w": 0.001268031465209929,
    "mdg_w_per_exposure_long": 0.00017726276528782521,
    "mdg_w_per_exposure_short": 0.0,
    "omega_ratio": 5.395429462095117,
    "omega_ratio_w": 4.986739590967199,
    "pnl_ratio_long_short": 1.0,
    "position_held_hours_max": 873.05,
    "position_held_hours_mean": 1.2764931992903608,
    "position_held_hours_median": 0.21666666666666667,
    "position_unchanged_hours_max": 507.75,
    "positions_held_per_day": 9.826201796090862,
    "sharpe_ratio": 0.0772333086283843,
    "sharpe_ratio_w": 0.08849993288959532,
    "sortino_ratio": 0.13272390648723242,
    "sortino_ratio_w": 0.10551977114458648,
    "sterling_ratio": 0.0230729024730263,
    "sterling_ratio_w": 0.019839325922897617,
    "volume_pct_per_day_avg": 2.314797472519267,
    "volume_pct_per_day_avg_w": 2.041037984981317
}