{"analysis": {"adg": 0.007675638722386635,
              "adg_per_exposure_long": 0.001073005664772924,
              "adg_per_exposure_short": 0.0,
              "adg_w": 0.005166917835752405,
              "adg_w_per_exposure_long": 0.0007223023786943838,
              "adg_w_per_exposure_short": 0.0,
              "calmar_ratio": 0.012496660995586965,
              "calmar_ratio_w": 0.01671025558105515,
              "drawdown_worst": 0.6142151671632277,
              "drawdown_worst_mean_1pct": 0.33266897094372705,
              "equity_balance_diff_neg_max": 0.6523983778330922,
              "equity_balance_diff_neg_mean": 0.02979461577641826,
              "equity_balance_diff_pos_max": 0.308614426091833,
              "equity_balance_diff_pos_mean": 0.0010458385507109182,
              "equity_choppiness": 1.5303088073976752,
              "equity_choppiness_w": 1.804181153153816,
              "equity_jerkiness": 0.015750965420139994,
              "equity_jerkiness_w": 0.011878462079417763,
              "expected_shortfall_1pct": 0.2699886050734696,
              "exponential_fit_error": 2.4169575865184663,
              "exponential_fit_error_w": 0.25372285855387344,
              "gain": 1932846.5318776951,
              "gain_per_exposure_long": 270199.6997061111,
              "gain_per_exposure_short": 0.0,
              "loss_profit_ratio": 0.006396910591692505,
              "loss_profit_ratio_long": 0.006396910591692505,
              "loss_profit_ratio_short": 1.0,
              "loss_profit_ratio_w": 0.005378124214107018,
              "mdg": 0.0014988233933736603,
              "mdg_per_exposure_long": 0.00020952601467465263,
              "mdg_per_exposure_short": 0.0,
              "mdg_w": 0.001268031465209929,
              "mdg_w_per_exposure_long": 0.00017726276528782521,
              "mdg_w_per_exposure_short": 0.0,
              "omega_ratio": 5.395429462095117,
              "omega_ratio_w": 4.986739590967199,
              "pnl_ratio_long_short": 1.0,
              "position_held_hours_max": 873.05,
              "position_held_hours_mean": 1.2764931992903608,
              "position_held_hours_median": 0.21666666666666667,
              "position_unchanged_hours_max": 507.75,
              "positions_held_per_day": 9.826201796090862,
              "sharpe_ratio": 0.0772333086283843,
              "sharpe_ratio_w": 0.08849993288959532,
              "sortino_ratio": 0.13272390648723242,
              "sortino_ratio_w": 0.10551977114458648,
              "sterling_ratio": 0.0230729024730263,
              "sterling_ratio_w": 0.019839325922897617,
              "volume_pct_per_day_avg": 2.314797472519267,
              "volume_pct_per_day_avg_w": 2.041037984981317},
 "backtest": {"base_dir": "backtests/pbgui/bybit_CPT1_adg_sharpe_c100tr_dd50_twe10_dd75",
              "cache_dir": {"binance": "caches/hlcvs_data/7ffa96c78d7f3748"},
              "coins": {"binance": ["DOGE", "ICP", "SOL", "VET"]},
              "combine_ohlcvs": false,
              "compress_cache": true,
              "end_date": "2025-05-21",
              "exchanges": ["binance", "bybit"],
              "gap_tolerance_ohlcvs_minutes": 120,
              "start_date": "2020-01-01",
              "starting_balance": 1000,
              "use_btc_collateral": false},
 "bot": {"long": {"close_grid_markup_end": 0.012839,
                  "close_grid_markup_start": 0.014436599999999999,
                  "close_grid_qty_pct": 0.14703,
                  "close_trailing_grid_ratio": -1,
                  "close_trailing_qty_pct": 0.11123,
                  "close_trailing_retracement_pct": 0.004851,
                  "close_trailing_threshold_pct": 0.0048188,
                  "ema_span_0": 105.83,
                  "ema_span_1": 134.29,
                  "enforce_exposure_limit": true,
                  "entry_grid_double_down_factor": 3.9166,
                  "entry_grid_spacing_pct": 0.033332,
                  "entry_grid_spacing_weight": 1.7098,
                  "entry_initial_ema_dist": 0.016809,
                  "entry_initial_qty_pct": 0.03215,
                  "entry_trailing_double_down_factor": 5.6433,
                  "entry_trailing_grid_ratio": -0.65836,
                  "entry_trailing_retracement_pct": 0.11921,
                  "entry_trailing_threshold_pct": 0.031527,
                  "filter_noisiness_rolling_window": 60,
                  "filter_volume_drop_pct": 0,
                  "filter_volume_rolling_window": 60,
                  "n_positions": 4,
                  "total_wallet_exposure_limit": 7.1534,
                  "unstuck_close_pct": 0.012206,
                  "unstuck_ema_dist": 0.009883,
                  "unstuck_loss_allowance_pct": 0.065247,
                  "unstuck_threshold": 0.94886},
         "short": {"close_grid_markup_end": 0.013899,
                   "close_grid_markup_start": 0.042165,
                   "close_grid_qty_pct": 0.05,
                   "close_trailing_grid_ratio": -1,
                   "close_trailing_qty_pct": 0.05,
                   "close_trailing_retracement_pct": 0,
                   "close_trailing_threshold_pct": -0.1,
                   "ema_span_0": 200,
                   "ema_span_1": 200,
                   "enforce_exposure_limit": true,
                   "entry_grid_double_down_factor": 0.1,
                   "entry_grid_spacing_pct": 0.01,
                   "entry_grid_spacing_weight": 0.2,
                   "entry_initial_ema_dist": -0.1,
                   "entry_initial_qty_pct": 0.025,
                   "entry_trailing_double_down_factor": 0.1,
                   "entry_trailing_grid_ratio": -1,
                   "entry_trailing_retracement_pct": 0,
                   "entry_trailing_threshold_pct": -0.1,
                   "filter_noisiness_rolling_window": 10,
                   "filter_volume_drop_pct": 0,
                   "filter_volume_rolling_window": 10,
                   "n_positions": 0,
                   "total_wallet_exposure_limit": 0,
                   "unstuck_close_pct": 0.005,
                   "unstuck_ema_dist": -0.1,
                   "unstuck_loss_allowance_pct": 0.01,
                   "unstuck_threshold": 0.7}},
 "disable_plotting": false,
 "live": {"approved_coins": {"long": ["DOGEUSDT",
                                      "VETUSDT",
                                      "ICPUSDT",
                                      "SOLUSDT"],
                             "short": []},
          "auto_gs": true,
          "coin_flags": {},
          "empty_means_all_approved": false,
          "execution_delay_seconds": 2,
          "filter_by_min_effective_cost": true,
          "forced_mode_long": "",
          "forced_mode_short": "",
          "ignored_coins": {"long": [], "short": []},
          "leverage": 10,
          "market_orders_allowed": true,
          "max_n_cancellations_per_batch": 5,
          "max_n_creations_per_batch": 3,
          "max_n_restarts_per_day": 10,
          "mimic_backtest_1m_delay": false,
          "minimum_coin_age_days": 30,
          "ohlcvs_1m_rolling_window_days": 4,
          "ohlcvs_1m_update_after_minutes": 10,
          "pnls_max_lookback_days": 30,
          "price_distance_threshold": 0.002,
          "time_in_force": "good_till_cancelled",
          "user": "bybit_01"},
 "optimize": {"bounds": {"long_close_grid_markup_end": [0.001, 0.03],
                         "long_close_grid_markup_start": [0.001, 0.03],
                         "long_close_grid_qty_pct": [0, 0.4],
                         "long_close_trailing_grid_ratio": [-1, -1],
                         "long_close_trailing_qty_pct": [0.1, 0.25],
                         "long_close_trailing_retracement_pct": [0.003, 0.01],
                         "long_close_trailing_threshold_pct": [0.001, 0.005],
                         "long_ema_span_0": [100, 800],
                         "long_ema_span_1": [100, 800],