{
    "adg": 0.002648666560921109,
    "adg_per_exposure_long": 0.0008828888536403697,
    "adg_per_exposure_short": 0.0,
    "adg_w": 0.0034110708122480514,
    "adg_w_per_exposure_long": 0.0011370236040826839,
    "adg_w_per_exposure_short": 0.0,
    "calmar_ratio": 0.005872502111649878,
    "calmar_ratio_w": 0.013242406217324545,
    "drawdown_worst": 0.4510286263953283,
    "drawdown_worst_mean_1pct": 0.22680453170655943,
    "equity_balance_diff_neg_max": 0.4700025382509751,
    "equity_balance_diff_neg_mean": 0.005054857934201612,
    "equity_balance_diff_pos_max": 0.0460729540836807,
    "equity_balance_diff_pos_mean": 0.0005770948516846187,
    "equity_choppiness": 1.2506688091847207,
    "equity_choppiness_w": 1.1808788341104768,
    "equity_jerkiness": 0.005280357960789747,
    "equity_jerkiness_w": 0.005771759105616727,
    "expected_shortfall_1pct": 0.20278439031293843,
    "exponential_fit_error": 0.029713997824586596,
    "exponential_fit_error_w": 0.011835844987318638,
    "gain": 153.50744124016637,
    "gain_per_exposure_long": 51.16914708005546,
    "gain_per_exposure_short": 0.0,
    "loss_profit_ratio": 0.16032323028056136,
    "loss_profit_ratio_long": 0.16032323028056136,
    "loss_profit_ratio_short": 1.0,
    "loss_profit_ratio_w": 0.14662730830437296,
    "mdg": 0.00016693019111617625,
    "mdg_per_exposure_long": 5.564339703872541e-05,
    "mdg_per_exposure_short": 0.0,
    "mdg_w": 0.00016746396913418262,
    "mdg_w_per_exposure_long": 5.582132304472754e-05,
    "mdg_w_per_exposure_short": 0.0,
    "omega_ratio": 6.8466919782358096,
    "omega_ratio_w": 15.962981791888037,
    "pnl_ratio_long_short": 1.0,
    "position_held_hours_max": 145.31666666666666,
    "position_held_hours_mean": 0.8680435628160249,
    "position_held_hours_median": 0.16666666666666666,
    "position_unchanged_hours_max": 93.13333333333334,
    "positions_held_per_day": 6.756691647649875,
    "sharpe_ratio": 0.05866633144140357,
    "sharpe_ratio_w": 0.08921733512125528,
    "sortino_ratio": 0.0564145935478021,
    "sortino_ratio_w": 0.09370371423703125,
    "sterling_ratio": 0.011678190647213187,
    "sterling_ratio_w": 0.01788294229110774,
    "volume_pct_per_day_avg": 1.564084394692372,
    "volume_pct_per_day_avg_w": 1.7372973803754737
}