{
    "adg": 0.017037076023605824,
    "adg_per_exposure_long": 0.001914450290318885,
    "adg_per_exposure_short": 0.0,
    "adg_w": 0.008910371619379132,
    "adg_w_per_exposure_long": 0.0010012553509730236,
    "adg_w_per_exposure_short": 0.0,
    "calmar_ratio": 0.0385979159026912,
    "calmar_ratio_w": 0.053996090823295054,
    "drawdown_worst": 0.4413988585953142,
    "drawdown_worst_mean_1pct": 0.32368236533945405,
    "equity_balance_diff_neg_max": 0.442520857890396,
    "equity_balance_diff_neg_mean": 0.007876834250138465,
    "equity_balance_diff_pos_max": 1.2572567662363088,
    "equity_balance_diff_pos_mean": 0.006404492813429486,
    "equity_choppiness": 1.6008137563530722,
    "equity_choppiness_w": 1.6102767745544437,
    "equity_jerkiness": 0.03530714203148033,
    "equity_jerkiness_w": 0.023390617837208756,
    "expected_shortfall_1pct": 0.2804431954917307,
    "exponential_fit_error": 0.333470230489978,
    "exponential_fit_error_w": 0.055240273554685096,
    "gain": 7478.64099438256,
    "gain_per_exposure_long": 840.372280023211,
    "gain_per_exposure_short": 0.0,
    "loss_profit_ratio": 0.03404908826695927,
    "loss_profit_ratio_long": 0.03404908826695927,
    "loss_profit_ratio_short": 1.0,
    "loss_profit_ratio_w": 0.023655438312905633,
    "mdg": 0.0007672546075974662,
    "mdg_per_exposure_long": 8.621613264085157e-05,
    "mdg_per_exposure_short": 0.0,
    "mdg_w": 0.0002089199640478836,
    "mdg_w_per_exposure_long": 2.3476263489738807e-05,
    "mdg_w_per_exposure_short": 0.0,
    "omega_ratio": 10.334001023800722,
    "omega_ratio_w": 5.567891069606514,
    "pnl_ratio_long_short": 1.0,
    "position_held_hours_max": 283.4,
    "position_held_hours_mean": 22.366971544715447,
    "position_held_hours_median": 6.233333333333333,
    "position_unchanged_hours_max": 225.7,
    "positions_held_per_day": 0.6221203619551903,
    "sharpe_ratio": 0.09692995199255722,
    "sharpe_ratio_w": 0.11415348184920875,
    "sortino_ratio": 0.3164111141931457,
    "sortino_ratio_w": 0.24589624307938754,
    "sterling_ratio": 0.05263516906686777,
    "sterling_ratio_w": 0.055624544284184466,
    "volume_pct_per_day_avg": 2.0384334616586623,
    "volume_pct_per_day_avg_w": 1.778513415668397
}