{
    "adg_btc": 0.011101691097797017,
    "adg_per_exposure_long_btc": 0.0022203382195594033,
    "adg_per_exposure_long_usd": 0.0022203382195594033,
    "adg_per_exposure_short_btc": 0.0,
    "adg_per_exposure_short_usd": 0.0,
    "adg_pnl": 0.011113497318734285,
    "adg_pnl_w": 0.011672326723929132,
    "adg_usd": 0.011101691097797017,
    "adg_w_btc": 0.01065956722272816,
    "adg_w_per_exposure_long_btc": 0.002131913444545632,
    "adg_w_per_exposure_long_usd": 0.002131913444545632,
    "adg_w_per_exposure_short_btc": 0.0,
    "adg_w_per_exposure_short_usd": 0.0,
    "adg_w_usd": 0.01065956722272816,
    "calmar_ratio_btc": 0.040196611668301165,
    "calmar_ratio_usd": 0.040196611668301165,
    "calmar_ratio_w_btc": 0.06504182421591162,
    "calmar_ratio_w_usd": 0.06504182421591162,
    "drawdown_worst_btc": 0.27618474883921007,
    "drawdown_worst_mean_1pct_btc": 0.163910799302974,
    "drawdown_worst_mean_1pct_usd": 0.163910799302974,
    "drawdown_worst_usd": 0.27618474883921007,
    "entry_initial_balance_pct_long": 0.047183499999999996,
    "entry_initial_balance_pct_short": 0.0,
    "equity_balance_diff_neg_max_btc": 0.18691456286969985,
    "equity_balance_diff_neg_max_usd": 0.18691456286969985,
    "equity_balance_diff_neg_mean_btc": 0.034984811742629233,
    "equity_balance_diff_neg_mean_usd": 0.034984811742629233,
    "equity_balance_diff_pos_max_btc": 0.5498796450254299,
    "equity_balance_diff_pos_max_usd": 0.5498796450254299,
    "equity_balance_diff_pos_mean_btc": 0.03851741633870211,
    "equity_balance_diff_pos_mean_usd": 0.03851741633870211,
    "equity_choppiness_btc": 1.2152181898798688,
    "equity_choppiness_usd": 1.2152181898798688,
    "equity_choppiness_w_btc": 1.113024241551698,
    "equity_choppiness_w_usd": 1.113024241551698,
    "equity_jerkiness_btc": 0.020758805463422937,
    "equity_jerkiness_usd": 0.020758805463422937,
    "equity_jerkiness_w_btc": 0.015016030521585502,
    "equity_jerkiness_w_usd": 0.015016030521585502,
    "expected_shortfall_1pct_btc": 0.16242270217276655,
    "expected_shortfall_1pct_usd": 0.16242270217276655,
    "exponential_fit_error_btc": 0.10422847860059206,
    "exponential_fit_error_usd": 0.10422847860059206,
    "exponential_fit_error_w_btc": 0.0165512721508644,
    "exponential_fit_error_w_usd": 0.0165512721508644,
    "gain_btc": 30.988048877176215,
    "gain_per_exposure_long_btc": 6.197609775435243,
    "gain_per_exposure_long_usd": 6.197609775435243,
    "gain_per_exposure_short_btc": 0.0,
    "gain_per_exposure_short_usd": 0.0,
    "gain_usd": 30.988048877176215,
    "loss_profit_ratio": 0.16640634349512406,
    "loss_profit_ratio_long": 0.1664063434951238,
    "loss_profit_ratio_short": 1.0,
    "loss_profit_ratio_w": 0.09174729092250564,
    "mdg_btc": 0.0014239116085442618,
    "mdg_per_exposure_long_btc": 0.00028478232170885235,
    "mdg_per_exposure_long_usd": 0.00028478232170885235,
    "mdg_per_exposure_short_btc": 0.0,
    "mdg_per_exposure_short_usd": 0.0,
    "mdg_pnl": 0.0015740066138648574,
    "mdg_pnl_w": 0.001608446473919016,
    "mdg_usd": 0.0014239116085442618,
    "mdg_w_btc": 0.0015940222587474886,
    "mdg_w_per_exposure_long_btc": 0.00031880445174949773,
    "mdg_w_per_exposure_long_usd": 0.00031880445174949773,
    "mdg_w_per_exposure_short_btc": 0.0,
    "mdg_w_per_exposure_short_usd": 0.0,
    "mdg_w_usd": 0.0015940222587474886,
    "omega_ratio_btc": 8.158353557382133,
    "omega_ratio_usd": 8.158353557382133,
    "omega_ratio_w_btc": 32.610672528237174,
    "omega_ratio_w_usd": 32.610672528237174,
    "peak_recovery_hours_equity_btc": 941.6,
    "peak_recovery_hours_equity_usd": 941.6,
    "peak_recovery_hours_pnl": 656.4166666666666,
    "pnl_ratio_long_short": 1.0,
    "position_held_hours_max": 37.56666666666667,
    "position_held_hours_mean": 0.6291825396825397,
    "position_held_hours_median": 0.2,
    "position_unchanged_hours_max": 10.95,
    "positions_held_per_day": 6.769841074398852,
    "positions_held_per_day_w": 6.467772444964615,
    "sharpe_ratio_btc": 0.17563881316755275,
    "sharpe_ratio_pnl": 0.31771750701194174,
    "sharpe_ratio_pnl_w": 0.40586422395206834,
    "sharpe_ratio_usd": 0.17563881316755275,
    "sharpe_ratio_w_btc": 0.1833848806143718,
    "sharpe_ratio_w_usd": 0.1833848806143718,
    "sortino_ratio_btc": 0.2507358459760452,
    "sortino_ratio_pnl": 0.28252273525349375,
    "sortino_ratio_pnl_w": 2.0850156459109277,
    "sortino_ratio_usd": 0.2507358459760452,
    "sortino_ratio_w_btc": 0.3223943061636071,
    "sortino_ratio_w_usd": 0.3223943061636071,
    "sterling_ratio_btc": 0.06773007724327282,
    "sterling_ratio_usd": 0.06773007724327282,
    "sterling_ratio_w_btc": 0.08910949343217775,
    "sterling_ratio_w_usd": 0.08910949343217775,
    "total_wallet_exposure_max": 5.0029633507419105,
    "total_wallet_exposure_mean": 0.08162408903929178,
    "total_wallet_exposure_median": 0.0,
    "volume_pct_per_day_avg": 4.978325180014891,
    "volume_pct_per_day_avg_w": 3.900277949418465
}