{
    "adg_btc": 0.0031097312211896266,
    "adg_per_exposure_long_btc": 0.0013688402241348828,
    "adg_per_exposure_long_usd": 0.0014859719196308333,
    "adg_per_exposure_short_btc": 0.0,
    "adg_per_exposure_short_usd": 0.0,
    "adg_pnl": 0.003845133284521729,
    "adg_pnl_w": 0.0007432207230770626,
    "adg_strategy_eq": 0.003375831007017327,
    "adg_strategy_eq_w": 0.0006512292522531272,
    "adg_usd": 0.003375831007017327,
    "adg_w_btc": 0.0017335001877265333,
    "adg_w_per_exposure_long_btc": 0.0007630514075739649,
    "adg_w_per_exposure_long_usd": 0.0002866578273849441,
    "adg_w_per_exposure_short_btc": 0.0,
    "adg_w_per_exposure_short_usd": 0.0,
    "adg_w_usd": 0.000651229252253116,
    "backtest_completion_ratio": 1.0,
    "calmar_ratio_btc": 0.0027353025494595896,
    "calmar_ratio_strategy_eq": 0.003401326949097021,
    "calmar_ratio_strategy_eq_w": 0.0011967261772948773,
    "calmar_ratio_usd": 0.0034013269490970255,
    "calmar_ratio_w_btc": 0.0037563285723566818,
    "calmar_ratio_w_usd": 0.001487892261408647,
    "drawdown_worst_btc": 1.1368874795236135,
    "drawdown_worst_ema_strategy_eq": 0.0,
    "drawdown_worst_ema_strategy_eq_long": 0.0,
    "drawdown_worst_ema_strategy_eq_short": 0.0,
    "drawdown_worst_mean_1pct_btc": 0.6334427337997435,
    "drawdown_worst_mean_1pct_ema_strategy_eq": 0.0,
    "drawdown_worst_mean_1pct_ema_strategy_eq_long": 0.0,
    "drawdown_worst_mean_1pct_ema_strategy_eq_short": 0.0,
    "drawdown_worst_mean_1pct_strategy_eq": 0.40780048907490346,
    "drawdown_worst_mean_1pct_strategy_eq_long": 0.0,
    "drawdown_worst_mean_1pct_strategy_eq_short": 0.0,
    "drawdown_worst_mean_1pct_usd": 0.40780048907489214,
    "drawdown_worst_strategy_eq": 0.992504118992012,
    "drawdown_worst_strategy_eq_long": 0.0,
    "drawdown_worst_strategy_eq_short": 0.0,
    "drawdown_worst_usd": 0.9925041189920107,
    "entry_initial_balance_pct_long": 0.02163378345,
    "entry_initial_balance_pct_short": 0.0,
    "entry_interval_hours_max": 363.65,
    "entry_interval_hours_mean": 9.069475850441338,
    "entry_interval_hours_median": 1.1833333333333333,
    "entry_interval_hours_p95": 44.4375,
    "entry_interval_hours_p99": 111.43583333333312,
    "equity_balance_diff_neg_max_btc": 1.398049780827536,
    "equity_balance_diff_neg_max_usd": 0.9826184658998927,
    "equity_balance_diff_neg_mean_btc": 0.09417131713857997,
    "equity_balance_diff_neg_mean_usd": 0.07569347000428521,
    "equity_balance_diff_pos_max_btc": 4.4986866851895915,
    "equity_balance_diff_pos_max_usd": 2.4432184678368203,
    "equity_balance_diff_pos_mean_btc": 0.28809686076085883,
    "equity_balance_diff_pos_mean_usd": 0.13342635113353224,
    "equity_choppiness_btc": 16.33576062197745,
    "equity_choppiness_usd": 2.9672598788908444,
    "equity_choppiness_w_btc": 12.4770201142132,
    "equity_choppiness_w_usd": 16.119646648981114,
    "equity_jerkiness_btc": 0.031950863251944475,
    "equity_jerkiness_usd": 0.007997024263516,
    "equity_jerkiness_w_btc": 0.02547471910318142,
    "equity_jerkiness_w_usd": 0.005114763822896583,
    "expected_shortfall_1pct_btc": 0.25243359294811735,
    "expected_shortfall_1pct_strategy_eq": 0.2861992721469469,
    "expected_shortfall_1pct_usd": 0.2861992721469454,
    "exponential_fit_error_btc": 0.7901826387148347,
    "exponential_fit_error_usd": 0.41835682540025454,
    "exponential_fit_error_w_btc": 0.09543465156726547,
    "exponential_fit_error_w_usd": 0.04923325355513063,
    "exposure_mean_ratio_btc": 0.06734763974393695,
    "exposure_mean_ratio_usd": 0.07311057912266788,
    "exposure_mean_ratio_w_btc": 0.03543387182520159,
    "exposure_mean_ratio_w_usd": 0.014294264757596719,
    "exposure_ratio_btc": 0.001359999961381088,
    "exposure_ratio_usd": 0.0014763751953509054,
    "exposure_ratio_w_btc": 0.0007938507597638315,
    "exposure_ratio_w_usd": 0.00029080581090370274,
    "gain_btc": 443.603210783697,
    "gain_per_exposure_long_btc": 195.26508089783303,
    "gain_per_exposure_long_usd": 328.65990842196436,
    "gain_per_exposure_short_btc": 0.0,
    "gain_per_exposure_short_usd": 0.0,
    "gain_strategy_eq": 746.6495799530203,
    "gain_usd": 746.6495799530186,
    "hard_stop_duration_minutes_max": 0.0,
    "hard_stop_duration_minutes_mean": 0.0,
    "hard_stop_flatten_time_minutes_mean": 0.0,
    "hard_stop_halt_to_restart_equity_loss_pct": 0.0,
    "hard_stop_panic_close_loss_max": 0.0,
    "hard_stop_panic_close_loss_sum": 0.0,
    "hard_stop_post_restart_retrigger_pct": 0.0,
    "hard_stop_restarts": 0,
    "hard_stop_restarts_long": 0,
    "hard_stop_restarts_per_year": 0.0,
    "hard_stop_restarts_per_year_long": 0.0,
    "hard_stop_restarts_per_year_short": 0.0,
    "hard_stop_restarts_short": 0,
    "hard_stop_time_in_orange_pct": 0.0,
    "hard_stop_time_in_red_pct": 0.0,
    "hard_stop_time_in_yellow_pct": 0.0,
    "hard_stop_trigger_drawdown_mean": 0.0,
    "hard_stop_triggers": 0,
    "hard_stop_triggers_long": 0,
    "hard_stop_triggers_per_year": 0.0,
    "hard_stop_triggers_short": 0,
    "high_exposure_days_max_long": 4.688194444444444,
    "high_exposure_days_max_short": 0.0,
    "high_exposure_days_mean_long": 0.10862774786899955,
    "high_exposure_days_mean_short": 0.0,
    "high_exposure_hours_max_long": 112.51666666666667,
    "high_exposure_hours_max_short": 0.0,
    "high_exposure_hours_mean_long": 2.6070659488559893,
    "high_exposure_hours_mean_short": 0.0,
    "liquidated": false,
    "long_short_profit_ratio": 1.0,
    "loss_profit_ratio": 0.43742136412122684,
    "loss_profit_ratio_long": 0.43742136412122684,
    "loss_profit_ratio_short": 1.0,
    "loss_profit_ratio_w": 0.6650035618222281,
    "mdg_btc": 0.0,
    "mdg_per_exposure_long_btc": 0.0,
    "mdg_per_exposure_long_usd": 0.00019818754986298374,
    "mdg_per_exposure_short_btc": 0.0,
    "mdg_per_exposure_short_usd": 0.0,
    "mdg_pnl": 0.0006783851929623918,
    "mdg_pnl_w": 0.0003957726660652053,
    "mdg_strategy_eq": 0.00045024247577854964,
    "mdg_strategy_eq_w": 0.00019100455413133667,
    "mdg_usd": 0.0004502424757787264,
    "mdg_w_btc": 0.0,
    "mdg_w_per_exposure_long_btc": 0.0,
    "mdg_w_per_exposure_long_usd": 8.407630695100942e-05,
    "mdg_w_per_exposure_short_btc": 0.0,
    "mdg_w_per_exposure_short_usd": 0.0,
    "mdg_w_usd": 0.0001910045541313032,
    "omega_ratio_btc": 1.4295094459801585,
    "omega_ratio_strategy_eq": 4.447721194635467,
    "omega_ratio_strategy_eq_w": 1.7463323894789213,
    "omega_ratio_usd": 4.447721194635499,
    "omega_ratio_w_btc": 1.2963660712992868,
    "omega_ratio_w_usd": 1.7463323894789233,
    "paper_loss_mean_ratio_btc": 0.03302206357179257,
    "paper_loss_mean_ratio_usd": 0.04459870853887676,
    "paper_loss_mean_ratio_w_btc": 0.05365695522505017,
    "paper_loss_mean_ratio_w_usd": 0.134780113308462,
    "paper_loss_ratio_btc": 0.0022243351158418045,
    "paper_loss_ratio_usd": 0.0034355460681534254,
    "paper_loss_ratio_w_btc": 0.02348325723915729,
    "paper_loss_ratio_w_usd": 0.003986507164985788,
    "peak_recovery_days_equity_btc": 983.9708333333333,
    "peak_recovery_days_equity_usd": 332.0576388888889,
    "peak_recovery_days_pnl": 281.82708333333335,
    "peak_recovery_days_strategy_eq": 332.0576388888889,
    "peak_recovery_days_strategy_eq_long": 0.0,
    "peak_recovery_days_strategy_eq_short": 0.0,
    "peak_recovery_hours_equity_btc": 23615.3,
    "peak_recovery_hours_equity_usd": 7969.383333333333,
    "peak_recovery_hours_pnl": 6763.85,
    "peak_recovery_hours_strategy_eq": 7969.383333333333,
    "peak_recovery_hours_strategy_eq_long": 0.0,
    "peak_recovery_hours_strategy_eq_short": 0.0,
    "pnl_ratio_long_short": 1.0,
    "position_held_days_max": 5.329861111111112,
    "position_held_days_mean": 0.03702726291560666,
    "position_held_days_median": 0.008333333333333333,
    "position_held_hours_max": 127.91666666666667,
    "position_held_hours_mean": 0.8886543099745597,
    "position_held_hours_median": 0.2,