{
    "adg": 0.00188735213249136,
    "adg_w": 0.0009778117660848684,
    "calmar_ratio": 0.00756171633491311,
    "calmar_ratio_w": 0.011896310893884921,
    "drawdown_worst": 0.24959308824866772,
    "drawdown_worst_mean_1pct": 0.12445153113337201,
    "equity_balance_diff_neg_max": 0.32428504463162805,
    "equity_balance_diff_neg_mean": 0.008038015308403083,
    "equity_balance_diff_pos_max": 0.2645847568716913,
    "equity_balance_diff_pos_mean": 0.004653141147445393,
    "equity_choppiness": 1.3271551223250841,
    "equity_choppiness_w": 1.3658681878465178,
    "equity_jerkiness": 0.0040549374765480395,
    "equity_jerkiness_w": 0.002469137568528124,
    "expected_shortfall_1pct": 0.09117748122970351,
    "exponential_fit_error": 0.13056886604845705,
    "exponential_fit_error_w": 0.01448762775814821,
    "gain": 39.299478792288554,
    "loss_profit_ratio": 0.14415466739937333,
    "loss_profit_ratio_long": 0.14415466739937333,
    "loss_profit_ratio_short": 1.0,
    "loss_profit_ratio_w": 0.11556702923632503,
    "mdg": 0.0,
    "mdg_w": 0.0,
    "omega_ratio": 8.693701103095261,
    "omega_ratio_w": 9.081679151624957,
    "pnl_ratio_long_short": 1.0,
    "position_held_hours_max": 122.2,
    "position_held_hours_mean": 1.6459626202141173,
    "position_held_hours_median": 0.4166666666666667,
    "position_unchanged_hours_max": 63.46666666666667,
    "positions_held_per_day": 0.943502824858757,
    "sharpe_ratio": 0.05569505261127708,
    "sharpe_ratio_w": 0.07223749467878457,
    "sortino_ratio": 0.07423291177705242,
    "sortino_ratio_w": 0.08290395321600434,
    "sterling_ratio": 0.015165358877495252,
    "sterling_ratio_w": 0.015967300925585674
}