{"analysis": {"adg": 0.0012158891894400448,
              "adg_per_exposure_long": 0.0004052963964800149,
              "adg_per_exposure_short": 0.0,
              "adg_w": 0.0004896131686132233,
              "adg_w_per_exposure_long": 0.00016320438953774108,
              "adg_w_per_exposure_short": 0.0,
              "calmar_ratio": 0.007338786205113526,
              "calmar_ratio_w": 0.010692394857274945,
              "drawdown_worst": 0.16567987613439897,
              "drawdown_worst_mean_1pct": 0.08299363450527197,
              "equity_balance_diff_neg_max": 0.1654884159191673,
              "equity_balance_diff_neg_mean": 0.002745977889253888,
              "equity_balance_diff_pos_max": 0.25380861519047127,
              "equity_balance_diff_pos_mean": 0.0019085026052906013,
              "equity_choppiness": 1.2844092496740647,
              "equity_choppiness_w": 1.2408738032462308,
              "equity_jerkiness": 0.002670773726698004,
              "equity_jerkiness_w": 0.0010505455558272282,
              "expected_shortfall_1pct": 0.07904206743399456,
              "exponential_fit_error": 0.046540586264867,
              "exponential_fit_error_w": 0.004951960793696697,
              "gain": 8.602318013746817,
              "gain_per_exposure_long": 2.867439337915606,
              "gain_per_exposure_short": 0.0,
              "loss_profit_ratio": 0.21482173582670516,
              "loss_profit_ratio_long": 0.21482173582670516,
              "loss_profit_ratio_short": 1.0,
              "loss_profit_ratio_w": 0.19651381053284994,
              "mdg": 0.0,
              "mdg_per_exposure_long": 0.0,
              "mdg_per_exposure_short": 0.0,
              "mdg_w": 0.0,
              "mdg_w_per_exposure_long": 0.0,
              "mdg_w_per_exposure_short": 0.0,
              "omega_ratio": 9.455397117471358,
              "omega_ratio_w": 12.160636605484182,
              "pnl_ratio_long_short": 1.0,
              "position_held_hours_max": 39.93333333333333,
              "position_held_hours_mean": 0.421869918699187,
              "position_held_hours_median": 0.1,
              "position_unchanged_hours_max": 17.233333333333334,
              "positions_held_per_day": 2.5471521619848208,
              "sharpe_ratio": 0.05713970100933902,
              "sharpe_ratio_w": 0.06041238657896447,
              "sortino_ratio": 0.06342388375330514,
              "sortino_ratio_w": 0.05356635312916604,
              "sterling_ratio": 0.014650390920797767,
              "sterling_ratio_w": 0.014310771458858482,
              "volume_pct_per_day_avg": 0.5938064635210345,
              "volume_pct_per_day_avg_w": 0.34457072548387},
 "backtest": {"base_dir": "backtests/pbgui/5coin_adg_w_sharpe_gain_dd25_TWE3_fix",
              "cache_dir": {"bybit": "caches/hlcvs_data/663183e50b8b845e"},
              "coins": {"bybit": ["DOGE", "HYPE", "INJ", "LINK", "OP"]},
              "combine_ohlcvs": false,
              "compress_cache": true,
              "end_date": "2025-08-27",
              "exchanges": ["bybit", "binance"],
              "gap_tolerance_ohlcvs_minutes": 120,
              "start_date": "2020-01-01",
              "starting_balance": 1000,
              "use_btc_collateral": false},
 "bot": {"long": {"close_grid_markup_end": 0.021996,
                  "close_grid_markup_start": 0.016392,
                  "close_grid_qty_pct": 0.14938,
                  "close_trailing_grid_ratio": 0.90271,
                  "close_trailing_qty_pct": 0.163,
                  "close_trailing_retracement_pct": 0.007015,
                  "close_trailing_threshold_pct": 0.002536,
                  "ema_span_0": 8.0253,
                  "ema_span_1": 57.355,
                  "enforce_exposure_limit": true,
                  "entry_grid_double_down_factor": 6.0391,
                  "entry_grid_spacing_pct": 0.010251,
                  "entry_grid_spacing_weight": 0.38906,
                  "entry_initial_ema_dist": 0.016392,
                  "entry_initial_qty_pct": 0.029671,
                  "entry_trailing_double_down_factor": 2.1759,
                  "entry_trailing_grid_ratio": 0.35954,
                  "entry_trailing_retracement_pct": 0.022297,
                  "entry_trailing_threshold_pct": 0.029875,
                  "filter_noisiness_rolling_window": 60,
                  "filter_volume_drop_pct": 0,
                  "filter_volume_rolling_window": 60,
                  "n_positions": 5,
                  "total_wallet_exposure_limit": 3,
                  "unstuck_close_pct": 0.018669,
                  "unstuck_ema_dist": -0.013896,
                  "unstuck_loss_allowance_pct": 0.23477,
                  "unstuck_threshold": 0.91078},
         "short": {"close_grid_markup_end": 0.001,
                   "close_grid_markup_start": 0.001,
                   "close_grid_qty_pct": 0.1,
                   "close_trailing_grid_ratio": -1,
                   "close_trailing_qty_pct": 0.1,
                   "close_trailing_retracement_pct": 0.003,
                   "close_trailing_threshold_pct": -0.001,
                   "ema_span_0": 200,
                   "ema_span_1": 200,
                   "enforce_exposure_limit": true,
                   "entry_grid_double_down_factor": 0.6,
                   "entry_grid_spacing_pct": 0.01,
                   "entry_grid_spacing_weight": 0.2,
                   "entry_initial_ema_dist": -0.001,
                   "entry_initial_qty_pct": 0.025,
                   "entry_trailing_double_down_factor": 0.1,
                   "entry_trailing_grid_ratio": -1,
                   "entry_trailing_retracement_pct": 0,
                   "entry_trailing_threshold_pct": -0.1,
                   "filter_noisiness_rolling_window": 60,
                   "filter_volume_drop_pct": 0.53,
                   "filter_volume_rolling_window": 60,
                   "n_positions": 0,
                   "total_wallet_exposure_limit": 0,
                   "unstuck_close_pct": 0.005,
                   "unstuck_ema_dist": -0.1,
                   "unstuck_loss_allowance_pct": 0.01,
                   "unstuck_threshold": 0.55}},
 "coin_overrides": {},
 "disable_plotting": false,
 "live": {"approved_coins": {"long": ["DOGE", "LINK", "INJ", "OP", "HYPE"],
                             "short": []},
          "auto_gs": true,
          "base_config_path": "",
          "empty_means_all_approved": false,
          "execution_delay_seconds": 2,
          "filter_by_min_effective_cost": true,
          "forced_mode_long": "",
          "forced_mode_short": "",
          "ignored_coins": {"long": [], "short": []},
          "leverage": 10,
          "market_orders_allowed": true,
          "max_n_cancellations_per_batch": 5,
          "max_n_creations_per_batch": 3,
          "max_n_restarts_per_day": 10,
          "mimic_backtest_1m_delay": false,
          "minimum_coin_age_days": 30,
          "ohlcvs_1m_rolling_window_days": 4,
          "ohlcvs_1m_update_after_minutes": 10,
          "pnls_max_lookback_days": 30,
          "price_distance_threshold": 0.002,
          "time_in_force": "good_till_cancelled",
          "user": "bybit_01"},
 "optimize": {"bounds": {"long_close_grid_markup_end": [0.001, 0.03],
                         "long_close_grid_markup_start": [0.001, 0.03],
                         "long_close_grid_qty_pct": [0.05, 0.4],
                         "long_close_trailing_grid_ratio": [-1, 1],
                         "long_close_trailing_qty_pct": [0.05, 0.25],
                         "long_close_trailing_retracement_pct": [0.003, 0.01],
                         "long_close_trailing_threshold_pct": [0.001, 0.005],
                         "long_ema_span_0": [1, 800],
                         "long_ema_span_1": [1, 800],
                         "long_entry_grid_double_down_factor": [0, 10],
                         "long_entry_grid_spacing_pct": [0.01, 0.12],