{"analysis": {"adg": 0.01046387538065896,
              "adg_per_exposure_long": 0.0017439792301098267,
              "adg_per_exposure_short": 0.0,
              "adg_w": 0.00519844780337213,
              "adg_w_per_exposure_long": 0.0008664079672286883,
              "adg_w_per_exposure_short": 0.0,
              "calmar_ratio": 0.016028679739774856,
              "calmar_ratio_w": 0.03433712054421827,
              "drawdown_worst": 0.6528220384048885,
              "drawdown_worst_mean_1pct": 0.41678241254007614,
              "equity_balance_diff_neg_max": 0.6562661222444902,
              "equity_balance_diff_neg_mean": 0.007200109796463828,
              "equity_balance_diff_pos_max": 0.5792063169809883,
              "equity_balance_diff_pos_mean": 0.0039784897453725415,
              "equity_choppiness": 1.2339988279048344,
              "equity_choppiness_w": 1.3855006024057421,
              "equity_jerkiness": 0.017839598187482555,
              "equity_jerkiness_w": 0.011022922434960034,
              "expected_shortfall_1pct": 0.4047739953010604,
              "exponential_fit_error": 0.3007533210978821,
              "exponential_fit_error_w": 0.04022156217320048,
              "gain": 3255.7817440277995,
              "gain_per_exposure_long": 542.6302906712999,
              "gain_per_exposure_short": 0.0,
              "loss_profit_ratio": 0.06509637316645867,
              "loss_profit_ratio_long": 0.06509637316645867,
              "loss_profit_ratio_short": 1.0,
              "loss_profit_ratio_w": 0.054401260270907505,
              "mdg": 0.0016807802615965758,
              "mdg_per_exposure_long": 0.0002801300435994293,
              "mdg_per_exposure_short": 0.0,
              "mdg_w": 0.0014909463465137345,
              "mdg_w_per_exposure_long": 0.0002484910577522891,
              "mdg_w_per_exposure_short": 0.0,
              "omega_ratio": 19.867563851801112,
              "omega_ratio_w": 9.747711103029554,
              "pnl_ratio_long_short": 1.0,
              "position_held_hours_max": 114.38333333333334,
              "position_held_hours_mean": 1.4006293965198076,
              "position_held_hours_median": 0.1,
              "position_unchanged_hours_max": 60.68333333333333,
              "positions_held_per_day": 3.4761904761904763,
              "sharpe_ratio": 0.06601026222983063,
              "sharpe_ratio_w": 0.11621820392510199,
              "sortino_ratio": 0.13338412538994182,
              "sortino_ratio_w": 0.1736222656413706,
              "sterling_ratio": 0.025106326624693635,
              "sterling_ratio_w": 0.036363266204691706,
              "volume_pct_per_day_avg": 2.0656569328685257,
              "volume_pct_per_day_avg_w": 1.4866366268096074},
 "backtest": {"base_dir": "backtests/pbgui/PEPE_adg_sharpe_omega_twe9_trgr",
              "cache_dir": {"binance": "caches/hlcvs_data/44e9a343434d5ab2"},
              "coins": {"binance": ["PEPE"]},
              "combine_ohlcvs": false,
              "compress_cache": true,
              "end_date": "2025-07-04",
              "exchanges": ["binance", "bybit"],
              "gap_tolerance_ohlcvs_minutes": 120,
              "start_date": "2020-01-01",
              "starting_balance": 1000,
              "use_btc_collateral": false},
 "bot": {"long": {"close_grid_markup_end": 0.028783,
                  "close_grid_markup_start": 0.0050301,
                  "close_grid_qty_pct": 0.30449,
                  "close_trailing_grid_ratio": -0.46372,
                  "close_trailing_qty_pct": 0.1094,
                  "close_trailing_retracement_pct": 0.0065279,
                  "close_trailing_threshold_pct": 0.0031027,
                  "ema_span_0": 106.25,
                  "ema_span_1": 108.43,
                  "enforce_exposure_limit": true,
                  "entry_grid_double_down_factor": 2.9366,
                  "entry_grid_spacing_pct": 0.065098,
                  "entry_grid_spacing_weight": 0.25523,
                  "entry_initial_ema_dist": 0.01829,
                  "entry_initial_qty_pct": 0.025168,
                  "entry_trailing_double_down_factor": 1.5935,
                  "entry_trailing_grid_ratio": 0.0034525,
                  "entry_trailing_retracement_pct": 0.12995,
                  "entry_trailing_threshold_pct": 0.0091922,
                  "filter_noisiness_rolling_window": 60,
                  "filter_volume_drop_pct": 0,
                  "filter_volume_rolling_window": 60,
                  "n_positions": 1,
                  "total_wallet_exposure_limit": 6,
                  "unstuck_close_pct": 0.0051279,
                  "unstuck_ema_dist": -0.051616,
                  "unstuck_loss_allowance_pct": 0.12203,
                  "unstuck_threshold": 0.87711},
         "short": {"close_grid_markup_end": 0.001,
                   "close_grid_markup_start": 0.001,
                   "close_grid_qty_pct": 0.1,
                   "close_trailing_grid_ratio": -1,
                   "close_trailing_qty_pct": 0.1,
                   "close_trailing_retracement_pct": 0.003,
                   "close_trailing_threshold_pct": -0.001,
                   "ema_span_0": 200,
                   "ema_span_1": 200,
                   "enforce_exposure_limit": true,
                   "entry_grid_double_down_factor": 0.6,
                   "entry_grid_spacing_pct": 0.01,
                   "entry_grid_spacing_weight": 0.2,
                   "entry_initial_ema_dist": -0.001,
                   "entry_initial_qty_pct": 0.025,
                   "entry_trailing_double_down_factor": 0.1,
                   "entry_trailing_grid_ratio": -1,
                   "entry_trailing_retracement_pct": 0,
                   "entry_trailing_threshold_pct": -0.1,
                   "filter_noisiness_rolling_window": 60,
                   "filter_volume_drop_pct": 0.53,
                   "filter_volume_rolling_window": 60,
                   "n_positions": 0,
                   "total_wallet_exposure_limit": 0,
                   "unstuck_close_pct": 0.005,
                   "unstuck_ema_dist": -0.1,
                   "unstuck_loss_allowance_pct": 0.01,
                   "unstuck_threshold": 0.55}},
 "disable_plotting": false,
 "live": {"approved_coins": {"long": ["1000PEPEUSDT"], "short": []},
          "auto_gs": true,
          "coin_flags": {},
          "empty_means_all_approved": false,
          "execution_delay_seconds": 2,
          "filter_by_min_effective_cost": true,
          "forced_mode_long": "",
          "forced_mode_short": "",
          "ignored_coins": {"long": [], "short": []},
          "leverage": 10,
          "market_orders_allowed": true,
          "max_n_cancellations_per_batch": 5,
          "max_n_creations_per_batch": 3,
          "max_n_restarts_per_day": 10,
          "mimic_backtest_1m_delay": false,
          "minimum_coin_age_days": 30,
          "ohlcvs_1m_rolling_window_days": 4,
          "ohlcvs_1m_update_after_minutes": 10,
          "pnls_max_lookback_days": 30,
          "price_distance_threshold": 0.002,
          "time_in_force": "good_till_cancelled",
          "user": "bybit_01"},
 "optimize": {"bounds": {"long_close_grid_markup_end": [0.001, 0.03],
                         "long_close_grid_markup_start": [0.001, 0.03],
                         "long_close_grid_qty_pct": [0.05, 0.4],
                         "long_close_trailing_grid_ratio": [-1, 1],
                         "long_close_trailing_qty_pct": [0.05, 0.25],
                         "long_close_trailing_retracement_pct": [0.003, 0.01],
                         "long_close_trailing_threshold_pct": [0.001, 0.005],
                         "long_ema_span_0": [100, 800],
                         "long_ema_span_1": [100, 800],
                         "long_entry_grid_double_down_factor": [0.4, 10],
                         "long_entry_grid_spacing_pct": [0.01, 0.12],