{
    "adg_btc": 0.0027810414993634236,
    "adg_per_exposure_long_btc": 0.001754821743666976,
    "adg_per_exposure_long_usd": 0.0019087046157708423,
    "adg_per_exposure_short_btc": 0.0,
    "adg_per_exposure_short_usd": 0.0,
    "adg_pnl": 0.006046991722614358,
    "adg_pnl_w": 0.0025856738497688396,
    "adg_strategy_eq": 0.003024915075073631,
    "adg_strategy_eq_w": 0.0010713754730498292,
    "adg_usd": 0.003024915075073631,
    "adg_w_btc": 0.0022303663461233024,
    "adg_w_per_exposure_long_btc": 0.0014073487797345422,
    "adg_w_per_exposure_long_usd": 0.0006760319744130674,
    "adg_w_per_exposure_short_btc": 0.0,
    "adg_w_per_exposure_short_usd": 0.0,
    "adg_w_usd": 0.0010713754730498292,
    "backtest_completion_ratio": 1.0,
    "calmar_ratio_btc": 0.002801334743722744,
    "calmar_ratio_strategy_eq": 0.00318598455725141,
    "calmar_ratio_strategy_eq_w": 0.002685704763853491,
    "calmar_ratio_usd": 0.0031859845572514045,
    "calmar_ratio_w_btc": 0.004701656078242788,
    "calmar_ratio_w_usd": 0.002713106060396423,
    "drawdown_worst_btc": 0.9927558659653961,
    "drawdown_worst_ema_strategy_eq": 0.0,
    "drawdown_worst_ema_strategy_eq_long": 0.0,
    "drawdown_worst_ema_strategy_eq_short": 0.0,
    "drawdown_worst_mean_1pct_btc": 0.5479104797696432,
    "drawdown_worst_mean_1pct_ema_strategy_eq": 0.0,
    "drawdown_worst_mean_1pct_ema_strategy_eq_long": 0.0,
    "drawdown_worst_mean_1pct_ema_strategy_eq_short": 0.0,
    "drawdown_worst_mean_1pct_strategy_eq": 0.4124139513404686,
    "drawdown_worst_mean_1pct_strategy_eq_long": 0.0,
    "drawdown_worst_mean_1pct_strategy_eq_short": 0.0,
    "drawdown_worst_mean_1pct_usd": 0.412413951340469,
    "drawdown_worst_strategy_eq": 0.9494443619285036,
    "drawdown_worst_strategy_eq_long": 0.0,
    "drawdown_worst_strategy_eq_short": 0.0,
    "drawdown_worst_usd": 0.9494443619285052,
    "entry_initial_balance_pct_long": 0.163757384,
    "entry_initial_balance_pct_short": 0.0,
    "entry_interval_hours_max": 531.75,
    "entry_interval_hours_mean": 12.606541677906662,
    "entry_interval_hours_median": 0.8666666666666667,
    "entry_interval_hours_p95": 68.17499999999998,
    "entry_interval_hours_p99": 163.73033333333333,
    "equity_balance_diff_neg_max_btc": 0.9889871364878664,
    "equity_balance_diff_neg_max_usd": 0.9470428911266796,
    "equity_balance_diff_neg_mean_btc": 0.10102776609206907,
    "equity_balance_diff_neg_mean_usd": 0.0626009541979013,
    "equity_balance_diff_pos_max_btc": 3.2719663885821775,
    "equity_balance_diff_pos_max_usd": 2.978456052085964,
    "equity_balance_diff_pos_mean_btc": 0.22889903467626835,
    "equity_balance_diff_pos_mean_usd": 0.11028290524417636,
    "equity_choppiness_btc": 9.69052701807975,
    "equity_choppiness_usd": 3.2418681428104295,
    "equity_choppiness_w_btc": 6.322580049249363,
    "equity_choppiness_w_usd": 4.9228787075483815,
    "equity_jerkiness_btc": 0.027834396040037363,
    "equity_jerkiness_usd": 0.008340994908266015,
    "equity_jerkiness_w_btc": 0.020539328523468618,
    "equity_jerkiness_w_usd": 0.006043090723674987,
    "expected_shortfall_1pct_btc": 0.3367451826714503,
    "expected_shortfall_1pct_strategy_eq": 0.3326098183844097,
    "expected_shortfall_1pct_usd": 0.3326098183844101,
    "exponential_fit_error_btc": 0.4815929140544037,
    "exponential_fit_error_usd": 0.15745465740702438,
    "exponential_fit_error_w_btc": 0.06586300927154734,
    "exponential_fit_error_w_usd": 0.020461206971385683,
    "exposure_mean_ratio_btc": 0.05211803633771388,
    "exposure_mean_ratio_usd": 0.05668834277995221,
    "exposure_mean_ratio_w_btc": 0.036007315364501594,
    "exposure_mean_ratio_w_usd": 0.01734339466644389,
    "exposure_ratio_btc": 0.0017428626870745452,
    "exposure_ratio_usd": 0.0018956968521044667,
    "exposure_ratio_w_btc": 0.0014053173815371102,
    "exposure_ratio_w_usd": 0.0006741321061889797,
    "gain_btc": 231.84128836746783,
    "gain_per_exposure_long_btc": 146.2905656028949,
    "gain_per_exposure_long_usd": 235.6733210415622,
    "gain_per_exposure_short_btc": 0.0,
    "gain_per_exposure_short_usd": 0.0,
    "gain_strategy_eq": 373.49507918666836,
    "gain_usd": 373.49507918666774,
    "hard_stop_duration_minutes_max": 0.0,
    "hard_stop_duration_minutes_mean": 0.0,
    "hard_stop_flatten_time_minutes_mean": 0.0,
    "hard_stop_halt_to_restart_equity_loss_pct": 0.0,
    "hard_stop_panic_close_loss_max": 0.0,
    "hard_stop_panic_close_loss_sum": 0.0,
    "hard_stop_post_restart_retrigger_pct": 0.0,
    "hard_stop_restarts": 0,
    "hard_stop_restarts_long": 0,
    "hard_stop_restarts_per_year": 0.0,
    "hard_stop_restarts_per_year_long": 0.0,
    "hard_stop_restarts_per_year_short": 0.0,
    "hard_stop_restarts_short": 0,
    "hard_stop_time_in_orange_pct": 0.0,
    "hard_stop_time_in_red_pct": 0.0,
    "hard_stop_time_in_yellow_pct": 0.0,
    "hard_stop_trigger_drawdown_mean": 0.0,
    "hard_stop_triggers": 0,
    "hard_stop_triggers_long": 0,
    "hard_stop_triggers_per_year": 0.0,
    "hard_stop_triggers_short": 0,
    "high_exposure_days_max_long": 21.09513888888889,
    "high_exposure_days_max_short": 0.0,
    "high_exposure_days_mean_long": 0.032847795282153876,
    "high_exposure_days_mean_short": 0.0,
    "high_exposure_hours_max_long": 506.28333333333336,
    "high_exposure_hours_max_short": 0.0,
    "high_exposure_hours_mean_long": 0.788347086771693,
    "high_exposure_hours_mean_short": 0.0,
    "liquidated": false,
    "long_short_profit_ratio": 1.0,
    "loss_profit_ratio": 0.3211253322032097,
    "loss_profit_ratio_long": 0.3211253322032097,
    "loss_profit_ratio_short": 1.0,
    "loss_profit_ratio_w": 0.355034462157002,
    "mdg_btc": 0.0,
    "mdg_per_exposure_long_btc": 0.0,
    "mdg_per_exposure_long_usd": 0.0,
    "mdg_per_exposure_short_btc": 0.0,
    "mdg_per_exposure_short_usd": 0.0,
    "mdg_pnl": 0.0018044457844179967,
    "mdg_pnl_w": 0.0008801588696114163,
    "mdg_strategy_eq": 0.0,
    "mdg_strategy_eq_w": 0.0,
    "mdg_usd": 0.0,
    "mdg_w_btc": 0.0,
    "mdg_w_per_exposure_long_btc": 0.0,
    "mdg_w_per_exposure_long_usd": 0.0,
    "mdg_w_per_exposure_short_btc": 0.0,
    "mdg_w_per_exposure_short_usd": 0.0,
    "mdg_w_usd": 0.0,
    "omega_ratio_btc": 1.499594858816878,
    "omega_ratio_strategy_eq": 3.5874624798904033,
    "omega_ratio_strategy_eq_w": 2.027278008321481,
    "omega_ratio_usd": 3.587462479890399,
    "omega_ratio_w_btc": 1.5773289728669164,
    "omega_ratio_w_usd": 2.0272780083214847,
    "paper_loss_mean_ratio_btc": 0.027527496716387777,
    "paper_loss_mean_ratio_usd": 0.048320590537820285,
    "paper_loss_mean_ratio_w_btc": 0.12158577087596294,
    "paper_loss_mean_ratio_w_usd": 0.06882166891925512,
    "paper_loss_ratio_btc": 0.0028120097792571678,
    "paper_loss_ratio_usd": 0.0031940634404371534,
    "paper_loss_ratio_w_btc": 0.026980738505085054,
    "paper_loss_ratio_w_usd": 0.008751705364594256,
    "peak_recovery_days_equity_btc": 788.00625,
    "peak_recovery_days_equity_usd": 172.91527777777776,
    "peak_recovery_days_pnl": 179.13333333333333,
    "peak_recovery_days_strategy_eq": 172.9152777777778,
    "peak_recovery_days_strategy_eq_long": 0.0,
    "peak_recovery_days_strategy_eq_short": 0.0,
    "peak_recovery_hours_equity_btc": 18912.15,
    "peak_recovery_hours_equity_usd": 4149.966666666666,
    "peak_recovery_hours_pnl": 4299.2,
    "peak_recovery_hours_strategy_eq": 4149.966666666667,
    "peak_recovery_hours_strategy_eq_long": 0.0,
    "peak_recovery_hours_strategy_eq_short": 0.0,
    "pnl_ratio_long_short": 1.0,
    "position_held_days_max": 21.09513888888889,
    "position_held_days_mean": 0.03657233687721493,
    "position_held_days_median": 0.006944444444444444,
    "position_held_hours_max": 506.28333333333336,
    "position_held_hours_mean": 0.8777360850531583,
    "position_held_hours_median": 0.16666666666666666,
    "position_unchanged_days_max": 10.824305555555556,