{"analysis": {"adg": 0.0027195392053174228,
              "adg_per_exposure_long": 0.000545249153982281,
              "adg_per_exposure_short": 0.0,
              "adg_w": 0.0028357164953294544,
              "adg_w_per_exposure_long": 0.0005685419121698286,
              "adg_w_per_exposure_short": 0.0,
              "calmar_ratio": 0.0055430741313809125,
              "calmar_ratio_w": 0.00577911166700421,
              "drawdown_worst": 0.4906193099459632,
              "drawdown_worst_mean_1pct": 0.20054488234126816,
              "equity_balance_diff_neg_max": 0.49610762375454887,
              "equity_balance_diff_neg_mean": 0.0026567764818773783,
              "equity_balance_diff_pos_max": 0.2918400531554332,
              "equity_balance_diff_pos_mean": 0.0011978655903724569,
              "equity_choppiness": 1.257729009048184,
              "equity_choppiness_w": 1.4715434417708593,
              "equity_jerkiness": 0.005431275663852086,
              "equity_jerkiness_w": 0.006806298660837094,
              "expected_shortfall_1pct": 0.18985623116444647,
              "exponential_fit_error": 0.06618745784695419,
              "exponential_fit_error_w": 0.014908933839188277,
              "gain": 57.04826116253187,
              "gain_per_exposure_long": 11.437789193923425,
              "gain_per_exposure_short": 0.0,
              "loss_profit_ratio": 0.053388293265907896,
              "loss_profit_ratio_long": 0.053388293265907896,
              "loss_profit_ratio_short": 1.0,
              "loss_profit_ratio_w": 0.0750900477334752,
              "mdg": 0.0002729076271918121,
              "mdg_per_exposure_long": 5.471612711105562e-05,
              "mdg_per_exposure_short": 0.0,
              "mdg_w": 3.569505661966137e-05,
              "mdg_w_per_exposure_long": 7.1566166007701676e-06,
              "mdg_w_per_exposure_short": 0.0,
              "omega_ratio": 13.414810070010326,
              "omega_ratio_w": 8.525006541927876,
              "pnl_ratio_long_short": 1.0,
              "position_held_hours_max": 161.98333333333332,
              "position_held_hours_mean": 3.0253654970760233,
              "position_held_hours_median": 0.5833333333333334,
              "position_unchanged_hours_max": 70.61666666666666,
              "positions_held_per_day": 2.450702490674201,
              "sharpe_ratio": 0.049764081876347316,
              "sharpe_ratio_w": 0.03502429771478382,
              "sortino_ratio": 0.06355166213000202,
              "sortino_ratio_w": 0.04602610061746135,
              "sterling_ratio": 0.013560750957930556,
              "sterling_ratio_w": 0.009180852084288661,
              "volume_pct_per_day_avg": 0.706204817008477,
              "volume_pct_per_day_avg_w": 0.9558202097877284},
 "backtest": {"base_dir": "backtests/pbgui/4coin_cpt_adg_omega_sharpe_grtr",
              "cache_dir": {"bybit": "caches/hlcvs_data/d221b3511f037a7b"},
              "coins": {"bybit": ["DOGE", "GRT", "INJ", "VET"]},
              "combine_ohlcvs": false,
              "compress_cache": true,
              "end_date": "2025-06-30",
              "exchanges": ["bybit", "binance"],
              "gap_tolerance_ohlcvs_minutes": 120,
              "start_date": "2020-01-01",
              "starting_balance": 1000,
              "use_btc_collateral": false},
 "bot": {"long": {"close_grid_markup_end": 0.029581,
                  "close_grid_markup_start": 0.0097007,
                  "close_grid_qty_pct": 0.39616,
                  "close_trailing_grid_ratio": -0.98711,
                  "close_trailing_qty_pct": 0.054441,
                  "close_trailing_retracement_pct": 0.0048567,
                  "close_trailing_threshold_pct": 0.0038381,
                  "ema_span_0": 101.08,
                  "ema_span_1": 124.41,
                  "enforce_exposure_limit": true,
                  "entry_grid_double_down_factor": 1.0906,
                  "entry_grid_spacing_pct": 0.037897,
                  "entry_grid_spacing_weight": 1.1709,
                  "entry_initial_ema_dist": 0.024583,
                  "entry_initial_qty_pct": 0.036255,
                  "entry_trailing_double_down_factor": 8.5087,
                  "entry_trailing_grid_ratio": -0.51299,
                  "entry_trailing_retracement_pct": 0.048729,
                  "entry_trailing_threshold_pct": 0.036805,
                  "filter_noisiness_rolling_window": 60,
                  "filter_volume_drop_pct": 0,
                  "filter_volume_rolling_window": 60,
                  "n_positions": 4,
                  "total_wallet_exposure_limit": 4.9877,
                  "unstuck_close_pct": 0.0068151,
                  "unstuck_ema_dist": -0.07513,
                  "unstuck_loss_allowance_pct": 0.074537,
                  "unstuck_threshold": 0.87697},
         "short": {"close_grid_markup_end": 0.001,
                   "close_grid_markup_start": 0.001,
                   "close_grid_qty_pct": 0.1,
                   "close_trailing_grid_ratio": -1,
                   "close_trailing_qty_pct": 0.1,
                   "close_trailing_retracement_pct": 0.003,
                   "close_trailing_threshold_pct": -0.001,
                   "ema_span_0": 200,
                   "ema_span_1": 200,
                   "enforce_exposure_limit": true,
                   "entry_grid_double_down_factor": 0.6,
                   "entry_grid_spacing_pct": 0.01,
                   "entry_grid_spacing_weight": 0.2,
                   "entry_initial_ema_dist": -0.001,
                   "entry_initial_qty_pct": 0.025,
                   "entry_trailing_double_down_factor": 0.1,
                   "entry_trailing_grid_ratio": -1,
                   "entry_trailing_retracement_pct": 0,
                   "entry_trailing_threshold_pct": -0.1,
                   "filter_noisiness_rolling_window": 60,
                   "filter_volume_drop_pct": 0.53,
                   "filter_volume_rolling_window": 60,
                   "n_positions": 0,
                   "total_wallet_exposure_limit": 0,
                   "unstuck_close_pct": 0.005,
                   "unstuck_ema_dist": -0.1,
                   "unstuck_loss_allowance_pct": 0.01,
                   "unstuck_threshold": 0.55}},
 "disable_plotting": false,
 "live": {"approved_coins": {"long": ["DOGEUSDT",
                                      "VETUSDT",
                                      "INJUSDT",
                                      "GRTUSDT"],
                             "short": []},
          "auto_gs": true,
          "coin_flags": {},
          "empty_means_all_approved": false,
          "execution_delay_seconds": 2,
          "filter_by_min_effective_cost": true,
          "forced_mode_long": "",
          "forced_mode_short": "",
          "ignored_coins": {"long": [], "short": []},
          "leverage": 10,
          "market_orders_allowed": true,
          "max_n_cancellations_per_batch": 5,
          "max_n_creations_per_batch": 3,
          "max_n_restarts_per_day": 10,
          "mimic_backtest_1m_delay": false,
          "minimum_coin_age_days": 30,
          "ohlcvs_1m_rolling_window_days": 4,
          "ohlcvs_1m_update_after_minutes": 10,
          "pnls_max_lookback_days": 30,
          "price_distance_threshold": 0.002,
          "time_in_force": "good_till_cancelled",
          "user": "bybit_01"},
 "optimize": {"bounds": {"long_close_grid_markup_end": [0.001, 0.03],
                         "long_close_grid_markup_start": [0.001, 0.03],
                         "long_close_grid_qty_pct": [0.05, 0.4],
                         "long_close_trailing_grid_ratio": [-1, 1],
                         "long_close_trailing_qty_pct": [0.05, 0.25],
                         "long_close_trailing_retracement_pct": [0.003, 0.01],
                         "long_close_trailing_threshold_pct": [0.001, 0.005],
                         "long_ema_span_0": [100, 800],