{
    "adg": 0.0036751961618204376,
    "adg_per_exposure_long": 0.0009187990404551094,
    "adg_per_exposure_short": 0.0,
    "adg_w": 0.0019651449446852487,
    "adg_w_per_exposure_long": 0.0004912862361713122,
    "adg_w_per_exposure_short": 0.0,
    "calmar_ratio": 0.010221334988276433,
    "calmar_ratio_w": 0.01773125874330329,
    "drawdown_worst": 0.3595612672939277,
    "drawdown_worst_mean_1pct": 0.141389779348682,
    "equity_balance_diff_neg_max": 0.5374802860768236,
    "equity_balance_diff_neg_mean": 0.002454025626217191,
    "equity_balance_diff_pos_max": 0.5733660428712753,
    "equity_balance_diff_pos_mean": 0.0011354207746126126,
    "equity_choppiness": 1.0717410096398428,
    "equity_choppiness_w": 1.1004499403598862,
    "equity_jerkiness": 0.005825522723832395,
    "equity_jerkiness_w": 0.0035018697320355584,
    "expected_shortfall_1pct": 0.13385580526349145,
    "exponential_fit_error": 0.1871939297828652,
    "exponential_fit_error_w": 0.021116715377611527,
    "gain": 175.07079850534078,
    "gain_per_exposure_long": 43.767699626335194,
    "gain_per_exposure_short": 0.0,
    "loss_profit_ratio": 0.0006714854224090619,
    "loss_profit_ratio_long": 0.0006714854224090619,
    "loss_profit_ratio_short": 1.0,
    "loss_profit_ratio_w": 6.714854224090619e-05,
    "mdg": 0.00017808086342182736,
    "mdg_per_exposure_long": 4.452021585545684e-05,
    "mdg_per_exposure_short": 0.0,
    "mdg_w": 1.7808086342182735e-05,
    "mdg_w_per_exposure_long": 4.452021585545684e-06,
    "mdg_w_per_exposure_short": 0.0,
    "omega_ratio": 50.089428095613336,
    "omega_ratio_w": 30.622057689528724,
    "pnl_ratio_long_short": 1.0,
    "position_held_hours_max": 35.416666666666664,
    "position_held_hours_mean": 0.6869513484928609,
    "position_held_hours_median": 0.16666666666666666,
    "position_unchanged_hours_max": 35.416666666666664,
    "positions_held_per_day": 2.686648009388824,
    "sharpe_ratio": 0.04926915092086601,
    "sharpe_ratio_w": 0.07336069742715079,
    "sortino_ratio": 0.11692397104006876,
    "sortino_ratio_w": 0.09775303670453868,
    "sterling_ratio": 0.025993365141033422,
    "sterling_ratio_w": 0.021776201792669876,
    "volume_pct_per_day_avg": 1.448121946465782,
    "volume_pct_per_day_avg_w": 1.2615930227403453
}