{
    "adg": 0.0024141912557273937,
    "adg_w": 0.0009294346645458473,
    "calmar_ratio": 0.00638131760631935,
    "calmar_ratio_w": 0.010214313751065383,
    "drawdown_worst": 0.3783217518176256,
    "drawdown_worst_mean_1pct": 0.1858503625638616,
    "equity_balance_diff_neg_max": 0.40276866760262675,
    "equity_balance_diff_neg_mean": 0.02283859647344902,
    "equity_balance_diff_pos_max": 0.1647057157276902,
    "equity_balance_diff_pos_mean": 0.005101409579885193,
    "equity_choppiness": 1.8656359119665595,
    "equity_choppiness_w": 1.569374750508384,
    "equity_jerkiness": 0.006385677008200195,
    "equity_jerkiness_w": 0.0025571379335510274,
    "expected_shortfall_1pct": 0.1471794748144706,
    "exponential_fit_error": 0.22807892086657877,
    "exponential_fit_error_w": 0.02348693942931917,
    "gain": 108.0624404555862,
    "loss_profit_ratio": 0.15967204690527662,
    "loss_profit_ratio_long": 0.15967204690527662,
    "loss_profit_ratio_short": 1.0,
    "loss_profit_ratio_w": 0.06151852033198335,
    "mdg": 0.0,
    "mdg_w": 0.0,
    "omega_ratio": 4.280029698323118,
    "omega_ratio_w": null,
    "pnl_ratio_long_short": 1.0,
    "position_held_hours_max": 533.45,
    "position_held_hours_mean": 63.2233918128655,
    "position_held_hours_median": 24.2,
    "position_unchanged_hours_max": 418.3333333333333,
    "positions_held_per_day": 0.05870236869207003,
    "sharpe_ratio": 0.06675206021507318,
    "sharpe_ratio_w": 0.06431587465556296,
    "sortino_ratio": 0.03953800618836344,
    "sortino_ratio_w": 0.02924612139449373,
    "sterling_ratio": 0.01298997334426955,
    "sterling_ratio_w": 0.01374601325158661
}