{
    "adg_btc": 0.0004905383152853382,
    "adg_per_exposure_long_btc": 0.00019698751718148669,
    "adg_per_exposure_long_usd": 0.0002589999565506801,
    "adg_per_exposure_short_btc": 0.0,
    "adg_per_exposure_short_usd": 0.0,
    "adg_pnl": 0.001972274439380068,
    "adg_pnl_w": 0.0005367432116447558,
    "adg_strategy_eq": 0.0006449616918025036,
    "adg_strategy_eq_w": 0.00014762541653698947,
    "adg_usd": 0.0006449616918025036,
    "adg_w_btc": 0.0011549934845328403,
    "adg_w_per_exposure_long_btc": 0.000463815550772163,
    "adg_w_per_exposure_long_usd": 5.928255422736706e-05,
    "adg_w_per_exposure_short_btc": 0.0,
    "adg_w_per_exposure_short_usd": 0.0,
    "adg_w_usd": 0.00014762541653698947,
    "backtest_completion_ratio": 1.0,
    "calmar_ratio_btc": 0.000605740572341492,
    "calmar_ratio_strategy_eq": 0.0026160134352510894,
    "calmar_ratio_strategy_eq_w": 0.0028137726848655,
    "calmar_ratio_usd": 0.0026160134352510933,
    "calmar_ratio_w_btc": 0.004695500150641595,
    "calmar_ratio_w_usd": 0.004119182859070167,
    "drawdown_worst_btc": 0.8098158480439255,
    "drawdown_worst_ema_strategy_eq": 0.0,
    "drawdown_worst_ema_strategy_eq_long": 0.0,
    "drawdown_worst_ema_strategy_eq_short": 0.0,
    "drawdown_worst_mean_1pct_btc": 0.8052225934008517,
    "drawdown_worst_mean_1pct_ema_strategy_eq": 0.0,
    "drawdown_worst_mean_1pct_ema_strategy_eq_long": 0.0,
    "drawdown_worst_mean_1pct_ema_strategy_eq_short": 0.0,
    "drawdown_worst_mean_1pct_strategy_eq": 0.07788707248189566,
    "drawdown_worst_mean_1pct_strategy_eq_long": 0.0,
    "drawdown_worst_mean_1pct_strategy_eq_short": 0.0,
    "drawdown_worst_mean_1pct_usd": 0.07788707248189541,
    "drawdown_worst_strategy_eq": 0.24654372302204905,
    "drawdown_worst_strategy_eq_long": 0.0,
    "drawdown_worst_strategy_eq_short": 0.0,
    "drawdown_worst_usd": 0.2465437230220487,
    "entry_initial_balance_pct_long": 0.0249816864,
    "entry_initial_balance_pct_short": 0.0,
    "entry_interval_hours_max": 1270.2166666666667,
    "entry_interval_hours_mean": 21.813558663558663,
    "entry_interval_hours_median": 0.7666666666666667,
    "entry_interval_hours_p95": 111.69666666666667,
    "entry_interval_hours_p99": 298.5059999999995,
    "equity_balance_diff_neg_max_btc": 0.41432687041198707,
    "equity_balance_diff_neg_max_usd": 0.16368617374114025,
    "equity_balance_diff_neg_mean_btc": 0.11360870424396245,
    "equity_balance_diff_neg_mean_usd": 0.004568429730870251,
    "equity_balance_diff_pos_max_btc": 1.3115709806532587,
    "equity_balance_diff_pos_max_usd": 0.4030978336055109,
    "equity_balance_diff_pos_mean_btc": 0.1517255788164211,
    "equity_balance_diff_pos_mean_usd": 0.02049129467420709,
    "equity_choppiness_btc": 39.135872617781665,
    "equity_choppiness_usd": 1.2143426485737345,
    "equity_choppiness_w_btc": 13.282957853934416,
    "equity_choppiness_w_usd": 2.4466777932923462,
    "equity_jerkiness_btc": 0.020930750510253646,
    "equity_jerkiness_usd": 0.0013701112604133229,
    "equity_jerkiness_w_btc": 0.014548667319501283,
    "equity_jerkiness_w_usd": 0.0004434543525145598,
    "expected_shortfall_1pct_btc": 0.17133517473381024,
    "expected_shortfall_1pct_strategy_eq": 0.04404925536804927,
    "expected_shortfall_1pct_usd": 0.04404925536804919,
    "exponential_fit_error_btc": 0.22871753500220318,
    "exponential_fit_error_usd": 0.012175478402755307,
    "exponential_fit_error_w_btc": 0.0397765749975489,
    "exponential_fit_error_w_usd": 0.001503649499167115,
    "exposure_mean_ratio_btc": 0.10492151336064677,
    "exposure_mean_ratio_usd": 0.13795121533819224,
    "exposure_mean_ratio_w_btc": 0.45003092695095875,
    "exposure_mean_ratio_w_usd": 0.047598017776564285,
    "exposure_ratio_btc": 0.00019124446944853945,
    "exposure_ratio_usd": 0.00025144897497284024,
    "exposure_ratio_w_btc": 0.0024351680240560186,
    "exposure_ratio_w_usd": 0.00012771064851137007,
    "gain_btc": 2.6033669743880403,
    "gain_per_exposure_long_btc": 1.0454449338960887,
    "gain_per_exposure_long_usd": 1.4127690197738798,
    "gain_per_exposure_short_btc": 0.0,
    "gain_per_exposure_short_usd": 0.0,
    "gain_strategy_eq": 3.5180774130409045,
    "gain_usd": 3.518077413040916,
    "hard_stop_duration_minutes_max": 0.0,
    "hard_stop_duration_minutes_mean": 0.0,
    "hard_stop_flatten_time_minutes_mean": 0.0,
    "hard_stop_halt_to_restart_equity_loss_pct": 0.0,
    "hard_stop_panic_close_loss_max": 0.0,
    "hard_stop_panic_close_loss_sum": 0.0,
    "hard_stop_post_restart_retrigger_pct": 0.0,
    "hard_stop_restarts": 0,
    "hard_stop_restarts_long": 0,
    "hard_stop_restarts_per_year": 0.0,
    "hard_stop_restarts_per_year_long": 0.0,
    "hard_stop_restarts_per_year_short": 0.0,
    "hard_stop_restarts_short": 0,
    "hard_stop_time_in_orange_pct": 0.0,
    "hard_stop_time_in_red_pct": 0.0,
    "hard_stop_time_in_yellow_pct": 0.0,
    "hard_stop_trigger_drawdown_mean": 0.0,
    "hard_stop_triggers": 0,
    "hard_stop_triggers_long": 0,
    "hard_stop_triggers_per_year": 0.0,
    "hard_stop_triggers_short": 0,
    "high_exposure_days_max_long": 3.1590277777777778,
    "high_exposure_days_max_short": 0.0,
    "high_exposure_days_mean_long": 0.044380898021308984,
    "high_exposure_days_mean_short": 0.0,
    "high_exposure_hours_max_long": 75.81666666666666,
    "high_exposure_hours_max_short": 0.0,
    "high_exposure_hours_mean_long": 1.0651415525114156,
    "high_exposure_hours_mean_short": 0.0,
    "liquidated": false,
    "long_short_profit_ratio": 1.0,
    "loss_profit_ratio": 0.12722306329944308,
    "loss_profit_ratio_long": 0.12722306329944308,
    "loss_profit_ratio_short": 1.0,
    "loss_profit_ratio_w": 0.24040458099936032,
    "mdg_btc": 0.0,
    "mdg_per_exposure_long_btc": 0.0,
    "mdg_per_exposure_long_usd": 0.0,
    "mdg_per_exposure_short_btc": 0.0,
    "mdg_per_exposure_short_usd": 0.0,
    "mdg_pnl": 0.00013173269122463294,
    "mdg_pnl_w": 3.2144069515449084e-05,
    "mdg_strategy_eq": 0.0,
    "mdg_strategy_eq_w": 0.0,
    "mdg_usd": 0.0,
    "mdg_w_btc": 0.0,
    "mdg_w_per_exposure_long_btc": 0.0,
    "mdg_w_per_exposure_long_usd": 0.0,
    "mdg_w_per_exposure_short_btc": 0.0,
    "mdg_w_per_exposure_short_usd": 0.0,
    "mdg_w_usd": 0.0,
    "omega_ratio_btc": 1.1810724868115254,
    "omega_ratio_strategy_eq": 12.870997358372088,
    "omega_ratio_strategy_eq_w": 4.3632954186498845,
    "omega_ratio_usd": 12.870997358372517,
    "omega_ratio_w_btc": 1.4451456454086116,
    "omega_ratio_w_usd": 4.363295418649941,
    "paper_loss_mean_ratio_btc": 0.004317788135598836,
    "paper_loss_mean_ratio_usd": 0.14117798232602854,
    "paper_loss_mean_ratio_w_btc": 0.2336000128961495,
    "paper_loss_mean_ratio_w_usd": 0.5001000889567849,
    "paper_loss_ratio_btc": 0.0011839403869644517,
    "paper_loss_ratio_usd": 0.003940233173404563,
    "paper_loss_ratio_w_btc": 0.053418506460308324,
    "paper_loss_ratio_w_usd": 0.11489327140582073,
    "peak_recovery_days_equity_btc": 213.31944444444446,
    "peak_recovery_days_equity_usd": 424.8229166666667,
    "peak_recovery_days_pnl": 337.37916666666666,
    "peak_recovery_days_strategy_eq": 424.8229166666667,
    "peak_recovery_days_strategy_eq_long": 0.0,
    "peak_recovery_days_strategy_eq_short": 0.0,
    "peak_recovery_hours_equity_btc": 5119.666666666667,
    "peak_recovery_hours_equity_usd": 10195.75,
    "peak_recovery_hours_pnl": 8097.1,
    "peak_recovery_hours_strategy_eq": 10195.75,
    "peak_recovery_hours_strategy_eq_long": 0.0,
    "peak_recovery_hours_strategy_eq_short": 0.0,
    "pnl_ratio_long_short": 1.0,
    "position_held_days_max": 3.1590277777777778,
    "position_held_days_mean": 0.04590139082417299,
    "position_held_days_median": 0.009722222222222222,
    "position_held_hours_max": 75.81666666666666,
    "position_held_hours_mean": 1.1016333797801516,
    "position_held_hours_median": 0.23333333333333334,
    "position_unchanged_days_max": 3.0187500000000003,