{
    "adg": 0.00698855513282437,
    "adg_per_exposure_long": 0.0028335043516154595,
    "adg_per_exposure_short": 0.0,
    "adg_w": 0.0036639403484532316,
    "adg_w_per_exposure_long": 0.0014855418214617384,
    "adg_w_per_exposure_short": 0.0,
    "calmar_ratio": 0.010201744146032999,
    "calmar_ratio_w": 0.011415707614040666,
    "drawdown_worst": 0.6850353265859844,
    "drawdown_worst_mean_1pct": 0.3164525826538538,
    "equity_balance_diff_neg_max": 0.7135028804450588,
    "equity_balance_diff_neg_mean": 0.038432506866797146,
    "equity_balance_diff_pos_max": 0.5962188832316279,
    "equity_balance_diff_pos_mean": 0.00811568000200577,
    "equity_choppiness": 1.0433380269409818,
    "equity_choppiness_w": 1.078790843303771,
    "equity_jerkiness": 0.00961441108372604,
    "equity_jerkiness_w": 0.006067601315985769,
    "expected_shortfall_1pct": 0.30929776288746397,
    "exponential_fit_error": 3.356313263394589,
    "exponential_fit_error_w": 0.34621268894664514,
    "gain": 181830.0795717516,
    "gain_per_exposure_long": 73722.8671633764,
    "gain_per_exposure_short": 0.0,
    "loss_profit_ratio": 0.032391923226761994,
    "loss_profit_ratio_long": 0.032391923226761994,
    "loss_profit_ratio_short": 1.0,
    "loss_profit_ratio_w": 0.027600058795828625,
    "mdg": 0.0,
    "mdg_per_exposure_long": 0.0,
    "mdg_per_exposure_short": 0.0,
    "mdg_w": 0.0,
    "mdg_w_per_exposure_long": 0.0,
    "mdg_w_per_exposure_short": 0.0,
    "omega_ratio": 70.53735696466642,
    "omega_ratio_w": null,
    "pnl_ratio_long_short": 1.0,
    "position_held_hours_max": 17.6,
    "position_held_hours_mean": 0.30674347981421934,
    "position_held_hours_median": 0.08333333333333333,
    "position_unchanged_hours_max": 8.933333333333334,
    "positions_held_per_day": 1.0730304772857964,
    "sharpe_ratio": 0.053498341539192674,
    "sharpe_ratio_w": 0.0733655616837591,
    "sortino_ratio": 0.06268900627506051,
    "sortino_ratio_w": 0.05080074677922706,
    "sterling_ratio": 0.02208405150059616,
    "sterling_ratio_w": 0.015334121518557137
}