{"analysis": {"adg": 0.004379112605714219,
              "adg_per_exposure_long": 0.0019050387635246961,
              "adg_per_exposure_short": 0.0,
              "adg_w": 0.004921122908647768,
              "adg_w_per_exposure_long": 0.002140828689540944,
              "adg_w_per_exposure_short": 0.0,
              "calmar_ratio": 0.0076117819165275645,
              "calmar_ratio_w": 0.020472613380084957,
              "drawdown_worst": 0.5753071558981206,
              "drawdown_worst_mean_1pct": 0.22414166989720125,
              "equity_balance_diff_neg_max": 0.5776385226454734,
              "equity_balance_diff_neg_mean": 0.03559320439840947,
              "equity_balance_diff_pos_max": 0.14770923998148253,
              "equity_balance_diff_pos_mean": 0.013901565412446429,
              "equity_choppiness": 2.4744000926107814,
              "equity_choppiness_w": 2.600956113265421,
              "equity_jerkiness": 0.014800803140795996,
              "equity_jerkiness_w": 0.017348687987186504,
              "expected_shortfall_1pct": 0.18508305471630057,
              "exponential_fit_error": 0.2796183633711377,
              "exponential_fit_error_w": 0.0469026916847652,
              "gain": 4637.704654481936,
              "gain_per_exposure_long": 2017.5336731552336,
              "gain_per_exposure_short": 0.0,
              "loss_profit_ratio": 0.09614321803471693,
              "loss_profit_ratio_long": 0.09614321803471693,
              "loss_profit_ratio_short": 1.0,
              "loss_profit_ratio_w": 0.09532805243326745,
              "mdg": 0.0002687260004555671,
              "mdg_per_exposure_long": 0.00011690346737528477,
              "mdg_per_exposure_short": 0.0,
              "mdg_w": 0.0002605474945798744,
              "mdg_w_per_exposure_long": 0.00011334558427801557,
              "mdg_w_per_exposure_short": 0.0,
              "omega_ratio": 2.834649802269102,
              "omega_ratio_w": 2.894081851845368,
              "pnl_ratio_long_short": 1.0,
              "position_held_hours_max": 1941.2333333333333,
              "position_held_hours_mean": 2.017878321359334,
              "position_held_hours_median": 0.25,
              "position_unchanged_hours_max": 485.48333333333335,
              "positions_held_per_day": 9.077639751552795,
              "sharpe_ratio": 0.08192187920654688,
              "sharpe_ratio_w": 0.10279949352142279,
              "sortino_ratio": 0.10675778982557022,
              "sortino_ratio_w": 0.13480745954094892,
              "sterling_ratio": 0.019537253415318197,
              "sterling_ratio_w": 0.02278857204457295,
              "volume_pct_per_day_avg": 0.4810858482698643,
              "volume_pct_per_day_avg_w": 0.5023614531730127},
 "backtest": {"base_dir": "backtests/pbgui/binance_5coin_adg_sharpe_omega_d7_dw3",
              "cache_dir": {"binance": "caches/hlcvs_data/7136b840c123e36a"},
              "coins": {"binance": ["DOGE", "ICP", "INJ", "LINK", "VET"]},
              "combine_ohlcvs": false,
              "compress_cache": true,
              "end_date": "2025-06-01",
              "exchanges": ["binance", "bybit"],
              "gap_tolerance_ohlcvs_minutes": 120,
              "start_date": "2020-01-01",
              "starting_balance": 1000,
              "use_btc_collateral": false},
 "bot": {"long": {"close_grid_markup_end": 0.094999,
                  "close_grid_markup_start": 0.098652,
                  "close_grid_qty_pct": 0.1941,
                  "close_trailing_grid_ratio": 0.85891,
                  "close_trailing_qty_pct": 0.21977,
                  "close_trailing_retracement_pct": 0.0072384,
                  "close_trailing_threshold_pct": 0.0042238,
                  "ema_span_0": 100.35,
                  "ema_span_1": 342.57,
                  "enforce_exposure_limit": true,
                  "entry_grid_double_down_factor": 2.6593,
                  "entry_grid_spacing_pct": 0.036545,
                  "entry_grid_spacing_weight": 1.6105,
                  "entry_initial_ema_dist": 0.017918,
                  "entry_initial_qty_pct": 0.024325,
                  "entry_trailing_double_down_factor": 4.6105,
                  "entry_trailing_grid_ratio": -0.11676,
                  "entry_trailing_retracement_pct": 0.066076,
                  "entry_trailing_threshold_pct": -0.044976,
                  "filter_noisiness_rolling_window": 60,
                  "filter_volume_drop_pct": 0,
                  "filter_volume_rolling_window": 60,
                  "n_positions": 5,
                  "total_wallet_exposure_limit": 2.2987,
                  "unstuck_close_pct": 0.0061194,
                  "unstuck_ema_dist": -0.036607,
                  "unstuck_loss_allowance_pct": 0.057706,
                  "unstuck_threshold": 0.93501},
         "short": {"close_grid_markup_end": 0.001,
                   "close_grid_markup_start": 0.001,
                   "close_grid_qty_pct": 0.05,
                   "close_trailing_grid_ratio": -1,
                   "close_trailing_qty_pct": 0.05,
                   "close_trailing_retracement_pct": 0,
                   "close_trailing_threshold_pct": -0.1,
                   "ema_span_0": 200,
                   "ema_span_1": 200,
                   "enforce_exposure_limit": true,
                   "entry_grid_double_down_factor": 0.1,
                   "entry_grid_spacing_pct": 0.01,
                   "entry_grid_spacing_weight": 0.2,
                   "entry_initial_ema_dist": -0.1,
                   "entry_initial_qty_pct": 0.025,
                   "entry_trailing_double_down_factor": 0.1,
                   "entry_trailing_grid_ratio": -1,
                   "entry_trailing_retracement_pct": 0,
                   "entry_trailing_threshold_pct": -0.1,
                   "filter_noisiness_rolling_window": 10,
                   "filter_volume_drop_pct": 0,
                   "filter_volume_rolling_window": 10,
                   "n_positions": 0,
                   "total_wallet_exposure_limit": 0,
                   "unstuck_close_pct": 0.005,
                   "unstuck_ema_dist": -0.1,
                   "unstuck_loss_allowance_pct": 0.01,
                   "unstuck_threshold": 0.7}},
 "disable_plotting": false,
 "live": {"approved_coins": {"long": ["DOGEUSDT",
                                      "LINKUSDT",
                                      "INJUSDT",
                                      "VETUSDT",
                                      "ICPUSDT"],
                             "short": []},
          "auto_gs": true,
          "coin_flags": {},
          "empty_means_all_approved": false,
          "execution_delay_seconds": 2,
          "filter_by_min_effective_cost": true,
          "forced_mode_long": "",
          "forced_mode_short": "",
          "ignored_coins": {"long": [], "short": []},
          "leverage": 10,
          "market_orders_allowed": true,
          "max_n_cancellations_per_batch": 5,
          "max_n_creations_per_batch": 3,
          "max_n_restarts_per_day": 10,
          "mimic_backtest_1m_delay": false,
          "minimum_coin_age_days": 30,
          "ohlcvs_1m_rolling_window_days": 4,
          "ohlcvs_1m_update_after_minutes": 10,
          "pnls_max_lookback_days": 30,
          "price_distance_threshold": 0.002,
          "time_in_force": "good_till_cancelled",
          "user": "bybit_01"},
 "optimize": {"bounds": {"long_close_grid_markup_end": [0, 0.1],
                         "long_close_grid_markup_start": [0, 0.1],
                         "long_close_grid_qty_pct": [0, 0.4],
                         "long_close_trailing_grid_ratio": [-1, 1],
                         "long_close_trailing_qty_pct": [0.1, 0.25],
                         "long_close_trailing_retracement_pct": [0.003, 0.01],
                         "long_close_trailing_threshold_pct": [0.001, 0.005],
                         "long_ema_span_0": [100, 800],