{
    "adg_btc": 0.0007846924821124368,
    "adg_per_exposure_long_btc": 8.718805356804854e-05,
    "adg_per_exposure_long_usd": 0.00018327334191601017,
    "adg_per_exposure_short_btc": 0.0,
    "adg_per_exposure_short_usd": 0.0,
    "adg_pnl": 0.0038675453426819458,
    "adg_pnl_w": 0.0013238761357812043,
    "adg_strategy_eq": 0.0016494600772440915,
    "adg_strategy_eq_w": 0.00035969670835147574,
    "adg_usd": 0.0016494600772440915,
    "adg_w_btc": 0.0012117788211658542,
    "adg_w_per_exposure_long_btc": 0.00013464209124065048,
    "adg_w_per_exposure_long_usd": 3.996630092794175e-05,
    "adg_w_per_exposure_short_btc": 0.0,
    "adg_w_per_exposure_short_usd": 0.0,
    "adg_w_usd": 0.00035969670835147574,
    "backtest_completion_ratio": 1.0,
    "calmar_ratio_btc": 0.001060158027727854,
    "calmar_ratio_strategy_eq": 0.006236473879183189,
    "calmar_ratio_strategy_eq_w": 0.0032070291567596345,
    "calmar_ratio_usd": 0.006236473879183179,
    "calmar_ratio_w_btc": 0.0050224637551905356,
    "calmar_ratio_w_usd": 0.0033290055787332335,
    "drawdown_worst_btc": 0.7401655805919812,
    "drawdown_worst_ema_strategy_eq": 0.0,
    "drawdown_worst_ema_strategy_eq_long": 0.0,
    "drawdown_worst_ema_strategy_eq_short": 0.0,
    "drawdown_worst_mean_1pct_btc": 0.7302224617389592,
    "drawdown_worst_mean_1pct_ema_strategy_eq": 0.0,
    "drawdown_worst_mean_1pct_ema_strategy_eq_long": 0.0,
    "drawdown_worst_mean_1pct_ema_strategy_eq_short": 0.0,
    "drawdown_worst_mean_1pct_strategy_eq": 0.157117588382968,
    "drawdown_worst_mean_1pct_strategy_eq_long": 0.0,
    "drawdown_worst_mean_1pct_strategy_eq_short": 0.0,
    "drawdown_worst_mean_1pct_usd": 0.15711758838296805,
    "drawdown_worst_strategy_eq": 0.2644860075097639,
    "drawdown_worst_strategy_eq_long": 0.0,
    "drawdown_worst_strategy_eq_short": 0.0,
    "drawdown_worst_usd": 0.26448600750976436,
    "entry_initial_balance_pct_long": 0.188613,
    "entry_initial_balance_pct_short": 0.0,
    "entry_interval_hours_max": 1287.1666666666667,
    "entry_interval_hours_mean": 24.171057738961668,
    "entry_interval_hours_median": 3.3666666666666667,
    "entry_interval_hours_p95": 109.6,
    "entry_interval_hours_p99": 250.26333333333378,
    "equity_balance_diff_neg_max_btc": 0.5073137003675863,
    "equity_balance_diff_neg_max_usd": 0.22954431438232628,
    "equity_balance_diff_neg_mean_btc": 0.11625044569024809,
    "equity_balance_diff_neg_mean_usd": 0.03407037971110447,
    "equity_balance_diff_pos_max_btc": 1.6588545985709882,
    "equity_balance_diff_pos_max_usd": 1.0417000935510503,
    "equity_balance_diff_pos_mean_btc": 0.20760572490573273,
    "equity_balance_diff_pos_mean_usd": 0.053489314990291366,
    "equity_choppiness_btc": 25.632451042718042,
    "equity_choppiness_usd": 1.8189170435724595,
    "equity_choppiness_w_btc": 15.81329519666557,
    "equity_choppiness_w_usd": 1.9531398407570815,
    "equity_jerkiness_btc": 0.0273656693539455,
    "equity_jerkiness_usd": 0.004296751666370378,
    "equity_jerkiness_w_btc": 0.01704659715007726,
    "equity_jerkiness_w_usd": 0.0010386559388272357,
    "expected_shortfall_1pct_btc": 0.158170241007817,
    "expected_shortfall_1pct_strategy_eq": 0.08813642346724737,
    "expected_shortfall_1pct_usd": 0.08813642346724739,
    "exponential_fit_error_btc": 0.5216549569722186,
    "exponential_fit_error_usd": 0.22534265858460853,
    "exponential_fit_error_w_btc": 0.07020542106516518,
    "exponential_fit_error_w_usd": 0.0231128384575257,
    "exposure_mean_ratio_btc": 0.01977388073578487,
    "exposure_mean_ratio_usd": 0.0415656165814899,
    "exposure_mean_ratio_w_btc": 0.20841602430234887,
    "exposure_mean_ratio_w_usd": 0.030898525335160694,
    "exposure_ratio_btc": 8.696532997785067e-05,
    "exposure_ratio_usd": 0.00018280516657513926,
    "exposure_ratio_w_btc": 0.0004788875326536715,
    "exposure_ratio_w_usd": 8.178464606242292e-05,
    "gain_btc": 5.107632250868781,
    "gain_per_exposure_long_btc": 0.5675146945409756,
    "gain_per_exposure_long_usd": 3.4184179026277914,
    "gain_per_exposure_short_btc": 0.0,
    "gain_per_exposure_short_usd": 0.0,
    "gain_strategy_eq": 30.765761123650098,
    "gain_usd": 30.765761123650122,
    "hard_stop_duration_minutes_max": 0.0,
    "hard_stop_duration_minutes_mean": 0.0,
    "hard_stop_flatten_time_minutes_mean": 0.0,
    "hard_stop_halt_to_restart_equity_loss_pct": 0.0,
    "hard_stop_panic_close_loss_max": 0.0,
    "hard_stop_panic_close_loss_sum": 0.0,
    "hard_stop_post_restart_retrigger_pct": 0.0,
    "hard_stop_restarts": 0,
    "hard_stop_restarts_long": 0,
    "hard_stop_restarts_per_year": 0.0,
    "hard_stop_restarts_per_year_long": 0.0,
    "hard_stop_restarts_per_year_short": 0.0,
    "hard_stop_restarts_short": 0,
    "hard_stop_time_in_orange_pct": 0.0,
    "hard_stop_time_in_red_pct": 0.0,
    "hard_stop_time_in_yellow_pct": 0.0,
    "hard_stop_trigger_drawdown_mean": 0.0,
    "hard_stop_triggers": 0,
    "hard_stop_triggers_long": 0,
    "hard_stop_triggers_per_year": 0.0,
    "hard_stop_triggers_short": 0,
    "high_exposure_days_max_long": 8.109027777777778,
    "high_exposure_days_max_short": 0.0,
    "high_exposure_days_mean_long": 0.06820009142734215,
    "high_exposure_days_mean_short": 0.0,
    "high_exposure_hours_max_long": 194.61666666666667,
    "high_exposure_hours_max_short": 0.0,
    "high_exposure_hours_mean_long": 1.6368021942562117,
    "high_exposure_hours_mean_short": 0.0,
    "liquidated": false,
    "long_short_profit_ratio": 1.0,
    "loss_profit_ratio": 0.09968857753432508,
    "loss_profit_ratio_long": 0.09968857753432508,
    "loss_profit_ratio_short": 1.0,
    "loss_profit_ratio_w": 0.2110417976661521,
    "mdg_btc": 0.0,
    "mdg_per_exposure_long_btc": 0.0,
    "mdg_per_exposure_long_usd": 0.0,
    "mdg_per_exposure_short_btc": 0.0,
    "mdg_per_exposure_short_usd": 0.0,
    "mdg_pnl": 0.0006193360144049872,
    "mdg_pnl_w": 0.0005346589663390984,
    "mdg_strategy_eq": 0.0,
    "mdg_strategy_eq_w": 0.0,
    "mdg_usd": 0.0,
    "mdg_w_btc": 0.0,
    "mdg_w_per_exposure_long_btc": 0.0,
    "mdg_w_per_exposure_long_usd": 0.0,
    "mdg_w_per_exposure_short_btc": 0.0,
    "mdg_w_per_exposure_short_usd": 0.0,
    "mdg_w_usd": 0.0,
    "omega_ratio_btc": 1.2424212827579235,
    "omega_ratio_strategy_eq": 5.7216621973144175,
    "omega_ratio_strategy_eq_w": 4.158629347180658,
    "omega_ratio_usd": 5.7216621973144255,
    "omega_ratio_w_btc": 1.472054550986965,
    "omega_ratio_w_usd": 4.158629347180694,
    "paper_loss_mean_ratio_btc": 0.006750016978027486,
    "paper_loss_mean_ratio_usd": 0.0484133165297975,
    "paper_loss_mean_ratio_w_btc": 0.3182329695697255,
    "paper_loss_mean_ratio_w_usd": 0.06579526530508459,
    "paper_loss_ratio_btc": 0.0015467598875091863,
    "paper_loss_ratio_usd": 0.007185802365362753,
    "paper_loss_ratio_w_btc": 0.2723231755166589,
    "paper_loss_ratio_w_usd": 0.004755230503977269,
    "peak_recovery_days_equity_btc": 223.24444444444444,
    "peak_recovery_days_equity_usd": 163.31666666666666,
    "peak_recovery_days_pnl": 132.0875,
    "peak_recovery_days_strategy_eq": 163.31666666666666,
    "peak_recovery_days_strategy_eq_long": 0.0,
    "peak_recovery_days_strategy_eq_short": 0.0,
    "peak_recovery_hours_equity_btc": 5357.866666666667,
    "peak_recovery_hours_equity_usd": 3919.6,
    "peak_recovery_hours_pnl": 3170.1,
    "peak_recovery_hours_strategy_eq": 3919.6,
    "peak_recovery_hours_strategy_eq_long": 0.0,
    "peak_recovery_hours_strategy_eq_short": 0.0,
    "pnl_ratio_long_short": 1.0,
    "position_held_days_max": 8.109027777777778,
    "position_held_days_mean": 0.06820009142734215,
    "position_held_days_median": 0.001388888888888889,
    "position_held_hours_max": 194.61666666666667,
    "position_held_hours_mean": 1.6368021942562117,
    "position_held_hours_median": 0.03333333333333333,
    "position_unchanged_days_max": 4.816666666666666,
    "position_unchanged_hours_max": 115.6,