{
    "adg": 0.003433684464024811,
    "adg_w": 0.0021140676072285204,
    "calmar_ratio": 0.004138222017234856,
    "calmar_ratio_w": 0.017336406887884532,
    "drawdown_worst": 0.8297487301851401,
    "drawdown_worst_mean_1pct": 0.17245516164741992,
    "equity_balance_diff_neg_max": 0.8256230815484971,
    "equity_balance_diff_neg_mean": 0.005699885971873999,
    "equity_balance_diff_pos_max": 0.42252249898875865,
    "equity_balance_diff_pos_mean": 0.010719887431036256,
    "equity_choppiness": 1.1713146831666823,
    "equity_choppiness_w": 1.188423297490775,
    "equity_jerkiness": 0.006664367305021601,
    "equity_jerkiness_w": 0.004374050661184186,
    "expected_shortfall_1pct": 0.134538804046818,
    "exponential_fit_error": 0.48560075561217036,
    "exponential_fit_error_w": 0.05260998485891405,
    "gain": 791.5017647676259,
    "loss_profit_ratio": 0.09027383872405614,
    "loss_profit_ratio_long": 0.09027383872405614,
    "loss_profit_ratio_short": 1.0,
    "loss_profit_ratio_w": 0.08802926900383098,
    "mdg": 0.0,
    "mdg_w": 0.0,
    "omega_ratio": 25.754953542249456,
    "omega_ratio_w": 19.463097850574577,
    "pnl_ratio_long_short": 1.0,
    "position_held_hours_max": 118.11666666666666,
    "position_held_hours_mean": 1.2407771064115476,
    "position_held_hours_median": 0.23333333333333334,
    "position_unchanged_hours_max": 77.61666666666666,
    "positions_held_per_day": 1.0200308166409862,
    "sharpe_ratio": 0.012591436819305279,
    "sharpe_ratio_w": 0.07347423275837357,
    "sortino_ratio": 0.07081275936017126,
    "sortino_ratio_w": 0.1260931039384837,
    "sterling_ratio": 0.019910592592437965,
    "sterling_ratio_w": 0.024236428566911737
}