{
    "adg": 0.0032038158267544414,
    "adg_per_exposure_long": 0.001070293254077117,
    "adg_per_exposure_short": 0.0,
    "adg_w": 0.002299942937488542,
    "adg_w_per_exposure_long": 0.0007683379894062076,
    "adg_w_per_exposure_short": 0.0,
    "calmar_ratio": 0.005733593211111369,
    "calmar_ratio_w": 0.007411180104263525,
    "drawdown_worst": 0.5587797579614879,
    "drawdown_worst_mean_1pct": 0.22577126560880428,
    "equity_balance_diff_neg_max": 0.5675852425745646,
    "equity_balance_diff_neg_mean": 0.007747684878439158,
    "equity_balance_diff_pos_max": 0.4227788891929619,
    "equity_balance_diff_pos_mean": 0.0019013961062483062,
    "equity_choppiness": 2.882453478033599,
    "equity_choppiness_w": 3.2346073265071262,
    "equity_jerkiness": 0.011407015486204196,
    "equity_jerkiness_w": 0.013084046605800776,
    "expected_shortfall_1pct": 0.1630874916759794,
    "exponential_fit_error": 0.3196983670593822,
    "exponential_fit_error_w": 0.036309667075639845,
    "gain": 508.2924507480712,
    "gain_per_exposure_long": 169.80438656647,
    "gain_per_exposure_short": 0.0,
    "loss_profit_ratio": 0.0833987486786707,
    "loss_profit_ratio_long": 0.0833987486786707,
    "loss_profit_ratio_short": 1.0,
    "loss_profit_ratio_w": 0.09062544139297665,
    "mdg": 0.00026436243413754354,
    "mdg_per_exposure_long": 8.831510460932169e-05,
    "mdg_per_exposure_short": 0.0,
    "mdg_w": 0.00012288303746568725,
    "mdg_w_per_exposure_long": 4.1051325404452215e-05,
    "mdg_w_per_exposure_short": 0.0,
    "omega_ratio": 3.0772166160262904,
    "omega_ratio_w": 2.1109100227136595,
    "pnl_ratio_long_short": 1.0,
    "position_held_hours_max": 1107.6,
    "position_held_hours_mean": 7.484398034398034,
    "position_held_hours_median": 1.4166666666666667,
    "position_unchanged_hours_max": 220.96666666666667,
    "positions_held_per_day": 2.089322381930185,
    "sharpe_ratio": 0.03915512072031743,
    "sharpe_ratio_w": 0.04760066638320683,
    "sortino_ratio": 0.10398331586936094,
    "sortino_ratio_w": 0.06695842845670592,
    "sterling_ratio": 0.014190538455437102,
    "sterling_ratio_w": 0.0093013633570841,
    "volume_pct_per_day_avg": 0.9447802947112746,
    "volume_pct_per_day_avg_w": 0.7867207812659857
}