{
    "adg": 0.03763029698592302,
    "adg_per_exposure_long": 0.003961083893255055,
    "adg_per_exposure_short": 0.0,
    "adg_w": 0.006551585196713372,
    "adg_w_per_exposure_long": 0.0006896405470224601,
    "adg_w_per_exposure_short": 0.0,
    "calmar_ratio": 0.17042989584113621,
    "calmar_ratio_w": 0.05167504372521131,
    "drawdown_worst": 0.22079633857782535,
    "drawdown_worst_mean_1pct": 0.22079633857782535,
    "equity_balance_diff_neg_max": 0.39412401528245883,
    "equity_balance_diff_neg_mean": 0.01192439645920696,
    "equity_balance_diff_pos_max": 0.8589477186617397,
    "equity_balance_diff_pos_mean": 0.010737705759942697,
    "equity_choppiness": 1.0846143909626995,
    "equity_choppiness_w": 1.2870656998834125,
    "equity_jerkiness": 0.06079458112680997,
    "equity_jerkiness_w": 0.01298790013106776,
    "expected_shortfall_1pct": 0.22079633857782538,
    "exponential_fit_error": 1.0184574025775246,
    "exponential_fit_error_w": 0.10296327939033685,
    "gain": 355.45152342792494,
    "gain_per_exposure_long": 37.415949834518415,
    "gain_per_exposure_short": 0.0,
    "loss_profit_ratio": 0.001139448106933684,
    "loss_profit_ratio_long": 0.001139448106933684,
    "loss_profit_ratio_short": 1.0,
    "loss_profit_ratio_w": 0.00030600876914671363,
    "mdg": 0.004227125908335683,
    "mdg_per_exposure_long": 0.00044496062193007184,
    "mdg_per_exposure_short": 0.0,
    "mdg_w": 0.0005279314127524893,
    "mdg_w_per_exposure_long": 5.557172765815677e-05,
    "mdg_w_per_exposure_short": 0.0,
    "omega_ratio": 38.333921129269555,
    "omega_ratio_w": 14.504194292294248,
    "pnl_ratio_long_short": 1.0,
    "position_held_hours_max": 20.166666666666668,
    "position_held_hours_mean": 0.5390151515151516,
    "position_held_hours_median": 0.05,
    "position_unchanged_hours_max": 17.4,
    "positions_held_per_day": 6.918238993710692,
    "sharpe_ratio": 0.21143945771292655,
    "sharpe_ratio_w": 0.13030737570984083,
    "sortino_ratio": 0.6344357823188022,
    "sortino_ratio_w": 0.15896695108969972,
    "sterling_ratio": 0.17042989584113621,
    "sterling_ratio_w": 0.05167504372521131,
    "volume_pct_per_day_avg": 8.004285405414613,
    "volume_pct_per_day_avg_w": 3.035611344783031
}