{"analysis": {"adg": 0.003975451084422543,
              "adg_per_exposure_long": 0.0016434747266516091,
              "adg_per_exposure_short": 0.0,
              "adg_w": 0.003963088641532608,
              "adg_w_per_exposure_long": 0.0016383640204656134,
              "adg_w_per_exposure_short": 0.0,
              "calmar_ratio": 0.008800350962810177,
              "calmar_ratio_w": 0.015634584788166976,
              "drawdown_worst": 0.45173778877940113,
              "drawdown_worst_mean_1pct": 0.24142633917805847,
              "equity_balance_diff_neg_max": 0.44780831802586163,
              "equity_balance_diff_neg_mean": 0.030915071668757677,
              "equity_balance_diff_pos_max": 0.25904091157264064,
              "equity_balance_diff_pos_mean": 0.018111724585150743,
              "equity_choppiness": 3.480756272665337,
              "equity_choppiness_w": 3.503489815996325,
              "equity_jerkiness": 0.017474645840675127,
              "equity_jerkiness_w": 0.01889190949481545,
              "expected_shortfall_1pct": 0.16939859421870965,
              "exponential_fit_error": 0.1385954082694778,
              "exponential_fit_error_w": 0.022475734931431467,
              "gain": 2009.8822567506238,
              "gain_per_exposure_long": 830.8970786883567,
              "gain_per_exposure_short": 0.0,
              "loss_profit_ratio": 0.1992426560407093,
              "loss_profit_ratio_long": 0.1992426560407093,
              "loss_profit_ratio_short": 1.0,
              "loss_profit_ratio_w": 0.2088433899284717,
              "mdg": 0.0002932061086036165,
              "mdg_per_exposure_long": 0.00012121311995967019,
              "mdg_per_exposure_short": 0.0,
              "mdg_w": 0.00011768501788786199,
              "mdg_w_per_exposure_long": 4.865167461426279e-05,
              "mdg_w_per_exposure_short": 0.0,
              "omega_ratio": 2.1822764996934017,
              "omega_ratio_w": 2.0520246416665615,
              "pnl_ratio_long_short": 1.0,
              "position_held_hours_max": 1890.1,
              "position_held_hours_mean": 29.5466251298027,
              "position_held_hours_median": 10.991666666666667,
              "position_unchanged_hours_max": 1328.45,
              "positions_held_per_day": 2.344287949921753,
              "sharpe_ratio": 0.08425062172883341,
              "sharpe_ratio_w": 0.10570768017944776,
              "sortino_ratio": 0.11544037199914597,
              "sortino_ratio_w": 0.13425575343052776,
              "sterling_ratio": 0.016466517687991535,
              "sterling_ratio_w": 0.019257268187673725,
              "volume_pct_per_day_avg": 0.19321515252336346,
              "volume_pct_per_day_avg_w": 0.20287343223143103},
 "backtest": {"base_dir": "backtests/pbgui/dw05_dw1p025_ebd006",
              "cache_dir": {"binance": "caches/hlcvs_data/e6e742dfbc43b2fd"},
              "coins": {"binance": ["AVAX",
                                    "DOGE",
                                    "INJ",
                                    "LINK",
                                    "OP",
                                    "VET"]},
              "combine_ohlcvs": false,
              "compress_cache": false,
              "end_date": "2025-05-17",
              "exchanges": ["binance", "bybit"],
              "gap_tolerance_ohlcvs_minutes": 120,
              "start_date": "2020-01-01",
              "starting_balance": 1000,
              "use_btc_collateral": false},
 "bot": {"long": {"close_grid_markup_range": 0.26018166175339913,
                  "close_grid_min_markup": 0.04778063522175928,
                  "close_grid_qty_pct": 0.4958158491199281,
                  "close_trailing_grid_ratio": 0.34733807107688186,
                  "close_trailing_qty_pct": 0.17158801970876295,
                  "close_trailing_retracement_pct": 0.05601076569432679,
                  "close_trailing_threshold_pct": -0.057735654663125024,
                  "ema_span_0": 439.11617817434393,
                  "ema_span_1": 493.02099205861543,
                  "enforce_exposure_limit": true,
                  "entry_grid_double_down_factor": 0.4129611903427528,
                  "entry_grid_spacing_pct": 0.05130085169764039,
                  "entry_grid_spacing_weight": 0.5445622655199781,
                  "entry_initial_ema_dist": 0.035691925556714285,
                  "entry_initial_qty_pct": 0.03659301709041807,
                  "entry_trailing_double_down_factor": 0.4129611903427528,
                  "entry_trailing_grid_ratio": -0.09638186484480384,
                  "entry_trailing_retracement_pct": 0.004086231154243565,
                  "entry_trailing_threshold_pct": -0.09649068132804704,
                  "filter_noisiness_rolling_window": 60,
                  "filter_volume_drop_pct": 0,
                  "filter_volume_rolling_window": 60,
                  "n_positions": 6,
                  "total_wallet_exposure_limit": 2.418930464797635,
                  "unstuck_close_pct": 0.007428294110893987,
                  "unstuck_ema_dist": 0.0012548330609778336,
                  "unstuck_loss_allowance_pct": 0.010009266415264829,
                  "unstuck_threshold": 0.9030188337350172},
         "short": {"close_grid_markup_range": 0.010012483033440427,
                   "close_grid_min_markup": 0.002927652027519779,
                   "close_grid_qty_pct": 0.05000025595033479,
                   "close_trailing_grid_ratio": 0.060476351758127954,
                   "close_trailing_qty_pct": 0.050154567787855146,
                   "close_trailing_retracement_pct": 0.0008983466170570103,
                   "close_trailing_threshold_pct": 6.41289845016771e-05,
                   "ema_span_0": 235.24057985081708,
                   "ema_span_1": 210.2901401764923,
                   "enforce_exposure_limit": true,
                   "entry_grid_double_down_factor": 0.1018796633770567,
                   "entry_grid_spacing_pct": 0.010100535597955252,
                   "entry_grid_spacing_weight": 0.2171563339162714,
                   "entry_initial_ema_dist": -0.0015661736265102648,
                   "entry_initial_qty_pct": 0.02628073947135782,
                   "entry_trailing_double_down_factor": 0.1018796633770567,
                   "entry_trailing_grid_ratio": -0.00042285087184879835,
                   "entry_trailing_retracement_pct": 0.007100160032306179,
                   "entry_trailing_threshold_pct": 4.770746650448159e-05,
                   "filter_noisiness_rolling_window": 10.009893095824058,
                   "filter_volume_drop_pct": 0.01774194642914631,
                   "filter_volume_rolling_window": 10.009893095824058,
                   "n_positions": 0,
                   "total_wallet_exposure_limit": 0,
                   "unstuck_close_pct": 0.005005146995009239,
                   "unstuck_ema_dist": 3.971642070852767e-06,
                   "unstuck_loss_allowance_pct": 0.01000856607895695,
                   "unstuck_threshold": 0.8134864191931617}},
 "disable_plotting": false,
 "live": {"approved_coins": {"long": ["INJUSDT",
                                      "AVAXUSDT",
                                      "DOGEUSDT",
                                      "OPUSDT",
                                      "VETUSDT",
                                      "LINKUSDT"],
                             "short": []},
          "auto_gs": true,
          "coin_flags": {},
          "empty_means_all_approved": false,
          "execution_delay_seconds": 2,
          "filter_by_min_effective_cost": true,
          "forced_mode_long": "",
          "forced_mode_short": "",
          "ignored_coins": {"long": [], "short": []},
          "leverage": 10,
          "market_orders_allowed": true,
          "max_n_cancellations_per_batch": 5,
          "max_n_creations_per_batch": 3,
          "max_n_restarts_per_day": 10,