{
    "adg": 0.007755444494153885,
    "adg_per_exposure_long": 0.001551088898830777,
    "adg_per_exposure_short": 0.0,
    "adg_w": 0.0037169299188895668,
    "adg_w_per_exposure_long": 0.0007433859837779134,
    "adg_w_per_exposure_short": 0.0,
    "calmar_ratio": 0.010656702266962718,
    "calmar_ratio_w": 0.014853526712729109,
    "drawdown_worst": 0.7277527606449941,
    "drawdown_worst_mean_1pct": 0.309914292454436,
    "equity_balance_diff_neg_max": 0.7681942259929927,
    "equity_balance_diff_neg_mean": 0.009064436509917215,
    "equity_balance_diff_pos_max": 0.4388396069134116,
    "equity_balance_diff_pos_mean": 0.0019844505989085616,
    "equity_choppiness": 1.3063113439832796,
    "equity_choppiness_w": 1.5230837106973674,
    "equity_jerkiness": 0.011837499907263441,
    "equity_jerkiness_w": 0.008306668668915624,
    "expected_shortfall_1pct": 0.2820321911258654,
    "exponential_fit_error": 2.734218249838251,
    "exponential_fit_error_w": 0.28187596959888656,
    "gain": 974873.7354473061,
    "gain_per_exposure_long": 194974.74708946122,
    "gain_per_exposure_short": 0.0,
    "loss_profit_ratio": 0.018153787112755775,
    "loss_profit_ratio_long": 0.018153787112755775,
    "loss_profit_ratio_short": 1.0,
    "loss_profit_ratio_w": 0.019020367210676598,
    "mdg": 0.0006571637505164204,
    "mdg_per_exposure_long": 0.00013143275010328408,
    "mdg_per_exposure_short": 0.0,
    "mdg_w": 0.0001535776615878198,
    "mdg_w_per_exposure_long": 3.071553231756396e-05,
    "mdg_w_per_exposure_short": 0.0,
    "omega_ratio": 22.738275980832388,
    "omega_ratio_w": 8.922619550310875,
    "pnl_ratio_long_short": 1.0,
    "position_held_hours_max": 170.61666666666667,
    "position_held_hours_mean": 0.8650960267475313,
    "position_held_hours_median": 0.16666666666666666,
    "position_unchanged_hours_max": 108.68333333333334,
    "positions_held_per_day": 4.803361344537815,
    "sharpe_ratio": 0.04979728598562103,
    "sharpe_ratio_w": 0.07751389795064298,
    "sortino_ratio": 0.12129587958482817,
    "sortino_ratio_w": 0.09899142339053582,
    "sterling_ratio": 0.02502448155176354,
    "sterling_ratio_w": 0.019063631761441817,
    "volume_pct_per_day_avg": 2.0500677685833746,
    "volume_pct_per_day_avg_w": 1.4241500977273804
}