{
    "adg": 0.012722040893134334,
    "adg_per_exposure_long": 0.002578809497321131,
    "adg_per_exposure_short": 0.0,
    "adg_w": 0.019237244337176395,
    "adg_w_per_exposure_long": 0.0038994677674531034,
    "adg_w_per_exposure_short": 0.0,
    "calmar_ratio": 0.03181084226554371,
    "calmar_ratio_w": 0.04823773228787571,
    "drawdown_worst": 0.3999278229396133,
    "drawdown_worst_mean_1pct": 0.3865014087919773,
    "equity_balance_diff_neg_max": 0.4035216038277246,
    "equity_balance_diff_neg_mean": 0.0489938503585522,
    "equity_balance_diff_pos_max": 0.5403562715186531,
    "equity_balance_diff_pos_mean": 0.003483366003851991,
    "equity_choppiness": 2.449811516820419,
    "equity_choppiness_w": 1.9851057392423779,
    "equity_jerkiness": 0.05661624002086617,
    "equity_jerkiness_w": 0.06505369778108462,
    "expected_shortfall_1pct": 0.3387657977539632,
    "exponential_fit_error": 0.06350264469228012,
    "exponential_fit_error_w": 0.039357368760720504,
    "flat_btc_balance_hours": 0.0,
    "gain": 41.127948699410496,
    "gain_per_exposure_long": 8.336802687736505,
    "gain_per_exposure_short": 0.0,
    "loss_profit_ratio": 0.028494895092486344,
    "loss_profit_ratio_long": 0.028494895092486344,
    "loss_profit_ratio_short": 1.0,
    "loss_profit_ratio_w": 0.022371823294865333,
    "mdg": 0.007395753490944878,
    "mdg_per_exposure_long": 0.0014991493505249788,
    "mdg_per_exposure_short": 0.0,
    "mdg_w": 0.005492782371768067,
    "mdg_w_per_exposure_long": 0.001113409355151332,
    "mdg_w_per_exposure_short": 0.0,
    "omega_ratio": 2.329420309893118,
    "omega_ratio_w": 3.665284019542392,
    "pnl_ratio_long_short": 1.0,
    "position_held_hours_max": 226.45,
    "position_held_hours_mean": 6.0747010999521756,
    "position_held_hours_median": 0.6,
    "position_unchanged_hours_max": 162.58333333333334,
    "positions_held_per_day": 2.370748299319728,
    "sharpe_ratio": 0.08891742478029185,
    "sharpe_ratio_w": 0.07346164675926654,
    "sortino_ratio": 0.16775397934612368,
    "sortino_ratio_w": 0.2321010105108932,
    "sterling_ratio": 0.03291589785635578,
    "sterling_ratio_w": 0.04834823784695692,
    "volume_pct_per_day_avg": 4.9608584086943965,
    "volume_pct_per_day_avg_w": 4.479677347487652
}