{"analysis": {"adg": 0.006193609599088656,
              "adg_per_exposure_long": 0.002037438599654152,
              "adg_per_exposure_short": 0.0,
              "adg_w": 0.0024053100348913727,
              "adg_w_per_exposure_long": 0.000791246434057493,
              "adg_w_per_exposure_short": 0.0,
              "calmar_ratio": 0.014789252179978769,
              "calmar_ratio_w": 0.009197944177170906,
              "drawdown_worst": 0.4187912629871423,
              "drawdown_worst_mean_1pct": 0.27669452011700413,
              "equity_balance_diff_neg_max": 0.8266008901603196,
              "equity_balance_diff_neg_mean": 0.014235513789847717,
              "equity_balance_diff_pos_max": 0.5305594841763148,
              "equity_balance_diff_pos_mean": 0.0015639114605282695,
              "equity_choppiness": 1.2729514294679347,
              "equity_choppiness_w": 1.3388298847011304,
              "equity_jerkiness": 0.00844106281299855,
              "equity_jerkiness_w": 0.004618674452442643,
              "expected_shortfall_1pct": 0.24882305221560866,
              "exponential_fit_error": 2.5818435699129796,
              "exponential_fit_error_w": 0.26251570581678546,
              "gain": 78798.69095223311,
              "gain_per_exposure_long": 25921.474703849835,
              "gain_per_exposure_short": 0.0,
              "loss_profit_ratio": 0.05743827586246644,
              "loss_profit_ratio_long": 0.05743827586246644,
              "loss_profit_ratio_short": 1.0,
              "loss_profit_ratio_w": 0.048492691329591976,
              "mdg": 0.0004011009344709256,
              "mdg_per_exposure_long": 0.00013194543717586946,
              "mdg_per_exposure_short": 0.0,
              "mdg_w": 0.00018737938772264308,
              "mdg_w_per_exposure_long": 6.163998411876808e-05,
              "mdg_w_per_exposure_short": 0.0,
              "omega_ratio": 23.62886457050067,
              "omega_ratio_w": 10.7646365621044,
              "pnl_ratio_long_short": 1.0,
              "position_held_hours_max": 67.46666666666667,
              "position_held_hours_mean": 0.40931418601529995,
              "position_held_hours_median": 0.11666666666666667,
              "position_unchanged_hours_max": 53.983333333333334,
              "positions_held_per_day": 4.080503833515881,
              "sharpe_ratio": 0.05566855941270181,
              "sharpe_ratio_w": 0.06552214061936586,
              "sortino_ratio": 0.11360426577953324,
              "sortino_ratio_w": 0.06878717731490194,
              "sterling_ratio": 0.022384287178761626,
              "sterling_ratio_w": 0.012566508866089579,
              "volume_pct_per_day_avg": 2.080034499370579,
              "volume_pct_per_day_avg_w": 1.2834798443053277},
 "backtest": {"base_dir": "backtests/pbgui/DOGE_adg_w_sharpe_omega",
              "cache_dir": {"binance": "caches/hlcvs_data/b95c6d2efe729baa"},
              "coins": {"binance": ["DOGE"]},
              "combine_ohlcvs": false,
              "compress_cache": true,
              "end_date": "2025-08-07",
              "exchanges": ["bybit", "binance"],
              "gap_tolerance_ohlcvs_minutes": 120,
              "start_date": "2020-01-01",
              "starting_balance": 1000,
              "use_btc_collateral": false},
 "bot": {"long": {"close_grid_markup_end": 0.0046832,
                  "close_grid_markup_start": 0.01016,
                  "close_grid_qty_pct": 0.35904,
                  "close_trailing_grid_ratio": 0.86395,
                  "close_trailing_qty_pct": 0.15197,
                  "close_trailing_retracement_pct": 0.0046412,
                  "close_trailing_threshold_pct": 0.0040467,
                  "ema_span_0": 86.359,
                  "ema_span_1": 19.39,
                  "enforce_exposure_limit": true,
                  "entry_grid_double_down_factor": 2.2726,
                  "entry_grid_spacing_pct": 0.02281,
                  "entry_grid_spacing_weight": 0.20751,
                  "entry_initial_ema_dist": 0.011305,
                  "entry_initial_qty_pct": 0.02387,
                  "entry_trailing_double_down_factor": 4.019,
                  "entry_trailing_grid_ratio": -0.54306,
                  "entry_trailing_retracement_pct": 0.12193,
                  "entry_trailing_threshold_pct": -0.058458,
                  "filter_noisiness_rolling_window": 60,
                  "filter_volume_drop_pct": 0,
                  "filter_volume_rolling_window": 60,
                  "n_positions": 1,
                  "total_wallet_exposure_limit": 3.0399,
                  "unstuck_close_pct": 0.016631,
                  "unstuck_ema_dist": -0.095035,
                  "unstuck_loss_allowance_pct": 0.23387,
                  "unstuck_threshold": 0.85085},
         "short": {"close_grid_markup_end": 0.001,
                   "close_grid_markup_start": 0.001,
                   "close_grid_qty_pct": 0.1,
                   "close_trailing_grid_ratio": -1,
                   "close_trailing_qty_pct": 0.1,
                   "close_trailing_retracement_pct": 0.003,
                   "close_trailing_threshold_pct": -0.001,
                   "ema_span_0": 200,
                   "ema_span_1": 200,
                   "enforce_exposure_limit": true,
                   "entry_grid_double_down_factor": 0.6,
                   "entry_grid_spacing_pct": 0.01,
                   "entry_grid_spacing_weight": 0.2,
                   "entry_initial_ema_dist": -0.001,
                   "entry_initial_qty_pct": 0.025,
                   "entry_trailing_double_down_factor": 0.1,
                   "entry_trailing_grid_ratio": -1,
                   "entry_trailing_retracement_pct": 0,
                   "entry_trailing_threshold_pct": -0.1,
                   "filter_noisiness_rolling_window": 60,
                   "filter_volume_drop_pct": 0.53,
                   "filter_volume_rolling_window": 60,
                   "n_positions": 0,
                   "total_wallet_exposure_limit": 0,
                   "unstuck_close_pct": 0.005,
                   "unstuck_ema_dist": -0.1,
                   "unstuck_loss_allowance_pct": 0.01,
                   "unstuck_threshold": 0.55}},
 "coin_overrides": {},
 "disable_plotting": false,
 "live": {"approved_coins": {"long": ["DOGEUSDT"], "short": []},
          "auto_gs": true,
          "empty_means_all_approved": false,
          "execution_delay_seconds": 2,
          "filter_by_min_effective_cost": true,
          "forced_mode_long": "",
          "forced_mode_short": "",
          "ignored_coins": {"long": [], "short": []},
          "leverage": 10,
          "market_orders_allowed": true,
          "max_n_cancellations_per_batch": 5,
          "max_n_creations_per_batch": 3,
          "max_n_restarts_per_day": 10,
          "mimic_backtest_1m_delay": false,
          "minimum_coin_age_days": 30,
          "ohlcvs_1m_rolling_window_days": 4,
          "ohlcvs_1m_update_after_minutes": 10,
          "pnls_max_lookback_days": 30,
          "price_distance_threshold": 0.002,
          "time_in_force": "good_till_cancelled",
          "user": "bybit_01"},
 "optimize": {"bounds": {"long_close_grid_markup_end": [0.001, 0.03],
                         "long_close_grid_markup_start": [0.001, 0.03],
                         "long_close_grid_qty_pct": [0.05, 0.4],
                         "long_close_trailing_grid_ratio": [-1, 1],
                         "long_close_trailing_qty_pct": [0.05, 0.25],
                         "long_close_trailing_retracement_pct": [0.003, 0.01],
                         "long_close_trailing_threshold_pct": [0.001, 0.005],
                         "long_ema_span_0": [1, 10000],
                         "long_ema_span_1": [1, 10000],
                         "long_entry_grid_double_down_factor": [0, 10],
                         "long_entry_grid_spacing_pct": [0.01, 0.12],
                         "long_entry_grid_spacing_weight": [0.2, 2],