{"analysis": {"adg": 0.0037306334399487273,
              "adg_per_exposure_long": 0.0012435444799829092,
              "adg_per_exposure_short": 0.0,
              "adg_w": 0.0027143115131205153,
              "adg_w_per_exposure_long": 0.0009047705043735051,
              "adg_w_per_exposure_short": 0.0,
              "calmar_ratio": 0.006055164457277462,
              "calmar_ratio_w": 0.009179076514957234,
              "drawdown_worst": 0.6161076988528408,
              "drawdown_worst_mean_1pct": 0.2978055104191236,
              "equity_balance_diff_neg_max": 0.6378452972391709,
              "equity_balance_diff_neg_mean": 0.009417329589443652,
              "equity_balance_diff_pos_max": 0.24028621451318408,
              "equity_balance_diff_pos_mean": 0.006612124762149105,
              "equity_choppiness": 2.214357623409237,
              "equity_choppiness_w": 2.684793417040242,
              "equity_jerkiness": 0.01043227815646149,
              "equity_jerkiness_w": 0.011165746887570554,
              "expected_shortfall_1pct": 0.26142215133823293,
              "exponential_fit_error": 0.2849460315180495,
              "exponential_fit_error_w": 0.033246705041643336,
              "gain": 589.1519915816237,
              "gain_per_exposure_long": 196.3839971938746,
              "gain_per_exposure_short": 0.0,
              "loss_profit_ratio": 0.039437005004768225,
              "loss_profit_ratio_long": 0.039437005004768225,
              "loss_profit_ratio_short": 1.0,
              "loss_profit_ratio_w": 0.04567407480923681,
              "mdg": 0.00034750505711663316,
              "mdg_per_exposure_long": 0.00011583501903887772,
              "mdg_per_exposure_short": 0.0,
              "mdg_w": 7.572076087948974e-05,
              "mdg_w_per_exposure_long": 2.524025362649658e-05,
              "mdg_w_per_exposure_short": 0.0,
              "omega_ratio": 4.194782431353885,
              "omega_ratio_w": 2.819390590829131,
              "pnl_ratio_long_short": 1.0,
              "position_held_hours_max": 312.05,
              "position_held_hours_mean": 5.546800746775289,
              "position_held_hours_median": 1.0333333333333334,
              "position_unchanged_hours_max": 165.13333333333333,
              "positions_held_per_day": 1.1467910926784288,
              "sharpe_ratio": 0.04560452837580063,
              "sharpe_ratio_w": 0.05011109374370772,
              "sortino_ratio": 0.06779295714439593,
              "sortino_ratio_w": 0.061167537459744216,
              "sterling_ratio": 0.012527079954626536,
              "sterling_ratio_w": 0.010260074512566686,
              "volume_pct_per_day_avg": 0.614464573748171,
              "volume_pct_per_day_avg_w": 0.5581044372081292},
 "backtest": {"base_dir": "backtests/pbgui/LINK_adg_sharpe_omega_new_markup_grtr_TWE9",
              "cache_dir": {"bybit": "caches/hlcvs_data/2248c9839949acc6"},
              "coins": {"bybit": ["LINK"]},
              "combine_ohlcvs": false,
              "compress_cache": true,
              "end_date": "2025-06-30",
              "exchanges": ["bybit", "binance"],
              "gap_tolerance_ohlcvs_minutes": 120,
              "start_date": "2020-01-01",
              "starting_balance": 1000,
              "use_btc_collateral": false},
 "bot": {"long": {"close_grid_markup_end": 0.029777,
                  "close_grid_markup_start": 0.011411,
                  "close_grid_qty_pct": 0.3972,
                  "close_trailing_grid_ratio": -0.76523,
                  "close_trailing_qty_pct": 0.050349,
                  "close_trailing_retracement_pct": 0.0099079,
                  "close_trailing_threshold_pct": 0.0036734,
                  "ema_span_0": 174.28,
                  "ema_span_1": 156.8,
                  "enforce_exposure_limit": true,
                  "entry_grid_double_down_factor": 5.6025,
                  "entry_grid_spacing_pct": 0.049065,
                  "entry_grid_spacing_weight": 0.49489,
                  "entry_initial_ema_dist": 0.019317,
                  "entry_initial_qty_pct": 0.01032,
                  "entry_trailing_double_down_factor": 9.842,
                  "entry_trailing_grid_ratio": -0.53197,
                  "entry_trailing_retracement_pct": 0.090171,
                  "entry_trailing_threshold_pct": 0.082199,
                  "filter_noisiness_rolling_window": 60,
                  "filter_volume_drop_pct": 0,
                  "filter_volume_rolling_window": 60,
                  "n_positions": 1,
                  "total_wallet_exposure_limit": 3,
                  "unstuck_close_pct": 0.0073813,
                  "unstuck_ema_dist": 0.00029324,
                  "unstuck_loss_allowance_pct": 0.22166,
                  "unstuck_threshold": 0.9447},
         "short": {"close_grid_markup_end": 0.001,
                   "close_grid_markup_start": 0.001,
                   "close_grid_qty_pct": 0.05,
                   "close_trailing_grid_ratio": -1,
                   "close_trailing_qty_pct": 0.05,
                   "close_trailing_retracement_pct": 0,
                   "close_trailing_threshold_pct": -0.1,
                   "ema_span_0": 200,
                   "ema_span_1": 200,
                   "enforce_exposure_limit": true,
                   "entry_grid_double_down_factor": 0.1,
                   "entry_grid_spacing_pct": 0.01,
                   "entry_grid_spacing_weight": 0.2,
                   "entry_initial_ema_dist": -0.1,
                   "entry_initial_qty_pct": 0.025,
                   "entry_trailing_double_down_factor": 0.1,
                   "entry_trailing_grid_ratio": -1,
                   "entry_trailing_retracement_pct": 0,
                   "entry_trailing_threshold_pct": -0.1,
                   "filter_noisiness_rolling_window": 10,
                   "filter_volume_drop_pct": 0,
                   "filter_volume_rolling_window": 10,
                   "n_positions": 0,
                   "total_wallet_exposure_limit": 0,
                   "unstuck_close_pct": 0.005,
                   "unstuck_ema_dist": -0.1,
                   "unstuck_loss_allowance_pct": 0.01,
                   "unstuck_threshold": 0.7}},
 "disable_plotting": false,
 "live": {"approved_coins": {"long": ["LINKUSDT"], "short": []},
          "auto_gs": true,
          "coin_flags": {},
          "empty_means_all_approved": false,
          "execution_delay_seconds": 2,
          "filter_by_min_effective_cost": true,
          "forced_mode_long": "",
          "forced_mode_short": "",
          "ignored_coins": {"long": [], "short": []},
          "leverage": 10,
          "market_orders_allowed": true,
          "max_n_cancellations_per_batch": 5,
          "max_n_creations_per_batch": 3,
          "max_n_restarts_per_day": 10,
          "mimic_backtest_1m_delay": false,
          "minimum_coin_age_days": 30,
          "ohlcvs_1m_rolling_window_days": 4,
          "ohlcvs_1m_update_after_minutes": 10,
          "pnls_max_lookback_days": 30,
          "price_distance_threshold": 0.002,
          "time_in_force": "good_till_cancelled",
          "user": "bybit_01"},
 "optimize": {"bounds": {"long_close_grid_markup_end": [0.001, 0.03],
                         "long_close_grid_markup_start": [0.001, 0.03],
                         "long_close_grid_qty_pct": [0.05, 0.4],
                         "long_close_trailing_grid_ratio": [-1, 1],
                         "long_close_trailing_qty_pct": [0.05, 0.25],
                         "long_close_trailing_retracement_pct": [0.003, 0.01],
                         "long_close_trailing_threshold_pct": [0.001, 0.005],
                         "long_ema_span_0": [100, 800],
                         "long_ema_span_1": [100, 800],
                         "long_entry_grid_double_down_factor": [0.4, 10],
                         "long_entry_grid_spacing_pct": [0.01, 0.12],
                         "long_entry_grid_spacing_weight": [0.2, 2],