{
    "adg": 0.01943579876733037,
    "adg_per_exposure_long": 0.0012957199178220246,
    "adg_per_exposure_short": 0.0,
    "adg_w": 0.009422099131853656,
    "adg_w_per_exposure_long": 0.0006281399421235771,
    "adg_w_per_exposure_short": 0.0,
    "calmar_ratio": 0.032879294894371525,
    "calmar_ratio_w": 0.025303182411388882,
    "drawdown_worst": 0.591125777781126,
    "drawdown_worst_mean_1pct": 0.47289541366339577,
    "equity_balance_diff_neg_max": 0.5797037719441865,
    "equity_balance_diff_neg_mean": 0.02330234845585797,
    "equity_balance_diff_pos_max": 1.23352164435741,
    "equity_balance_diff_pos_mean": 0.01851282142250859,
    "equity_choppiness": 2.121891564242951,
    "equity_choppiness_w": 2.7058189301153144,
    "equity_jerkiness": 0.041078450315277217,
    "equity_jerkiness_w": 0.02974864137443497,
    "expected_shortfall_1pct": 0.44089571690679424,
    "exponential_fit_error": 0.9363730961687382,
    "exponential_fit_error_w": 0.1508838962755527,
    "gain": 3130595.8534669597,
    "gain_per_exposure_long": 208706.39023113064,
    "gain_per_exposure_short": 0.0,
    "loss_profit_ratio": 0.025488400727863167,
    "loss_profit_ratio_long": 0.025488400727863167,
    "loss_profit_ratio_short": 1.0,
    "loss_profit_ratio_w": 0.030386141821096745,
    "mdg": 0.0024061706150695643,
    "mdg_per_exposure_long": 0.00016041137433797095,
    "mdg_per_exposure_short": 0.0,
    "mdg_w": 0.0016778121244398307,
    "mdg_w_per_exposure_long": 0.00011185414162932204,
    "mdg_w_per_exposure_short": 0.0,
    "omega_ratio": 9.476611676653592,
    "omega_ratio_w": 3.936086710273945,
    "pnl_ratio_long_short": 1.0,
    "position_held_hours_max": 142.88333333333333,
    "position_held_hours_mean": 2.4784219370608005,
    "position_held_hours_median": 0.26666666666666666,
    "position_unchanged_hours_max": 142.88333333333333,
    "positions_held_per_day": 2.808236808236808,
    "sharpe_ratio": 0.06932424002410095,
    "sharpe_ratio_w": 0.06933521348324442,
    "sortino_ratio": 0.23781197965830428,
    "sortino_ratio_w": 0.1446377826566147,
    "sterling_ratio": 0.041099571291602036,
    "sterling_ratio_w": 0.02665594879315893,
    "volume_pct_per_day_avg": 3.8607286887108705,
    "volume_pct_per_day_avg_w": 2.830028726485622
}