{"analysis": {"adg": 0.01943579876733037,
              "adg_per_exposure_long": 0.0012957199178220246,
              "adg_per_exposure_short": 0.0,
              "adg_w": 0.009422099131853656,
              "adg_w_per_exposure_long": 0.0006281399421235771,
              "adg_w_per_exposure_short": 0.0,
              "calmar_ratio": 0.032879294894371525,
              "calmar_ratio_w": 0.025303182411388882,
              "drawdown_worst": 0.591125777781126,
              "drawdown_worst_mean_1pct": 0.47289541366339577,
              "equity_balance_diff_neg_max": 0.5797037719441865,
              "equity_balance_diff_neg_mean": 0.02330234845585797,
              "equity_balance_diff_pos_max": 1.23352164435741,
              "equity_balance_diff_pos_mean": 0.01851282142250859,
              "equity_choppiness": 2.121891564242951,
              "equity_choppiness_w": 2.7058189301153144,
              "equity_jerkiness": 0.041078450315277217,
              "equity_jerkiness_w": 0.02974864137443497,
              "expected_shortfall_1pct": 0.44089571690679424,
              "exponential_fit_error": 0.9363730961687382,
              "exponential_fit_error_w": 0.1508838962755527,
              "gain": 3130595.8534669597,
              "gain_per_exposure_long": 208706.39023113064,
              "gain_per_exposure_short": 0.0,
              "loss_profit_ratio": 0.025488400727863167,
              "loss_profit_ratio_long": 0.025488400727863167,
              "loss_profit_ratio_short": 1.0,
              "loss_profit_ratio_w": 0.030386141821096745,
              "mdg": 0.0024061706150695643,
              "mdg_per_exposure_long": 0.00016041137433797095,
              "mdg_per_exposure_short": 0.0,
              "mdg_w": 0.0016778121244398307,
              "mdg_w_per_exposure_long": 0.00011185414162932204,
              "mdg_w_per_exposure_short": 0.0,
              "omega_ratio": 9.476611676653592,
              "omega_ratio_w": 3.936086710273945,
              "pnl_ratio_long_short": 1.0,
              "position_held_hours_max": 142.88333333333333,
              "position_held_hours_mean": 2.4784219370608005,
              "position_held_hours_median": 0.26666666666666666,
              "position_unchanged_hours_max": 142.88333333333333,
              "positions_held_per_day": 2.808236808236808,
              "sharpe_ratio": 0.06932424002410095,
              "sharpe_ratio_w": 0.06933521348324442,
              "sortino_ratio": 0.23781197965830428,
              "sortino_ratio_w": 0.1446377826566147,
              "sterling_ratio": 0.041099571291602036,
              "sterling_ratio_w": 0.02665594879315893,
              "volume_pct_per_day_avg": 3.8607286887108705,
              "volume_pct_per_day_avg_w": 2.830028726485622},
 "backtest": {"base_dir": "backtests/pbgui/PEPE_adg_sharpe_omega_twe9_trgr_forced",
              "cache_dir": {"binance": "caches/hlcvs_data/44e9a343434d5ab2"},
              "coins": {"binance": ["PEPE"]},
              "combine_ohlcvs": false,
              "compress_cache": true,
              "end_date": "2025-07-04",
              "exchanges": ["binance", "bybit"],
              "gap_tolerance_ohlcvs_minutes": 120,
              "start_date": "2020-01-01",
              "starting_balance": 1000,
              "use_btc_collateral": false},
 "bot": {"long": {"close_grid_markup_end": 0.029635,
                  "close_grid_markup_start": 0.029553,
                  "close_grid_qty_pct": 0.1077,
                  "close_trailing_grid_ratio": 0.90309,
                  "close_trailing_qty_pct": 0.053375,
                  "close_trailing_retracement_pct": 0.006415,
                  "close_trailing_threshold_pct": 0.0047904,
                  "ema_span_0": 114.33,
                  "ema_span_1": 111.08,
                  "enforce_exposure_limit": true,
                  "entry_grid_double_down_factor": 3.1776,
                  "entry_grid_spacing_pct": 0.11464,
                  "entry_grid_spacing_weight": 0.65006,
                  "entry_initial_ema_dist": 0.019135,
                  "entry_initial_qty_pct": 0.026614,
                  "entry_trailing_double_down_factor": 4.4541,
                  "entry_trailing_grid_ratio": -0.50205,
                  "entry_trailing_retracement_pct": 0.040931,
                  "entry_trailing_threshold_pct": -0.094338,
                  "filter_noisiness_rolling_window": 60,
                  "filter_volume_drop_pct": 0,
                  "filter_volume_rolling_window": 60,
                  "n_positions": 1,
                  "total_wallet_exposure_limit": 15,
                  "unstuck_close_pct": 0.022742,
                  "unstuck_ema_dist": -0.085029,
                  "unstuck_loss_allowance_pct": 0.0902,
                  "unstuck_threshold": 0.93789},
         "short": {"close_grid_markup_end": 0.001,
                   "close_grid_markup_start": 0.001,
                   "close_grid_qty_pct": 0.1,
                   "close_trailing_grid_ratio": -1,
                   "close_trailing_qty_pct": 0.1,
                   "close_trailing_retracement_pct": 0.003,
                   "close_trailing_threshold_pct": -0.001,
                   "ema_span_0": 200,
                   "ema_span_1": 200,
                   "enforce_exposure_limit": true,
                   "entry_grid_double_down_factor": 0.6,
                   "entry_grid_spacing_pct": 0.01,
                   "entry_grid_spacing_weight": 0.2,
                   "entry_initial_ema_dist": -0.001,
                   "entry_initial_qty_pct": 0.025,
                   "entry_trailing_double_down_factor": 0.1,
                   "entry_trailing_grid_ratio": -1,
                   "entry_trailing_retracement_pct": 0,
                   "entry_trailing_threshold_pct": -0.1,
                   "filter_noisiness_rolling_window": 60,
                   "filter_volume_drop_pct": 0.53,
                   "filter_volume_rolling_window": 60,
                   "n_positions": 0,
                   "total_wallet_exposure_limit": 0,
                   "unstuck_close_pct": 0.005,
                   "unstuck_ema_dist": -0.1,
                   "unstuck_loss_allowance_pct": 0.01,
                   "unstuck_threshold": 0.55}},
 "disable_plotting": false,
 "live": {"approved_coins": {"long": ["1000PEPEUSDT"], "short": []},
          "auto_gs": true,
          "coin_flags": {},
          "empty_means_all_approved": false,
          "execution_delay_seconds": 2,
          "filter_by_min_effective_cost": true,
          "forced_mode_long": "",
          "forced_mode_short": "",
          "ignored_coins": {"long": [], "short": []},
          "leverage": 10,
          "market_orders_allowed": true,
          "max_n_cancellations_per_batch": 5,
          "max_n_creations_per_batch": 3,
          "max_n_restarts_per_day": 10,
          "mimic_backtest_1m_delay": false,
          "minimum_coin_age_days": 30,
          "ohlcvs_1m_rolling_window_days": 4,
          "ohlcvs_1m_update_after_minutes": 10,
          "pnls_max_lookback_days": 30,
          "price_distance_threshold": 0.002,
          "time_in_force": "good_till_cancelled",
          "user": "bybit_01"},
 "optimize": {"bounds": {"long_close_grid_markup_end": [0.001, 0.03],
                         "long_close_grid_markup_start": [0.001, 0.03],
                         "long_close_grid_qty_pct": [0.05, 0.4],
                         "long_close_trailing_grid_ratio": [-1, 1],
                         "long_close_trailing_qty_pct": [0.05, 0.25],
                         "long_close_trailing_retracement_pct": [0.003, 0.01],
                         "long_close_trailing_threshold_pct": [0.001, 0.005],
                         "long_ema_span_0": [100, 800],
                         "long_ema_span_1": [100, 800],
                         "long_entry_grid_double_down_factor": [0.4, 10],
                         "long_entry_grid_spacing_pct": [0.01, 0.12],