{"analysis": {"adg": 0.00375380960774363,
              "adg_w": 0.003867375174284482,
              "calmar_ratio": 0.00647631843602974,
              "calmar_ratio_w": 0.00831006660002243,
              "drawdown_worst": 0.5796209134591096,
              "drawdown_worst_mean_1pct": 0.3102490276012578,
              "equity_balance_diff_neg_max": 0.5957248598754732,
              "equity_balance_diff_neg_mean": 0.02975347358016011,
              "equity_balance_diff_pos_max": 0.07732383833088788,
              "equity_balance_diff_pos_mean": 0.003602498039349894,
              "equity_choppiness": 2.034273158477271,
              "equity_choppiness_w": 2.1456766741683384,
              "equity_jerkiness": 0.009926476162027688,
              "equity_jerkiness_w": 0.01278631841100917,
              "expected_shortfall_1pct": 0.2677525734182284,
              "exponential_fit_error": 0.019829905749185535,
              "exponential_fit_error_w": 0.01217734274052883,
              "gain": 209.9054958923487,
              "loss_profit_ratio": 0.14129595382566842,
              "loss_profit_ratio_long": 0.14129595382566842,
              "loss_profit_ratio_short": 1.0,
              "loss_profit_ratio_w": 0.16838794830149656,
              "mdg": 0.0,
              "mdg_w": 0.0,
              "omega_ratio": 4.425915962274619,
              "omega_ratio_w": 3.9458226934365457,
              "pnl_ratio_long_short": 1.0,
              "position_held_hours_max": 184.36666666666667,
              "position_held_hours_mean": 0.8359526036794512,
              "position_held_hours_median": 0.16666666666666666,
              "position_unchanged_hours_max": 106.95,
              "positions_held_per_day": 1.49871777147319,
              "sharpe_ratio": 0.0588598080689456,
              "sharpe_ratio_w": 0.05838123000533042,
              "sortino_ratio": 0.05412780999925478,
              "sortino_ratio_w": 0.055288181291349936,
              "sterling_ratio": 0.012099343668429316,
              "sterling_ratio_w": 0.010482758046715916},
 "backtest": {"base_dir": "backtests/pbgui/DOGE_adg_omega_sharpe",
              "cache_dir": {"bybit": "caches/hlcvs_data/b8a7fc1a1e7ab6bd"},
              "coins": {"bybit": ["DOGE"]},
              "combine_ohlcvs": false,
              "compress_cache": true,
              "end_date": "2025-04-29",
              "exchanges": ["bybit", "binance"],
              "gap_tolerance_ohlcvs_minutes": 120,
              "start_date": "2020-01-01",
              "starting_balance": 1000,
              "use_btc_collateral": false},
 "bot": {"long": {"close_grid_markup_range": 0.068767,
                  "close_grid_min_markup": 0.077844,
                  "close_grid_qty_pct": 0.27717,
                  "close_trailing_grid_ratio": -1,
                  "close_trailing_qty_pct": 0.14568,
                  "close_trailing_retracement_pct": 0.0044263,
                  "close_trailing_threshold_pct": 0.0046132,
                  "ema_span_0": 123.17,
                  "ema_span_1": 148.01,
                  "enforce_exposure_limit": true,
                  "entry_grid_double_down_factor": 1.1681,
                  "entry_grid_spacing_pct": 0.014422,
                  "entry_grid_spacing_weight": 1.7839,
                  "entry_initial_ema_dist": 0.023521,
                  "entry_initial_qty_pct": 0.12676,
                  "entry_trailing_double_down_factor": 1.7126,
                  "entry_trailing_grid_ratio": -0.36452,
                  "entry_trailing_retracement_pct": 0.039698,
                  "entry_trailing_threshold_pct": 0.08438,
                  "filter_relative_volume_clip_pct": 0,
                  "filter_rolling_window": 60,
                  "n_positions": 1,
                  "total_wallet_exposure_limit": 1.9807,
                  "unstuck_close_pct": 0.028249,
                  "unstuck_ema_dist": 0.0032246,
                  "unstuck_loss_allowance_pct": 0.056482,
                  "unstuck_threshold": 0.81562},
         "short": {"close_grid_markup_range": 0.02,
                   "close_grid_min_markup": 0.02,
                   "close_grid_qty_pct": 0.1,
                   "close_trailing_grid_ratio": 0,
                   "close_trailing_qty_pct": 0.1,
                   "close_trailing_retracement_pct": 0.003,
                   "close_trailing_threshold_pct": 0,
                   "ema_span_0": 200,
                   "ema_span_1": 200,
                   "enforce_exposure_limit": true,
                   "entry_grid_double_down_factor": 0.6,
                   "entry_grid_spacing_pct": 0.01,
                   "entry_grid_spacing_weight": 0.2,
                   "entry_initial_ema_dist": 0,
                   "entry_initial_qty_pct": 0.025,
                   "entry_trailing_double_down_factor": 0.1,
                   "entry_trailing_grid_ratio": 0,
                   "entry_trailing_retracement_pct": 0,
                   "entry_trailing_threshold_pct": 0,
                   "filter_relative_volume_clip_pct": 0.53,
                   "filter_rolling_window": 60,
                   "n_positions": 0,
                   "total_wallet_exposure_limit": 0,
                   "unstuck_close_pct": 0.005,
                   "unstuck_ema_dist": 0,
                   "unstuck_loss_allowance_pct": 0.01,
                   "unstuck_threshold": 0.55}},
 "disable_plotting": false,
 "live": {"approved_coins": {"long": ["DOGEUSDT"], "short": []},
          "auto_gs": true,
          "coin_flags": {},
          "empty_means_all_approved": false,
          "execution_delay_seconds": 2,
          "filter_by_min_effective_cost": true,
          "forced_mode_long": "",
          "forced_mode_short": "",
          "ignored_coins": {"long": [], "short": []},
          "leverage": 10,
          "market_orders_allowed": true,
          "max_n_cancellations_per_batch": 5,
          "max_n_creations_per_batch": 3,
          "max_n_restarts_per_day": 10,
          "minimum_coin_age_days": 30,
          "ohlcvs_1m_rolling_window_days": 4,
          "ohlcvs_1m_update_after_minutes": 10,
          "pnls_max_lookback_days": 30,
          "price_distance_threshold": 0.002,
          "time_in_force": "good_till_cancelled",
          "user": "bybit_01"},
 "optimize": {"bounds": {"long_close_grid_markup_range": [0.02, 0.1],
                         "long_close_grid_min_markup": [0.02, 0.1],
                         "long_close_grid_qty_pct": [0, 0.4],
                         "long_close_trailing_grid_ratio": [-1, -1],
                         "long_close_trailing_qty_pct": [0.1, 0.25],
                         "long_close_trailing_retracement_pct": [0.003, 0.01],
                         "long_close_trailing_threshold_pct": [0.001, 0.005],
                         "long_ema_span_0": [100, 800],
                         "long_ema_span_1": [100, 800],
                         "long_entry_grid_double_down_factor": [0.6, 1.75],
                         "long_entry_grid_spacing_pct": [0.01, 0.12],
                         "long_entry_grid_spacing_weight": [0.2, 2],
                         "long_entry_initial_ema_dist": [-0.001, 0.05],
                         "long_entry_initial_qty_pct": [0.025, 0.2],
                         "long_entry_trailing_double_down_factor": [0.6, 1.75],
                         "long_entry_trailing_grid_ratio": [-1, 1],
                         "long_entry_trailing_retracement_pct": [0, 0.15],
                         "long_entry_trailing_threshold_pct": [-0.1, 0.1],
                         "long_filter_relative_volume_clip_pct": [0, 0],
                         "long_filter_rolling_window": [60, 60],
                         "long_n_positions": [1, 1],
                         "long_total_wallet_exposure_limit": [1, 2],
                         "long_unstuck_close_pct": [0.005, 0.05],
                         "long_unstuck_ema_dist": [-0.1, 0.01],