{"analysis": {"adg": 0.09807003429169381,
              "adg_per_exposure_long": 0.003922801371667752,
              "adg_per_exposure_short": 0.0,
              "adg_w": 0.0610732558221472,
              "adg_w_per_exposure_long": 0.002442930232885888,
              "adg_w_per_exposure_short": 0.0,
              "calmar_ratio": 0.11737579683448364,
              "calmar_ratio_w": 0.24530976020593204,
              "drawdown_worst": 0.8355217765208132,
              "drawdown_worst_mean_1pct": 0.8355217765208132,
              "equity_balance_diff_neg_max": 0.8368941782837023,
              "equity_balance_diff_neg_mean": 0.044385709155861895,
              "equity_balance_diff_pos_max": 0.7189930021073994,
              "equity_balance_diff_pos_mean": 0.021966123908444078,
              "equity_choppiness": 1.1777412253387454,
              "equity_choppiness_w": 1.0295917448361245,
              "equity_jerkiness": 0.1724178235441037,
              "equity_jerkiness_w": 0.09192814238870409,
              "expected_shortfall_1pct": 0.7819725218220955,
              "exponential_fit_error": 1.652558112600496,
              "exponential_fit_error_w": 0.20032061315678273,
              "gain": 10690473.214891415,
              "gain_per_exposure_long": 427618.9285956566,
              "gain_per_exposure_short": 0.0,
              "loss_profit_ratio": 0.0003290505830877048,
              "loss_profit_ratio_long": 0.0003290505830877048,
              "loss_profit_ratio_short": 1.0,
              "loss_profit_ratio_w": 3.290505830877048e-05,
              "mdg": 0.010823293502948132,
              "mdg_per_exposure_long": 0.0004329317401179253,
              "mdg_per_exposure_short": 0.0,
              "mdg_w": 0.008956682590459978,
              "mdg_w_per_exposure_long": 0.00035826730361839914,
              "mdg_w_per_exposure_short": 0.0,
              "omega_ratio": 15.864881912266737,
              "omega_ratio_w": null,
              "pnl_ratio_long_short": 1.0,
              "position_held_hours_max": 83.1,
              "position_held_hours_mean": 1.2794769943727242,
              "position_held_hours_median": 0.21666666666666667,
              "position_unchanged_hours_max": 46.833333333333336,
              "positions_held_per_day": 5.820809248554913,
              "sharpe_ratio": 0.06028512775784736,
              "sharpe_ratio_w": 0.17599532842025736,
              "sortino_ratio": 0.3275961071542319,
              "sortino_ratio_w": 0.6424145238471619,
              "sterling_ratio": 0.11737579683448364,
              "sterling_ratio_w": 0.24530976020593204,
              "volume_pct_per_day_avg": 13.137297098250835,
              "volume_pct_per_day_avg_w": 8.65662539774119},
 "backtest": {"base_dir": "backtests/pbgui/HYPE_adg_sharpe_omega_new_markup_grtr_TWE9",
              "cache_dir": {"bybit": "caches/hlcvs_data/425b2d60e7a2a49e"},
              "coins": {"bybit": ["HYPE"]},
              "combine_ohlcvs": false,
              "compress_cache": true,
              "end_date": "2025-06-26",
              "exchanges": ["bybit", "binance"],
              "gap_tolerance_ohlcvs_minutes": 120,
              "start_date": "2020-01-01",
              "starting_balance": 1000,
              "use_btc_collateral": false},
 "bot": {"long": {"close_grid_markup_end": 0.0077743,
                  "close_grid_markup_start": 0.029968,
                  "close_grid_qty_pct": 0.32729,
                  "close_trailing_grid_ratio": 0.067392,
                  "close_trailing_qty_pct": 0.12277,
                  "close_trailing_retracement_pct": 0.0036475,
                  "close_trailing_threshold_pct": 0.0040338,
                  "ema_span_0": 566.85,
                  "ema_span_1": 491.71,
                  "enforce_exposure_limit": true,
                  "entry_grid_double_down_factor": 4.0975,
                  "entry_grid_spacing_pct": 0.04279,
                  "entry_grid_spacing_weight": 1.2533,
                  "entry_initial_ema_dist": 0.016481,
                  "entry_initial_qty_pct": 0.017861,
                  "entry_trailing_double_down_factor": 0.48131,
                  "entry_trailing_grid_ratio": -0.068016,
                  "entry_trailing_retracement_pct": 0.047208,
                  "entry_trailing_threshold_pct": -0.055988,
                  "filter_noisiness_rolling_window": 60,
                  "filter_volume_drop_pct": 0,
                  "filter_volume_rolling_window": 60,
                  "n_positions": 1,
                  "total_wallet_exposure_limit": 25,
                  "unstuck_close_pct": 0.01568,
                  "unstuck_ema_dist": -0.0057354,
                  "unstuck_loss_allowance_pct": 0.16143,
                  "unstuck_threshold": 0.8089},
         "short": {"close_grid_markup_end": 0.001,
                   "close_grid_markup_start": 0.001,
                   "close_grid_qty_pct": 0.05,
                   "close_trailing_grid_ratio": -1,
                   "close_trailing_qty_pct": 0.05,
                   "close_trailing_retracement_pct": 0,
                   "close_trailing_threshold_pct": -0.1,
                   "ema_span_0": 200,
                   "ema_span_1": 200,
                   "enforce_exposure_limit": true,
                   "entry_grid_double_down_factor": 0.1,
                   "entry_grid_spacing_pct": 0.01,
                   "entry_grid_spacing_weight": 0.2,
                   "entry_initial_ema_dist": -0.1,
                   "entry_initial_qty_pct": 0.025,
                   "entry_trailing_double_down_factor": 0.1,
                   "entry_trailing_grid_ratio": -1,
                   "entry_trailing_retracement_pct": 0,
                   "entry_trailing_threshold_pct": -0.1,
                   "filter_noisiness_rolling_window": 10,
                   "filter_volume_drop_pct": 0,
                   "filter_volume_rolling_window": 10,
                   "n_positions": 0,
                   "total_wallet_exposure_limit": 0,
                   "unstuck_close_pct": 0.005,
                   "unstuck_ema_dist": -0.1,
                   "unstuck_loss_allowance_pct": 0.01,
                   "unstuck_threshold": 0.7}},
 "disable_plotting": false,
 "live": {"approved_coins": {"long": ["HYPEUSDT"], "short": []},
          "auto_gs": true,
          "coin_flags": {},
          "empty_means_all_approved": false,
          "execution_delay_seconds": 2,
          "filter_by_min_effective_cost": true,
          "forced_mode_long": "",
          "forced_mode_short": "",
          "ignored_coins": {"long": [], "short": []},
          "leverage": 10,
          "market_orders_allowed": true,
          "max_n_cancellations_per_batch": 5,
          "max_n_creations_per_batch": 3,
          "max_n_restarts_per_day": 10,
          "mimic_backtest_1m_delay": false,
          "minimum_coin_age_days": 30,
          "ohlcvs_1m_rolling_window_days": 4,
          "ohlcvs_1m_update_after_minutes": 10,
          "pnls_max_lookback_days": 30,
          "price_distance_threshold": 0.002,
          "time_in_force": "good_till_cancelled",
          "user": "bybit_01"},
 "optimize": {"bounds": {"long_close_grid_markup_end": [0.001, 0.03],
                         "long_close_grid_markup_start": [0.001, 0.03],
                         "long_close_grid_qty_pct": [0.05, 0.4],
                         "long_close_trailing_grid_ratio": [-1, 1],
                         "long_close_trailing_qty_pct": [0.05, 0.25],
                         "long_close_trailing_retracement_pct": [0.003, 0.01],
                         "long_close_trailing_threshold_pct": [0.001, 0.005],
                         "long_ema_span_0": [100, 800],
                         "long_ema_span_1": [100, 800],
                         "long_entry_grid_double_down_factor": [0.4, 10],
                         "long_entry_grid_spacing_pct": [0.01, 0.12],
                         "long_entry_grid_spacing_weight": [0.2, 2],