{"analysis": {"adg": 0.004234659566601184,
              "adg_per_exposure_long": 0.00035288829721676535,
              "adg_per_exposure_short": 0.0,
              "adg_w": 0.0008525103237988718,
              "adg_w_per_exposure_long": 7.104252698323932e-05,
              "adg_w_per_exposure_short": 0.0,
              "calmar_ratio": 0.011412667963695345,
              "calmar_ratio_w": 0.004812156508526587,
              "drawdown_worst": 0.37104904655703574,
              "drawdown_worst_mean_1pct": 0.1863343677339155,
              "equity_balance_diff_neg_max": 0.6543727854685105,
              "equity_balance_diff_neg_mean": 0.008458880518253872,
              "equity_balance_diff_pos_max": 2.325088028624178,
              "equity_balance_diff_pos_mean": 0.011629287238879248,
              "equity_choppiness": 1.5304695957225924,
              "equity_choppiness_w": 2.419116573334803,
              "equity_jerkiness": 0.008540000572051959,
              "equity_jerkiness_w": 0.0023046223308244703,
              "expected_shortfall_1pct": 0.14280530518763296,
              "exponential_fit_error": 1.0495980290188407,
              "exponential_fit_error_w": 0.10600903247703877,
              "gain": 6266.74175064234,
              "gain_per_exposure_long": 522.228479220195,
              "gain_per_exposure_short": 0.0,
              "loss_profit_ratio": 0.02805340732019489,
              "loss_profit_ratio_long": 0.02805340732019489,
              "loss_profit_ratio_short": 1.0,
              "loss_profit_ratio_w": 0.04934327003403072,
              "mdg": 0.0,
              "mdg_per_exposure_long": 0.0,
              "mdg_per_exposure_short": 0.0,
              "mdg_w": 0.0,
              "mdg_w_per_exposure_long": 0.0,
              "mdg_w_per_exposure_short": 0.0,
              "omega_ratio": 15.233967572204621,
              "omega_ratio_w": 4.932926892881542,
              "pnl_ratio_long_short": 1.0,
              "position_held_hours_max": 194.68333333333334,
              "position_held_hours_mean": 1.625049115913556,
              "position_held_hours_median": 0.03333333333333333,
              "position_unchanged_hours_max": 115.6,
              "positions_held_per_day": 1.2300628322861287,
              "sharpe_ratio": 0.03248818411446171,
              "sharpe_ratio_w": 0.03754371311059069,
              "sortino_ratio": 0.11053875275148316,
              "sortino_ratio_w": 0.035900261621800954,
              "sterling_ratio": 0.022726132694148273,
              "sterling_ratio_w": 0.008204027878298392,
              "volume_pct_per_day_avg": 1.6692382272976136,
              "volume_pct_per_day_avg_w": 0.9874543860972829},
 "backtest": {"base_dir": "backtests/pbgui/btc_adg_w_sharpe_shortfal_gain_dd40_TWE12_fix",
              "cache_dir": {"binance": "caches/hlcvs_data/5d79f69eb6547e1e"},
              "coins": {"binance": ["BTC"]},
              "combine_ohlcvs": false,
              "compress_cache": true,
              "end_date": "2025-08-31",
              "exchanges": ["bybit", "binance"],
              "gap_tolerance_ohlcvs_minutes": 120,
              "start_date": "2020-01-01",
              "starting_balance": 1000,
              "use_btc_collateral": false},
 "bot": {"long": {"close_grid_markup_end": 0.029779,
                  "close_grid_markup_start": 0.0030708,
                  "close_grid_qty_pct": 0.19281,
                  "close_trailing_grid_ratio": -0.92762,
                  "close_trailing_qty_pct": 0.116,
                  "close_trailing_retracement_pct": 0.0062722,
                  "close_trailing_threshold_pct": 0.0020224,
                  "ema_span_0": 8.1704,
                  "ema_span_1": 60.847,
                  "enforce_exposure_limit": true,
                  "entry_grid_double_down_factor": 1.8284,
                  "entry_grid_spacing_pct": 0.040953,
                  "entry_grid_spacing_weight": 0.99401,
                  "entry_initial_ema_dist": 0.0088869,
                  "entry_initial_qty_pct": 0.01591,
                  "entry_trailing_double_down_factor": 1.9363,
                  "entry_trailing_grid_ratio": -0.032872,
                  "entry_trailing_retracement_pct": 0.011904,
                  "entry_trailing_threshold_pct": 0.073946,
                  "filter_noisiness_rolling_window": 60,
                  "filter_volume_drop_pct": 0,
                  "filter_volume_rolling_window": 60,
                  "n_positions": 1,
                  "total_wallet_exposure_limit": 12,
                  "unstuck_close_pct": 0.0072532,
                  "unstuck_ema_dist": -0.084606,
                  "unstuck_loss_allowance_pct": 0.22306,
                  "unstuck_threshold": 0.65848},
         "short": {"close_grid_markup_end": 0.001,
                   "close_grid_markup_start": 0.001,
                   "close_grid_qty_pct": 0.1,
                   "close_trailing_grid_ratio": -1,
                   "close_trailing_qty_pct": 0.1,
                   "close_trailing_retracement_pct": 0.003,
                   "close_trailing_threshold_pct": -0.001,
                   "ema_span_0": 200,
                   "ema_span_1": 200,
                   "enforce_exposure_limit": true,
                   "entry_grid_double_down_factor": 0.6,
                   "entry_grid_spacing_pct": 0.01,
                   "entry_grid_spacing_weight": 0.2,
                   "entry_initial_ema_dist": -0.001,
                   "entry_initial_qty_pct": 0.025,
                   "entry_trailing_double_down_factor": 0.1,
                   "entry_trailing_grid_ratio": -1,
                   "entry_trailing_retracement_pct": 0,
                   "entry_trailing_threshold_pct": -0.1,
                   "filter_noisiness_rolling_window": 60,
                   "filter_volume_drop_pct": 0.53,
                   "filter_volume_rolling_window": 60,
                   "n_positions": 0,
                   "total_wallet_exposure_limit": 0,
                   "unstuck_close_pct": 0.005,
                   "unstuck_ema_dist": -0.1,
                   "unstuck_loss_allowance_pct": 0.01,
                   "unstuck_threshold": 0.55}},
 "coin_overrides": {},
 "disable_plotting": false,
 "live": {"approved_coins": {"long": ["BTC"], "short": []},
          "auto_gs": true,
          "base_config_path": "",
          "empty_means_all_approved": false,
          "execution_delay_seconds": 2,
          "filter_by_min_effective_cost": true,
          "forced_mode_long": "",
          "forced_mode_short": "",
          "ignored_coins": {"long": [], "short": []},
          "leverage": 10,
          "market_orders_allowed": true,
          "max_n_cancellations_per_batch": 5,
          "max_n_creations_per_batch": 3,
          "max_n_restarts_per_day": 10,
          "mimic_backtest_1m_delay": false,
          "minimum_coin_age_days": 30,
          "ohlcvs_1m_rolling_window_days": 4,
          "ohlcvs_1m_update_after_minutes": 10,
          "pnls_max_lookback_days": 30,
          "price_distance_threshold": 0.002,
          "time_in_force": "good_till_cancelled",
          "user": "bybit_01"},
 "optimize": {"bounds": {"long_close_grid_markup_end": [0.001, 0.03],
                         "long_close_grid_markup_start": [0.001, 0.03],
                         "long_close_grid_qty_pct": [0.05, 0.4],
                         "long_close_trailing_grid_ratio": [-1, 1],
                         "long_close_trailing_qty_pct": [0.05, 0.25],
                         "long_close_trailing_retracement_pct": [0.003, 0.01],
                         "long_close_trailing_threshold_pct": [0.001, 0.005],
                         "long_ema_span_0": [1, 800],
                         "long_ema_span_1": [1, 800],
                         "long_entry_grid_double_down_factor": [0.4, 2],
                         "long_entry_grid_spacing_pct": [0.01, 0.12],
                         "long_entry_grid_spacing_weight": [0.2, 2],