{
    "adg": 0.0042444608986291765,
    "adg_per_exposure_long": 0.0003537050748857647,
    "adg_per_exposure_short": 0.0,
    "adg_w": 0.001805599785492773,
    "adg_w_per_exposure_long": 0.00015046664879106442,
    "adg_w_per_exposure_short": 0.0,
    "calmar_ratio": 0.01703389978552332,
    "calmar_ratio_w": 0.009781852193063597,
    "drawdown_worst": 0.2491772848303614,
    "drawdown_worst_mean_1pct": 0.09916739463652882,
    "equity_balance_diff_neg_max": 0.30847970578776746,
    "equity_balance_diff_neg_mean": 0.0029816613387113724,
    "equity_balance_diff_pos_max": 1.4886724017935038,
    "equity_balance_diff_pos_mean": 0.034336487504484564,
    "equity_choppiness": 1.059557980399959,
    "equity_choppiness_w": 1.215066946539956,
    "equity_jerkiness": 0.007361011701652697,
    "equity_jerkiness_w": 0.004052987104037625,
    "expected_shortfall_1pct": 0.09590055815544012,
    "exponential_fit_error": 0.9566243252626023,
    "exponential_fit_error_w": 0.10488941207005312,
    "gain": 6394.574571518561,
    "gain_per_exposure_long": 532.8812142932135,
    "gain_per_exposure_short": 0.0,
    "loss_profit_ratio": 0.023322609644930273,
    "loss_profit_ratio_long": 0.023322609644930273,
    "loss_profit_ratio_short": 1.0,
    "loss_profit_ratio_w": 0.03942888280593853,
    "mdg": 0.0,
    "mdg_per_exposure_long": 0.0,
    "mdg_per_exposure_short": 0.0,
    "mdg_w": 0.0,
    "mdg_w_per_exposure_long": 0.0,
    "mdg_w_per_exposure_short": 0.0,
    "omega_ratio": 152.54345575348603,
    "omega_ratio_w": 27.669381162858436,
    "pnl_ratio_long_short": 1.0,
    "position_held_hours_max": 95.35,
    "position_held_hours_mean": 0.42527969937654797,
    "position_held_hours_median": 0.016666666666666666,
    "position_unchanged_hours_max": 93.13333333333334,
    "positions_held_per_day": 1.8864185596906717,
    "sharpe_ratio": 0.044204093570093,
    "sharpe_ratio_w": 0.03727329182061314,
    "sortino_ratio": 0.15120703762534587,
    "sortino_ratio_w": 0.07234542396416811,
    "sterling_ratio": 0.04280097217624902,
    "sterling_ratio_w": 0.01763959855164761,
    "volume_pct_per_day_avg": 2.3262777274607944,
    "volume_pct_per_day_avg_w": 1.6395034262657613
}