{"analysis": {"adg": 0.0042444608986291765,
              "adg_per_exposure_long": 0.0003537050748857647,
              "adg_per_exposure_short": 0.0,
              "adg_w": 0.001805599785492773,
              "adg_w_per_exposure_long": 0.00015046664879106442,
              "adg_w_per_exposure_short": 0.0,
              "calmar_ratio": 0.01703389978552332,
              "calmar_ratio_w": 0.009781852193063597,
              "drawdown_worst": 0.2491772848303614,
              "drawdown_worst_mean_1pct": 0.09916739463652882,
              "equity_balance_diff_neg_max": 0.30847970578776746,
              "equity_balance_diff_neg_mean": 0.0029816613387113724,
              "equity_balance_diff_pos_max": 1.4886724017935038,
              "equity_balance_diff_pos_mean": 0.034336487504484564,
              "equity_choppiness": 1.059557980399959,
              "equity_choppiness_w": 1.215066946539956,
              "equity_jerkiness": 0.007361011701652697,
              "equity_jerkiness_w": 0.004052987104037625,
              "expected_shortfall_1pct": 0.09590055815544012,
              "exponential_fit_error": 0.9566243252626023,
              "exponential_fit_error_w": 0.10488941207005312,
              "gain": 6394.574571518561,
              "gain_per_exposure_long": 532.8812142932135,
              "gain_per_exposure_short": 0.0,
              "loss_profit_ratio": 0.023322609644930273,
              "loss_profit_ratio_long": 0.023322609644930273,
              "loss_profit_ratio_short": 1.0,
              "loss_profit_ratio_w": 0.03942888280593853,
              "mdg": 0.0,
              "mdg_per_exposure_long": 0.0,
              "mdg_per_exposure_short": 0.0,
              "mdg_w": 0.0,
              "mdg_w_per_exposure_long": 0.0,
              "mdg_w_per_exposure_short": 0.0,
              "omega_ratio": 152.54345575348603,
              "omega_ratio_w": 27.669381162858436,
              "pnl_ratio_long_short": 1.0,
              "position_held_hours_max": 95.35,
              "position_held_hours_mean": 0.42527969937654797,
              "position_held_hours_median": 0.016666666666666666,
              "position_unchanged_hours_max": 93.13333333333334,
              "positions_held_per_day": 1.8864185596906717,
              "sharpe_ratio": 0.044204093570093,
              "sharpe_ratio_w": 0.03727329182061314,
              "sortino_ratio": 0.15120703762534587,
              "sortino_ratio_w": 0.07234542396416811,
              "sterling_ratio": 0.04280097217624902,
              "sterling_ratio_w": 0.01763959855164761,
              "volume_pct_per_day_avg": 2.3262777274607944,
              "volume_pct_per_day_avg_w": 1.6395034262657613},
 "backtest": {"base_dir": "backtests/pbgui/btc_adg_w_sharpe_chop_gain_dd40_TWE12_fix",
              "cache_dir": {"binance": "caches/hlcvs_data/5d79f69eb6547e1e"},
              "coins": {"binance": ["BTC"]},
              "combine_ohlcvs": false,
              "compress_cache": true,
              "end_date": "2025-08-31",
              "exchanges": ["bybit", "binance"],
              "gap_tolerance_ohlcvs_minutes": 120,
              "start_date": "2020-01-01",
              "starting_balance": 1000,
              "use_btc_collateral": false},
 "bot": {"long": {"close_grid_markup_end": 0.02818,
                  "close_grid_markup_start": 0.0016076,
                  "close_grid_qty_pct": 0.13314,
                  "close_trailing_grid_ratio": -0.72517,
                  "close_trailing_qty_pct": 0.051307,
                  "close_trailing_retracement_pct": 0.007172,
                  "close_trailing_threshold_pct": 0.0027513,
                  "ema_span_0": 122.74,
                  "ema_span_1": 124.56,
                  "enforce_exposure_limit": true,
                  "entry_grid_double_down_factor": 1.9892,
                  "entry_grid_spacing_pct": 0.032452,
                  "entry_grid_spacing_weight": 0.73987,
                  "entry_initial_ema_dist": 0.017254,
                  "entry_initial_qty_pct": 0.010973,
                  "entry_trailing_double_down_factor": 0.58932,
                  "entry_trailing_grid_ratio": -0.12486,
                  "entry_trailing_retracement_pct": 0.12074,
                  "entry_trailing_threshold_pct": -0.041379,
                  "filter_noisiness_rolling_window": 60,
                  "filter_volume_drop_pct": 0,
                  "filter_volume_rolling_window": 60,
                  "n_positions": 1,
                  "total_wallet_exposure_limit": 12,
                  "unstuck_close_pct": 0.040089,
                  "unstuck_ema_dist": -0.06906,
                  "unstuck_loss_allowance_pct": 0.24625,
                  "unstuck_threshold": 0.78446},
         "short": {"close_grid_markup_end": 0.001,
                   "close_grid_markup_start": 0.001,
                   "close_grid_qty_pct": 0.1,
                   "close_trailing_grid_ratio": -1,
                   "close_trailing_qty_pct": 0.1,
                   "close_trailing_retracement_pct": 0.003,
                   "close_trailing_threshold_pct": -0.001,
                   "ema_span_0": 200,
                   "ema_span_1": 200,
                   "enforce_exposure_limit": true,
                   "entry_grid_double_down_factor": 0.6,
                   "entry_grid_spacing_pct": 0.01,
                   "entry_grid_spacing_weight": 0.2,
                   "entry_initial_ema_dist": -0.001,
                   "entry_initial_qty_pct": 0.025,
                   "entry_trailing_double_down_factor": 0.1,
                   "entry_trailing_grid_ratio": -1,
                   "entry_trailing_retracement_pct": 0,
                   "entry_trailing_threshold_pct": -0.1,
                   "filter_noisiness_rolling_window": 60,
                   "filter_volume_drop_pct": 0.53,
                   "filter_volume_rolling_window": 60,
                   "n_positions": 0,
                   "total_wallet_exposure_limit": 0,
                   "unstuck_close_pct": 0.005,
                   "unstuck_ema_dist": -0.1,
                   "unstuck_loss_allowance_pct": 0.01,
                   "unstuck_threshold": 0.55}},
 "coin_overrides": {},
 "disable_plotting": false,
 "live": {"approved_coins": {"long": ["BTC"], "short": []},
          "auto_gs": true,
          "base_config_path": "",
          "empty_means_all_approved": false,
          "execution_delay_seconds": 2,
          "filter_by_min_effective_cost": true,
          "forced_mode_long": "",
          "forced_mode_short": "",
          "ignored_coins": {"long": [], "short": []},
          "leverage": 10,
          "market_orders_allowed": true,
          "max_n_cancellations_per_batch": 5,
          "max_n_creations_per_batch": 3,
          "max_n_restarts_per_day": 10,
          "mimic_backtest_1m_delay": false,
          "minimum_coin_age_days": 30,
          "ohlcvs_1m_rolling_window_days": 4,
          "ohlcvs_1m_update_after_minutes": 10,
          "pnls_max_lookback_days": 30,
          "price_distance_threshold": 0.002,
          "time_in_force": "good_till_cancelled",
          "user": "bybit_01"},
 "optimize": {"bounds": {"long_close_grid_markup_end": [0.001, 0.03],
                         "long_close_grid_markup_start": [0.001, 0.03],
                         "long_close_grid_qty_pct": [0.05, 0.4],
                         "long_close_trailing_grid_ratio": [-1, 1],
                         "long_close_trailing_qty_pct": [0.05, 0.25],
                         "long_close_trailing_retracement_pct": [0.003, 0.01],
                         "long_close_trailing_threshold_pct": [0.001, 0.005],
                         "long_ema_span_0": [1, 800],
                         "long_ema_span_1": [1, 800],
                         "long_entry_grid_double_down_factor": [0.4, 2],
                         "long_entry_grid_spacing_pct": [0.01, 0.12],
                         "long_entry_grid_spacing_weight": [0.2, 2],