{
    "adg": 0.01675177149250362,
    "adg_per_exposure_long": 0.0018823907196718378,
    "adg_per_exposure_short": 0.0,
    "adg_w": 0.008798165822091652,
    "adg_w_per_exposure_long": 0.000988646824668695,
    "adg_w_per_exposure_short": 0.0,
    "calmar_ratio": 0.03808122576814636,
    "calmar_ratio_w": 0.05431098173704481,
    "drawdown_worst": 0.4398958057310199,
    "drawdown_worst_mean_1pct": 0.34261687672048124,
    "equity_balance_diff_neg_max": 0.5332105152952359,
    "equity_balance_diff_neg_mean": 0.008889230231088122,
    "equity_balance_diff_pos_max": 1.080615289983484,
    "equity_balance_diff_pos_mean": 0.006504053380963397,
    "equity_choppiness": 1.7661628992733025,
    "equity_choppiness_w": 1.6107791785737806,
    "equity_jerkiness": 0.03830192969739173,
    "equity_jerkiness_w": 0.023390370207470448,
    "expected_shortfall_1pct": 0.27974509771446765,
    "exponential_fit_error": 0.35254039788446284,
    "exponential_fit_error_w": 0.05397500911654233,
    "gain": 6448.922124892262,
    "gain_per_exposure_long": 724.6631298197885,
    "gain_per_exposure_short": 0.0,
    "loss_profit_ratio": 0.039055237384176635,
    "loss_profit_ratio_long": 0.039055237384176635,
    "loss_profit_ratio_short": 1.0,
    "loss_profit_ratio_w": 0.026648524813440565,
    "mdg": 0.0010198881507810643,
    "mdg_per_exposure_long": 0.0001146044757709754,
    "mdg_per_exposure_short": 0.0,
    "mdg_w": 0.0004194074506535729,
    "mdg_w_per_exposure_long": 4.7128668942553585e-05,
    "mdg_w_per_exposure_short": 0.0,
    "omega_ratio": 9.218924659019867,
    "omega_ratio_w": 5.506358345080632,
    "pnl_ratio_long_short": 1.0,
    "position_held_hours_max": 283.4166666666667,
    "position_held_hours_mean": 20.395977011494253,
    "position_held_hours_median": 5.708333333333333,
    "position_unchanged_hours_max": 225.68333333333334,
    "positions_held_per_day": 0.6599797707349966,
    "sharpe_ratio": 0.08214762654095498,
    "sharpe_ratio_w": 0.11105648711188945,
    "sortino_ratio": 0.3046997373517997,
    "sortino_ratio_w": 0.24162095097145592,
    "sterling_ratio": 0.04889359699046669,
    "sterling_ratio_w": 0.05558927272372042,
    "volume_pct_per_day_avg": 1.9004587530105364,
    "volume_pct_per_day_avg_w": 1.6004557035156477
}