{"analysis": {"adg": 0.01675177149250362,
              "adg_per_exposure_long": 0.0018823907196718378,
              "adg_per_exposure_short": 0.0,
              "adg_w": 0.008798165822091652,
              "adg_w_per_exposure_long": 0.000988646824668695,
              "adg_w_per_exposure_short": 0.0,
              "calmar_ratio": 0.03808122576814636,
              "calmar_ratio_w": 0.05431098173704481,
              "drawdown_worst": 0.4398958057310199,
              "drawdown_worst_mean_1pct": 0.34261687672048124,
              "equity_balance_diff_neg_max": 0.5332105152952359,
              "equity_balance_diff_neg_mean": 0.008889230231088122,
              "equity_balance_diff_pos_max": 1.080615289983484,
              "equity_balance_diff_pos_mean": 0.006504053380963397,
              "equity_choppiness": 1.7661628992733025,
              "equity_choppiness_w": 1.6107791785737806,
              "equity_jerkiness": 0.03830192969739173,
              "equity_jerkiness_w": 0.023390370207470448,
              "expected_shortfall_1pct": 0.27974509771446765,
              "exponential_fit_error": 0.35254039788446284,
              "exponential_fit_error_w": 0.05397500911654233,
              "gain": 6448.922124892262,
              "gain_per_exposure_long": 724.6631298197885,
              "gain_per_exposure_short": 0.0,
              "loss_profit_ratio": 0.039055237384176635,
              "loss_profit_ratio_long": 0.039055237384176635,
              "loss_profit_ratio_short": 1.0,
              "loss_profit_ratio_w": 0.026648524813440565,
              "mdg": 0.0010198881507810643,
              "mdg_per_exposure_long": 0.0001146044757709754,
              "mdg_per_exposure_short": 0.0,
              "mdg_w": 0.0004194074506535729,
              "mdg_w_per_exposure_long": 4.7128668942553585e-05,
              "mdg_w_per_exposure_short": 0.0,
              "omega_ratio": 9.218924659019867,
              "omega_ratio_w": 5.506358345080632,
              "pnl_ratio_long_short": 1.0,
              "position_held_hours_max": 283.4166666666667,
              "position_held_hours_mean": 20.395977011494253,
              "position_held_hours_median": 5.708333333333333,
              "position_unchanged_hours_max": 225.68333333333334,
              "positions_held_per_day": 0.6599797707349966,
              "sharpe_ratio": 0.08214762654095498,
              "sharpe_ratio_w": 0.11105648711188945,
              "sortino_ratio": 0.3046997373517997,
              "sortino_ratio_w": 0.24162095097145592,
              "sterling_ratio": 0.04889359699046669,
              "sterling_ratio_w": 0.05558927272372042,
              "volume_pct_per_day_avg": 1.9004587530105364,
              "volume_pct_per_day_avg_w": 1.6004557035156477},
 "backtest": {"base_dir": "backtests/pbgui/JUP_adg_sharpe_omega_new_markup_grtr_TWE9_0705",
              "cache_dir": {"bybit": "caches/hlcvs_data/478e6cffd2641836"},
              "coins": {"bybit": ["JUP"]},
              "combine_ohlcvs": false,
              "compress_cache": true,
              "end_date": "2025-07-12",
              "exchanges": ["bybit", "binance"],
              "gap_tolerance_ohlcvs_minutes": 120,
              "start_date": "2020-01-01",
              "starting_balance": 1000,
              "use_btc_collateral": false},
 "bot": {"long": {"close_grid_markup_end": 0.02825,
                  "close_grid_markup_start": 0.024943,
                  "close_grid_qty_pct": 0.30836,
                  "close_trailing_grid_ratio": -0.9281,
                  "close_trailing_qty_pct": 0.067017,
                  "close_trailing_retracement_pct": 0.0058769,
                  "close_trailing_threshold_pct": 0.0042536,
                  "ema_span_0": 146.04,
                  "ema_span_1": 708.53,
                  "enforce_exposure_limit": true,
                  "entry_grid_double_down_factor": 6.7429,
                  "entry_grid_spacing_pct": 0.10555,
                  "entry_grid_spacing_weight": 1.4229,
                  "entry_initial_ema_dist": 0.018721,
                  "entry_initial_qty_pct": 0.010891,
                  "entry_trailing_double_down_factor": 7.6807,
                  "entry_trailing_grid_ratio": -0.096518,
                  "entry_trailing_retracement_pct": 0.00046073,
                  "entry_trailing_threshold_pct": -0.036911,
                  "filter_noisiness_rolling_window": 60,
                  "filter_volume_drop_pct": 0,
                  "filter_volume_rolling_window": 60,
                  "n_positions": 1,
                  "total_wallet_exposure_limit": 8.8992,
                  "unstuck_close_pct": 0.017767,
                  "unstuck_ema_dist": -0.033945,
                  "unstuck_loss_allowance_pct": 0.10612,
                  "unstuck_threshold": 0.63303},
         "short": {"close_grid_markup_end": 0.001,
                   "close_grid_markup_start": 0.001,
                   "close_grid_qty_pct": 0.05,
                   "close_trailing_grid_ratio": -1,
                   "close_trailing_qty_pct": 0.05,
                   "close_trailing_retracement_pct": 0,
                   "close_trailing_threshold_pct": -0.1,
                   "ema_span_0": 200,
                   "ema_span_1": 200,
                   "enforce_exposure_limit": true,
                   "entry_grid_double_down_factor": 0.1,
                   "entry_grid_spacing_pct": 0.01,
                   "entry_grid_spacing_weight": 0.2,
                   "entry_initial_ema_dist": -0.1,
                   "entry_initial_qty_pct": 0.025,
                   "entry_trailing_double_down_factor": 0.1,
                   "entry_trailing_grid_ratio": -1,
                   "entry_trailing_retracement_pct": 0,
                   "entry_trailing_threshold_pct": -0.1,
                   "filter_noisiness_rolling_window": 10,
                   "filter_volume_drop_pct": 0,
                   "filter_volume_rolling_window": 10,
                   "n_positions": 0,
                   "total_wallet_exposure_limit": 0,
                   "unstuck_close_pct": 0.005,
                   "unstuck_ema_dist": -0.1,
                   "unstuck_loss_allowance_pct": 0.01,
                   "unstuck_threshold": 0.7}},
 "disable_plotting": false,
 "live": {"approved_coins": {"long": ["JUPUSDT"], "short": []},
          "auto_gs": true,
          "coin_flags": {},
          "empty_means_all_approved": false,
          "execution_delay_seconds": 2,
          "filter_by_min_effective_cost": true,
          "forced_mode_long": "",
          "forced_mode_short": "",
          "ignored_coins": {"long": [], "short": []},
          "leverage": 10,
          "market_orders_allowed": true,
          "max_n_cancellations_per_batch": 5,
          "max_n_creations_per_batch": 3,
          "max_n_restarts_per_day": 10,
          "mimic_backtest_1m_delay": false,
          "minimum_coin_age_days": 30,
          "ohlcvs_1m_rolling_window_days": 4,
          "ohlcvs_1m_update_after_minutes": 10,
          "pnls_max_lookback_days": 30,
          "price_distance_threshold": 0.002,
          "time_in_force": "good_till_cancelled",
          "user": "bybit_01"},
 "optimize": {"bounds": {"long_close_grid_markup_end": [0.001, 0.03],
                         "long_close_grid_markup_start": [0.001, 0.03],
                         "long_close_grid_qty_pct": [0.05, 0.4],
                         "long_close_trailing_grid_ratio": [-1, 1],
                         "long_close_trailing_qty_pct": [0.05, 0.25],
                         "long_close_trailing_retracement_pct": [0.003, 0.01],
                         "long_close_trailing_threshold_pct": [0.001, 0.005],
                         "long_ema_span_0": [100, 800],
                         "long_ema_span_1": [100, 800],
                         "long_entry_grid_double_down_factor": [0.4, 10],
                         "long_entry_grid_spacing_pct": [0.01, 0.12],