{
    "adg": 0.005636121738801014,
    "adg_per_exposure_long": 0.0006536452739082196,
    "adg_per_exposure_short": 0.0,
    "adg_w": 0.003981359599786604,
    "adg_w_per_exposure_long": 0.0004617353930121546,
    "adg_w_per_exposure_short": 0.0,
    "calmar_ratio": 0.008429471917208303,
    "calmar_ratio_w": 0.007072042604140076,
    "drawdown_worst": 0.6686209758045676,
    "drawdown_worst_mean_1pct": 0.4705547106558452,
    "equity_balance_diff_neg_max": 0.691602512536374,
    "equity_balance_diff_neg_mean": 0.03166314262162913,
    "equity_balance_diff_pos_max": 0.9181023094997411,
    "equity_balance_diff_pos_mean": 0.0036741107349705254,
    "equity_choppiness": 4.179801324972759,
    "equity_choppiness_w": 4.330066476351634,
    "equity_jerkiness": 0.030749987276143916,
    "equity_jerkiness_w": 0.03221786264799091,
    "expected_shortfall_1pct": 0.2853601848376647,
    "exponential_fit_error": 0.4295092311495192,
    "exponential_fit_error_w": 0.05817868392899779,
    "gain": 3024.633721303717,
    "gain_per_exposure_long": 350.77977887223307,
    "gain_per_exposure_short": 0.0,
    "loss_profit_ratio": 0.1096869351498189,
    "loss_profit_ratio_long": 0.1096869351498189,
    "loss_profit_ratio_short": 1.0,
    "loss_profit_ratio_w": 0.10934127941065866,
    "mdg": 0.0006108370691251337,
    "mdg_per_exposure_long": 7.084140156392894e-05,
    "mdg_per_exposure_short": 0.0,
    "mdg_w": 0.00036209537694369777,
    "mdg_w_per_exposure_long": 4.199375790871637e-05,
    "mdg_w_per_exposure_short": 0.0,
    "omega_ratio": 2.481355163228128,
    "omega_ratio_w": 1.92700104664732,
    "pnl_ratio_long_short": 1.0,
    "position_held_hours_max": 722.6333333333333,
    "position_held_hours_mean": 10.349750065772165,
    "position_held_hours_median": 1.1166666666666667,
    "position_unchanged_hours_max": 346.28333333333336,
    "positions_held_per_day": 1.7773699215445022,
    "sharpe_ratio": 0.013665651483286701,
    "sharpe_ratio_w": 0.026177091303825045,
    "sortino_ratio": 0.11182926027774143,
    "sortino_ratio_w": 0.07192197159854587,
    "sterling_ratio": 0.011977611978308654,
    "sterling_ratio_w": 0.008044503930047313,
    "volume_pct_per_day_avg": 2.066284730040293,
    "volume_pct_per_day_avg_w": 1.612477839388529
}