{
    "adg": 0.0023265223824695536,
    "adg_per_exposure_long": 0.0007755074608231846,
    "adg_per_exposure_short": 0.0,
    "adg_w": 0.0013605199414602476,
    "adg_w_per_exposure_long": 0.0004535066471534159,
    "adg_w_per_exposure_short": 0.0,
    "calmar_ratio": 0.010960001238771316,
    "calmar_ratio_w": 0.00873592950339887,
    "drawdown_worst": 0.2122739160137514,
    "drawdown_worst_mean_1pct": 0.15078299249329688,
    "equity_balance_diff_neg_max": 0.2481640459637906,
    "equity_balance_diff_neg_mean": 0.0034514338346574433,
    "equity_balance_diff_pos_max": 0.17773538855263535,
    "equity_balance_diff_pos_mean": 0.0015847692804633,
    "equity_choppiness": 1.2623366072013886,
    "equity_choppiness_w": 1.5903290840520332,
    "equity_jerkiness": 0.004494026632490219,
    "equity_jerkiness_w": 0.003051513022409699,
    "expected_shortfall_1pct": 0.10828022829059937,
    "exponential_fit_error": 0.024995606958307843,
    "exponential_fit_error_w": 0.005283549632363731,
    "gain": 35.49485857914985,
    "gain_per_exposure_long": 11.831619526383284,
    "gain_per_exposure_short": 0.0,
    "loss_profit_ratio": 0.04778960549693106,
    "loss_profit_ratio_long": 0.04778960549693106,
    "loss_profit_ratio_short": 1.0,
    "loss_profit_ratio_w": 0.0701754665123682,
    "mdg": 0.00046418347171920884,
    "mdg_per_exposure_long": 0.00015472782390640294,
    "mdg_per_exposure_short": 0.0,
    "mdg_w": 0.00025120884069292245,
    "mdg_w_per_exposure_long": 8.373628023097415e-05,
    "mdg_w_per_exposure_short": 0.0,
    "omega_ratio": 9.652962199075839,
    "omega_ratio_w": 7.56147960811214,
    "pnl_ratio_long_short": 1.0,
    "position_held_hours_max": 176.73333333333332,
    "position_held_hours_mean": 0.7154584717607974,
    "position_held_hours_median": 0.05,
    "position_unchanged_hours_max": 42.2,
    "positions_held_per_day": 9.801030754397168,
    "sharpe_ratio": 0.07223676662390312,
    "sharpe_ratio_w": 0.06415270700693779,
    "sortino_ratio": 0.09706599707181048,
    "sortino_ratio_w": 0.06848895745392183,
    "sterling_ratio": 0.015429607437808213,
    "sterling_ratio_w": 0.012695286773216023,
    "volume_pct_per_day_avg": 0.8944842059476088,
    "volume_pct_per_day_avg_w": 0.6725179539875137
}