{
    "adg": 0.019209348896886302,
    "adg_per_exposure_long": 0.004802337224221576,
    "adg_per_exposure_short": 0.0,
    "adg_w": 0.010030284933126743,
    "adg_w_per_exposure_long": 0.0025075712332816857,
    "adg_w_per_exposure_short": 0.0,
    "calmar_ratio": 0.07950944107429483,
    "calmar_ratio_w": 0.2927227677299608,
    "drawdown_worst": 0.24159833898136443,
    "drawdown_worst_mean_1pct": 0.23905945928730601,
    "equity_balance_diff_neg_max": 0.25181402393536845,
    "equity_balance_diff_neg_mean": 0.0063254583443180185,
    "equity_balance_diff_pos_max": 0.4738466229041241,
    "equity_balance_diff_pos_mean": 0.004515815266704429,
    "equity_choppiness": 1.1772447064160474,
    "equity_choppiness_w": 1.0737994848887056,
    "equity_jerkiness": 0.03106498696147541,
    "equity_jerkiness_w": 0.015079064648017473,
    "expected_shortfall_1pct": 0.2147249672760294,
    "exponential_fit_error": 0.29959932845815923,
    "exponential_fit_error_w": 0.03337746531018497,
    "gain": 170.26196384315813,
    "gain_per_exposure_long": 42.56549096078953,
    "gain_per_exposure_short": 0.0,
    "loss_profit_ratio": 0.05375471950586692,
    "loss_profit_ratio_long": 0.05375471950586692,
    "loss_profit_ratio_short": 1.0,
    "loss_profit_ratio_w": 0.008036193552051268,
    "mdg": 0.0035301848258452134,
    "mdg_per_exposure_long": 0.0008825462064613034,
    "mdg_per_exposure_short": 0.0,
    "mdg_w": 0.0017773188162164776,
    "mdg_w_per_exposure_long": 0.0004443297040541194,
    "mdg_w_per_exposure_short": 0.0,
    "omega_ratio": 16.248578047089172,
    "omega_ratio_w": null,
    "pnl_ratio_long_short": 1.0,
    "position_held_hours_max": 16.066666666666666,
    "position_held_hours_mean": 0.4897896120973044,
    "position_held_hours_median": 0.08333333333333333,
    "position_unchanged_hours_max": 9.95,
    "positions_held_per_day": 9.38891303732777,
    "sharpe_ratio": 0.17145474862660165,
    "sharpe_ratio_w": 0.27121050331707375,
    "sortino_ratio": 0.3580618912780226,
    "sortino_ratio_w": 0.8180387547582063,
    "sterling_ratio": 0.08035385403344428,
    "sterling_ratio_w": 0.29280720902587576,
    "volume_pct_per_day_avg": 6.715318249920898,
    "volume_pct_per_day_avg_w": 3.4460520250018503
}