{
    "adg": 0.021575034091030565,
    "adg_per_exposure_long": 0.005393758522757641,
    "adg_per_exposure_short": 0.0,
    "adg_w": 0.007700911544745037,
    "adg_w_per_exposure_long": 0.0019252278861862592,
    "adg_w_per_exposure_short": 0.0,
    "calmar_ratio": 0.08859386485508676,
    "calmar_ratio_w": 0.10348888428869066,
    "drawdown_worst": 0.24352740594758915,
    "drawdown_worst_mean_1pct": 0.2409225263355274,
    "equity_balance_diff_neg_max": 0.2541134474662448,
    "equity_balance_diff_neg_mean": 0.01300713632321145,
    "equity_balance_diff_pos_max": 0.34328526382030733,
    "equity_balance_diff_pos_mean": 0.0022386196521418217,
    "equity_choppiness": 1.2799911030050473,
    "equity_choppiness_w": 1.1879313940153564,
    "equity_jerkiness": 0.03637196108740892,
    "equity_jerkiness_w": 0.012611569242907152,
    "expected_shortfall_1pct": 0.2371404700468755,
    "exponential_fit_error": 0.28853527501937815,
    "exponential_fit_error_w": 0.029287141165219927,
    "gain": 194.87534260178734,
    "gain_per_exposure_long": 48.718835650446835,
    "gain_per_exposure_short": 0.0,
    "loss_profit_ratio": 0.011222222619344356,
    "loss_profit_ratio_long": 0.011222222619344356,
    "loss_profit_ratio_short": 1.0,
    "loss_profit_ratio_w": 0.0021555190127056775,
    "mdg": 0.00647225411030985,
    "mdg_per_exposure_long": 0.0016180635275774625,
    "mdg_per_exposure_short": 0.0,
    "mdg_w": 0.0031893853990769263,
    "mdg_w_per_exposure_long": 0.0007973463497692316,
    "mdg_w_per_exposure_short": 0.0,
    "omega_ratio": 11.789210680943768,
    "omega_ratio_w": 22.896022620925983,
    "pnl_ratio_long_short": 1.0,
    "position_held_hours_max": 28.333333333333332,
    "position_held_hours_mean": 1.498210922787194,
    "position_held_hours_median": 0.45,
    "position_unchanged_hours_max": 12.966666666666667,
    "positions_held_per_day": 3.582995951417004,
    "sharpe_ratio": 0.1893489932302537,
    "sharpe_ratio_w": 0.2182738140863874,
    "sortino_ratio": 0.3249964341458077,
    "sortino_ratio_w": 0.2840831549900571,
    "sterling_ratio": 0.08955175100971463,
    "sterling_ratio_w": 0.10358467290415344,
    "volume_pct_per_day_avg": 5.025259503608412,
    "volume_pct_per_day_avg_w": 2.4513829458527585
}