{
    "adg_btc": 0.0034904346915891615,
    "adg_per_exposure_long_btc": 0.0015328420761447287,
    "adg_per_exposure_long_usd": 0.001649647947429675,
    "adg_per_exposure_short_btc": 0.0,
    "adg_per_exposure_short_usd": 0.0,
    "adg_pnl": 0.004629165124562797,
    "adg_pnl_w": 0.0014615768629941308,
    "adg_strategy_eq": 0.003756413341092113,
    "adg_strategy_eq_w": 0.0011178276710842373,
    "adg_usd": 0.003756413341092113,
    "adg_w_btc": 0.0022020568764096415,
    "adg_w_per_exposure_long_btc": 0.0009670444321328187,
    "adg_w_per_exposure_long_usd": 0.0004908996842845107,
    "adg_w_per_exposure_short_btc": 0.0,
    "adg_w_per_exposure_short_usd": 0.0,
    "adg_w_usd": 0.0011178276710842594,
    "backtest_completion_ratio": 1.0,
    "calmar_ratio_btc": 0.0032448721291060195,
    "calmar_ratio_strategy_eq": 0.0038058986154760584,
    "calmar_ratio_strategy_eq_w": 0.0021052439218664197,
    "calmar_ratio_usd": 0.0038058986154761018,
    "calmar_ratio_w_btc": 0.0052443535183606385,
    "calmar_ratio_w_usd": 0.0032084416233925397,
    "drawdown_worst_btc": 1.075677115372431,
    "drawdown_worst_ema_strategy_eq": 0.0,
    "drawdown_worst_ema_strategy_eq_long": 0.0,
    "drawdown_worst_ema_strategy_eq_short": 0.0,
    "drawdown_worst_mean_1pct_btc": 0.5100798242520623,
    "drawdown_worst_mean_1pct_ema_strategy_eq": 0.0,
    "drawdown_worst_mean_1pct_ema_strategy_eq_long": 0.0,
    "drawdown_worst_mean_1pct_ema_strategy_eq_short": 0.0,
    "drawdown_worst_mean_1pct_strategy_eq": 0.44268664333423086,
    "drawdown_worst_mean_1pct_strategy_eq_long": 0.0,
    "drawdown_worst_mean_1pct_strategy_eq_short": 0.0,
    "drawdown_worst_mean_1pct_usd": 0.4426866433342302,
    "drawdown_worst_strategy_eq": 0.9869977423511174,
    "drawdown_worst_strategy_eq_long": 0.0,
    "drawdown_worst_strategy_eq_short": 0.0,
    "drawdown_worst_usd": 0.9869977423511062,
    "entry_initial_balance_pct_long": 0.011556851775,
    "entry_initial_balance_pct_short": 0.0,
    "entry_interval_hours_max": 539.3,
    "entry_interval_hours_mean": 8.38555825799642,
    "entry_interval_hours_median": 0.5666666666666667,
    "entry_interval_hours_p95": 42.28333333333333,
    "entry_interval_hours_p99": 115.30333333333303,
    "equity_balance_diff_neg_max_btc": 1.2144240284799765,
    "equity_balance_diff_neg_max_usd": 0.9705181963281124,
    "equity_balance_diff_neg_mean_btc": 0.08876015853388658,
    "equity_balance_diff_neg_mean_usd": 0.054558718688916416,
    "equity_balance_diff_pos_max_btc": 3.8147616358528733,
    "equity_balance_diff_pos_max_usd": 3.411102451733561,
    "equity_balance_diff_pos_mean_btc": 0.2717712935474828,
    "equity_balance_diff_pos_mean_usd": 0.14789900412985751,
    "equity_choppiness_btc": 11.085931188914067,
    "equity_choppiness_usd": 2.4632856233375264,
    "equity_choppiness_w_btc": 8.04231624333924,
    "equity_choppiness_w_usd": 5.960239103754645,
    "equity_jerkiness_btc": 0.031083518157671148,
    "equity_jerkiness_usd": 0.008474735251100535,
    "equity_jerkiness_w_btc": 0.02416104570743286,
    "equity_jerkiness_w_usd": 0.005287069550525601,
    "expected_shortfall_1pct_btc": 0.3391348937072857,
    "expected_shortfall_1pct_strategy_eq": 0.3538266403057094,
    "expected_shortfall_1pct_usd": 0.35382664030570843,
    "exponential_fit_error_btc": 0.6700001583895877,
    "exponential_fit_error_usd": 0.319183919682838,
    "exponential_fit_error_w_btc": 0.08323371955778452,
    "exponential_fit_error_w_usd": 0.041540933728371546,
    "exposure_mean_ratio_btc": 0.10098559905999924,
    "exposure_mean_ratio_usd": 0.10868091945145342,
    "exposure_mean_ratio_w_btc": 0.08254986103887482,
    "exposure_mean_ratio_w_usd": 0.04037424343657532,
    "exposure_ratio_btc": 0.0015313008826506247,
    "exposure_ratio_usd": 0.0016479893116682304,
    "exposure_ratio_w_btc": 0.0009812821089519419,
    "exposure_ratio_w_usd": 0.0004956124398241528,
    "gain_btc": 934.2960011635654,
    "gain_per_exposure_long_btc": 410.30082173095843,
    "gain_per_exposure_long_usd": 690.2968182453028,
    "gain_per_exposure_short_btc": 0.0,
    "gain_per_exposure_short_usd": 0.0,
    "gain_strategy_eq": 1571.8748848263456,
    "gain_usd": 1571.874884826379,
    "hard_stop_duration_minutes_max": 0.0,
    "hard_stop_duration_minutes_mean": 0.0,
    "hard_stop_flatten_time_minutes_mean": 0.0,
    "hard_stop_halt_to_restart_equity_loss_pct": 0.0,
    "hard_stop_panic_close_loss_max": 0.0,
    "hard_stop_panic_close_loss_sum": 0.0,
    "hard_stop_post_restart_retrigger_pct": 0.0,
    "hard_stop_restarts": 0,
    "hard_stop_restarts_long": 0,
    "hard_stop_restarts_per_year": 0.0,
    "hard_stop_restarts_per_year_long": 0.0,
    "hard_stop_restarts_per_year_short": 0.0,
    "hard_stop_restarts_short": 0,
    "hard_stop_time_in_orange_pct": 0.0,
    "hard_stop_time_in_red_pct": 0.0,
    "hard_stop_time_in_yellow_pct": 0.0,
    "hard_stop_trigger_drawdown_mean": 0.0,
    "hard_stop_triggers": 0,
    "hard_stop_triggers_long": 0,
    "hard_stop_triggers_per_year": 0.0,
    "hard_stop_triggers_short": 0,
    "high_exposure_days_max_long": 2.6069444444444447,
    "high_exposure_days_max_short": 0.0,
    "high_exposure_days_mean_long": 0.05314900897411066,
    "high_exposure_days_mean_short": 0.0,
    "high_exposure_hours_max_long": 62.56666666666667,
    "high_exposure_hours_max_short": 0.0,
    "high_exposure_hours_mean_long": 1.2755762153786558,
    "high_exposure_hours_mean_short": 0.0,
    "liquidated": false,
    "long_short_profit_ratio": 1.0,
    "loss_profit_ratio": 0.426767638263487,
    "loss_profit_ratio_long": 0.426767638263487,
    "loss_profit_ratio_short": 1.0,
    "loss_profit_ratio_w": 0.5240637542539827,
    "mdg_btc": 0.0,
    "mdg_per_exposure_long_btc": 0.0,
    "mdg_per_exposure_long_usd": 9.240946569954256e-05,
    "mdg_per_exposure_short_btc": 0.0,
    "mdg_per_exposure_short_usd": 0.0,
    "mdg_pnl": 0.0005075350365980124,
    "mdg_pnl_w": 0.0002609259876755355,
    "mdg_strategy_eq": 0.00021042559434448604,
    "mdg_strategy_eq_w": 7.162869452220739e-05,
    "mdg_usd": 0.00021042559434442836,
    "mdg_w_btc": 0.0,
    "mdg_w_per_exposure_long_btc": 0.0,
    "mdg_w_per_exposure_long_usd": 3.145610404558867e-05,
    "mdg_w_per_exposure_short_btc": 0.0,
    "mdg_w_per_exposure_short_usd": 0.0,
    "mdg_w_usd": 7.162869452220997e-05,
    "omega_ratio_btc": 1.4840332406030095,
    "omega_ratio_strategy_eq": 4.553741390330406,
    "omega_ratio_strategy_eq_w": 2.372640617871074,
    "omega_ratio_usd": 4.553741390330463,
    "omega_ratio_w_btc": 1.400702395997284,
    "omega_ratio_w_usd": 2.372640617871175,
    "paper_loss_mean_ratio_btc": 0.03932434043880841,
    "paper_loss_mean_ratio_usd": 0.06885083505187278,
    "paper_loss_mean_ratio_w_btc": 0.12291150278466811,
    "paper_loss_mean_ratio_w_usd": 0.059522201002977414,
    "paper_loss_ratio_btc": 0.002874148246192011,
    "paper_loss_ratio_usd": 0.003870523350622626,
    "paper_loss_ratio_w_btc": 0.02195665714265555,
    "paper_loss_ratio_w_usd": 0.005309051083708637,
    "peak_recovery_days_equity_btc": 329.75694444444446,
    "peak_recovery_days_equity_usd": 236.50069444444443,
    "peak_recovery_days_pnl": 236.42083333333335,
    "peak_recovery_days_strategy_eq": 236.50069444444443,
    "peak_recovery_days_strategy_eq_long": 0.0,
    "peak_recovery_days_strategy_eq_short": 0.0,
    "peak_recovery_hours_equity_btc": 7914.166666666667,
    "peak_recovery_hours_equity_usd": 5676.016666666666,
    "peak_recovery_hours_pnl": 5674.1,
    "peak_recovery_hours_strategy_eq": 5676.016666666666,
    "peak_recovery_hours_strategy_eq_long": 0.0,
    "peak_recovery_hours_strategy_eq_short": 0.0,
    "pnl_ratio_long_short": 1.0,
    "position_held_days_max": 2.9347222222222222,
    "position_held_days_mean": 0.01599134207383693,
    "position_held_days_median": 0.004861111111111111,
    "position_held_hours_max": 70.43333333333334,
    "position_held_hours_mean": 0.3837922097720863,