{
    "adg": 0.006311451830670389,
    "adg_per_exposure_long": 0.0006363761953931708,
    "adg_per_exposure_short": 0.0,
    "adg_w": 0.005360247644657368,
    "adg_w_per_exposure_long": 0.0005404674065475578,
    "adg_w_per_exposure_short": 0.0,
    "calmar_ratio": 0.012660927939453774,
    "calmar_ratio_w": 0.012978542757302694,
    "drawdown_worst": 0.49849836132490316,
    "drawdown_worst_mean_1pct": 0.2980519041928748,
    "equity_balance_diff_neg_max": 0.5424863120180831,
    "equity_balance_diff_neg_mean": 0.006463141557378852,
    "equity_balance_diff_pos_max": 0.4174073609299025,
    "equity_balance_diff_pos_mean": 0.003147142765942725,
    "equity_choppiness": 1.755924135610838,
    "equity_choppiness_w": 1.8519303686508564,
    "equity_jerkiness": 0.010491814572918614,
    "equity_jerkiness_w": 0.012960690013465748,
    "expected_shortfall_1pct": 0.2897743489648973,
    "exponential_fit_error": 0.9491521517395966,
    "exponential_fit_error_w": 0.11934990956114488,
    "gain": 205028.74070281713,
    "gain_per_exposure_long": 20672.804523464594,
    "gain_per_exposure_short": 0.0,
    "loss_profit_ratio": 0.01401703154268775,
    "loss_profit_ratio_long": 0.01401703154268775,
    "loss_profit_ratio_short": 1.0,
    "loss_profit_ratio_w": 0.016184513700896918,
    "mdg": 0.00047253729222108146,
    "mdg_per_exposure_long": 4.764537419801584e-05,
    "mdg_per_exposure_short": 0.0,
    "mdg_w": 0.0003927243256897833,
    "mdg_w_per_exposure_long": 3.959792753330208e-05,
    "mdg_w_per_exposure_short": 0.0,
    "omega_ratio": 20.05956953955617,
    "omega_ratio_w": 7.06550257336,
    "pnl_ratio_long_short": 1.0,
    "position_held_hours_max": 372.0833333333333,
    "position_held_hours_mean": 0.9113616869770679,
    "position_held_hours_median": 0.13333333333333333,
    "position_unchanged_hours_max": 280.93333333333334,
    "positions_held_per_day": 10.595164609053498,
    "sharpe_ratio": 0.0567547889128018,
    "sharpe_ratio_w": 0.05775312119398561,
    "sortino_ratio": 0.10711924855308091,
    "sortino_ratio_w": 0.09484282062488843,
    "sterling_ratio": 0.021175680282136813,
    "sterling_ratio_w": 0.018208754068695977,
    "volume_pct_per_day_avg": 1.0467638613675427,
    "volume_pct_per_day_avg_w": 1.1548892841031047
}