{
    "adg": 0.003079450090891278,
    "adg_w": 0.004525305771432886,
    "calmar_ratio": 0.004616590610876303,
    "calmar_ratio_w": 0.013038660444447575,
    "drawdown_worst": 0.6670398894882189,
    "drawdown_worst_mean_1pct": 0.38292509339991987,
    "equity_balance_diff_neg_max": 0.6644673523711121,
    "equity_balance_diff_neg_mean": 0.021666496039880283,
    "equity_balance_diff_pos_max": 0.14212826902396297,
    "equity_balance_diff_pos_mean": 0.003870762726915589,
    "equity_choppiness": 1.3493572722174265,
    "equity_choppiness_w": 1.2496796466276119,
    "equity_jerkiness": 0.01030072548091165,
    "equity_jerkiness_w": 0.009047315750447975,
    "expected_shortfall_1pct": 0.25000926829427234,
    "exponential_fit_error": 0.08079381217249593,
    "exponential_fit_error_w": 0.019992064558188614,
    "gain": 80.94520507924778,
    "loss_profit_ratio": 0.18639350071120842,
    "loss_profit_ratio_long": 0.18639350071120842,
    "loss_profit_ratio_short": 1.0,
    "loss_profit_ratio_w": 0.1930683657919121,
    "mdg": 0.0,
    "mdg_w": 5.463923217937106e-05,
    "omega_ratio": 3.7579946706343654,
    "omega_ratio_w": 12.427366055733767,
    "pnl_ratio_long_short": 1.0,
    "position_held_hours_max": 50.05,
    "position_held_hours_mean": 1.1811967013400806,
    "position_held_hours_median": 0.36666666666666664,
    "position_unchanged_hours_max": 33.233333333333334,
    "positions_held_per_day": 2.4899325074521808,
    "sharpe_ratio": 0.04848129918197504,
    "sharpe_ratio_w": 0.07662585418915711,
    "sortino_ratio": 0.05457127720001618,
    "sortino_ratio_w": 0.09262838543019697,
    "sterling_ratio": 0.008041912488809286,
    "sterling_ratio_w": 0.016593117254500207
}