{"analysis": {"adg": 0.004192484530315621,
              "adg_per_exposure_long": 0.0004960756960841079,
              "adg_per_exposure_short": 0.0,
              "adg_w": 0.003816735585578601,
              "adg_w_per_exposure_long": 0.0004516152054214856,
              "adg_w_per_exposure_short": 0.0,
              "calmar_ratio": 0.011117098875363536,
              "calmar_ratio_w": 0.013597660496734323,
              "drawdown_worst": 0.377120378015755,
              "drawdown_worst_mean_1pct": 0.1914088546117661,
              "equity_balance_diff_neg_max": 0.4399552880417121,
              "equity_balance_diff_neg_mean": 0.0030395092039840533,
              "equity_balance_diff_pos_max": 1.1329141387184125,
              "equity_balance_diff_pos_mean": 0.03257340310213392,
              "equity_choppiness": 1.0250248691666064,
              "equity_choppiness_w": 1.0172737034688573,
              "equity_jerkiness": 0.008035386377571289,
              "equity_jerkiness_w": 0.007338728953544324,
              "expected_shortfall_1pct": 0.18885537477953296,
              "exponential_fit_error": 0.22861952990241732,
              "exponential_fit_error_w": 0.0502362052774149,
              "flat_btc_balance_hours": 0.0,
              "gain": 7141.451274881363,
              "gain_per_exposure_long": 845.0121608369557,
              "gain_per_exposure_short": 0.0,
              "loss_profit_ratio": 0.006778496438213922,
              "loss_profit_ratio_long": 0.006778496438213922,
              "loss_profit_ratio_short": 1.0,
              "loss_profit_ratio_w": 0.003946039507946612,
              "mdg": 0.00021837705280523573,
              "mdg_per_exposure_long": 2.5839462899818456e-05,
              "mdg_per_exposure_short": 0.0,
              "mdg_w": 2.1837705280523573e-05,
              "mdg_w_per_exposure_long": 2.583946289981846e-06,
              "mdg_w_per_exposure_short": 0.0,
              "omega_ratio": 74.8831880157478,
              "omega_ratio_w": 228.41521833248825,
              "pnl_ratio_long_short": 1.0,
              "position_held_hours_max": 50.35,
              "position_held_hours_mean": 0.29608428737348597,
              "position_held_hours_median": 0.016666666666666666,
              "position_unchanged_hours_max": 33.2,
              "positions_held_per_day": 1.8943894389438944,
              "sharpe_ratio": 0.0400237385913353,
              "sharpe_ratio_w": 0.040761487633594315,
              "sortino_ratio": 0.08194117520734676,
              "sortino_ratio_w": 0.08708284219919356,
              "sterling_ratio": 0.021903294593237196,
              "sterling_ratio_w": 0.023037984809721548,
              "volume_pct_per_day_avg": 1.1703130234726704,
              "volume_pct_per_day_avg_w": 0.9332279825799276},
 "backtest": {"base_dir": "backtests/pbgui/eth_adg_w_gain_unchange_100_dd4_TWE2-10_60_40",
              "cache_dir": {"binance": "caches/hlcvs_data/8f54bcc219519de1"},
              "coins": {"binance": ["ETH"]},
              "combine_ohlcvs": false,
              "compress_cache": true,
              "end_date": "2025-10-22",
              "exchanges": ["bybit", "binance"],
              "gap_tolerance_ohlcvs_minutes": 120,
              "max_warmup_minutes": 0,
              "start_date": "2020-01-01",
              "starting_balance": 1000,
              "use_btc_collateral": false},
 "bot": {"long": {"close_grid_markup_end": 0.025697,
                  "close_grid_markup_start": 0.002614,
                  "close_grid_qty_pct": 0.35111,
                  "close_trailing_grid_ratio": -0.55372,
                  "close_trailing_qty_pct": 0.050502,
                  "close_trailing_retracement_pct": 0.0094209,
                  "close_trailing_threshold_pct": 0.0039966,
                  "ema_span_0": 21.162,
                  "ema_span_1": 4.8275,
                  "enforce_exposure_limit": true,
                  "entry_grid_double_down_factor": 0.96099,
                  "entry_grid_spacing_log_span_hours": 145.81,
                  "entry_grid_spacing_log_weight": 61.444,
                  "entry_grid_spacing_pct": 0.013873,
                  "entry_grid_spacing_we_weight": 0.22016,
                  "entry_initial_ema_dist": 0.0093948,
                  "entry_initial_qty_pct": 0.010511,
                  "entry_trailing_double_down_factor": 1.3269,
                  "entry_trailing_grid_ratio": -0.45116,
                  "entry_trailing_retracement_pct": 0.013215,
                  "entry_trailing_threshold_pct": 0.010294,
                  "filter_log_range_ema_span": 60,
                  "filter_volume_drop_pct": 0,
                  "filter_volume_ema_span": 258.96,
                  "n_positions": 1,
                  "total_wallet_exposure_limit": 8.4513,
                  "unstuck_close_pct": 0.0050533,
                  "unstuck_ema_dist": -0.090124,
                  "unstuck_loss_allowance_pct": 0.051775,
                  "unstuck_threshold": 0.58192},
         "short": {"close_grid_markup_end": 0.001,
                   "close_grid_markup_start": 0.001,
                   "close_grid_qty_pct": 0.1,
                   "close_trailing_grid_ratio": -1,
                   "close_trailing_qty_pct": 0.1,
                   "close_trailing_retracement_pct": 0.003,
                   "close_trailing_threshold_pct": -0.001,
                   "ema_span_0": 200,
                   "ema_span_1": 200,
                   "enforce_exposure_limit": true,
                   "entry_grid_double_down_factor": 0.6,
                   "entry_grid_spacing_log_span_hours": 24,
                   "entry_grid_spacing_log_weight": 0,
                   "entry_grid_spacing_pct": 0.01,
                   "entry_grid_spacing_we_weight": 0,
                   "entry_initial_ema_dist": -0.001,
                   "entry_initial_qty_pct": 0.025,
                   "entry_trailing_double_down_factor": 0.1,
                   "entry_trailing_grid_ratio": -1,
                   "entry_trailing_retracement_pct": 0,
                   "entry_trailing_threshold_pct": -0.1,
                   "filter_log_range_ema_span": 60,
                   "filter_volume_drop_pct": 0.53,
                   "filter_volume_ema_span": 10,
                   "n_positions": 0,
                   "total_wallet_exposure_limit": 0,
                   "unstuck_close_pct": 0.005,
                   "unstuck_ema_dist": -0.1,
                   "unstuck_loss_allowance_pct": 0.01,
                   "unstuck_threshold": 0.55}},
 "coin_overrides": {},
 "disable_plotting": false,
 "live": {"approved_coins": {"long": ["ETH"], "short": []},
          "auto_gs": true,
          "base_config_path": "/home/mani/software/pb7/optimize_results/2025-10-23T20_47_40_bybit_binance_2121days_ETH_ec0decfb/pareto/001.0007_551d72b25cd8ab651e4c0a75d38cb2744d5381a85e8a54e89595670ea1863d2b.json",
          "empty_means_all_approved": false,
          "execution_delay_seconds": 2,
          "filter_by_min_effective_cost": true,
          "forced_mode_long": "",
          "forced_mode_short": "",
          "ignored_coins": {"long": [], "short": []},
          "inactive_coin_candle_ttl_minutes": 10,
          "leverage": 10,
          "market_orders_allowed": true,
          "max_disk_candles_per_symbol_per_tf": 2000000,
          "max_memory_candles_per_symbol": 20000,
          "max_n_cancellations_per_batch": 5,
          "max_n_creations_per_batch": 3,
          "max_n_restarts_per_day": 10,
          "minimum_coin_age_days": 30,
          "pnls_max_lookback_days": 30,
          "price_distance_threshold": 0.002,
          "time_in_force": "good_till_cancelled",
          "user": "bybit_01",
          "warmup_ratio": 0.2},
 "optimize": {"bounds": {"long_close_grid_markup_end": [0.001, 0.03],
                         "long_close_grid_markup_start": [0.001, 0.03],
                         "long_close_grid_qty_pct": [0.05, 0.4],