{
    "adg_btc": -0.0003440637244492839,
    "adg_per_exposure_long_btc": -0.00013906621577514406,
    "adg_per_exposure_long_usd": 0.00020282391645319781,
    "adg_per_exposure_short_btc": 0.0,
    "adg_per_exposure_short_usd": 0.0,
    "adg_pnl": 0.00104974529203322,
    "adg_pnl_w": -0.00133448580277602,
    "adg_strategy_eq": 0.0005018066516968567,
    "adg_strategy_eq_w": -0.0019557557230212574,
    "adg_usd": 0.0005018066516968567,
    "adg_w_btc": -0.0012181682556416163,
    "adg_w_per_exposure_long_btc": -0.0004923682371939761,
    "adg_w_per_exposure_long_usd": -0.0007904917840916974,
    "adg_w_per_exposure_short_btc": 0.0,
    "adg_w_per_exposure_short_usd": 0.0,
    "adg_w_usd": -0.0019557557230212687,
    "backtest_completion_ratio": 1.0,
    "calmar_ratio_btc": -0.00039347881699810367,
    "calmar_ratio_strategy_eq": 0.0006457834709543306,
    "calmar_ratio_strategy_eq_w": -0.00251689513257876,
    "calmar_ratio_usd": 0.0006457834709543284,
    "calmar_ratio_w_btc": -0.0016704071881844325,
    "calmar_ratio_w_usd": -0.0025168951325787664,
    "drawdown_worst_btc": 0.8744148594178123,
    "drawdown_worst_ema_strategy_eq": 0.0,
    "drawdown_worst_ema_strategy_eq_long": 0.0,
    "drawdown_worst_ema_strategy_eq_short": 0.0,
    "drawdown_worst_mean_1pct_btc": 0.8170509996116418,
    "drawdown_worst_mean_1pct_ema_strategy_eq": 0.0,
    "drawdown_worst_mean_1pct_ema_strategy_eq_long": 0.0,
    "drawdown_worst_mean_1pct_ema_strategy_eq_short": 0.0,
    "drawdown_worst_mean_1pct_strategy_eq": 0.6495687016969921,
    "drawdown_worst_mean_1pct_strategy_eq_long": 0.0,
    "drawdown_worst_mean_1pct_strategy_eq_short": 0.0,
    "drawdown_worst_mean_1pct_usd": 0.649568701696994,
    "drawdown_worst_strategy_eq": 0.7770509377629211,
    "drawdown_worst_strategy_eq_long": 0.0,
    "drawdown_worst_strategy_eq_short": 0.0,
    "drawdown_worst_usd": 0.7770509377629237,
    "entry_initial_balance_pct_long": 0.0503306163,
    "entry_initial_balance_pct_short": 0.0,
    "entry_interval_hours_max": 845.0666666666667,
    "entry_interval_hours_mean": 9.562684422303123,
    "entry_interval_hours_median": 1.8333333333333333,
    "entry_interval_hours_p95": 44.37166666666664,
    "entry_interval_hours_p99": 135.64133333333328,
    "equity_balance_diff_neg_max_btc": 0.6387432730071188,
    "equity_balance_diff_neg_max_usd": 0.6920858240327913,
    "equity_balance_diff_neg_mean_btc": 0.04140144138269678,
    "equity_balance_diff_neg_mean_usd": 0.02051821720961575,
    "equity_balance_diff_pos_max_btc": 0.5143569365308467,
    "equity_balance_diff_pos_max_usd": 0.08271413127646707,
    "equity_balance_diff_pos_mean_btc": 0.04115794839124388,
    "equity_balance_diff_pos_mean_usd": 0.0046152868398038,
    "equity_choppiness_btc": 68.72553903347226,
    "equity_choppiness_usd": 26.653267471834198,
    "equity_choppiness_w_btc": 29.749960291828792,
    "equity_choppiness_w_usd": 14.4721461109768,
    "equity_jerkiness_btc": 0.03208872290844881,
    "equity_jerkiness_usd": 0.009676148983474414,
    "equity_jerkiness_w_btc": 0.03976858804645954,
    "equity_jerkiness_w_usd": 0.026073078482738994,
    "expected_shortfall_1pct_btc": 0.15290379983869556,
    "expected_shortfall_1pct_strategy_eq": 0.15775361294470266,
    "expected_shortfall_1pct_usd": 0.15775361294470353,
    "exponential_fit_error_btc": 0.22312034342374354,
    "exponential_fit_error_usd": 0.03740919217978804,
    "exponential_fit_error_w_btc": 0.046149169586699075,
    "exponential_fit_error_w_usd": 0.03509608541672264,
    "exposure_mean_ratio_btc": -0.001791531437593282,
    "exposure_mean_ratio_usd": 0.0026128950198028122,
    "exposure_mean_ratio_w_btc": -0.002580657989263272,
    "exposure_mean_ratio_w_usd": -0.003381374953018956,
    "exposure_ratio_btc": -0.0001383264721288771,
    "exposure_ratio_usd": 0.0002017450224697027,
    "exposure_ratio_w_btc": -0.0004911845006006696,
    "exposure_ratio_w_usd": -0.0007889155390457099,
    "gain_btc": 0.48146723444875544,
    "gain_per_exposure_long_btc": 0.1946029806591308,
    "gain_per_exposure_long_usd": 1.173151012714894,
    "gain_per_exposure_short_btc": 0.0,
    "gain_per_exposure_short_usd": 0.0,
    "gain_strategy_eq": 2.902492920557946,
    "gain_usd": 2.9024929205579193,
    "hard_stop_duration_minutes_max": 0.0,
    "hard_stop_duration_minutes_mean": 0.0,
    "hard_stop_flatten_time_minutes_mean": 0.0,
    "hard_stop_halt_to_restart_equity_loss_pct": 0.0,
    "hard_stop_panic_close_loss_max": 0.0,
    "hard_stop_panic_close_loss_sum": 0.0,
    "hard_stop_post_restart_retrigger_pct": 0.0,
    "hard_stop_restarts": 0,
    "hard_stop_restarts_long": 0,
    "hard_stop_restarts_per_year": 0.0,
    "hard_stop_restarts_per_year_long": 0.0,
    "hard_stop_restarts_per_year_short": 0.0,
    "hard_stop_restarts_short": 0,
    "hard_stop_time_in_orange_pct": 0.0,
    "hard_stop_time_in_red_pct": 0.0,
    "hard_stop_time_in_yellow_pct": 0.0,
    "hard_stop_trigger_drawdown_mean": 0.0,
    "hard_stop_triggers": 0,
    "hard_stop_triggers_long": 0,
    "hard_stop_triggers_per_year": 0.0,
    "hard_stop_triggers_short": 0,
    "high_exposure_days_max_long": 36.71319444444445,
    "high_exposure_days_max_short": 0.0,
    "high_exposure_days_mean_long": 0.8435798472775565,
    "high_exposure_days_mean_short": 0.0,
    "high_exposure_hours_max_long": 881.1166666666667,
    "high_exposure_hours_max_short": 0.0,
    "high_exposure_hours_mean_long": 20.245916334661356,
    "high_exposure_hours_mean_short": 0.0,
    "liquidated": false,
    "long_short_profit_ratio": 1.0,
    "loss_profit_ratio": 0.3922943645881052,
    "loss_profit_ratio_long": 0.3922943645881052,
    "loss_profit_ratio_short": 1.0,
    "loss_profit_ratio_w": 2.3049524341114527,
    "mdg_btc": -0.0007642451070316135,
    "mdg_per_exposure_long_btc": -0.00030889822845948565,
    "mdg_per_exposure_long_usd": 5.4868275441297345e-05,
    "mdg_per_exposure_short_btc": 0.0,
    "mdg_per_exposure_short_usd": 0.0,
    "mdg_pnl": 0.00042275874701863545,
    "mdg_pnl_w": 9.137614735591287e-05,
    "mdg_strategy_eq": 0.00013574960026931294,
    "mdg_strategy_eq_w": -0.0001232265482191036,
    "mdg_usd": 0.00013574960026931375,
    "mdg_w_btc": -0.0008768736273753388,
    "mdg_w_per_exposure_long_btc": -0.000354421255153526,
    "mdg_w_per_exposure_long_usd": -4.980661582761389e-05,
    "mdg_w_per_exposure_short_btc": 0.0,
    "mdg_w_per_exposure_short_usd": 0.0,
    "mdg_w_usd": -0.00012322654821909953,
    "omega_ratio_btc": 1.0328069929914812,
    "omega_ratio_strategy_eq": 1.301955748502045,
    "omega_ratio_strategy_eq_w": 0.9866893765433484,
    "omega_ratio_usd": 1.301955748502046,
    "omega_ratio_w_btc": 1.0117650319435714,
    "omega_ratio_w_usd": 0.9866893765433495,
    "paper_loss_mean_ratio_btc": -0.00831042864592345,
    "paper_loss_mean_ratio_usd": 0.024456639998025158,
    "paper_loss_mean_ratio_w_btc": -0.008715012135349393,
    "paper_loss_mean_ratio_w_usd": -0.005180495523401608,
    "paper_loss_ratio_btc": -0.0005386572962709688,
    "paper_loss_ratio_usd": 0.0007250641961900391,
    "paper_loss_ratio_w_btc": -0.0019856982708853286,
    "paper_loss_ratio_w_usd": -0.0026279204327971117,
    "peak_recovery_days_equity_btc": 642.9770833333333,
    "peak_recovery_days_equity_usd": 96.48958333333333,
    "peak_recovery_days_pnl": 156.1861111111111,
    "peak_recovery_days_strategy_eq": 182.7,
    "peak_recovery_days_strategy_eq_long": 0.0,
    "peak_recovery_days_strategy_eq_short": 0.0,
    "peak_recovery_hours_equity_btc": 15431.45,
    "peak_recovery_hours_equity_usd": 2315.75,
    "peak_recovery_hours_pnl": 3748.4666666666667,
    "peak_recovery_hours_strategy_eq": 4384.799999999999,
    "peak_recovery_hours_strategy_eq_long": 0.0,
    "peak_recovery_hours_strategy_eq_short": 0.0,
    "pnl_ratio_long_short": 1.0,
    "position_held_days_max": 44.512499999999996,
    "position_held_days_mean": 0.38670000638080654,
    "position_held_days_median": 0.05347222222222223,