{
    "adg": 0.0028065235625172047,
    "adg_w": 0.0010718887822253498,
    "calmar_ratio": 0.008696678714420411,
    "calmar_ratio_w": 0.022654672108079747,
    "drawdown_worst": 0.32271211282803436,
    "drawdown_worst_mean_1pct": 0.08382923298409457,
    "equity_balance_diff_neg_max": 0.3226516442941833,
    "equity_balance_diff_neg_mean": 0.0009004257104426089,
    "equity_balance_diff_pos_max": 0.3045475971687246,
    "equity_balance_diff_pos_mean": 0.005294101416884447,
    "equity_choppiness": 1.0576298234611594,
    "equity_choppiness_w": 1.0342062454393006,
    "equity_jerkiness": 0.00481251847104275,
    "equity_jerkiness_w": 0.0020031881438178,
    "expected_shortfall_1pct": 0.08258129171092225,
    "exponential_fit_error": 0.5362785300143562,
    "exponential_fit_error_w": 0.05516621697098269,
    "gain": 236.95214904362996,
    "loss_profit_ratio": 0.02176298500757354,
    "loss_profit_ratio_long": 0.02176298500757354,
    "loss_profit_ratio_short": 1.0,
    "loss_profit_ratio_w": 0.0130160468591488,
    "mdg": 0.0,
    "mdg_w": 0.0,
    "omega_ratio": 107.88135918757408,
    "omega_ratio_w": 83.58308505720512,
    "pnl_ratio_long_short": 1.0,
    "position_held_hours_max": 75.81666666666666,
    "position_held_hours_mean": 0.7869669569100246,
    "position_held_hours_median": 0.2,
    "position_unchanged_hours_max": 72.45,
    "positions_held_per_day": 1.530497180932855,
    "sharpe_ratio": 0.065276713416238,
    "sharpe_ratio_w": 0.06570548298710567,
    "sortino_ratio": 0.11060829985672233,
    "sortino_ratio_w": 0.14406554792600537,
    "sterling_ratio": 0.03347905572570017,
    "sterling_ratio_w": 0.038605997070220735
}