{
    "adg": 0.015943265346372693,
    "adg_per_exposure_long": 0.0024161587831316783,
    "adg_per_exposure_short": 0.0,
    "adg_w": 0.006512990004001007,
    "adg_w_per_exposure_long": 0.000987026036432123,
    "adg_w_per_exposure_short": 0.0,
    "calmar_ratio": 0.03732538347988107,
    "calmar_ratio_w": 0.024756463543685294,
    "drawdown_worst": 0.42714270718655434,
    "drawdown_worst_mean_1pct": 0.28991040093543935,
    "equity_balance_diff_neg_max": 0.4619411170519099,
    "equity_balance_diff_neg_mean": 0.011769364722669108,
    "equity_balance_diff_pos_max": 0.9359396883116831,
    "equity_balance_diff_pos_mean": 0.006869758467084408,
    "equity_choppiness": 1.5540306911565898,
    "equity_choppiness_w": 2.017820566939445,
    "equity_jerkiness": 0.030926969180757484,
    "equity_jerkiness_w": 0.020473163280316224,
    "expected_shortfall_1pct": 0.2714259199005475,
    "exponential_fit_error": 0.3527622873384735,
    "exponential_fit_error_w": 0.04897271391153749,
    "gain": 2853.2264495794598,
    "gain_per_exposure_long": 432.39875876389834,
    "gain_per_exposure_short": 0.0,
    "loss_profit_ratio": 0.053842299770744784,
    "loss_profit_ratio_long": 0.053842299770744784,
    "loss_profit_ratio_short": 1.0,
    "loss_profit_ratio_w": 0.04998050905599506,
    "mdg": 0.0001679566619388249,
    "mdg_per_exposure_long": 2.5453378283094128e-05,
    "mdg_per_exposure_short": 0.0,
    "mdg_w": 1.679566619388249e-05,
    "mdg_w_per_exposure_long": 2.5453378283094127e-06,
    "mdg_w_per_exposure_short": 0.0,
    "omega_ratio": 13.098649077626416,
    "omega_ratio_w": 4.405602572223876,
    "pnl_ratio_long_short": 1.0,
    "position_held_hours_max": 145.28333333333333,
    "position_held_hours_mean": 8.152088258471236,
    "position_held_hours_median": 2.566666666666667,
    "position_unchanged_hours_max": 92.26666666666667,
    "positions_held_per_day": 0.8409542743538767,
    "sharpe_ratio": 0.10219321827409414,
    "sharpe_ratio_w": 0.08223958488233914,
    "sortino_ratio": 0.2616516891748287,
    "sortino_ratio_w": 0.12217494598979144,
    "sterling_ratio": 0.05499376805705955,
    "sterling_ratio_w": 0.026640751537918478,
    "volume_pct_per_day_avg": 1.8031625885386229,
    "volume_pct_per_day_avg_w": 1.4012879683768955
}