{
    "adg": 0.013906092069017495,
    "adg_per_exposure_long": 0.004635364023005832,
    "adg_per_exposure_short": 0.0,
    "adg_w": 0.0048371555627491954,
    "adg_w_per_exposure_long": 0.0016123851875830652,
    "adg_w_per_exposure_short": 0.0,
    "calmar_ratio": 0.14672546124866365,
    "calmar_ratio_w": 0.08125188546985988,
    "drawdown_worst": 0.09477627093943894,
    "drawdown_worst_mean_1pct": 0.08906131111159643,
    "equity_balance_diff_neg_max": 0.183622423346729,
    "equity_balance_diff_neg_mean": 0.00494805771698652,
    "equity_balance_diff_pos_max": 0.31110740202671155,
    "equity_balance_diff_pos_mean": 0.0037579053463642274,
    "equity_choppiness": 1.2014551431187754,
    "equity_choppiness_w": 1.448834205528217,
    "equity_jerkiness": 0.021337683665820128,
    "equity_jerkiness_w": 0.01041092183655574,
    "expected_shortfall_1pct": 0.07599298039976508,
    "exponential_fit_error": 0.12932946783030333,
    "exponential_fit_error_w": 0.013254305678558943,
    "gain": 28.27816808185544,
    "gain_per_exposure_long": 9.426056027285147,
    "gain_per_exposure_short": 0.0,
    "loss_profit_ratio": 0.016306299721194822,
    "loss_profit_ratio_long": 0.016306299721194822,
    "loss_profit_ratio_short": 1.0,
    "loss_profit_ratio_w": 0.008650214055247886,
    "mdg": 0.0031616149540831325,
    "mdg_per_exposure_long": 0.0010538716513610442,
    "mdg_per_exposure_short": 0.0,
    "mdg_w": 0.0018721175797112855,
    "mdg_w_per_exposure_long": 0.0006240391932370951,
    "mdg_w_per_exposure_short": 0.0,
    "omega_ratio": 23.19102693903653,
    "omega_ratio_w": 7.231864276932948,
    "pnl_ratio_long_short": 1.0,
    "position_held_hours_max": 142.53333333333333,
    "position_held_hours_mean": 11.03561507936508,
    "position_held_hours_median": 4.425,
    "position_unchanged_hours_max": 91.21666666666667,
    "positions_held_per_day": 1.3884297520661157,
    "sharpe_ratio": 0.20807185436549364,
    "sharpe_ratio_w": 0.24834473511171234,
    "sortino_ratio": 0.726090603174191,
    "sortino_ratio_w": 0.3766605302138689,
    "sterling_ratio": 0.15614066192662215,
    "sterling_ratio_w": 0.08219340553765574,
    "volume_pct_per_day_avg": 2.0337479575335604,
    "volume_pct_per_day_avg_w": 0.8552299264095004
}