{
    "adg": 0.004120307683251001,
    "adg_w": 0.001630573409067071,
    "calmar_ratio": 0.006290855772194753,
    "calmar_ratio_w": 0.004267413186509531,
    "drawdown_worst": 0.6549677551760988,
    "drawdown_worst_mean_1pct": 0.24755913296770776,
    "equity_balance_diff_neg_max": 0.6540078797866342,
    "equity_balance_diff_neg_mean": 0.01472018007693595,
    "equity_balance_diff_pos_max": 0.5945106771941899,
    "equity_balance_diff_pos_mean": 0.010824469500320011,
    "equity_choppiness": 1.2466105227952096,
    "equity_choppiness_w": 2.1209542346709283,
    "equity_jerkiness": 0.008335289677023282,
    "equity_jerkiness_w": 0.005004763709326956,
    "expected_shortfall_1pct": 0.22980957827617507,
    "exponential_fit_error": 0.7506129863134133,
    "exponential_fit_error_w": 0.08096850199627204,
    "gain": 2157.725364216058,
    "loss_profit_ratio": 0.11377684912479259,
    "loss_profit_ratio_long": 0.11377684912479259,
    "loss_profit_ratio_short": 1.0,
    "loss_profit_ratio_w": 0.26578106721106687,
    "mdg": 0.0,
    "mdg_w": 0.0,
    "omega_ratio": 21.790780843506884,
    "omega_ratio_w": 47.04371587952512,
    "pnl_ratio_long_short": 1.0,
    "position_held_hours_max": 71.5,
    "position_held_hours_mean": 0.5380887681159421,
    "position_held_hours_median": 0.11666666666666667,
    "position_unchanged_hours_max": 61.333333333333336,
    "positions_held_per_day": 0.7886171965337274,
    "sharpe_ratio": 0.045263579574964234,
    "sharpe_ratio_w": 0.031919956210847006,
    "sortino_ratio": 0.05760785830714678,
    "sortino_ratio_w": 0.02816327004260231,
    "sterling_ratio": 0.0166437312728368,
    "sterling_ratio_w": 0.008919840576247293
}