{
    "adg": 0.0018315291793427058,
    "adg_w": 0.0007233097712480152,
    "calmar_ratio": 0.010434008098068163,
    "calmar_ratio_w": 0.020839864815949884,
    "drawdown_worst": 0.17553457522060098,
    "drawdown_worst_mean_1pct": 0.05653318602243757,
    "equity_balance_diff_neg_max": 0.1758131796961069,
    "equity_balance_diff_neg_mean": 0.0006551402436842862,
    "equity_balance_diff_pos_max": 0.37199769446541225,
    "equity_balance_diff_pos_mean": 0.0018839928680955621,
    "equity_choppiness": 1.0958220620499475,
    "equity_choppiness_w": 1.0580374342996384,
    "equity_jerkiness": 0.003270394629024082,
    "equity_jerkiness_w": 0.001420312023489085,
    "expected_shortfall_1pct": 0.051400308495270365,
    "exponential_fit_error": 0.18115168145545743,
    "exponential_fit_error_w": 0.018606333774424715,
    "gain": 35.25917182991868,
    "loss_profit_ratio": 0.03198008286269822,
    "loss_profit_ratio_long": 0.03198008286269822,
    "loss_profit_ratio_short": 1.0,
    "loss_profit_ratio_w": 0.023300686439715515,
    "mdg": 0.0,
    "mdg_w": 0.0,
    "omega_ratio": 51.54013228156941,
    "omega_ratio_w": 48.16722020345336,
    "pnl_ratio_long_short": 1.0,
    "position_held_hours_max": 89.73333333333333,
    "position_held_hours_mean": 1.2169478527607362,
    "position_held_hours_median": 0.2833333333333333,
    "position_unchanged_hours_max": 72.2,
    "positions_held_per_day": 1.33949666153056,
    "sharpe_ratio": 0.06730521840209466,
    "sharpe_ratio_w": 0.07228333349849093,
    "sortino_ratio": 0.1225859381349107,
    "sortino_ratio_w": 0.11762123405773113,
    "sterling_ratio": 0.03239741660085788,
    "sterling_ratio_w": 0.02929135173474612
}