{
    "adg": 0.0025294194264171566,
    "adg_per_exposure_long": 0.0008542161448168439,
    "adg_per_exposure_short": 0.0,
    "adg_w": 0.0022991363641287287,
    "adg_w_per_exposure_long": 0.0007764467137647255,
    "adg_w_per_exposure_short": 0.0,
    "calmar_ratio": 0.0038780449559264836,
    "calmar_ratio_w": 0.007690051373295792,
    "drawdown_worst": 0.65224087269841,
    "drawdown_worst_mean_1pct": 0.24196404214244097,
    "equity_balance_diff_neg_max": 0.6614284194295301,
    "equity_balance_diff_neg_mean": 0.0061304419096810244,
    "equity_balance_diff_pos_max": 0.17420663569741401,
    "equity_balance_diff_pos_mean": 0.001886250086528593,
    "equity_choppiness": 2.899905818799621,
    "equity_choppiness_w": 3.1092417913453927,
    "equity_jerkiness": 0.0101170126119087,
    "equity_jerkiness_w": 0.011918787313787973,
    "expected_shortfall_1pct": 0.1822952400620284,
    "exponential_fit_error": 0.14939522206584344,
    "exponential_fit_error_w": 0.018242745407407265,
    "gain": 65.25988451844262,
    "gain_per_exposure_long": 22.039068089035364,
    "gain_per_exposure_short": 0.0,
    "loss_profit_ratio": 0.07721948619459279,
    "loss_profit_ratio_long": 0.07721948619459279,
    "loss_profit_ratio_short": 1.0,
    "loss_profit_ratio_w": 0.08504108149778311,
    "mdg": 0.00018662420180128915,
    "mdg_per_exposure_long": 6.302529526233128e-05,
    "mdg_per_exposure_short": 0.0,
    "mdg_w": 0.00015418155636280737,
    "mdg_w_per_exposure_long": 5.206901366478922e-05,
    "mdg_w_per_exposure_short": 0.0,
    "omega_ratio": 2.6969860823565104,
    "omega_ratio_w": 2.174508269549348,
    "pnl_ratio_long_short": 1.0,
    "position_held_hours_max": 823.9833333333333,
    "position_held_hours_mean": 8.843489759171732,
    "position_held_hours_median": 1.7083333333333333,
    "position_unchanged_hours_max": 438.73333333333335,
    "positions_held_per_day": 1.7912335686631555,
    "sharpe_ratio": 0.03153569272060881,
    "sharpe_ratio_w": 0.04367176790792597,
    "sortino_ratio": 0.07307274774096514,
    "sortino_ratio_w": 0.06104926302472323,
    "sterling_ratio": 0.010453699665540063,
    "sterling_ratio_w": 0.009019664522913811,
    "volume_pct_per_day_avg": 0.8673498297290572,
    "volume_pct_per_day_avg_w": 0.7677738227935911
}