{
    "adg": 0.008202038594974814,
    "adg_per_exposure_long": 0.0016232981564262305,
    "adg_per_exposure_short": 0.0,
    "adg_w": 0.004389331751157988,
    "adg_w_per_exposure_long": 0.0008687101453001342,
    "adg_w_per_exposure_short": 0.0,
    "calmar_ratio": 0.010272442688618036,
    "calmar_ratio_w": 0.020908778997303354,
    "drawdown_worst": 0.7984506551750102,
    "drawdown_worst_mean_1pct": 0.32894095497564957,
    "equity_balance_diff_neg_max": 0.798960800913425,
    "equity_balance_diff_neg_mean": 0.0030590699849760367,
    "equity_balance_diff_pos_max": 0.7296313870424916,
    "equity_balance_diff_pos_mean": 0.0009631626758801181,
    "equity_choppiness": 1.3883079493588837,
    "equity_choppiness_w": 1.490386831258948,
    "equity_jerkiness": 0.014365463969840927,
    "equity_jerkiness_w": 0.009653884796918318,
    "expected_shortfall_1pct": 0.3068915516347892,
    "exponential_fit_error": 1.0718093412130734,
    "exponential_fit_error_w": 0.11386601616702148,
    "gain": 911842.2297473791,
    "gain_per_exposure_long": 180466.33082260555,
    "gain_per_exposure_short": 0.0,
    "loss_profit_ratio": 0.004913526882252984,
    "loss_profit_ratio_long": 0.004913526882252984,
    "loss_profit_ratio_short": 1.0,
    "loss_profit_ratio_w": 0.005522496271989492,
    "mdg": 0.0015477822095730945,
    "mdg_per_exposure_long": 0.00030632774745642814,
    "mdg_per_exposure_short": 0.0,
    "mdg_w": 0.001003787537366537,
    "mdg_w_per_exposure_long": 0.0001986635932009692,
    "mdg_w_per_exposure_short": 0.0,
    "omega_ratio": 13.562258735786003,
    "omega_ratio_w": 7.23025833537302,
    "pnl_ratio_long_short": 1.0,
    "position_held_hours_max": 108.8,
    "position_held_hours_mean": 1.9954722154022424,
    "position_held_hours_median": 0.4,
    "position_unchanged_hours_max": 90.28333333333333,
    "positions_held_per_day": 4.848809523809524,
    "sharpe_ratio": 0.049610571113313906,
    "sharpe_ratio_w": 0.08728756562271753,
    "sortino_ratio": 0.1333734305387091,
    "sortino_ratio_w": 0.13671038380796102,
    "sterling_ratio": 0.02493468347710605,
    "sterling_ratio_w": 0.025710389799930768,
    "volume_pct_per_day_avg": 1.8733283491862451,
    "volume_pct_per_day_avg_w": 1.2453439315103512
}