{
    "adg_btc": 0.0004996086085946594,
    "adg_per_exposure_long_btc": 3.3307240572977295e-05,
    "adg_per_exposure_long_usd": 9.139845626052376e-05,
    "adg_per_exposure_short_btc": 0.0,
    "adg_per_exposure_short_usd": 0.0,
    "adg_pnl": 0.00353594973312099,
    "adg_pnl_w": 0.0015689103323631615,
    "adg_strategy_eq": 0.0013709768439078562,
    "adg_strategy_eq_w": 0.00040996141315787773,
    "adg_usd": 0.0013709768439078562,
    "adg_w_btc": 0.0012493023103068656,
    "adg_w_per_exposure_long_btc": 8.328682068712437e-05,
    "adg_w_per_exposure_long_usd": 2.733076087719185e-05,
    "adg_w_per_exposure_short_btc": 0.0,
    "adg_w_per_exposure_short_usd": 0.0,
    "adg_w_usd": 0.00040996141315787773,
    "backtest_completion_ratio": 1.0,
    "calmar_ratio_btc": 0.0006602683881794694,
    "calmar_ratio_strategy_eq": 0.0019226100861315207,
    "calmar_ratio_strategy_eq_w": 0.0032599236319282806,
    "calmar_ratio_usd": 0.0019226100861315213,
    "calmar_ratio_w_btc": 0.005111153203796147,
    "calmar_ratio_w_usd": 0.0032599236319282737,
    "drawdown_worst_btc": 0.7566750393309143,
    "drawdown_worst_ema_strategy_eq": 0.0,
    "drawdown_worst_ema_strategy_eq_long": 0.0,
    "drawdown_worst_ema_strategy_eq_short": 0.0,
    "drawdown_worst_mean_1pct_btc": 0.7527144078097043,
    "drawdown_worst_mean_1pct_ema_strategy_eq": 0.0,
    "drawdown_worst_mean_1pct_ema_strategy_eq_long": 0.0,
    "drawdown_worst_mean_1pct_ema_strategy_eq_short": 0.0,
    "drawdown_worst_mean_1pct_strategy_eq": 0.24945507405001993,
    "drawdown_worst_mean_1pct_strategy_eq_long": 0.0,
    "drawdown_worst_mean_1pct_strategy_eq_short": 0.0,
    "drawdown_worst_mean_1pct_usd": 0.24945507405001996,
    "drawdown_worst_strategy_eq": 0.7130810629764226,
    "drawdown_worst_strategy_eq_long": 0.0,
    "drawdown_worst_strategy_eq_short": 0.0,
    "drawdown_worst_usd": 0.7130810629764224,
    "entry_initial_balance_pct_long": 0.26637,
    "entry_initial_balance_pct_short": 0.0,
    "entry_interval_hours_max": 1271.0666666666666,
    "entry_interval_hours_mean": 24.790595297648824,
    "entry_interval_hours_median": 3.05,
    "entry_interval_hours_p95": 118.2816666666666,
    "entry_interval_hours_p99": 282.7963333333333,
    "equity_balance_diff_neg_max_btc": 0.7119490167058254,
    "equity_balance_diff_neg_max_usd": 0.7067659697706434,
    "equity_balance_diff_neg_mean_btc": 0.11829805609223804,
    "equity_balance_diff_neg_mean_usd": 0.021085972850068652,
    "equity_balance_diff_pos_max_btc": 1.8582821412021135,
    "equity_balance_diff_pos_max_usd": 0.7217655013553547,
    "equity_balance_diff_pos_mean_btc": 0.17798935673892313,
    "equity_balance_diff_pos_mean_usd": 0.03992982153711118,
    "equity_choppiness_btc": 35.16620593596955,
    "equity_choppiness_usd": 2.4247490150757502,
    "equity_choppiness_w_btc": 10.514067480789079,
    "equity_choppiness_w_usd": 2.2693932847232885,
    "equity_jerkiness_btc": 0.027007136545589342,
    "equity_jerkiness_usd": 0.005159717481802691,
    "equity_jerkiness_w_btc": 0.015371222085175143,
    "equity_jerkiness_w_usd": 0.0015118568705445785,
    "expected_shortfall_1pct_btc": 0.20500464108782435,
    "expected_shortfall_1pct_strategy_eq": 0.14847061478833537,
    "expected_shortfall_1pct_usd": 0.1484706147883354,
    "exponential_fit_error_btc": 0.3956920538648049,
    "exponential_fit_error_usd": 0.10763751754311261,
    "exponential_fit_error_w_btc": 0.05966975840989357,
    "exponential_fit_error_w_usd": 0.010978388685445355,
    "exposure_mean_ratio_btc": 0.008117748210126301,
    "exposure_mean_ratio_usd": 0.022275926854148632,
    "exposure_mean_ratio_w_btc": 0.06386181749890729,
    "exposure_mean_ratio_w_usd": 0.017502985645909158,
    "exposure_ratio_btc": 3.3561240696108924e-05,
    "exposure_ratio_usd": 9.209545843617228e-05,
    "exposure_ratio_w_btc": 0.00034738280506502287,
    "exposure_ratio_w_usd": 7.507503896196576e-05,
    "gain_btc": 2.810695824002477,
    "gain_per_exposure_long_btc": 0.1873797216001651,
    "gain_per_exposure_long_usd": 1.1349155482759987,
    "gain_per_exposure_short_btc": 0.0,
    "gain_per_exposure_short_usd": 0.0,
    "gain_strategy_eq": 17.023733224139978,
    "gain_usd": 17.02373322413998,
    "hard_stop_duration_minutes_max": 0.0,
    "hard_stop_duration_minutes_mean": 0.0,
    "hard_stop_flatten_time_minutes_mean": 0.0,
    "hard_stop_halt_to_restart_equity_loss_pct": 0.0,
    "hard_stop_panic_close_loss_max": 0.0,
    "hard_stop_panic_close_loss_sum": 0.0,
    "hard_stop_post_restart_retrigger_pct": 0.0,
    "hard_stop_restarts": 0,
    "hard_stop_restarts_long": 0,
    "hard_stop_restarts_per_year": 0.0,
    "hard_stop_restarts_per_year_long": 0.0,
    "hard_stop_restarts_per_year_short": 0.0,
    "hard_stop_restarts_short": 0,
    "hard_stop_time_in_orange_pct": 0.0,
    "hard_stop_time_in_red_pct": 0.0,
    "hard_stop_time_in_yellow_pct": 0.0,
    "hard_stop_trigger_drawdown_mean": 0.0,
    "hard_stop_triggers": 0,
    "hard_stop_triggers_long": 0,
    "hard_stop_triggers_per_year": 0.0,
    "hard_stop_triggers_short": 0,
    "high_exposure_days_max_long": 8.231250000000001,
    "high_exposure_days_max_short": 0.0,
    "high_exposure_days_mean_long": 0.07703229166666667,
    "high_exposure_days_mean_short": 0.0,
    "high_exposure_hours_max_long": 197.55,
    "high_exposure_hours_max_short": 0.0,
    "high_exposure_hours_mean_long": 1.848775,
    "high_exposure_hours_mean_short": 0.0,
    "liquidated": false,
    "long_short_profit_ratio": 1.0,
    "loss_profit_ratio": 0.050171111520291946,
    "loss_profit_ratio_long": 0.050171111520291946,
    "loss_profit_ratio_short": 1.0,
    "loss_profit_ratio_w": 0.05795191623378025,
    "mdg_btc": 0.0,
    "mdg_per_exposure_long_btc": 0.0,
    "mdg_per_exposure_long_usd": 0.0,
    "mdg_per_exposure_short_btc": 0.0,
    "mdg_per_exposure_short_usd": 0.0,
    "mdg_pnl": 0.0009486105443021974,
    "mdg_pnl_w": 0.00037538688995030167,
    "mdg_strategy_eq": 0.0,
    "mdg_strategy_eq_w": 0.0,
    "mdg_usd": 0.0,
    "mdg_w_btc": 0.0,
    "mdg_w_per_exposure_long_btc": 0.0,
    "mdg_w_per_exposure_long_usd": 0.0,
    "mdg_w_per_exposure_short_btc": 0.0,
    "mdg_w_per_exposure_short_usd": 0.0,
    "mdg_w_usd": 0.0,
    "omega_ratio_btc": 1.1898736712402795,
    "omega_ratio_strategy_eq": 3.2379084833604552,
    "omega_ratio_strategy_eq_w": 2.959176461707627,
    "omega_ratio_usd": 3.2379084833604534,
    "omega_ratio_w_btc": 1.493336414570023,
    "omega_ratio_w_usd": 2.959176461707637,
    "paper_loss_mean_ratio_btc": 0.004223303620518584,
    "paper_loss_mean_ratio_usd": 0.06501842972369153,
    "paper_loss_mean_ratio_w_btc": 0.2247527155363822,
    "paper_loss_mean_ratio_w_usd": 0.2516677020295929,
    "paper_loss_ratio_btc": 0.0007017477331541785,
    "paper_loss_ratio_usd": 0.0019397889860950147,
    "paper_loss_ratio_w_btc": 0.08671745622889834,
    "paper_loss_ratio_w_usd": 0.004370548511525766,
    "peak_recovery_days_equity_btc": 243.53958333333333,
    "peak_recovery_days_equity_usd": 72.07638888888889,
    "peak_recovery_days_pnl": 62.52777777777778,
    "peak_recovery_days_strategy_eq": 72.07638888888889,
    "peak_recovery_days_strategy_eq_long": 0.0,
    "peak_recovery_days_strategy_eq_short": 0.0,
    "peak_recovery_hours_equity_btc": 5844.95,
    "peak_recovery_hours_equity_usd": 1729.8333333333333,
    "peak_recovery_hours_pnl": 1500.6666666666667,
    "peak_recovery_hours_strategy_eq": 1729.8333333333333,
    "peak_recovery_hours_strategy_eq_long": 0.0,
    "peak_recovery_hours_strategy_eq_short": 0.0,
    "pnl_ratio_long_short": 1.0,
    "position_held_days_max": 8.231250000000001,
    "position_held_days_mean": 0.07703229166666667,
    "position_held_days_median": 0.004861111111111111,
    "position_held_hours_max": 197.55,
    "position_held_hours_mean": 1.848775,
    "position_held_hours_median": 0.11666666666666667,
    "position_unchanged_days_max": 5.8999999999999995,
    "position_unchanged_hours_max": 141.6,