{
    "adg": 0.007840633888019255,
    "adg_per_exposure_long": 0.0012861510265442825,
    "adg_per_exposure_short": 0.0,
    "adg_w": 0.005151641327778478,
    "adg_w_per_exposure_long": 0.0008450577946554376,
    "adg_w_per_exposure_short": 0.0,
    "calmar_ratio": 0.010907121560554067,
    "calmar_ratio_w": 0.01979801941519979,
    "drawdown_worst": 0.7188545432898761,
    "drawdown_worst_mean_1pct": 0.2766249746373206,
    "equity_balance_diff_neg_max": 0.7497169328272727,
    "equity_balance_diff_neg_mean": 0.010970409338407032,
    "equity_balance_diff_pos_max": 0.8022123691303651,
    "equity_balance_diff_pos_mean": 0.004001934524655977,
    "equity_choppiness": 1.5606233982854123,
    "equity_choppiness_w": 1.6535488653550954,
    "equity_jerkiness": 0.013725410903144771,
    "equity_jerkiness_w": 0.012940546922567502,
    "expected_shortfall_1pct": 0.2594811136110789,
    "exponential_fit_error": 3.431979184072356,
    "exponential_fit_error_w": 0.3727645615616099,
    "gain": 896853.6867380483,
    "gain_per_exposure_long": 147116.84110397435,
    "gain_per_exposure_short": 0.0,
    "loss_profit_ratio": 0.08759635660562332,
    "loss_profit_ratio_long": 0.08759635660562332,
    "loss_profit_ratio_short": 1.0,
    "loss_profit_ratio_w": 0.08594969440885478,
    "mdg": 0.0,
    "mdg_per_exposure_long": 0.0,
    "mdg_per_exposure_short": 0.0,
    "mdg_w": 0.0,
    "mdg_w_per_exposure_long": 0.0,
    "mdg_w_per_exposure_short": 0.0,
    "omega_ratio": 15.897196024920834,
    "omega_ratio_w": 6.797830247673183,
    "pnl_ratio_long_short": 1.0,
    "position_held_hours_max": 141.48333333333332,
    "position_held_hours_mean": 0.9829120589784097,
    "position_held_hours_median": 0.15,
    "position_unchanged_hours_max": 128.71666666666667,
    "positions_held_per_day": 2.5247863247863247,
    "sharpe_ratio": 0.033534812868285205,
    "sharpe_ratio_w": 0.07320601401347614,
    "sortino_ratio": 0.12369894670002314,
    "sortino_ratio_w": 0.13616553204266144,
    "sterling_ratio": 0.02834391181887683,
    "sterling_ratio_w": 0.025318864003237473,
    "volume_pct_per_day_avg": 3.2839204668577557,
    "volume_pct_per_day_avg_w": 2.307506604238661
}