{
    "adg_btc": 0.0021406737776068496,
    "adg_per_exposure_long_btc": 0.0008723202027737773,
    "adg_per_exposure_long_usd": 0.0010831296157144056,
    "adg_per_exposure_short_btc": 0.0,
    "adg_per_exposure_short_usd": 0.0,
    "adg_pnl": 0.003983645373712,
    "adg_pnl_w": 0.0025854647672518064,
    "adg_strategy_eq": 0.0026580000769631518,
    "adg_strategy_eq_w": 0.0014854004214934324,
    "adg_usd": 0.0026580000769631518,
    "adg_w_btc": 0.002463977541349238,
    "adg_w_per_exposure_long_btc": 0.0010040658277706755,
    "adg_w_per_exposure_long_usd": 0.0006052976452703473,
    "adg_w_per_exposure_short_btc": 0.0,
    "adg_w_per_exposure_short_usd": 0.0,
    "adg_w_usd": 0.0014854004214934324,
    "backtest_completion_ratio": 1.0,
    "calmar_ratio_btc": 0.002576540392047398,
    "calmar_ratio_strategy_eq": 0.004033842675335536,
    "calmar_ratio_strategy_eq_w": 0.0032169830888508512,
    "calmar_ratio_usd": 0.004033842675335544,
    "calmar_ratio_w_btc": 0.0055602511645461445,
    "calmar_ratio_w_usd": 0.0032169830888508603,
    "drawdown_worst_btc": 0.8308326095776067,
    "drawdown_worst_ema_strategy_eq": 0.0,
    "drawdown_worst_ema_strategy_eq_long": 0.0,
    "drawdown_worst_ema_strategy_eq_short": 0.0,
    "drawdown_worst_mean_1pct_btc": 0.6801383855655704,
    "drawdown_worst_mean_1pct_ema_strategy_eq": 0.0,
    "drawdown_worst_mean_1pct_ema_strategy_eq_long": 0.0,
    "drawdown_worst_mean_1pct_ema_strategy_eq_short": 0.0,
    "drawdown_worst_mean_1pct_strategy_eq": 0.23262690607439226,
    "drawdown_worst_mean_1pct_strategy_eq_long": 0.0,
    "drawdown_worst_mean_1pct_strategy_eq_short": 0.0,
    "drawdown_worst_mean_1pct_usd": 0.23262690607439201,
    "drawdown_worst_strategy_eq": 0.6589250724167269,
    "drawdown_worst_strategy_eq_long": 0.0,
    "drawdown_worst_strategy_eq_short": 0.0,
    "drawdown_worst_usd": 0.6589250724167257,
    "entry_initial_balance_pct_long": 0.02532528,
    "entry_initial_balance_pct_short": 0.0,
    "entry_interval_hours_max": 723.4666666666667,
    "entry_interval_hours_mean": 21.0940084758147,
    "entry_interval_hours_median": 8.116666666666667,
    "entry_interval_hours_p95": 88.78333333333333,
    "entry_interval_hours_p99": 169.56666666666652,
    "equity_balance_diff_neg_max_btc": 0.6855839390375771,
    "equity_balance_diff_neg_max_usd": 0.6457800126257393,
    "equity_balance_diff_neg_mean_btc": 0.1052513683220336,
    "equity_balance_diff_neg_mean_usd": 0.02798325023417713,
    "equity_balance_diff_pos_max_btc": 2.4297115642395815,
    "equity_balance_diff_pos_max_usd": 1.0771938419680827,
    "equity_balance_diff_pos_mean_btc": 0.21322312725290993,
    "equity_balance_diff_pos_mean_usd": 0.07626315484154039,
    "equity_choppiness_btc": 9.94036690203297,
    "equity_choppiness_usd": 1.5518363455958524,
    "equity_choppiness_w_btc": 6.031236392971378,
    "equity_choppiness_w_usd": 1.722613925375081,
    "equity_jerkiness_btc": 0.030574544684506818,
    "equity_jerkiness_usd": 0.006006442196863107,
    "equity_jerkiness_w_btc": 0.022010174630051012,
    "equity_jerkiness_w_usd": 0.004075126327049069,
    "expected_shortfall_1pct_btc": 0.1674101751562389,
    "expected_shortfall_1pct_strategy_eq": 0.18099495822980183,
    "expected_shortfall_1pct_usd": 0.18099495822980144,
    "exponential_fit_error_btc": 0.47675388165842597,
    "exponential_fit_error_usd": 0.1367819331934364,
    "exponential_fit_error_w_btc": 0.07541014813345133,
    "exponential_fit_error_w_usd": 0.018774637818280225,
    "exposure_mean_ratio_btc": 0.04467029894029399,
    "exposure_mean_ratio_usd": 0.055465554473230316,
    "exposure_mean_ratio_w_btc": 0.09107107741532025,
    "exposure_mean_ratio_w_usd": 0.044621721717460726,
    "exposure_ratio_btc": 0.0008094155784719915,
    "exposure_ratio_usd": 0.0010050231344819382,
    "exposure_ratio_w_btc": 0.0009527068412917958,
    "exposure_ratio_w_usd": 0.0005664653576603527,
    "gain_btc": 73.0935626655183,
    "gain_per_exposure_long_btc": 29.785477858809415,
    "gain_per_exposure_long_usd": 83.9154424492865,
    "gain_per_exposure_short_btc": 0.0,
    "gain_per_exposure_short_usd": 0.0,
    "gain_strategy_eq": 205.9284957705485,
    "gain_usd": 205.9284957705491,
    "hard_stop_duration_minutes_max": 0.0,
    "hard_stop_duration_minutes_mean": 0.0,
    "hard_stop_flatten_time_minutes_mean": 0.0,
    "hard_stop_halt_to_restart_equity_loss_pct": 0.0,
    "hard_stop_panic_close_loss_max": 0.0,
    "hard_stop_panic_close_loss_sum": 0.0,
    "hard_stop_post_restart_retrigger_pct": 0.0,
    "hard_stop_restarts": 0,
    "hard_stop_restarts_long": 0,
    "hard_stop_restarts_per_year": 0.0,
    "hard_stop_restarts_per_year_long": 0.0,
    "hard_stop_restarts_per_year_short": 0.0,
    "hard_stop_restarts_short": 0,
    "hard_stop_time_in_orange_pct": 0.0,
    "hard_stop_time_in_red_pct": 0.0,
    "hard_stop_time_in_yellow_pct": 0.0,
    "hard_stop_trigger_drawdown_mean": 0.0,
    "hard_stop_triggers": 0,
    "hard_stop_triggers_long": 0,
    "hard_stop_triggers_per_year": 0.0,
    "hard_stop_triggers_short": 0,
    "high_exposure_days_max_long": 12.418055555555556,
    "high_exposure_days_max_short": 0.0,
    "high_exposure_days_mean_long": 0.32566505815392227,
    "high_exposure_days_mean_short": 0.0,
    "high_exposure_hours_max_long": 298.03333333333336,
    "high_exposure_hours_max_short": 0.0,
    "high_exposure_hours_mean_long": 7.815961395694135,
    "high_exposure_hours_mean_short": 0.0,
    "liquidated": false,
    "long_short_profit_ratio": 1.0,
    "loss_profit_ratio": 0.052463603992249204,
    "loss_profit_ratio_long": 0.052463603992249204,
    "loss_profit_ratio_short": 1.0,
    "loss_profit_ratio_w": 0.04778047444755608,
    "mdg_btc": 0.0,
    "mdg_per_exposure_long_btc": 0.0,
    "mdg_per_exposure_long_usd": 9.138365456430472e-05,
    "mdg_per_exposure_short_btc": 0.0,
    "mdg_per_exposure_short_usd": 0.0,
    "mdg_pnl": 0.00028972124990993655,
    "mdg_pnl_w": 0.00027855037195168047,
    "mdg_strategy_eq": 0.00022425548830072917,
    "mdg_strategy_eq_w": 2.2425548830072917e-05,
    "mdg_usd": 0.00022425548830080382,
    "mdg_w_btc": 0.0,
    "mdg_w_per_exposure_long_btc": 0.0,
    "mdg_w_per_exposure_long_usd": 9.138365456430473e-06,
    "mdg_w_per_exposure_short_btc": 0.0,
    "mdg_w_per_exposure_short_usd": 0.0,
    "mdg_w_usd": 2.242554883008038e-05,
    "omega_ratio_btc": 1.3463037361999244,
    "omega_ratio_strategy_eq": 6.471327442816872,
    "omega_ratio_strategy_eq_w": 4.942415925399203,
    "omega_ratio_usd": 6.471327442816893,
    "omega_ratio_w_btc": 1.5582982212772856,
    "omega_ratio_w_usd": 4.942415925399217,
    "paper_loss_mean_ratio_btc": 0.020338678838427177,
    "paper_loss_mean_ratio_usd": 0.09498539500307307,
    "paper_loss_mean_ratio_w_btc": 0.2547481006803749,
    "paper_loss_mean_ratio_w_usd": 0.2956095635788259,
    "paper_loss_ratio_btc": 0.0031224094610674924,
    "paper_loss_ratio_usd": 0.004115952839970585,
    "paper_loss_ratio_w_btc": 0.16740788570609083,
    "paper_loss_ratio_w_usd": 0.007586227047174612,
    "peak_recovery_days_equity_btc": 1092.3847222222223,
    "peak_recovery_days_equity_usd": 112.89027777777778,
    "peak_recovery_days_pnl": 24.7625,
    "peak_recovery_days_strategy_eq": 133.9152777777778,
    "peak_recovery_days_strategy_eq_long": 0.0,
    "peak_recovery_days_strategy_eq_short": 0.0,
    "peak_recovery_hours_equity_btc": 26217.233333333334,
    "peak_recovery_hours_equity_usd": 2709.366666666667,
    "peak_recovery_hours_pnl": 594.3,
    "peak_recovery_hours_strategy_eq": 3213.966666666667,
    "peak_recovery_hours_strategy_eq_long": 0.0,
    "peak_recovery_hours_strategy_eq_short": 0.0,
    "pnl_ratio_long_short": 1.0,
    "position_held_days_max": 12.991666666666667,
    "position_held_days_mean": 0.21907805044308112,
    "position_held_days_median": 0.035416666666666666,
    "position_held_hours_max": 311.8,
    "position_held_hours_mean": 5.257873210633947,
    "position_held_hours_median": 0.85,