{
    "adg_btc": 0.0066202230390968175,
    "adg_per_exposure_long_btc": 0.0013251577403212333,
    "adg_per_exposure_long_usd": 0.0011482597337437218,
    "adg_per_exposure_short_btc": 0.0,
    "adg_per_exposure_short_usd": 0.0,
    "adg_pnl": 0.007308925522530909,
    "adg_pnl_w": 0.005488560512411403,
    "adg_strategy_eq": 0.005736475977836886,
    "adg_strategy_eq_w": 0.004359373618944407,
    "adg_usd": 0.005736475977836886,
    "adg_w_btc": 0.00610642424576473,
    "adg_w_per_exposure_long_btc": 0.001222311590889293,
    "adg_w_per_exposure_long_usd": 0.0008726077142688672,
    "adg_w_per_exposure_short_btc": 0.0,
    "adg_w_per_exposure_short_usd": 0.0,
    "adg_w_usd": 0.004359373618944407,
    "backtest_completion_ratio": 1.0,
    "calmar_ratio_btc": 0.00702269593358015,
    "calmar_ratio_strategy_eq": 0.0061892900810860884,
    "calmar_ratio_strategy_eq_w": 0.01541866868445015,
    "calmar_ratio_usd": 0.006189290081086099,
    "calmar_ratio_w_btc": 0.027614178094682352,
    "calmar_ratio_w_usd": 0.020361236982813617,
    "drawdown_worst_btc": 0.9426896880784994,
    "drawdown_worst_ema_strategy_eq": 0.0,
    "drawdown_worst_ema_strategy_eq_long": 0.0,
    "drawdown_worst_ema_strategy_eq_short": 0.0,
    "drawdown_worst_mean_1pct_btc": 0.8251891700849627,
    "drawdown_worst_mean_1pct_ema_strategy_eq": 0.0,
    "drawdown_worst_mean_1pct_ema_strategy_eq_long": 0.0,
    "drawdown_worst_mean_1pct_ema_strategy_eq_short": 0.0,
    "drawdown_worst_mean_1pct_strategy_eq": 0.816900351545504,
    "drawdown_worst_mean_1pct_strategy_eq_long": 0.0,
    "drawdown_worst_mean_1pct_strategy_eq_short": 0.0,
    "drawdown_worst_mean_1pct_usd": 0.8169003515455027,
    "drawdown_worst_strategy_eq": 0.9268390886003288,
    "drawdown_worst_strategy_eq_long": 0.0,
    "drawdown_worst_strategy_eq_short": 0.0,
    "drawdown_worst_usd": 0.9268390886003273,
    "entry_initial_balance_pct_long": 0.532452364,
    "entry_initial_balance_pct_short": 0.0,
    "entry_interval_hours_max": 753.4833333333333,
    "entry_interval_hours_mean": 16.928177777777776,
    "entry_interval_hours_median": 6.008333333333334,
    "entry_interval_hours_p95": 63.985833333333254,
    "entry_interval_hours_p99": 160.25633333333326,
    "equity_balance_diff_neg_max_btc": 0.9399795528483428,
    "equity_balance_diff_neg_max_usd": 0.9241794689649613,
    "equity_balance_diff_neg_mean_btc": 0.065493230545785,
    "equity_balance_diff_neg_mean_usd": 0.0837562032848622,
    "equity_balance_diff_pos_max_btc": 0.6767603279971779,
    "equity_balance_diff_pos_max_usd": 0.5477944300398817,
    "equity_balance_diff_pos_mean_btc": 0.05322638892615914,
    "equity_balance_diff_pos_mean_usd": 0.028601079412200647,
    "equity_choppiness_btc": 6.223566719444452,
    "equity_choppiness_usd": 7.240009389323337,
    "equity_choppiness_w_btc": 3.8488085153048663,
    "equity_choppiness_w_usd": 4.392526786329931,
    "equity_jerkiness_btc": 0.06336819198892601,
    "equity_jerkiness_usd": 0.05302929291248227,
    "equity_jerkiness_w_btc": 0.04089549219451259,
    "equity_jerkiness_w_usd": 0.03057912146994683,
    "expected_shortfall_1pct_btc": 0.43076186182736703,
    "expected_shortfall_1pct_strategy_eq": 0.41904519056993444,
    "expected_shortfall_1pct_usd": 0.4190451905699325,
    "exponential_fit_error_btc": 0.09264453783406382,
    "exponential_fit_error_usd": 0.1254180521603517,
    "exponential_fit_error_w_btc": 0.02730927937450727,
    "exponential_fit_error_w_usd": 0.022589336263058733,
    "exposure_mean_ratio_btc": 0.011395982190095083,
    "exposure_mean_ratio_usd": 0.009874709309832572,
    "exposure_mean_ratio_w_btc": 0.017468431661765725,
    "exposure_mean_ratio_w_usd": 0.01235071989282452,
    "exposure_ratio_btc": 0.0012947650137246636,
    "exposure_ratio_usd": 0.0011219241941414228,
    "exposure_ratio_w_btc": 0.0015330428878806124,
    "exposure_ratio_w_usd": 0.001086314293227901,
    "gain_btc": 33.02137134142026,
    "gain_per_exposure_long_btc": 6.609826522563005,
    "gain_per_exposure_long_usd": 4.149747624597372,
    "gain_per_exposure_short_btc": 0.0,
    "gain_per_exposure_short_usd": 0.0,
    "gain_strategy_eq": 20.731309182963454,
    "gain_usd": 20.73130918296355,
    "hard_stop_duration_minutes_max": 0.0,
    "hard_stop_duration_minutes_mean": 0.0,
    "hard_stop_flatten_time_minutes_mean": 0.0,
    "hard_stop_halt_to_restart_equity_loss_pct": 0.0,
    "hard_stop_panic_close_loss_max": 0.0,
    "hard_stop_panic_close_loss_sum": 0.0,
    "hard_stop_post_restart_retrigger_pct": 0.0,
    "hard_stop_restarts": 0,
    "hard_stop_restarts_long": 0,
    "hard_stop_restarts_per_year": 0.0,
    "hard_stop_restarts_per_year_long": 0.0,
    "hard_stop_restarts_per_year_short": 0.0,
    "hard_stop_restarts_short": 0,
    "hard_stop_time_in_orange_pct": 0.0,
    "hard_stop_time_in_red_pct": 0.0,
    "hard_stop_time_in_yellow_pct": 0.0,
    "hard_stop_trigger_drawdown_mean": 0.0,
    "hard_stop_triggers": 0,
    "hard_stop_triggers_long": 0,
    "hard_stop_triggers_per_year": 0.0,
    "hard_stop_triggers_short": 0,
    "high_exposure_days_max_long": 31.304861111111112,
    "high_exposure_days_max_short": 0.0,
    "high_exposure_days_mean_long": 0.27640436584840655,
    "high_exposure_days_mean_short": 0.0,
    "high_exposure_hours_max_long": 751.3166666666667,
    "high_exposure_hours_max_short": 0.0,
    "high_exposure_hours_mean_long": 6.633704780361757,
    "high_exposure_hours_mean_short": 0.0,
    "liquidated": false,
    "long_short_profit_ratio": 1.0,
    "loss_profit_ratio": 0.3017469543418736,
    "loss_profit_ratio_long": 0.3017469543418736,
    "loss_profit_ratio_short": 1.0,
    "loss_profit_ratio_w": 0.08330986197762906,
    "mdg_btc": 4.042308900600053e-05,
    "mdg_per_exposure_long_btc": 8.091414589455248e-06,
    "mdg_per_exposure_long_usd": 0.0007710143369252999,
    "mdg_per_exposure_short_btc": 0.0,
    "mdg_per_exposure_short_usd": 0.0,
    "mdg_pnl": 0.005496900354592825,
    "mdg_pnl_w": 0.0032461904170739075,
    "mdg_strategy_eq": 0.0038518334244116133,
    "mdg_strategy_eq_w": 0.002108455009574381,
    "mdg_usd": 0.0038518334244114134,
    "mdg_w_btc": 0.00013855893802562912,
    "mdg_w_per_exposure_long_btc": 2.773508507659016e-05,
    "mdg_w_per_exposure_long_usd": 0.00042204552015179107,
    "mdg_w_per_exposure_short_btc": 0.0,
    "mdg_w_per_exposure_short_usd": 0.0,
    "mdg_w_usd": 0.002108455009574318,
    "omega_ratio_btc": 1.8585427752931194,
    "omega_ratio_strategy_eq": 1.8492715388312209,
    "omega_ratio_strategy_eq_w": 1.9014582178681665,
    "omega_ratio_usd": 1.849271538831219,
    "omega_ratio_w_btc": 1.967801145734851,
    "omega_ratio_w_usd": 1.901458217868169,
    "paper_loss_mean_ratio_btc": 0.10108255439420953,
    "paper_loss_mean_ratio_usd": 0.06849016255341263,
    "paper_loss_mean_ratio_w_btc": 0.18651961266394917,
    "paper_loss_mean_ratio_w_usd": 0.2545602266904091,
    "paper_loss_ratio_btc": 0.007042943667270314,
    "paper_loss_ratio_usd": 0.006207101726963786,
    "paper_loss_ratio_w_btc": 0.05998661389416911,
    "paper_loss_ratio_w_usd": 0.09032002511679782,
    "peak_recovery_days_equity_btc": 88.08888888888889,
    "peak_recovery_days_equity_usd": 172.35416666666666,
    "peak_recovery_days_pnl": 179.88333333333333,
    "peak_recovery_days_strategy_eq": 172.35416666666666,
    "peak_recovery_days_strategy_eq_long": 0.0,
    "peak_recovery_days_strategy_eq_short": 0.0,
    "peak_recovery_hours_equity_btc": 2114.133333333333,
    "peak_recovery_hours_equity_usd": 4136.5,
    "peak_recovery_hours_pnl": 4317.2,
    "peak_recovery_hours_strategy_eq": 4136.5,
    "peak_recovery_hours_strategy_eq_long": 0.0,
    "peak_recovery_hours_strategy_eq_short": 0.0,
    "pnl_ratio_long_short": 1.0,
    "position_held_days_max": 31.308333333333334,
    "position_held_days_mean": 0.40072094298245614,
    "position_held_days_median": 0.04305555555555556,
    "position_held_hours_max": 751.4,
    "position_held_hours_mean": 9.617302631578948,