{
    "adg": 0.00798876574745222,
    "adg_w": 0.0049363649007275745,
    "calmar_ratio": 0.012953804336518623,
    "calmar_ratio_w": 0.013732555951812284,
    "drawdown_worst": 0.6167119357307836,
    "drawdown_worst_mean_1pct": 0.28485598870608614,
    "equity_balance_diff_neg_max": 0.661527892374347,
    "equity_balance_diff_neg_mean": 0.01334334890749757,
    "equity_balance_diff_pos_max": 0.35241590666178285,
    "equity_balance_diff_pos_mean": 0.004069961822799129,
    "equity_choppiness": 1.1902204104962493,
    "equity_choppiness_w": 1.296168725778101,
    "equity_jerkiness": 0.011821249275227045,
    "equity_jerkiness_w": 0.009270264277788386,
    "expected_shortfall_1pct": 0.2615422798176585,
    "exponential_fit_error": 3.9826277183710914,
    "exponential_fit_error_w": 0.41458707204807227,
    "gain": 936344.1109525026,
    "loss_profit_ratio": 0.2153712590091437,
    "loss_profit_ratio_long": 0.2153712590091437,
    "loss_profit_ratio_short": 1.0,
    "loss_profit_ratio_w": 0.2224764845631526,
    "mdg": 0.0,
    "mdg_w": 3.3978432304870394e-05,
    "omega_ratio": 26.040606060438463,
    "omega_ratio_w": 13.183942330425623,
    "pnl_ratio_long_short": 1.0,
    "position_held_hours_max": 40.733333333333334,
    "position_held_hours_mean": 0.7446567924828794,
    "position_held_hours_median": 0.23333333333333334,
    "position_unchanged_hours_max": 33.233333333333334,
    "positions_held_per_day": 3.6336805555555554,
    "sharpe_ratio": 0.06956914487334824,
    "sharpe_ratio_w": 0.0778885071769415,
    "sortino_ratio": 0.13372274830364733,
    "sortino_ratio_w": 0.09358579738716512,
    "sterling_ratio": 0.028044928188941862,
    "sterling_ratio_w": 0.01722410670538865
}