{
    "adg_btc": 0.0046437553715963364,
    "adg_per_exposure_long_btc": 0.001762269125117201,
    "adg_per_exposure_long_usd": 0.0014558378993754751,
    "adg_per_exposure_short_btc": 0.0,
    "adg_per_exposure_short_usd": 0.0,
    "adg_pnl": 0.013688989663304783,
    "adg_pnl_w": 0.008198738893001097,
    "adg_strategy_eq": 0.0038362784486443147,
    "adg_strategy_eq_w": 0.001760495204867274,
    "adg_usd": 0.0038362784486443147,
    "adg_w_btc": 0.0032158491175874548,
    "adg_w_per_exposure_long_btc": 0.0012203897831533736,
    "adg_w_per_exposure_long_usd": 0.0006680942677193556,
    "adg_w_per_exposure_short_btc": 0.0,
    "adg_w_per_exposure_short_usd": 0.0,
    "adg_w_usd": 0.001760495204867274,
    "backtest_completion_ratio": 1.0,
    "calmar_ratio_btc": 0.013240056442054934,
    "calmar_ratio_strategy_eq": 0.012645873179819283,
    "calmar_ratio_strategy_eq_w": 0.009819667017186399,
    "calmar_ratio_usd": 0.012645873179819281,
    "calmar_ratio_w_btc": 0.01519469181224597,
    "calmar_ratio_w_usd": 0.009819667017186399,
    "drawdown_worst_btc": 0.3507353153606042,
    "drawdown_worst_ema_strategy_eq": 0.0,
    "drawdown_worst_ema_strategy_eq_long": 0.0,
    "drawdown_worst_ema_strategy_eq_short": 0.0,
    "drawdown_worst_mean_1pct_btc": 0.291498019058391,
    "drawdown_worst_mean_1pct_ema_strategy_eq": 0.0,
    "drawdown_worst_mean_1pct_ema_strategy_eq_long": 0.0,
    "drawdown_worst_mean_1pct_ema_strategy_eq_short": 0.0,
    "drawdown_worst_mean_1pct_strategy_eq": 0.22824336944856513,
    "drawdown_worst_mean_1pct_strategy_eq_long": 0.0,
    "drawdown_worst_mean_1pct_strategy_eq_short": 0.0,
    "drawdown_worst_mean_1pct_usd": 0.22824336944856505,
    "drawdown_worst_strategy_eq": 0.30336208453888175,
    "drawdown_worst_strategy_eq_long": 0.0,
    "drawdown_worst_strategy_eq_short": 0.0,
    "drawdown_worst_usd": 0.3033620845388818,
    "entry_initial_balance_pct_long": 0.599617005,
    "entry_initial_balance_pct_short": 0.0,
    "entry_interval_hours_max": 1386.4333333333334,
    "entry_interval_hours_mean": 55.40701754385965,
    "entry_interval_hours_median": 13.366666666666667,
    "entry_interval_hours_p95": 239.9208333333331,
    "entry_interval_hours_p99": 534.6921666666653,
    "equity_balance_diff_neg_max_btc": 0.2793689117611869,
    "equity_balance_diff_neg_max_usd": 0.29118951776879504,
    "equity_balance_diff_neg_mean_btc": 0.048683473637471004,
    "equity_balance_diff_neg_mean_usd": 0.05399747711432072,
    "equity_balance_diff_pos_max_btc": 0.34391234277543253,
    "equity_balance_diff_pos_max_usd": 0.24328186913317515,
    "equity_balance_diff_pos_mean_btc": 0.056980078899537795,
    "equity_balance_diff_pos_mean_usd": 0.024543853646929382,
    "equity_choppiness_btc": 3.567997123291078,
    "equity_choppiness_usd": 2.930739222112175,
    "equity_choppiness_w_btc": 4.98005573297975,
    "equity_choppiness_w_usd": 6.859687139269153,
    "equity_jerkiness_btc": 0.02230514683511308,
    "equity_jerkiness_usd": 0.013283308506934035,
    "equity_jerkiness_w_btc": 0.023456144808244518,
    "equity_jerkiness_w_usd": 0.015334489863149897,
    "expected_shortfall_1pct_btc": 0.1414767641844009,
    "expected_shortfall_1pct_strategy_eq": 0.12207173116191868,
    "expected_shortfall_1pct_usd": 0.12207173116191869,
    "exponential_fit_error_btc": 0.035799721182392594,
    "exponential_fit_error_usd": 0.019999188999029735,
    "exponential_fit_error_w_btc": 0.009498105578465746,
    "exponential_fit_error_w_usd": 0.003473452516685468,
    "exposure_mean_ratio_btc": 0.038428950593687373,
    "exposure_mean_ratio_usd": 0.031746753041364775,
    "exposure_mean_ratio_w_btc": 0.01882256361848054,
    "exposure_mean_ratio_w_usd": 0.010552755038708736,
    "exposure_ratio_btc": 0.0047819699038116,
    "exposure_ratio_usd": 0.003950459620734049,
    "exposure_ratio_w_btc": 0.004765252309727079,
    "exposure_ratio_w_usd": 0.0025270605362442368,
    "gain_btc": 11.652181247462687,
    "gain_per_exposure_long_btc": 4.421912355304424,
    "gain_per_exposure_long_usd": 2.8875730609560835,
    "gain_per_exposure_short_btc": 0.0,
    "gain_per_exposure_short_usd": 0.0,
    "gain_strategy_eq": 7.609043772925378,
    "gain_usd": 7.609043772925376,
    "hard_stop_duration_minutes_max": 0.0,
    "hard_stop_duration_minutes_mean": 0.0,
    "hard_stop_flatten_time_minutes_mean": 0.0,
    "hard_stop_halt_to_restart_equity_loss_pct": 0.0,
    "hard_stop_panic_close_loss_max": 0.0,
    "hard_stop_panic_close_loss_sum": 0.0,
    "hard_stop_post_restart_retrigger_pct": 0.0,
    "hard_stop_restarts": 0,
    "hard_stop_restarts_long": 0,
    "hard_stop_restarts_per_year": 0.0,
    "hard_stop_restarts_per_year_long": 0.0,
    "hard_stop_restarts_per_year_short": 0.0,
    "hard_stop_restarts_short": 0,
    "hard_stop_time_in_orange_pct": 0.0,
    "hard_stop_time_in_red_pct": 0.0,
    "hard_stop_time_in_yellow_pct": 0.0,
    "hard_stop_trigger_drawdown_mean": 0.0,
    "hard_stop_triggers": 0,
    "hard_stop_triggers_long": 0,
    "hard_stop_triggers_per_year": 0.0,
    "hard_stop_triggers_short": 0,
    "high_exposure_days_max_long": 25.952083333333334,
    "high_exposure_days_max_short": 0.0,
    "high_exposure_days_mean_long": 0.4567958515283843,
    "high_exposure_days_mean_short": 0.0,
    "high_exposure_hours_max_long": 622.85,
    "high_exposure_hours_max_short": 0.0,
    "high_exposure_hours_mean_long": 10.963100436681223,
    "high_exposure_hours_mean_short": 0.0,
    "liquidated": false,
    "long_short_profit_ratio": 1.0,
    "loss_profit_ratio": 0.0,
    "loss_profit_ratio_long": 0.0,
    "loss_profit_ratio_short": 1.0,
    "loss_profit_ratio_w": 0.0,
    "mdg_btc": 0.0,
    "mdg_per_exposure_long_btc": 0.0,
    "mdg_per_exposure_long_usd": 0.0,
    "mdg_per_exposure_short_btc": 0.0,
    "mdg_per_exposure_short_usd": 0.0,
    "mdg_pnl": 0.00863928261578608,
    "mdg_pnl_w": 0.008429497659908884,
    "mdg_strategy_eq": 0.0,
    "mdg_strategy_eq_w": 0.0,
    "mdg_usd": 0.0,
    "mdg_w_btc": 0.0,
    "mdg_w_per_exposure_long_btc": 0.0,
    "mdg_w_per_exposure_long_usd": 0.0,
    "mdg_w_per_exposure_short_btc": 0.0,
    "mdg_w_per_exposure_short_usd": 0.0,
    "mdg_w_usd": 0.0,
    "omega_ratio_btc": 2.155100257712484,
    "omega_ratio_strategy_eq": 2.672245169593854,
    "omega_ratio_strategy_eq_w": 1.5499457457858354,
    "omega_ratio_usd": 2.6722451695938534,
    "omega_ratio_w_btc": 1.687082113561808,
    "omega_ratio_w_usd": 1.5499457457858354,
    "paper_loss_mean_ratio_btc": 0.09538668925263585,
    "paper_loss_mean_ratio_usd": 0.07104551274724077,
    "paper_loss_mean_ratio_w_btc": 0.08381424746616115,
    "paper_loss_mean_ratio_w_usd": 0.04273066416025536,
    "paper_loss_ratio_btc": 0.016622305403709202,
    "paper_loss_ratio_usd": 0.013174507372515814,
    "paper_loss_ratio_w_btc": 0.03049116699419146,
    "paper_loss_ratio_w_usd": 0.01405830738273554,
    "peak_recovery_days_equity_btc": 184.17152777777778,
    "peak_recovery_days_equity_usd": 23.936805555555555,
    "peak_recovery_days_pnl": 47.098611111111104,
    "peak_recovery_days_strategy_eq": 32.01111111111111,
    "peak_recovery_days_strategy_eq_long": 0.0,
    "peak_recovery_days_strategy_eq_short": 0.0,
    "peak_recovery_hours_equity_btc": 4420.116666666667,
    "peak_recovery_hours_equity_usd": 574.4833333333333,
    "peak_recovery_hours_pnl": 1130.3666666666666,
    "peak_recovery_hours_strategy_eq": 768.2666666666667,
    "peak_recovery_hours_strategy_eq_long": 0.0,
    "peak_recovery_hours_strategy_eq_short": 0.0,
    "pnl_ratio_long_short": 1.0,
    "position_held_days_max": 25.952083333333334,
    "position_held_days_mean": 0.4567958515283843,
    "position_held_days_median": 0.013888888888888888,
    "position_held_hours_max": 622.85,
    "position_held_hours_mean": 10.963100436681223,
    "position_held_hours_median": 0.3333333333333333,
    "position_unchanged_days_max": 25.952083333333334,
    "position_unchanged_hours_max": 622.85,