{"analysis": {"adg": 0.05124912159212225,
              "adg_per_exposure_long": 0.005153876947658063,
              "adg_per_exposure_short": 0.0,
              "adg_w": 0.02060497169548454,
              "adg_w_per_exposure_long": 0.0020721426110224,
              "adg_w_per_exposure_short": 0.0,
              "calmar_ratio": 0.15184500238542742,
              "calmar_ratio_w": 0.10379542495157619,
              "drawdown_worst": 0.33750943914529935,
              "drawdown_worst_mean_1pct": 0.33750943914529935,
              "equity_balance_diff_neg_max": 0.3773591050026532,
              "equity_balance_diff_neg_mean": 0.02228657614778349,
              "equity_balance_diff_pos_max": 1.2942864466684816,
              "equity_balance_diff_pos_mean": 0.006505618895490523,
              "equity_choppiness": 1.3045126381370316,
              "equity_choppiness_w": 1.1630852241208494,
              "equity_jerkiness": 0.0897538661144354,
              "equity_jerkiness_w": 0.03658106964548981,
              "expected_shortfall_1pct": 0.33750943914529935,
              "exponential_fit_error": 0.3075293482454582,
              "exponential_fit_error_w": 0.04473417874495388,
              "gain": 1802.382190491588,
              "gain_per_exposure_long": 181.25688273010198,
              "gain_per_exposure_short": 0.0,
              "loss_profit_ratio": 0.0,
              "loss_profit_ratio_long": 0.0,
              "loss_profit_ratio_short": 1.0,
              "loss_profit_ratio_w": 0.0,
              "mdg": 0.015218556124106244,
              "mdg_per_exposure_long": 0.001530456779511479,
              "mdg_per_exposure_short": 0.0,
              "mdg_w": 0.010861308478749226,
              "mdg_w_per_exposure_long": 0.0010922694019136776,
              "mdg_w_per_exposure_short": 0.0,
              "omega_ratio": 16.293323037602114,
              "omega_ratio_w": 19.851001871462252,
              "pnl_ratio_long_short": 1.0,
              "position_held_hours_max": 73.55,
              "position_held_hours_mean": 1.7168692449355434,
              "position_held_hours_median": 0.26666666666666666,
              "position_unchanged_hours_max": 67.6,
              "positions_held_per_day": 6.033333333333333,
              "sharpe_ratio": 0.16135825445995303,
              "sharpe_ratio_w": 0.19715567287191832,
              "sortino_ratio": 0.4802610736355463,
              "sortino_ratio_w": 0.24570392783915995,
              "sterling_ratio": 0.15184500238542742,
              "sterling_ratio_w": 0.10379542495157619,
              "volume_pct_per_day_avg": 12.987015434742183,
              "volume_pct_per_day_avg_w": 8.465937411858825},
 "backtest": {"base_dir": "backtests/pbgui/HYPE_adg_omega_sharpe_twe10",
              "cache_dir": {"bybit": "caches/hlcvs_data/497f98f5efd990ec"},
              "coins": {"bybit": ["HYPE"]},
              "combine_ohlcvs": false,
              "compress_cache": true,
              "end_date": "2025-06-03",
              "exchanges": ["bybit"],
              "gap_tolerance_ohlcvs_minutes": 120,
              "start_date": "2020-01-01",
              "starting_balance": 1000,
              "use_btc_collateral": false},
 "bot": {"long": {"close_grid_markup_end": 0.012839,
                  "close_grid_markup_start": 0.014436599999999999,
                  "close_grid_qty_pct": 0.14866,
                  "close_trailing_grid_ratio": -1,
                  "close_trailing_qty_pct": 0.1952,
                  "close_trailing_retracement_pct": 0.0031437,
                  "close_trailing_threshold_pct": 0.0049243,
                  "ema_span_0": 790.11,
                  "ema_span_1": 790.31,
                  "enforce_exposure_limit": true,
                  "entry_grid_double_down_factor": 2.3696,
                  "entry_grid_spacing_pct": 0.061031,
                  "entry_grid_spacing_weight": 1.1858,
                  "entry_initial_ema_dist": 0.011397,
                  "entry_initial_qty_pct": 0.070673,
                  "entry_trailing_double_down_factor": 4.2183,
                  "entry_trailing_grid_ratio": -0.020417,
                  "entry_trailing_retracement_pct": 0.012815,
                  "entry_trailing_threshold_pct": -0.06073,
                  "filter_noisiness_rolling_window": 60,
                  "filter_volume_drop_pct": 0,
                  "filter_volume_rolling_window": 60,
                  "n_positions": 1,
                  "total_wallet_exposure_limit": 9.9438,
                  "unstuck_close_pct": 0.047766,
                  "unstuck_ema_dist": 0.00069918,
                  "unstuck_loss_allowance_pct": 0.20512,
                  "unstuck_threshold": 0.69941},
         "short": {"close_grid_markup_end": 0.013899,
                   "close_grid_markup_start": 0.042165,
                   "close_grid_qty_pct": 0.1,
                   "close_trailing_grid_ratio": -1,
                   "close_trailing_qty_pct": 0.1,
                   "close_trailing_retracement_pct": 0.003,
                   "close_trailing_threshold_pct": -0.001,
                   "ema_span_0": 200,
                   "ema_span_1": 200,
                   "enforce_exposure_limit": true,
                   "entry_grid_double_down_factor": 0.6,
                   "entry_grid_spacing_pct": 0.01,
                   "entry_grid_spacing_weight": 0.2,
                   "entry_initial_ema_dist": -0.001,
                   "entry_initial_qty_pct": 0.025,
                   "entry_trailing_double_down_factor": 0.1,
                   "entry_trailing_grid_ratio": -1,
                   "entry_trailing_retracement_pct": 0,
                   "entry_trailing_threshold_pct": -0.1,
                   "filter_noisiness_rolling_window": 60,
                   "filter_volume_drop_pct": 0.53,
                   "filter_volume_rolling_window": 60,
                   "n_positions": 0,
                   "total_wallet_exposure_limit": 0,
                   "unstuck_close_pct": 0.005,
                   "unstuck_ema_dist": -0.1,
                   "unstuck_loss_allowance_pct": 0.01,
                   "unstuck_threshold": 0.55}},
 "disable_plotting": false,
 "live": {"approved_coins": {"long": ["HYPEUSDT"], "short": []},
          "auto_gs": true,
          "coin_flags": {},
          "empty_means_all_approved": false,
          "execution_delay_seconds": 2,
          "filter_by_min_effective_cost": true,
          "forced_mode_long": "",
          "forced_mode_short": "",
          "ignored_coins": {"long": [], "short": []},
          "leverage": 10,
          "market_orders_allowed": true,
          "max_n_cancellations_per_batch": 5,
          "max_n_creations_per_batch": 3,
          "max_n_restarts_per_day": 10,
          "mimic_backtest_1m_delay": false,
          "minimum_coin_age_days": 30,
          "ohlcvs_1m_rolling_window_days": 4,
          "ohlcvs_1m_update_after_minutes": 10,
          "pnls_max_lookback_days": 30,
          "price_distance_threshold": 0.002,
          "time_in_force": "good_till_cancelled",
          "user": "bybit_01"},
 "optimize": {"bounds": {"long_close_grid_markup_end": [0.001, 0.03],
                         "long_close_grid_markup_start": [0.001, 0.03],
                         "long_close_grid_qty_pct": [0, 0.4],
                         "long_close_trailing_grid_ratio": [-1, -1],
                         "long_close_trailing_qty_pct": [0.1, 0.25],
                         "long_close_trailing_retracement_pct": [0.003, 0.01],
                         "long_close_trailing_threshold_pct": [0.001, 0.005],
                         "long_ema_span_0": [100, 800],
                         "long_ema_span_1": [100, 800],
                         "long_entry_grid_double_down_factor": [0.5, 10],
                         "long_entry_grid_spacing_pct": [0.01, 0.12],
                         "long_entry_grid_spacing_weight": [0.2, 2],
                         "long_entry_initial_ema_dist": [-0.001, 0.05],