{
    "adg": 0.002309120419357491,
    "adg_per_exposure_long": 0.0004271244902810645,
    "adg_per_exposure_short": 0.0,
    "adg_w": 0.0018904380731416426,
    "adg_w_per_exposure_long": 0.00034967964062403216,
    "adg_w_per_exposure_short": 0.0,
    "calmar_ratio": 0.005523146566559763,
    "calmar_ratio_w": 0.010644585847373092,
    "drawdown_worst": 0.4180805979943037,
    "drawdown_worst_mean_1pct": 0.28951816833399296,
    "equity_balance_diff_neg_max": 0.4085819967358566,
    "equity_balance_diff_neg_mean": 0.031527006014098156,
    "equity_balance_diff_pos_max": 0.3274705075590897,
    "equity_balance_diff_pos_mean": 0.004678976079943441,
    "equity_choppiness": 4.024030906555396,
    "equity_choppiness_w": 3.9968290420429993,
    "equity_jerkiness": 0.014794746060764346,
    "equity_jerkiness_w": 0.012155066213593312,
    "expected_shortfall_1pct": 0.15233905299662984,
    "exponential_fit_error": 0.017157315187920043,
    "exponential_fit_error_w": 0.002755978859869828,
    "gain": 36.359748036357075,
    "gain_per_exposure_long": 6.725564728710938,
    "gain_per_exposure_short": 0.0,
    "loss_profit_ratio": 0.011854977325102177,
    "loss_profit_ratio_long": 0.011854977325102177,
    "loss_profit_ratio_short": 1.0,
    "loss_profit_ratio_w": 0.001958479264578518,
    "mdg": 0.0,
    "mdg_per_exposure_long": 0.0,
    "mdg_per_exposure_short": 0.0,
    "mdg_w": 0.0,
    "mdg_w_per_exposure_long": 0.0,
    "mdg_w_per_exposure_short": 0.0,
    "omega_ratio": 1.7360792624282868,
    "omega_ratio_w": 1.728342390994126,
    "pnl_ratio_long_short": 1.0,
    "position_held_hours_max": 1982.8,
    "position_held_hours_mean": 38.50359195402299,
    "position_held_hours_median": 4.816666666666666,
    "position_unchanged_hours_max": 700.3833333333333,
    "positions_held_per_day": 0.37235180826021824,
    "sharpe_ratio": 0.054597508134517386,
    "sharpe_ratio_w": 0.08240295364193265,
    "sortino_ratio": 0.07838337666045211,
    "sortino_ratio_w": 0.11622464756761904,
    "sterling_ratio": 0.007975735798016142,
    "sterling_ratio_w": 0.01185774691423637,
    "volume_pct_per_day_avg": 0.48434534634922605,
    "volume_pct_per_day_avg_w": 0.4153353740727363
}