{"analysis": {"adg": 0.002309120419357491,
              "adg_per_exposure_long": 0.0004271244902810645,
              "adg_per_exposure_short": 0.0,
              "adg_w": 0.0018904380731416426,
              "adg_w_per_exposure_long": 0.00034967964062403216,
              "adg_w_per_exposure_short": 0.0,
              "calmar_ratio": 0.005523146566559763,
              "calmar_ratio_w": 0.010644585847373092,
              "drawdown_worst": 0.4180805979943037,
              "drawdown_worst_mean_1pct": 0.28951816833399296,
              "equity_balance_diff_neg_max": 0.4085819967358566,
              "equity_balance_diff_neg_mean": 0.031527006014098156,
              "equity_balance_diff_pos_max": 0.3274705075590897,
              "equity_balance_diff_pos_mean": 0.004678976079943441,
              "equity_choppiness": 4.024030906555396,
              "equity_choppiness_w": 3.9968290420429993,
              "equity_jerkiness": 0.014794746060764346,
              "equity_jerkiness_w": 0.012155066213593312,
              "expected_shortfall_1pct": 0.15233905299662984,
              "exponential_fit_error": 0.017157315187920043,
              "exponential_fit_error_w": 0.002755978859869828,
              "gain": 36.359748036357075,
              "gain_per_exposure_long": 6.725564728710938,
              "gain_per_exposure_short": 0.0,
              "loss_profit_ratio": 0.011854977325102177,
              "loss_profit_ratio_long": 0.011854977325102177,
              "loss_profit_ratio_short": 1.0,
              "loss_profit_ratio_w": 0.001958479264578518,
              "mdg": 0.0,
              "mdg_per_exposure_long": 0.0,
              "mdg_per_exposure_short": 0.0,
              "mdg_w": 0.0,
              "mdg_w_per_exposure_long": 0.0,
              "mdg_w_per_exposure_short": 0.0,
              "omega_ratio": 1.7360792624282868,
              "omega_ratio_w": 1.728342390994126,
              "pnl_ratio_long_short": 1.0,
              "position_held_hours_max": 1982.8,
              "position_held_hours_mean": 38.50359195402299,
              "position_held_hours_median": 4.816666666666666,
              "position_unchanged_hours_max": 700.3833333333333,
              "positions_held_per_day": 0.37235180826021824,
              "sharpe_ratio": 0.054597508134517386,
              "sharpe_ratio_w": 0.08240295364193265,
              "sortino_ratio": 0.07838337666045211,
              "sortino_ratio_w": 0.11622464756761904,
              "sterling_ratio": 0.007975735798016142,
              "sterling_ratio_w": 0.01185774691423637,
              "volume_pct_per_day_avg": 0.48434534634922605,
              "volume_pct_per_day_avg_w": 0.4153353740727363},
 "backtest": {"base_dir": "backtests/pbgui/UNI_adg_sharpe_omega_twe9_trgr",
              "cache_dir": {"bybit": "caches/hlcvs_data/3ff7d97ad8fe9b9c"},
              "coins": {"bybit": ["UNI"]},
              "combine_ohlcvs": false,
              "compress_cache": true,
              "end_date": "2025-06-23",
              "exchanges": ["binance", "bybit"],
              "gap_tolerance_ohlcvs_minutes": 120,
              "start_date": "2020-01-01",
              "starting_balance": 1000,
              "use_btc_collateral": false},
 "bot": {"long": {"close_grid_markup_end": 0.023778,
                  "close_grid_markup_start": 0.020117,
                  "close_grid_qty_pct": 0.18068,
                  "close_trailing_grid_ratio": -0.5563,
                  "close_trailing_qty_pct": 0.050058,
                  "close_trailing_retracement_pct": 0.0095435,
                  "close_trailing_threshold_pct": 0.0049547,
                  "ema_span_0": 124.6,
                  "ema_span_1": 784.55,
                  "enforce_exposure_limit": true,
                  "entry_grid_double_down_factor": 1.9996,
                  "entry_grid_spacing_pct": 0.095904,
                  "entry_grid_spacing_weight": 0.53541,
                  "entry_initial_ema_dist": 0.019962,
                  "entry_initial_qty_pct": 0.026602,
                  "entry_trailing_double_down_factor": 0.88048,
                  "entry_trailing_grid_ratio": 0.3624,
                  "entry_trailing_retracement_pct": 0.086844,
                  "entry_trailing_threshold_pct": -0.046347,
                  "filter_noisiness_rolling_window": 60,
                  "filter_volume_drop_pct": 0,
                  "filter_volume_rolling_window": 60,
                  "n_positions": 1,
                  "total_wallet_exposure_limit": 5.4062,
                  "unstuck_close_pct": 0.0054152,
                  "unstuck_ema_dist": -0.05984,
                  "unstuck_loss_allowance_pct": 0.13278,
                  "unstuck_threshold": 0.94434},
         "short": {"close_grid_markup_end": 0.001,
                   "close_grid_markup_start": 0.001,
                   "close_grid_qty_pct": 0.1,
                   "close_trailing_grid_ratio": -1,
                   "close_trailing_qty_pct": 0.1,
                   "close_trailing_retracement_pct": 0.003,
                   "close_trailing_threshold_pct": -0.001,
                   "ema_span_0": 200,
                   "ema_span_1": 200,
                   "enforce_exposure_limit": true,
                   "entry_grid_double_down_factor": 0.6,
                   "entry_grid_spacing_pct": 0.01,
                   "entry_grid_spacing_weight": 0.2,
                   "entry_initial_ema_dist": -0.001,
                   "entry_initial_qty_pct": 0.025,
                   "entry_trailing_double_down_factor": 0.1,
                   "entry_trailing_grid_ratio": -1,
                   "entry_trailing_retracement_pct": 0,
                   "entry_trailing_threshold_pct": -0.1,
                   "filter_noisiness_rolling_window": 60,
                   "filter_volume_drop_pct": 0.53,
                   "filter_volume_rolling_window": 60,
                   "n_positions": 0,
                   "total_wallet_exposure_limit": 0,
                   "unstuck_close_pct": 0.005,
                   "unstuck_ema_dist": -0.1,
                   "unstuck_loss_allowance_pct": 0.01,
                   "unstuck_threshold": 0.55}},
 "disable_plotting": false,
 "live": {"approved_coins": {"long": ["UNIUSDT"], "short": []},
          "auto_gs": true,
          "coin_flags": {},
          "empty_means_all_approved": false,
          "execution_delay_seconds": 2,
          "filter_by_min_effective_cost": true,
          "forced_mode_long": "",
          "forced_mode_short": "",
          "ignored_coins": {"long": [], "short": []},
          "leverage": 10,
          "market_orders_allowed": true,
          "max_n_cancellations_per_batch": 5,
          "max_n_creations_per_batch": 3,
          "max_n_restarts_per_day": 10,
          "mimic_backtest_1m_delay": false,
          "minimum_coin_age_days": 30,
          "ohlcvs_1m_rolling_window_days": 4,
          "ohlcvs_1m_update_after_minutes": 10,
          "pnls_max_lookback_days": 30,
          "price_distance_threshold": 0.002,
          "time_in_force": "good_till_cancelled",
          "user": "bybit_01"},
 "optimize": {"bounds": {"long_close_grid_markup_end": [0.001, 0.03],
                         "long_close_grid_markup_start": [0.001, 0.03],
                         "long_close_grid_qty_pct": [0.05, 0.4],
                         "long_close_trailing_grid_ratio": [-1, 1],
                         "long_close_trailing_qty_pct": [0.05, 0.25],
                         "long_close_trailing_retracement_pct": [0.003, 0.01],
                         "long_close_trailing_threshold_pct": [0.001, 0.005],
                         "long_ema_span_0": [100, 800],
                         "long_ema_span_1": [100, 800],
                         "long_entry_grid_double_down_factor": [0.4, 10],
                         "long_entry_grid_spacing_pct": [0.01, 0.12],
                         "long_entry_grid_spacing_weight": [0.2, 2],