{"analysis": {"adg": 0.003076408642583628,
              "adg_per_exposure_long": 0.0018224090057364067,
              "adg_per_exposure_short": 0.0,
              "adg_w": 0.0026538114722724606,
              "adg_w_per_exposure_long": 0.0015720700623615075,
              "adg_w_per_exposure_short": 0.0,
              "calmar_ratio": 0.00622536350486871,
              "calmar_ratio_w": 0.006700718506916762,
              "drawdown_worst": 0.4941733346458631,
              "drawdown_worst_mean_1pct": 0.2288349637618357,
              "equity_balance_diff_neg_max": 0.5265999054274659,
              "equity_balance_diff_neg_mean": 0.014971455042777311,
              "equity_balance_diff_pos_max": 0.1335207872194002,
              "equity_balance_diff_pos_mean": 0.00571606080637441,
              "equity_choppiness": 1.2515146332848228,
              "equity_choppiness_w": 1.2130955463944146,
              "equity_jerkiness": 0.006500079695132109,
              "equity_jerkiness_w": 0.005163501375777859,
              "expected_shortfall_1pct": 0.21298039047766815,
              "exponential_fit_error": 0.3478955576146103,
              "exponential_fit_error_w": 0.043191087099052505,
              "gain": 392.0376711040696,
              "gain_per_exposure_long": 232.2360470967772,
              "gain_per_exposure_short": 0.0,
              "loss_profit_ratio": 0.0720650682063993,
              "loss_profit_ratio_long": 0.0720650682063993,
              "loss_profit_ratio_short": 1.0,
              "loss_profit_ratio_w": 0.05563107612562446,
              "mdg": 0.0,
              "mdg_per_exposure_long": 0.0,
              "mdg_per_exposure_short": 0.0,
              "mdg_w": 0.0,
              "mdg_w_per_exposure_long": 0.0,
              "mdg_w_per_exposure_short": 0.0,
              "omega_ratio": 9.374302154039496,
              "omega_ratio_w": 15.34726004752693,
              "pnl_ratio_long_short": 1.0,
              "position_held_hours_max": 138.06666666666666,
              "position_held_hours_mean": 0.6432239734105286,
              "position_held_hours_median": 0.13333333333333333,
              "position_unchanged_hours_max": 28.466666666666665,
              "positions_held_per_day": 1.5992798353909465,
              "sharpe_ratio": 0.05421464752266911,
              "sharpe_ratio_w": 0.0509570467854515,
              "sortino_ratio": 0.05921297973024437,
              "sortino_ratio_w": 0.04994843443340846,
              "sterling_ratio": 0.013443787575160316,
              "sterling_ratio_w": 0.011234914874684716,
              "volume_pct_per_day_avg": 1.1313025342179093,
              "volume_pct_per_day_avg_w": 1.036646412448228},
 "backtest": {"base_dir": "backtests/pbgui/ADA_adg_omega_sharpe_grtr",
              "cache_dir": {"binance": "caches/hlcvs_data/c624ca66b82c0798"},
              "coins": {"binance": ["ADA"]},
              "combine_ohlcvs": false,
              "compress_cache": true,
              "end_date": "2025-06-27",
              "exchanges": ["bybit", "binance"],
              "gap_tolerance_ohlcvs_minutes": 120,
              "start_date": "2020-01-01",
              "starting_balance": 1000,
              "use_btc_collateral": false},
 "bot": {"long": {"close_grid_markup_end": 0.023507,
                  "close_grid_markup_start": 0.017119,
                  "close_grid_qty_pct": 0.24335,
                  "close_trailing_grid_ratio": 0.85202,
                  "close_trailing_qty_pct": 0.087272,
                  "close_trailing_retracement_pct": 0.0056605,
                  "close_trailing_threshold_pct": 0.0031043,
                  "ema_span_0": 773.79,
                  "ema_span_1": 140.75,
                  "enforce_exposure_limit": true,
                  "entry_grid_double_down_factor": 9.0733,
                  "entry_grid_spacing_pct": 0.039072,
                  "entry_grid_spacing_weight": 0.32628,
                  "entry_initial_ema_dist": 0.023391,
                  "entry_initial_qty_pct": 0.028133,
                  "entry_trailing_double_down_factor": 3.8241,
                  "entry_trailing_grid_ratio": -0.49052,
                  "entry_trailing_retracement_pct": 0.018018,
                  "entry_trailing_threshold_pct": 0.030648,
                  "filter_noisiness_rolling_window": 60,
                  "filter_volume_drop_pct": 0,
                  "filter_volume_rolling_window": 60,
                  "n_positions": 1,
                  "total_wallet_exposure_limit": 1.6881,
                  "unstuck_close_pct": 0.018445,
                  "unstuck_ema_dist": -0.042262,
                  "unstuck_loss_allowance_pct": 0.18407,
                  "unstuck_threshold": 0.93469},
         "short": {"close_grid_markup_end": 0.001,
                   "close_grid_markup_start": 0.001,
                   "close_grid_qty_pct": 0.1,
                   "close_trailing_grid_ratio": -1,
                   "close_trailing_qty_pct": 0.1,
                   "close_trailing_retracement_pct": 0.003,
                   "close_trailing_threshold_pct": -0.001,
                   "ema_span_0": 200,
                   "ema_span_1": 200,
                   "enforce_exposure_limit": true,
                   "entry_grid_double_down_factor": 0.6,
                   "entry_grid_spacing_pct": 0.01,
                   "entry_grid_spacing_weight": 0.2,
                   "entry_initial_ema_dist": -0.001,
                   "entry_initial_qty_pct": 0.025,
                   "entry_trailing_double_down_factor": 0.1,
                   "entry_trailing_grid_ratio": -1,
                   "entry_trailing_retracement_pct": 0,
                   "entry_trailing_threshold_pct": -0.1,
                   "filter_noisiness_rolling_window": 60,
                   "filter_volume_drop_pct": 0.53,
                   "filter_volume_rolling_window": 60,
                   "n_positions": 0,
                   "total_wallet_exposure_limit": 0,
                   "unstuck_close_pct": 0.005,
                   "unstuck_ema_dist": -0.1,
                   "unstuck_loss_allowance_pct": 0.01,
                   "unstuck_threshold": 0.55}},
 "disable_plotting": false,
 "live": {"approved_coins": {"long": ["ADAUSDT"], "short": []},
          "auto_gs": true,
          "coin_flags": {},
          "empty_means_all_approved": false,
          "execution_delay_seconds": 2,
          "filter_by_min_effective_cost": true,
          "forced_mode_long": "",
          "forced_mode_short": "",
          "ignored_coins": {"long": [], "short": []},
          "leverage": 10,
          "market_orders_allowed": true,
          "max_n_cancellations_per_batch": 5,
          "max_n_creations_per_batch": 3,
          "max_n_restarts_per_day": 10,
          "mimic_backtest_1m_delay": false,
          "minimum_coin_age_days": 30,
          "ohlcvs_1m_rolling_window_days": 4,
          "ohlcvs_1m_update_after_minutes": 10,
          "pnls_max_lookback_days": 30,
          "price_distance_threshold": 0.002,
          "time_in_force": "good_till_cancelled",
          "user": "bybit_01"},
 "optimize": {"bounds": {"long_close_grid_markup_end": [0.001, 0.03],
                         "long_close_grid_markup_start": [0.001, 0.03],
                         "long_close_grid_qty_pct": [0.05, 0.4],
                         "long_close_trailing_grid_ratio": [-1, 1],
                         "long_close_trailing_qty_pct": [0.05, 0.25],
                         "long_close_trailing_retracement_pct": [0.003, 0.01],
                         "long_close_trailing_threshold_pct": [0.001, 0.005],
                         "long_ema_span_0": [100, 800],
                         "long_ema_span_1": [100, 800],
                         "long_entry_grid_double_down_factor": [0.4, 10],
                         "long_entry_grid_spacing_pct": [0.01, 0.12],
                         "long_entry_grid_spacing_weight": [0.2, 2],