{
    "adg": 0.025248772324181656,
    "adg_per_exposure_long": 0.0028105092917374416,
    "adg_per_exposure_short": 0.0,
    "adg_w": 0.019570792036103613,
    "adg_w_per_exposure_long": 0.002178477914011333,
    "adg_w_per_exposure_short": 0.0,
    "calmar_ratio": 0.04946548701461614,
    "calmar_ratio_w": 0.038782795537737245,
    "drawdown_worst": 0.5104320981762721,
    "drawdown_worst_mean_1pct": 0.4906371168300161,
    "equity_balance_diff_neg_max": 0.5174584259747613,
    "equity_balance_diff_neg_mean": 0.032618422183075965,
    "equity_balance_diff_pos_max": 0.48238726185884456,
    "equity_balance_diff_pos_mean": 0.017138917259633693,
    "equity_choppiness": 2.5473528312789395,
    "equity_choppiness_w": 3.2839342055365863,
    "equity_jerkiness": 0.0745321370924786,
    "equity_jerkiness_w": 0.11934183146828174,
    "expected_shortfall_1pct": 0.3991953176488494,
    "exponential_fit_error": 0.24414418992625844,
    "exponential_fit_error_w": 0.051179869917184616,
    "gain": 4244.254349000021,
    "gain_per_exposure_long": 472.4394569052863,
    "gain_per_exposure_short": 0.0,
    "loss_profit_ratio": 0.05382125482449181,
    "loss_profit_ratio_long": 0.05382125482449181,
    "loss_profit_ratio_short": 1.0,
    "loss_profit_ratio_w": 0.06429378936321566,
    "mdg": 4.899252291120703e-05,
    "mdg_per_exposure_long": 5.4534905341014315e-06,
    "mdg_per_exposure_short": 0.0,
    "mdg_w": -0.001056250330359629,
    "mdg_w_per_exposure_long": -0.00011757408755408452,
    "mdg_w_per_exposure_short": 0.0,
    "omega_ratio": 4.327897572058538,
    "omega_ratio_w": 2.573652730650628,
    "pnl_ratio_long_short": 1.0,
    "position_held_hours_max": 425.15,
    "position_held_hours_mean": 45.84642126789366,
    "position_held_hours_median": 10.433333333333334,
    "position_unchanged_hours_max": 321.95,
    "positions_held_per_day": 0.48656716417910445,
    "sharpe_ratio": 0.12571684767440847,
    "sharpe_ratio_w": 0.08575805992631638,
    "sortino_ratio": 0.2652344649229043,
    "sortino_ratio_w": 0.16440308589207075,
    "sterling_ratio": 0.0514611949607743,
    "sterling_ratio_w": 0.038982366332353066,
    "volume_pct_per_day_avg": 5.207516693536208,
    "volume_pct_per_day_avg_w": 4.34081846163752
}