{
    "adg": 0.011442345773599039,
    "adg_per_exposure_long": 0.0019098906333726757,
    "adg_per_exposure_short": 0.0,
    "adg_w": 0.005895879168672869,
    "adg_w_per_exposure_long": 0.0009841062857693693,
    "adg_w_per_exposure_short": 0.0,
    "calmar_ratio": 0.023262880921143425,
    "calmar_ratio_w": 0.013533268579640115,
    "drawdown_worst": 0.4918713985763987,
    "drawdown_worst_mean_1pct": 0.37390274879477947,
    "equity_balance_diff_neg_max": 0.7679764394542148,
    "equity_balance_diff_neg_mean": 0.012466831370060076,
    "equity_balance_diff_pos_max": 0.28504094802166013,
    "equity_balance_diff_pos_mean": 0.0033739603508281184,
    "equity_choppiness": 1.3450500731350596,
    "equity_choppiness_w": 1.4842413825435605,
    "equity_jerkiness": 0.01858299165166289,
    "equity_jerkiness_w": 0.013279077928747537,
    "expected_shortfall_1pct": 0.3311688164259231,
    "exponential_fit_error": 7.28181768331164,
    "exponential_fit_error_w": 0.7593533592434225,
    "gain": 1698380050.4946737,
    "gain_per_exposure_long": 283483842.7825731,
    "gain_per_exposure_short": 0.0,
    "loss_profit_ratio": 0.028230981656266824,
    "loss_profit_ratio_long": 0.028230981656266824,
    "loss_profit_ratio_short": 1.0,
    "loss_profit_ratio_w": 0.030318468369085506,
    "mdg": 0.000783913668128946,
    "mdg_per_exposure_long": 0.00013084636679890936,
    "mdg_per_exposure_short": 0.0,
    "mdg_w": 0.0006080140009222683,
    "mdg_w_per_exposure_long": 0.0001014862046906692,
    "mdg_w_per_exposure_short": 0.0,
    "omega_ratio": 16.360158667584447,
    "omega_ratio_w": 8.683100843674627,
    "pnl_ratio_long_short": 1.0,
    "position_held_hours_max": 143.98333333333332,
    "position_held_hours_mean": 0.7652562738840957,
    "position_held_hours_median": 0.15,
    "position_unchanged_hours_max": 69.3,
    "positions_held_per_day": 4.529443254817987,
    "sharpe_ratio": 0.06218221252648064,
    "sharpe_ratio_w": 0.057521434045420115,
    "sortino_ratio": 0.16898624019203565,
    "sortino_ratio_w": 0.09077112186532699,
    "sterling_ratio": 0.03060246497379802,
    "sterling_ratio_w": 0.015449416374838338,
    "volume_pct_per_day_avg": 2.779694256269881,
    "volume_pct_per_day_avg_w": 1.837573410618758
}