{
    "adg": 0.003308590372059106,
    "adg_per_exposure_long": 0.000774827374548396,
    "adg_per_exposure_short": 0.0,
    "adg_w": 0.0037909678316018435,
    "adg_w_per_exposure_long": 0.0008877936890475266,
    "adg_w_per_exposure_short": 0.0,
    "calmar_ratio": 0.006691814702687195,
    "calmar_ratio_w": 0.009893170760209551,
    "drawdown_worst": 0.49442348885280607,
    "drawdown_worst_mean_1pct": 0.2237746395668951,
    "equity_balance_diff_neg_max": 0.4959150660472639,
    "equity_balance_diff_neg_mean": 0.0032512210513096266,
    "equity_balance_diff_pos_max": 0.15678513597410598,
    "equity_balance_diff_pos_mean": 0.0011693546678293576,
    "equity_choppiness": 1.291127162328461,
    "equity_choppiness_w": 1.406918311409775,
    "equity_jerkiness": 0.007369638779813722,
    "equity_jerkiness_w": 0.009101414845374056,
    "expected_shortfall_1pct": 0.2163977180987725,
    "exponential_fit_error": 0.031096107242222594,
    "exponential_fit_error_w": 0.012924562509922572,
    "gain": 145.15693216814864,
    "gain_per_exposure_long": 33.99380158969313,
    "gain_per_exposure_short": 0.0,
    "loss_profit_ratio": 0.04479630514603142,
    "loss_profit_ratio_long": 0.04479630514603142,
    "loss_profit_ratio_short": 1.0,
    "loss_profit_ratio_w": 0.05853036333295146,
    "mdg": 0.00014567035518571394,
    "mdg_per_exposure_long": 3.4114038356411775e-05,
    "mdg_per_exposure_short": 0.0,
    "mdg_w": 0.00013602893223443137,
    "mdg_w_per_exposure_long": 3.185614674935748e-05,
    "mdg_w_per_exposure_short": 0.0,
    "omega_ratio": 8.395547980708836,
    "omega_ratio_w": 7.827330786911929,
    "pnl_ratio_long_short": 1.0,
    "position_held_hours_max": 276.18333333333334,
    "position_held_hours_mean": 4.849388145315488,
    "position_held_hours_median": 0.75,
    "position_unchanged_hours_max": 257.5,
    "positions_held_per_day": 1.735694669662126,
    "sharpe_ratio": 0.04828954749590015,
    "sharpe_ratio_w": 0.058229744916237544,
    "sortino_ratio": 0.07785395741713096,
    "sortino_ratio_w": 0.08572973761468672,
    "sterling_ratio": 0.014785367897196576,
    "sterling_ratio_w": 0.01357898440690356,
    "volume_pct_per_day_avg": 0.9153784907193665,
    "volume_pct_per_day_avg_w": 1.0713830909703879
}