{
    "adg": 0.020582987828277055,
    "adg_per_exposure_long": 0.0022869986475863393,
    "adg_per_exposure_short": 0.0,
    "adg_w": 0.008195261713511703,
    "adg_w_per_exposure_long": 0.0009105846348346337,
    "adg_w_per_exposure_short": 0.0,
    "calmar_ratio": 0.11752926531794676,
    "calmar_ratio_w": 1.360782234861545,
    "drawdown_worst": 0.1751307452879485,
    "drawdown_worst_mean_1pct": 0.1751307452879485,
    "equity_balance_diff_neg_max": 0.1735865058710425,
    "equity_balance_diff_neg_mean": 0.015298350854495121,
    "equity_balance_diff_pos_max": 0.3003307198875125,
    "equity_balance_diff_pos_mean": 0.012209735748652407,
    "equity_choppiness": 1.1022649639800002,
    "equity_choppiness_w": 1.2693679681118895,
    "equity_jerkiness": 0.032057465963895124,
    "equity_jerkiness_w": 0.015884480416244594,
    "expected_shortfall_1pct": 0.12518719172901036,
    "exponential_fit_error": 0.008856118879498094,
    "exponential_fit_error_w": 0.002064347720377711,
    "gain": 2.0402874912269082,
    "gain_per_exposure_long": 0.22669861013632314,
    "gain_per_exposure_short": 0.0,
    "loss_profit_ratio": 0.006628765203942653,
    "loss_profit_ratio_long": 0.006628765203942653,
    "loss_profit_ratio_short": 1.0,
    "loss_profit_ratio_w": 0.001064248133736725,
    "mdg": 0.00591424822425841,
    "mdg_per_exposure_long": 0.0006571386915842678,
    "mdg_per_exposure_short": 0.0,
    "mdg_w": 0.0020809007325714715,
    "mdg_w_per_exposure_long": 0.00023121119250794128,
    "mdg_w_per_exposure_short": 0.0,
    "omega_ratio": 18.327227901120068,
    "omega_ratio_w": null,
    "pnl_ratio_long_short": 1.0,
    "position_held_hours_max": 21.383333333333333,
    "position_held_hours_mean": 1.3267584097859326,
    "position_held_hours_median": 0.21666666666666667,
    "position_unchanged_hours_max": 14.066666666666666,
    "positions_held_per_day": 3.15370705244123,
    "sharpe_ratio": 0.1880474526603508,
    "sharpe_ratio_w": 0.31066396803395235,
    "sortino_ratio": 0.3268007124623296,
    "sortino_ratio_w": 1.5241022127075907,
    "sterling_ratio": 0.11752926531794676,
    "sterling_ratio_w": 1.360782234861545,
    "volume_pct_per_day_avg": 6.424855232600914,
    "volume_pct_per_day_avg_w": 4.343508925246363
}