{
    "adg_btc": 0.0011431858430570596,
    "adg_per_exposure_long_btc": 0.00011565439253953763,
    "adg_per_exposure_long_usd": 0.00020376426381813183,
    "adg_per_exposure_short_btc": 0.0,
    "adg_per_exposure_short_usd": 0.0,
    "adg_pnl": 0.0030692432367318907,
    "adg_pnl_w": 0.0018874945622560577,
    "adg_strategy_eq": 0.002014107865710324,
    "adg_strategy_eq_w": 0.001070315685012413,
    "adg_usd": 0.002014107865710324,
    "adg_w_btc": 0.0019920678784059566,
    "adg_w_per_exposure_long_btc": 0.00020153451144781797,
    "adg_w_per_exposure_long_usd": 0.00010828222823738309,
    "adg_w_per_exposure_short_btc": 0.0,
    "adg_w_per_exposure_short_usd": 0.0,
    "adg_w_usd": 0.001070315685012413,
    "backtest_completion_ratio": 1.0,
    "calmar_ratio_btc": 0.0014584515970392786,
    "calmar_ratio_strategy_eq": 0.005177274968228408,
    "calmar_ratio_strategy_eq_w": 0.005699452595487825,
    "calmar_ratio_usd": 0.0051772749682284114,
    "calmar_ratio_w_btc": 0.007643643188834677,
    "calmar_ratio_w_usd": 0.005699452595487841,
    "drawdown_worst_btc": 0.7838352985987177,
    "drawdown_worst_ema_strategy_eq": 0.0,
    "drawdown_worst_ema_strategy_eq_long": 0.0,
    "drawdown_worst_ema_strategy_eq_short": 0.0,
    "drawdown_worst_mean_1pct_btc": 0.7723890241110123,
    "drawdown_worst_mean_1pct_ema_strategy_eq": 0.0,
    "drawdown_worst_mean_1pct_ema_strategy_eq_long": 0.0,
    "drawdown_worst_mean_1pct_ema_strategy_eq_short": 0.0,
    "drawdown_worst_mean_1pct_strategy_eq": 0.17883915917089951,
    "drawdown_worst_mean_1pct_strategy_eq_long": 0.0,
    "drawdown_worst_mean_1pct_strategy_eq_short": 0.0,
    "drawdown_worst_mean_1pct_usd": 0.17883915917089907,
    "drawdown_worst_strategy_eq": 0.38902856774468825,
    "drawdown_worst_strategy_eq_long": 0.0,
    "drawdown_worst_strategy_eq_short": 0.0,
    "drawdown_worst_usd": 0.38902856774468797,
    "entry_initial_balance_pct_long": 0.06653850019999999,
    "entry_initial_balance_pct_short": 0.0,
    "entry_interval_hours_max": 352.98333333333335,
    "entry_interval_hours_mean": 6.654199214440179,
    "entry_interval_hours_median": 0.25,
    "entry_interval_hours_p95": 36.49666666666663,
    "entry_interval_hours_p99": 95.51399999999994,
    "equity_balance_diff_neg_max_btc": 0.5311074305679718,
    "equity_balance_diff_neg_max_usd": 0.3627134745116913,
    "equity_balance_diff_neg_mean_btc": 0.11645837246880576,
    "equity_balance_diff_neg_mean_usd": 0.025281947360319138,
    "equity_balance_diff_pos_max_btc": 3.4082805825029086,
    "equity_balance_diff_pos_max_usd": 1.6178878922046875,
    "equity_balance_diff_pos_mean_btc": 0.21249814894426733,
    "equity_balance_diff_pos_mean_usd": 0.062316036883127916,
    "equity_choppiness_btc": 18.132750555222103,
    "equity_choppiness_usd": 1.3853063000863122,
    "equity_choppiness_w_btc": 10.597336755503441,
    "equity_choppiness_w_usd": 1.3294975312304385,
    "equity_jerkiness_btc": 0.030560351063000847,
    "equity_jerkiness_usd": 0.004067053202407919,
    "equity_jerkiness_w_btc": 0.02215349231570518,
    "equity_jerkiness_w_usd": 0.0022492101154905266,
    "expected_shortfall_1pct_btc": 0.14307009225939032,
    "expected_shortfall_1pct_strategy_eq": 0.13801644404177366,
    "expected_shortfall_1pct_usd": 0.13801644404177338,
    "exponential_fit_error_btc": 0.5118195697105852,
    "exponential_fit_error_usd": 0.2042864802079636,
    "exponential_fit_error_w_btc": 0.07542099290556042,
    "exponential_fit_error_w_usd": 0.021168567893612676,
    "exposure_mean_ratio_btc": 0.049959301584107746,
    "exposure_mean_ratio_usd": 0.08802017878113565,
    "exposure_mean_ratio_w_btc": 0.07249997075520132,
    "exposure_mean_ratio_w_usd": 0.04371594459128964,
    "exposure_ratio_btc": 0.00011501477812283042,
    "exposure_ratio_usd": 0.00020263736705367687,
    "exposure_ratio_w_btc": 0.0005747599723403384,
    "exposure_ratio_w_usd": 0.0002405510732684508,
    "gain_btc": 10.952923788180268,
    "gain_per_exposure_long_btc": 1.1080908278800414,
    "gain_per_exposure_long_usd": 6.850656462935456,
    "gain_per_exposure_short_btc": 0.0,
    "gain_per_exposure_short_usd": 0.0,
    "gain_strategy_eq": 67.71531380788531,
    "gain_usd": 67.71531380788551,
    "hard_stop_duration_minutes_max": 0.0,
    "hard_stop_duration_minutes_mean": 0.0,
    "hard_stop_flatten_time_minutes_mean": 0.0,
    "hard_stop_halt_to_restart_equity_loss_pct": 0.0,
    "hard_stop_panic_close_loss_max": 0.0,
    "hard_stop_panic_close_loss_sum": 0.0,
    "hard_stop_post_restart_retrigger_pct": 0.0,
    "hard_stop_restarts": 0,
    "hard_stop_restarts_long": 0,
    "hard_stop_restarts_per_year": 0.0,
    "hard_stop_restarts_per_year_long": 0.0,
    "hard_stop_restarts_per_year_short": 0.0,
    "hard_stop_restarts_short": 0,
    "hard_stop_time_in_orange_pct": 0.0,
    "hard_stop_time_in_red_pct": 0.0,
    "hard_stop_time_in_yellow_pct": 0.0,
    "hard_stop_trigger_drawdown_mean": 0.0,
    "hard_stop_triggers": 0,
    "hard_stop_triggers_long": 0,
    "hard_stop_triggers_per_year": 0.0,
    "hard_stop_triggers_short": 0,
    "high_exposure_days_max_long": 3.0805555555555557,
    "high_exposure_days_max_short": 0.0,
    "high_exposure_days_mean_long": 0.01072678117048346,
    "high_exposure_days_mean_short": 0.0,
    "high_exposure_hours_max_long": 73.93333333333334,
    "high_exposure_hours_max_short": 0.0,
    "high_exposure_hours_mean_long": 0.25744274809160306,
    "high_exposure_hours_mean_short": 0.0,
    "liquidated": false,
    "long_short_profit_ratio": 1.0,
    "loss_profit_ratio": 0.06903995234209412,
    "loss_profit_ratio_long": 0.06903995234209412,
    "loss_profit_ratio_short": 1.0,
    "loss_profit_ratio_w": 0.032787741249327575,
    "mdg_btc": 0.0,
    "mdg_per_exposure_long_btc": 0.0,
    "mdg_per_exposure_long_usd": 1.27219601959339e-05,
    "mdg_per_exposure_short_btc": 0.0,
    "mdg_per_exposure_short_usd": 0.0,
    "mdg_pnl": 0.0004181739208422584,
    "mdg_pnl_w": 0.0003640255691081406,
    "mdg_strategy_eq": 0.00012575021555670892,
    "mdg_strategy_eq_w": 3.288718078791478e-05,
    "mdg_usd": 0.00012575021555670863,
    "mdg_w_btc": 0.0,
    "mdg_w_per_exposure_long_btc": 0.0,
    "mdg_w_per_exposure_long_usd": 3.327146622279541e-06,
    "mdg_w_per_exposure_short_btc": 0.0,
    "mdg_w_per_exposure_short_usd": 0.0,
    "mdg_w_usd": 3.288718078792212e-05,
    "omega_ratio_btc": 1.2278667073749128,
    "omega_ratio_strategy_eq": 8.804859969446806,
    "omega_ratio_strategy_eq_w": 7.625533030957792,
    "omega_ratio_usd": 8.804859969446815,
    "omega_ratio_w_btc": 1.4339153611810638,
    "omega_ratio_w_usd": 7.625533030957709,
    "paper_loss_mean_ratio_btc": 0.009816261543267491,
    "paper_loss_mean_ratio_usd": 0.0796658515661469,
    "paper_loss_mean_ratio_w_btc": 0.24141227714377736,
    "paper_loss_mean_ratio_w_usd": 0.2384902326745967,
    "paper_loss_ratio_btc": 0.002152456880210704,
    "paper_loss_ratio_usd": 0.005552889559512087,
    "paper_loss_ratio_w_btc": 0.09672703205969366,
    "paper_loss_ratio_w_usd": 0.013733626842202386,
    "peak_recovery_days_equity_btc": 237.5423611111111,
    "peak_recovery_days_equity_usd": 126.86527777777779,
    "peak_recovery_days_pnl": 122.90555555555555,
    "peak_recovery_days_strategy_eq": 126.86527777777778,
    "peak_recovery_days_strategy_eq_long": 0.0,
    "peak_recovery_days_strategy_eq_short": 0.0,
    "peak_recovery_hours_equity_btc": 5701.016666666666,
    "peak_recovery_hours_equity_usd": 3044.766666666667,
    "peak_recovery_hours_pnl": 2949.733333333333,
    "peak_recovery_hours_strategy_eq": 3044.7666666666664,
    "peak_recovery_hours_strategy_eq_long": 0.0,
    "peak_recovery_hours_strategy_eq_short": 0.0,
    "pnl_ratio_long_short": 1.0,
    "position_held_days_max": 3.0805555555555557,
    "position_held_days_mean": 0.01072678117048346,
    "position_held_days_median": 0.001388888888888889,
    "position_held_hours_max": 73.93333333333334,