{
    "adg": 0.0056996276398415535,
    "adg_per_exposure_long": 0.0014324271525110715,
    "adg_per_exposure_short": 0.0,
    "adg_w": 0.0046707674348926975,
    "adg_w_per_exposure_long": 0.0011738545953487553,
    "adg_w_per_exposure_short": 0.0,
    "calmar_ratio": 0.012795633123356052,
    "calmar_ratio_w": 0.0149198419080219,
    "drawdown_worst": 0.44543537509198683,
    "drawdown_worst_mean_1pct": 0.2998029030622079,
    "equity_balance_diff_neg_max": 0.46690884091188845,
    "equity_balance_diff_neg_mean": 0.013206053165730921,
    "equity_balance_diff_pos_max": 0.92271585424648,
    "equity_balance_diff_pos_mean": 0.003432768667068903,
    "equity_choppiness": 2.550475449167971,
    "equity_choppiness_w": 2.477407122535163,
    "equity_jerkiness": 0.0193700408634492,
    "equity_jerkiness_w": 0.01980239547000755,
    "expected_shortfall_1pct": 0.22618962271847112,
    "exponential_fit_error": 1.6910644966822252,
    "exponential_fit_error_w": 0.18104319878843791,
    "gain": 57393.38370821423,
    "gain_per_exposure_long": 14424.07230666354,
    "gain_per_exposure_short": 0.0,
    "loss_profit_ratio": 0.026213341456910916,
    "loss_profit_ratio_long": 0.026213341456910916,
    "loss_profit_ratio_short": 1.0,
    "loss_profit_ratio_w": 0.022483720563415677,
    "mdg": 0.0011754295205982002,
    "mdg_per_exposure_long": 0.0002954082735858759,
    "mdg_per_exposure_short": 0.0,
    "mdg_w": 0.0005450734895203503,
    "mdg_w_per_exposure_long": 0.00013698755705462436,
    "mdg_w_per_exposure_short": 0.0,
    "omega_ratio": 3.169857717789381,
    "omega_ratio_w": 2.53922335059492,
    "pnl_ratio_long_short": 1.0,
    "position_held_hours_max": 949.95,
    "position_held_hours_mean": 35.58738524849636,
    "position_held_hours_median": 8.816666666666666,
    "position_unchanged_hours_max": 672.9166666666666,
    "positions_held_per_day": 0.546161825726141,
    "sharpe_ratio": 0.053265567052758894,
    "sharpe_ratio_w": 0.06939876863078712,
    "sortino_ratio": 0.13885463536250794,
    "sortino_ratio_w": 0.1384461088822845,
    "sterling_ratio": 0.019011248996007566,
    "sterling_ratio_w": 0.01845793018771541,
    "volume_pct_per_day_avg": 0.6259724929754212,
    "volume_pct_per_day_avg_w": 0.5523264715829744
}