{
    "adg": 0.019006355513434325,
    "adg_per_exposure_long": 0.0076025422053737305,
    "adg_per_exposure_short": 0.0,
    "adg_w": 0.0105369461250582,
    "adg_w_per_exposure_long": 0.00421477845002328,
    "adg_w_per_exposure_short": 0.0,
    "calmar_ratio": 0.06002823755405127,
    "calmar_ratio_w": 0.21159442028891795,
    "drawdown_worst": 0.31662358063270507,
    "drawdown_worst_mean_1pct": 0.2680385318670282,
    "equity_balance_diff_neg_max": 0.23466942438177413,
    "equity_balance_diff_neg_mean": 0.006809920059589279,
    "equity_balance_diff_pos_max": 0.13463646394088422,
    "equity_balance_diff_pos_mean": 0.0030849363019146443,
    "equity_choppiness": 1.2498214943330717,
    "equity_choppiness_w": 1.088621810105402,
    "equity_jerkiness": 0.03159649471208789,
    "equity_jerkiness_w": 0.014909373176010123,
    "expected_shortfall_1pct": 0.2635345995025536,
    "exponential_fit_error": 0.12915619525875835,
    "exponential_fit_error_w": 0.015338566870576668,
    "gain": 161.34704957667103,
    "gain_per_exposure_long": 64.53881983066842,
    "gain_per_exposure_short": 0.0,
    "loss_profit_ratio": 0.20224137593110733,
    "loss_profit_ratio_long": 0.20224137593110733,
    "loss_profit_ratio_short": 1.0,
    "loss_profit_ratio_w": 0.0625056110609785,
    "mdg": 0.011525828038791588,
    "mdg_per_exposure_long": 0.004610331215516635,
    "mdg_per_exposure_short": 0.0,
    "mdg_w": 0.002397393381760556,
    "mdg_w_per_exposure_long": 0.0009589573527042225,
    "mdg_w_per_exposure_short": 0.0,
    "omega_ratio": 6.8903538378896485,
    "omega_ratio_w": 830.722693903678,
    "pnl_ratio_long_short": 1.0,
    "position_held_hours_max": 75.35,
    "position_held_hours_mean": 4.532153392330383,
    "position_held_hours_median": 2.55,
    "position_unchanged_hours_max": 50.266666666666666,
    "positions_held_per_day": 2.5111175697468355,
    "sharpe_ratio": 0.2679806407555925,
    "sharpe_ratio_w": 0.3519872162140017,
    "sortino_ratio": 0.2859699444912137,
    "sortino_ratio_w": 0.5657008709111062,
    "sterling_ratio": 0.0709090419987199,
    "sterling_ratio_w": 0.2126825007333848,
    "volume_pct_per_day_avg": 7.239050497949791,
    "volume_pct_per_day_avg_w": 3.0280478627011753
}