{
    "adg": 0.004518076898923917,
    "adg_w": 0.002784048629423652,
    "calmar_ratio": 0.0116023419165005,
    "calmar_ratio_w": 0.016196821055005403,
    "drawdown_worst": 0.38941076994968105,
    "drawdown_worst_mean_1pct": 0.2829411975091026,
    "equity_balance_diff_neg_max": 0.2955456281567021,
    "equity_balance_diff_neg_mean": 0.010170242838453037,
    "equity_balance_diff_pos_max": 0.6222079950619185,
    "equity_balance_diff_pos_mean": 0.009825672449155408,
    "equity_choppiness": 1.1986070888024447,
    "equity_choppiness_w": 1.1586455172670296,
    "equity_jerkiness": 0.00912708322655066,
    "equity_jerkiness_w": 0.005775571098592938,
    "expected_shortfall_1pct": 0.1619125526476972,
    "exponential_fit_error": 0.7832123952994079,
    "exponential_fit_error_w": 0.08823877360209803,
    "gain": 4439.156303255822,
    "loss_profit_ratio": 0.04141073692718095,
    "loss_profit_ratio_long": 0.04141073692718095,
    "loss_profit_ratio_short": 1.0,
    "loss_profit_ratio_w": 0.027175934330952195,
    "mdg": 0.0,
    "mdg_w": 0.0,
    "omega_ratio": 15.987142122624288,
    "omega_ratio_w": 21.103266822932007,
    "pnl_ratio_long_short": 1.0,
    "position_held_hours_max": 99.88333333333334,
    "position_held_hours_mean": 1.2826634326634327,
    "position_held_hours_median": 0.23333333333333334,
    "position_unchanged_hours_max": 72.36666666666666,
    "positions_held_per_day": 0.7747408358574899,
    "sharpe_ratio": 0.060493942706990024,
    "sharpe_ratio_w": 0.06866989523326046,
    "sortino_ratio": 0.1042105981100965,
    "sortino_ratio_w": 0.09091133826848398,
    "sterling_ratio": 0.015968253964778543,
    "sterling_ratio_w": 0.02274751161585293
}