{
    "adg": 0.014138465273275003,
    "adg_per_exposure_long": 0.004712821757758334,
    "adg_per_exposure_short": 0.0,
    "adg_w": 0.005532694187080178,
    "adg_w_per_exposure_long": 0.0018442313956933928,
    "adg_w_per_exposure_short": 0.0,
    "calmar_ratio": 0.07974078219349545,
    "calmar_ratio_w": 0.031204331841385536,
    "drawdown_worst": 0.17730532463259802,
    "drawdown_worst_mean_1pct": 0.16060281570396884,
    "equity_balance_diff_neg_max": 0.168443993830207,
    "equity_balance_diff_neg_mean": 0.004521422631308126,
    "equity_balance_diff_pos_max": 0.3290944753441962,
    "equity_balance_diff_pos_mean": 0.0036826028228796512,
    "equity_choppiness": 1.3337203358122534,
    "equity_choppiness_w": 1.665436191147427,
    "equity_jerkiness": 0.026272585487710713,
    "equity_jerkiness_w": 0.01311089758110498,
    "expected_shortfall_1pct": 0.15437044854963233,
    "exponential_fit_error": 0.0873096493332888,
    "exponential_fit_error_w": 0.009757627338275954,
    "gain": 44.285235186403995,
    "gain_per_exposure_long": 14.761745062134665,
    "gain_per_exposure_short": 0.0,
    "loss_profit_ratio": 0.1085356648174418,
    "loss_profit_ratio_long": 0.1085356648174418,
    "loss_profit_ratio_short": 1.0,
    "loss_profit_ratio_w": 0.2188523149012474,
    "mdg": 0.004062467990596643,
    "mdg_per_exposure_long": 0.0013541559968655477,
    "mdg_per_exposure_short": 0.0,
    "mdg_w": 0.0025677439263347914,
    "mdg_w_per_exposure_long": 0.0008559146421115971,
    "mdg_w_per_exposure_short": 0.0,
    "omega_ratio": 10.749338847392133,
    "omega_ratio_w": 5.706120574293216,
    "pnl_ratio_long_short": 1.0,
    "position_held_hours_max": 109.96666666666667,
    "position_held_hours_mean": 6.482142857142857,
    "position_held_hours_median": 2.7333333333333334,
    "position_unchanged_hours_max": 80.76666666666667,
    "positions_held_per_day": 1.7111155121283748,
    "sharpe_ratio": 0.2165604258243673,
    "sharpe_ratio_w": 0.12352244358395836,
    "sortino_ratio": 0.33132638902961337,
    "sortino_ratio_w": 0.13940736391877445,
    "sterling_ratio": 0.0880337322312937,
    "sterling_ratio_w": 0.03203362684516535,
    "volume_pct_per_day_avg": 2.1554799958295985,
    "volume_pct_per_day_avg_w": 1.424193382247743
}