{
    "adg_btc": 0.004003354682516003,
    "adg_per_exposure_long_btc": 0.002746161807186173,
    "adg_per_exposure_long_usd": 0.0030100403511910956,
    "adg_per_exposure_short_btc": 0.0,
    "adg_per_exposure_short_usd": 0.0,
    "adg_pnl": 0.008049842263368035,
    "adg_pnl_w": 0.004307496903815267,
    "adg_strategy_eq": 0.004388036823966379,
    "adg_strategy_eq_w": 0.0010564786747107146,
    "adg_usd": 0.004388036823966379,
    "adg_w_btc": 0.002089554097627411,
    "adg_w_per_exposure_long_btc": 0.001433361296218556,
    "adg_w_per_exposure_long_usd": 0.0007247075557077203,
    "adg_w_per_exposure_short_btc": 0.0,
    "adg_w_per_exposure_short_usd": 0.0,
    "adg_w_usd": 0.0010564786747107146,
    "backtest_completion_ratio": 1.0,
    "calmar_ratio_btc": 0.006030354197854185,
    "calmar_ratio_strategy_eq": 0.008228519582785558,
    "calmar_ratio_strategy_eq_w": 0.001949054675832735,
    "calmar_ratio_usd": 0.008228519582785556,
    "calmar_ratio_w_btc": 0.0034313546463547477,
    "calmar_ratio_w_usd": 0.0019490546758327352,
    "drawdown_worst_btc": 0.6638672540894097,
    "drawdown_worst_ema_strategy_eq": 0.0,
    "drawdown_worst_ema_strategy_eq_long": 0.0,
    "drawdown_worst_ema_strategy_eq_short": 0.0,
    "drawdown_worst_mean_1pct_btc": 0.4818774954717456,
    "drawdown_worst_mean_1pct_ema_strategy_eq": 0.0,
    "drawdown_worst_mean_1pct_ema_strategy_eq_long": 0.0,
    "drawdown_worst_mean_1pct_ema_strategy_eq_short": 0.0,
    "drawdown_worst_mean_1pct_strategy_eq": 0.3588263010537482,
    "drawdown_worst_mean_1pct_strategy_eq_long": 0.0,
    "drawdown_worst_mean_1pct_strategy_eq_short": 0.0,
    "drawdown_worst_mean_1pct_usd": 0.3588263010537482,
    "drawdown_worst_strategy_eq": 0.53327172401052,
    "drawdown_worst_strategy_eq_long": 0.0,
    "drawdown_worst_strategy_eq_short": 0.0,
    "drawdown_worst_usd": 0.5332717240105201,
    "entry_initial_balance_pct_long": 0.12069417760000001,
    "entry_initial_balance_pct_short": 0.0,
    "entry_interval_hours_max": 512.3,
    "entry_interval_hours_mean": 19.836365740740742,
    "entry_interval_hours_median": 6.408333333333333,
    "entry_interval_hours_p95": 82.79499999999985,
    "entry_interval_hours_p99": 190.95166666666663,
    "equity_balance_diff_neg_max_btc": 0.5699448404743773,
    "equity_balance_diff_neg_max_usd": 0.5241702464557413,
    "equity_balance_diff_neg_mean_btc": 0.09173597520496353,
    "equity_balance_diff_neg_mean_usd": 0.10229623548804688,
    "equity_balance_diff_pos_max_btc": 1.599671795488333,
    "equity_balance_diff_pos_max_usd": 1.41241732443456,
    "equity_balance_diff_pos_mean_btc": 0.2238342275640667,
    "equity_balance_diff_pos_mean_usd": 0.13259756925495203,
    "equity_choppiness_btc": 7.8596355622711345,
    "equity_choppiness_usd": 3.283266910982861,
    "equity_choppiness_w_btc": 10.065901614187045,
    "equity_choppiness_w_usd": 18.572908006575524,
    "equity_jerkiness_btc": 0.02949968552393889,
    "equity_jerkiness_usd": 0.011832346740266063,
    "equity_jerkiness_w_btc": 0.02540065028189542,
    "equity_jerkiness_w_usd": 0.008802472786294676,
    "expected_shortfall_1pct_btc": 0.2551653329282993,
    "expected_shortfall_1pct_strategy_eq": 0.2503717774319492,
    "expected_shortfall_1pct_usd": 0.2503717774319492,
    "exponential_fit_error_btc": 0.7187484335289389,
    "exponential_fit_error_usd": 0.33345234669542995,
    "exponential_fit_error_w_btc": 0.09494316759400856,
    "exponential_fit_error_w_usd": 0.04435272291150571,
    "exposure_mean_ratio_btc": 0.03440106305653966,
    "exposure_mean_ratio_usd": 0.03770665940116386,
    "exposure_mean_ratio_w_btc": 0.013010109191703173,
    "exposure_mean_ratio_w_usd": 0.008310484748533952,
    "exposure_ratio_btc": 0.0027400451018732117,
    "exposure_ratio_usd": 0.003003335891985459,
    "exposure_ratio_w_btc": 0.0014319217077442634,
    "exposure_ratio_w_usd": 0.0007234640825214197,
    "gain_btc": 1444.5530725740198,
    "gain_per_exposure_long_btc": 990.913069401852,
    "gain_per_exposure_long_usd": 1990.6294371938793,
    "gain_per_exposure_short_btc": 0.0,
    "gain_per_exposure_short_usd": 0.0,
    "gain_strategy_eq": 2901.9395935412394,
    "gain_usd": 2901.939593541237,
    "hard_stop_duration_minutes_max": 0.0,
    "hard_stop_duration_minutes_mean": 0.0,
    "hard_stop_flatten_time_minutes_mean": 0.0,
    "hard_stop_halt_to_restart_equity_loss_pct": 0.0,
    "hard_stop_panic_close_loss_max": 0.0,
    "hard_stop_panic_close_loss_sum": 0.0,
    "hard_stop_post_restart_retrigger_pct": 0.0,
    "hard_stop_restarts": 0,
    "hard_stop_restarts_long": 0,
    "hard_stop_restarts_per_year": 0.0,
    "hard_stop_restarts_per_year_long": 0.0,
    "hard_stop_restarts_per_year_short": 0.0,
    "hard_stop_restarts_short": 0,
    "hard_stop_time_in_orange_pct": 0.0,
    "hard_stop_time_in_red_pct": 0.0,
    "hard_stop_time_in_yellow_pct": 0.0,
    "hard_stop_trigger_drawdown_mean": 0.0,
    "hard_stop_triggers": 0,
    "hard_stop_triggers_long": 0,
    "hard_stop_triggers_per_year": 0.0,
    "hard_stop_triggers_short": 0,
    "high_exposure_days_max_long": 28.19027777777778,
    "high_exposure_days_max_short": 0.0,
    "high_exposure_days_mean_long": 0.24296173657100809,
    "high_exposure_days_mean_short": 0.0,
    "high_exposure_hours_max_long": 676.5666666666667,
    "high_exposure_hours_max_short": 0.0,
    "high_exposure_hours_mean_long": 5.831081677704194,
    "high_exposure_hours_mean_short": 0.0,
    "liquidated": false,
    "long_short_profit_ratio": 1.0,
    "loss_profit_ratio": 0.07097658060902451,
    "loss_profit_ratio_long": 0.07097658060902451,
    "loss_profit_ratio_short": 1.0,
    "loss_profit_ratio_w": 0.10801166192336084,
    "mdg_btc": 0.0,
    "mdg_per_exposure_long_btc": 0.0,
    "mdg_per_exposure_long_usd": 0.0005597919098432194,
    "mdg_per_exposure_short_btc": 0.0,
    "mdg_per_exposure_short_usd": 0.0,
    "mdg_pnl": 0.003983613111887489,
    "mdg_pnl_w": 0.001828903624173927,
    "mdg_strategy_eq": 0.0008160646461694448,
    "mdg_strategy_eq_w": 8.160646461694448e-05,
    "mdg_usd": 0.0008160646461694452,
    "mdg_w_btc": 0.0,
    "mdg_w_per_exposure_long_btc": 0.0,
    "mdg_w_per_exposure_long_usd": 5.597919098432194e-05,
    "mdg_w_per_exposure_short_btc": 0.0,
    "mdg_w_per_exposure_short_usd": 0.0,
    "mdg_w_usd": 8.160646461694452e-05,
    "omega_ratio_btc": 1.6713498318099465,
    "omega_ratio_strategy_eq": 3.525566992895992,
    "omega_ratio_strategy_eq_w": 1.624265931500752,
    "omega_ratio_usd": 3.5255669928959925,
    "omega_ratio_w_btc": 1.4156158618068524,
    "omega_ratio_w_usd": 1.6242659315007508,
    "paper_loss_mean_ratio_btc": 0.043639964295047844,
    "paper_loss_mean_ratio_usd": 0.042895389092584085,
    "paper_loss_mean_ratio_w_btc": 0.06069980802944382,
    "paper_loss_mean_ratio_w_usd": 0.02719569808216519,
    "paper_loss_ratio_btc": 0.007024108998309248,
    "paper_loss_ratio_usd": 0.008371396227917882,
    "paper_loss_ratio_w_btc": 0.020109733445148832,
    "paper_loss_ratio_w_usd": 0.004053493328673613,
    "peak_recovery_days_equity_btc": 219.7875,
    "peak_recovery_days_equity_usd": 20.72013888888889,
    "peak_recovery_days_pnl": 40.10277777777778,
    "peak_recovery_days_strategy_eq": 50.955555555555556,
    "peak_recovery_days_strategy_eq_long": 0.0,
    "peak_recovery_days_strategy_eq_short": 0.0,
    "peak_recovery_hours_equity_btc": 5274.9,
    "peak_recovery_hours_equity_usd": 497.28333333333336,
    "peak_recovery_hours_pnl": 962.4666666666667,
    "peak_recovery_hours_strategy_eq": 1222.9333333333334,
    "peak_recovery_hours_strategy_eq_long": 0.0,
    "peak_recovery_hours_strategy_eq_short": 0.0,
    "pnl_ratio_long_short": 1.0,
    "position_held_days_max": 35.43125,
    "position_held_days_mean": 0.1371229057457087,
    "position_held_days_median": 0.02361111111111111,
    "position_held_hours_max": 850.35,
    "position_held_hours_mean": 3.2909497378970087,
    "position_held_hours_median": 0.5666666666666667,