{
    "adg_btc": 0.003502548784990678,
    "adg_per_exposure_long_btc": 0.0015855093861711458,
    "adg_per_exposure_long_usd": 0.001705825547463525,
    "adg_per_exposure_short_btc": 0.0,
    "adg_per_exposure_short_usd": 0.0,
    "adg_pnl": 0.004345263683422097,
    "adg_pnl_w": 0.00161317381098175,
    "adg_strategy_eq": 0.0037683392169016727,
    "adg_strategy_eq_w": 0.001375500975969901,
    "adg_usd": 0.0037683392169016727,
    "adg_w_btc": 0.002454091927298241,
    "adg_w_per_exposure_long_btc": 0.0011109012391011005,
    "adg_w_per_exposure_long_usd": 0.0006226522004299947,
    "adg_w_per_exposure_short_btc": 0.0,
    "adg_w_per_exposure_short_usd": 0.0,
    "adg_w_usd": 0.001375500975969901,
    "backtest_completion_ratio": 1.0,
    "calmar_ratio_btc": 0.003065387051750088,
    "calmar_ratio_strategy_eq": 0.0038436488752317407,
    "calmar_ratio_strategy_eq_w": 0.002773536028879206,
    "calmar_ratio_usd": 0.0038436488752317415,
    "calmar_ratio_w_btc": 0.005987454799339107,
    "calmar_ratio_w_usd": 0.004349875230389069,
    "drawdown_worst_btc": 1.1426122463037762,
    "drawdown_worst_ema_strategy_eq": 0.0,
    "drawdown_worst_ema_strategy_eq_long": 0.0,
    "drawdown_worst_ema_strategy_eq_short": 0.0,
    "drawdown_worst_mean_1pct_btc": 0.5362773492204432,
    "drawdown_worst_mean_1pct_ema_strategy_eq": 0.0,
    "drawdown_worst_mean_1pct_ema_strategy_eq_long": 0.0,
    "drawdown_worst_mean_1pct_ema_strategy_eq_short": 0.0,
    "drawdown_worst_mean_1pct_strategy_eq": 0.4661796348071836,
    "drawdown_worst_mean_1pct_strategy_eq_long": 0.0,
    "drawdown_worst_mean_1pct_strategy_eq_short": 0.0,
    "drawdown_worst_mean_1pct_usd": 0.46617963480718466,
    "drawdown_worst_strategy_eq": 0.9804067278841834,
    "drawdown_worst_strategy_eq_long": 0.0,
    "drawdown_worst_strategy_eq_short": 0.0,
    "drawdown_worst_usd": 0.9804067278841831,
    "entry_initial_balance_pct_long": 0.0207301944,
    "entry_initial_balance_pct_short": 0.0,
    "entry_interval_hours_max": 865.8333333333334,
    "entry_interval_hours_mean": 7.5321239326799,
    "entry_interval_hours_median": 0.7166666666666667,
    "entry_interval_hours_p95": 37.999166666666675,
    "entry_interval_hours_p99": 95.5761666666666,
    "equity_balance_diff_neg_max_btc": 1.3677624332866942,
    "equity_balance_diff_neg_max_usd": 0.9603127107300721,
    "equity_balance_diff_neg_mean_btc": 0.09562967341570983,
    "equity_balance_diff_neg_mean_usd": 0.08175732159572048,
    "equity_balance_diff_pos_max_btc": 3.7117465613724394,
    "equity_balance_diff_pos_max_usd": 3.3896382778442242,
    "equity_balance_diff_pos_mean_btc": 0.282676727394101,
    "equity_balance_diff_pos_mean_usd": 0.1535227280252368,
    "equity_choppiness_btc": 11.318796039817524,
    "equity_choppiness_usd": 2.9272377527328324,
    "equity_choppiness_w_btc": 7.9620023756582725,
    "equity_choppiness_w_usd": 4.922123364744619,
    "equity_jerkiness_btc": 0.03248531253312337,
    "equity_jerkiness_usd": 0.00984079887206149,
    "equity_jerkiness_w_btc": 0.02634487252266495,
    "equity_jerkiness_w_usd": 0.007304638727918751,
    "expected_shortfall_1pct_btc": 0.32608536567650614,
    "expected_shortfall_1pct_strategy_eq": 0.3539041044759659,
    "expected_shortfall_1pct_usd": 0.35390410447596654,
    "exponential_fit_error_btc": 0.6551928386064745,
    "exponential_fit_error_usd": 0.33152984353152937,
    "exponential_fit_error_w_btc": 0.08733194916657434,
    "exponential_fit_error_w_usd": 0.04264241270119227,
    "exposure_mean_ratio_btc": 0.053663377025014156,
    "exposure_mean_ratio_usd": 0.05773561499594625,
    "exposure_mean_ratio_w_btc": 0.04471573303074803,
    "exposure_mean_ratio_w_usd": 0.025138892544236895,
    "exposure_ratio_btc": 0.0015841910188806913,
    "exposure_ratio_usd": 0.0017044071360529005,
    "exposure_ratio_w_btc": 0.0011103687996326492,
    "exposure_ratio_w_usd": 0.0006222922144318996,
    "gain_btc": 956.7005277864794,
    "gain_per_exposure_long_btc": 433.0725307982796,
    "gain_per_exposure_long_usd": 728.3356011192836,
    "gain_per_exposure_short_btc": 0.0,
    "gain_per_exposure_short_usd": 0.0,
    "gain_strategy_eq": 1608.9661764326133,
    "gain_usd": 1608.9661764326095,
    "hard_stop_duration_minutes_max": 0.0,
    "hard_stop_duration_minutes_mean": 0.0,
    "hard_stop_flatten_time_minutes_mean": 0.0,
    "hard_stop_halt_to_restart_equity_loss_pct": 0.0,
    "hard_stop_panic_close_loss_max": 0.0,
    "hard_stop_panic_close_loss_sum": 0.0,
    "hard_stop_post_restart_retrigger_pct": 0.0,
    "hard_stop_restarts": 0,
    "hard_stop_restarts_long": 0,
    "hard_stop_restarts_per_year": 0.0,
    "hard_stop_restarts_per_year_long": 0.0,
    "hard_stop_restarts_per_year_short": 0.0,
    "hard_stop_restarts_short": 0,
    "hard_stop_time_in_orange_pct": 0.0,
    "hard_stop_time_in_red_pct": 0.0,
    "hard_stop_time_in_yellow_pct": 0.0,
    "hard_stop_trigger_drawdown_mean": 0.0,
    "hard_stop_triggers": 0,
    "hard_stop_triggers_long": 0,
    "hard_stop_triggers_per_year": 0.0,
    "hard_stop_triggers_short": 0,
    "high_exposure_days_max_long": 34.80555555555556,
    "high_exposure_days_max_short": 0.0,
    "high_exposure_days_mean_long": 0.07670250896057347,
    "high_exposure_days_mean_short": 0.0,
    "high_exposure_hours_max_long": 835.3333333333334,
    "high_exposure_hours_max_short": 0.0,
    "high_exposure_hours_mean_long": 1.8408602150537634,
    "high_exposure_hours_mean_short": 0.0,
    "liquidated": false,
    "long_short_profit_ratio": 1.0,
    "loss_profit_ratio": 0.4308888997604528,
    "loss_profit_ratio_long": 0.4308888997604528,
    "loss_profit_ratio_short": 1.0,
    "loss_profit_ratio_w": 0.47542091637305006,
    "mdg_btc": 0.0,
    "mdg_per_exposure_long_btc": 0.0,
    "mdg_per_exposure_long_usd": 0.000233837213557294,
    "mdg_per_exposure_short_btc": 0.0,
    "mdg_per_exposure_short_usd": 0.0,
    "mdg_pnl": 0.0007819144381752298,
    "mdg_pnl_w": 0.00043660602186298535,
    "mdg_strategy_eq": 0.0005165697884693496,
    "mdg_strategy_eq_w": 0.00020929288101201906,
    "mdg_usd": 0.0005165697884694182,
    "mdg_w_btc": 0.0,
    "mdg_w_per_exposure_long_btc": 0.0,
    "mdg_w_per_exposure_long_usd": 9.474124349824635e-05,
    "mdg_w_per_exposure_short_btc": 0.0,
    "mdg_w_per_exposure_short_usd": 0.0,
    "mdg_w_usd": 0.000209292881011976,
    "omega_ratio_btc": 1.4720672710635487,
    "omega_ratio_strategy_eq": 3.6021987065991468,
    "omega_ratio_strategy_eq_w": 2.442493181381355,
    "omega_ratio_usd": 3.6021987065991445,
    "omega_ratio_w_btc": 1.4101535400134009,
    "omega_ratio_w_usd": 2.442493181381354,
    "paper_loss_mean_ratio_btc": 0.03662617114423071,
    "paper_loss_mean_ratio_usd": 0.04609176454600151,
    "paper_loss_mean_ratio_w_btc": 0.0626236700384383,
    "paper_loss_mean_ratio_w_usd": 0.07432411106213525,
    "paper_loss_ratio_btc": 0.002560787385112013,
    "paper_loss_ratio_usd": 0.003924075121360015,
    "paper_loss_ratio_w_btc": 0.02288460026033869,
    "paper_loss_ratio_w_usd": 0.005981919802784783,
    "peak_recovery_days_equity_btc": 604.5347222222223,
    "peak_recovery_days_equity_usd": 162.95833333333334,
    "peak_recovery_days_pnl": 169.66944444444445,
    "peak_recovery_days_strategy_eq": 162.95833333333334,
    "peak_recovery_days_strategy_eq_long": 0.0,
    "peak_recovery_days_strategy_eq_short": 0.0,
    "peak_recovery_hours_equity_btc": 14508.833333333334,
    "peak_recovery_hours_equity_usd": 3911.0,
    "peak_recovery_hours_pnl": 4072.0666666666666,
    "peak_recovery_hours_strategy_eq": 3911.0,
    "peak_recovery_hours_strategy_eq_long": 0.0,
    "peak_recovery_hours_strategy_eq_short": 0.0,
    "pnl_ratio_long_short": 1.0,
    "position_held_days_max": 34.84027777777778,
    "position_held_days_mean": 0.028351281735103512,
    "position_held_days_median": 0.009027777777777779,
    "position_held_hours_max": 836.1666666666666,
    "position_held_hours_mean": 0.6804307616424843,