{"analysis": {"adg": 0.0014464994323066804,
              "adg_per_exposure_long": 0.0005846568175525163,
              "adg_per_exposure_short": 0.0,
              "adg_w": 0.0012332318710541524,
              "adg_w_per_exposure_long": 0.0004984567604600269,
              "adg_w_per_exposure_short": 0.0,
              "calmar_ratio": 0.006334600810994284,
              "calmar_ratio_w": 0.009590834328632237,
              "drawdown_worst": 0.22834894817620507,
              "drawdown_worst_mean_1pct": 0.1219925564930752,
              "equity_balance_diff_neg_max": 0.2383641802258259,
              "equity_balance_diff_neg_mean": 0.003305861609700828,
              "equity_balance_diff_pos_max": 0.21184226187908933,
              "equity_balance_diff_pos_mean": 0.0003537964864079856,
              "equity_choppiness": 2.9341906174023906,
              "equity_choppiness_w": 2.8848613892620336,
              "equity_jerkiness": 0.006029212277688189,
              "equity_jerkiness_w": 0.005873446282152653,
              "expected_shortfall_1pct": 0.09055958245175522,
              "exponential_fit_error": 0.06400498453893985,
              "exponential_fit_error_w": 0.007261641594308923,
              "flat_btc_balance_hours": 0.0,
              "gain": 21.545023197426943,
              "gain_per_exposure_long": 8.708226505568467,
              "gain_per_exposure_short": 0.0,
              "loss_profit_ratio": 0.025057144558570527,
              "loss_profit_ratio_long": 0.025057144558570527,
              "loss_profit_ratio_short": 1.0,
              "loss_profit_ratio_w": 0.019585419196945317,
              "mdg": 0.00033580562891998277,
              "mdg_per_exposure_long": 0.0001357283977688787,
              "mdg_per_exposure_short": 0.0,
              "mdg_w": 0.00023191347209504555,
              "mdg_w_per_exposure_long": 9.373649896731965e-05,
              "mdg_w_per_exposure_short": 0.0,
              "omega_ratio": 2.3124588129178325,
              "omega_ratio_w": 2.130551577025601,
              "pnl_ratio_long_short": 1.0,
              "position_held_hours_max": 837.45,
              "position_held_hours_mean": 7.947958785853523,
              "position_held_hours_median": 1.2166666666666666,
              "position_unchanged_hours_max": 250.9,
              "positions_held_per_day": 2.8177966101694913,
              "sharpe_ratio": 0.06003744102368717,
              "sharpe_ratio_w": 0.06483328323749334,
              "sortino_ratio": 0.08285753409094429,
              "sortino_ratio_w": 0.08924488230036416,
              "sterling_ratio": 0.011857276164130471,
              "sterling_ratio_w": 0.012262671288323198,
              "volume_pct_per_day_avg": 0.6894356607674681,
              "volume_pct_per_day_avg_w": 0.5622861576337795},
 "backtest": {"base_dir": "backtests/pbgui/eth_adg_w_gain_sharpe_100_dd3_TWE2-2_5_tr",
              "cache_dir": {"binance": "caches/hlcvs_data/0b6adce083f5f424"},
              "coins": {"binance": ["ETH"]},
              "combine_ohlcvs": false,
              "compress_cache": true,
              "end_date": "2025-10-25",
              "exchanges": ["bybit", "binance"],
              "gap_tolerance_ohlcvs_minutes": 120,
              "max_warmup_minutes": 0,
              "start_date": "2020-01-01",
              "starting_balance": 1000,
              "use_btc_collateral": false},
 "bot": {"long": {"close_grid_markup_end": 0.014392,
                  "close_grid_markup_start": 0.016943,
                  "close_grid_qty_pct": 0.36579,
                  "close_trailing_grid_ratio": -1,
                  "close_trailing_qty_pct": 0.2377,
                  "close_trailing_retracement_pct": 0.005793,
                  "close_trailing_threshold_pct": 0.0049812,
                  "ema_span_0": 8.4653,
                  "ema_span_1": 69.007,
                  "enforce_exposure_limit": true,
                  "entry_grid_double_down_factor": 0.53551,
                  "entry_grid_spacing_log_span_hours": 263.77,
                  "entry_grid_spacing_log_weight": 165.46,
                  "entry_grid_spacing_pct": 0.028225,
                  "entry_grid_spacing_we_weight": 4.5513,
                  "entry_initial_ema_dist": 0.0014493,
                  "entry_initial_qty_pct": 0.020362,
                  "entry_trailing_double_down_factor": 1.4501,
                  "entry_trailing_grid_ratio": -1,
                  "entry_trailing_retracement_pct": 0.037196,
                  "entry_trailing_threshold_pct": 0.040563,
                  "filter_log_range_ema_span": 60,
                  "filter_volume_drop_pct": 0,
                  "filter_volume_ema_span": 282.16,
                  "n_positions": 1,
                  "total_wallet_exposure_limit": 2.4741,
                  "unstuck_close_pct": 0.0060946,
                  "unstuck_ema_dist": 0.006365,
                  "unstuck_loss_allowance_pct": 0.096065,
                  "unstuck_threshold": 0.79404},
         "short": {"close_grid_markup_end": 0.001,
                   "close_grid_markup_start": 0.001,
                   "close_grid_qty_pct": 0.1,
                   "close_trailing_grid_ratio": -1,
                   "close_trailing_qty_pct": 0.1,
                   "close_trailing_retracement_pct": 0.003,
                   "close_trailing_threshold_pct": -0.001,
                   "ema_span_0": 200,
                   "ema_span_1": 200,
                   "enforce_exposure_limit": true,
                   "entry_grid_double_down_factor": 0.6,
                   "entry_grid_spacing_log_span_hours": 24,
                   "entry_grid_spacing_log_weight": 0,
                   "entry_grid_spacing_pct": 0.01,
                   "entry_grid_spacing_we_weight": 0,
                   "entry_initial_ema_dist": -0.001,
                   "entry_initial_qty_pct": 0.025,
                   "entry_trailing_double_down_factor": 0.1,
                   "entry_trailing_grid_ratio": -1,
                   "entry_trailing_retracement_pct": 0,
                   "entry_trailing_threshold_pct": -0.1,
                   "filter_log_range_ema_span": 60,
                   "filter_volume_drop_pct": 0.53,
                   "filter_volume_ema_span": 10,
                   "n_positions": 0,
                   "total_wallet_exposure_limit": 0,
                   "unstuck_close_pct": 0.005,
                   "unstuck_ema_dist": -0.1,
                   "unstuck_loss_allowance_pct": 0.01,
                   "unstuck_threshold": 0.55}},
 "coin_overrides": {},
 "disable_plotting": false,
 "live": {"approved_coins": {"long": ["ETH"], "short": []},
          "auto_gs": true,
          "base_config_path": "/home/mani/software/pbgui/data/bt_v7/eth_adg_w_gain_sharpe_100_dd3_TWE2-2_5_tr/backtest.json",
          "empty_means_all_approved": false,
          "execution_delay_seconds": 2,
          "filter_by_min_effective_cost": true,
          "forced_mode_long": "",
          "forced_mode_short": "",
          "ignored_coins": {"long": [], "short": []},
          "inactive_coin_candle_ttl_minutes": 10,
          "leverage": 10,
          "market_orders_allowed": true,
          "max_disk_candles_per_symbol_per_tf": 2000000,
          "max_memory_candles_per_symbol": 20000,
          "max_n_cancellations_per_batch": 5,
          "max_n_creations_per_batch": 3,
          "max_n_restarts_per_day": 10,
          "minimum_coin_age_days": 30,
          "pnls_max_lookback_days": 30,
          "price_distance_threshold": 0.002,
          "time_in_force": "good_till_cancelled",
          "user": "bybit_01",
          "warmup_ratio": 0.2},
 "optimize": {"bounds": {"long_close_grid_markup_end": [0.001, 0.03],
                         "long_close_grid_markup_start": [0.001, 0.03],
                         "long_close_grid_qty_pct": [0.05, 0.4],
                         "long_close_trailing_grid_ratio": [-1, -1],
                         "long_close_trailing_qty_pct": [0.05, 0.25],