{
    "adg": 0.007074428668342847,
    "adg_per_exposure_long": 0.0028815236317636136,
    "adg_per_exposure_short": 0.0,
    "adg_w": 0.0033967689525253642,
    "adg_w_per_exposure_long": 0.001383556251283192,
    "adg_w_per_exposure_short": 0.0,
    "calmar_ratio": 0.010247532059300717,
    "calmar_ratio_w": 0.011550510660006444,
    "drawdown_worst": 0.6903543826361642,
    "drawdown_worst_mean_1pct": 0.2746423272487673,
    "equity_balance_diff_neg_max": 0.7217209428110593,
    "equity_balance_diff_neg_mean": 0.03150842833258424,
    "equity_balance_diff_pos_max": 0.66577778953518,
    "equity_balance_diff_pos_mean": 0.005709184222585708,
    "equity_choppiness": 1.0846484147721598,
    "equity_choppiness_w": 1.1345062366183956,
    "equity_jerkiness": 0.009799075635976833,
    "equity_jerkiness_w": 0.005947126288051268,
    "expected_shortfall_1pct": 0.261185463683441,
    "exponential_fit_error": 3.691567384193462,
    "exponential_fit_error_w": 0.37622957942524493,
    "gain": 210895.76170360445,
    "gain_per_exposure_long": 85901.08822598039,
    "gain_per_exposure_short": 0.0,
    "loss_profit_ratio": 0.04013287790591002,
    "loss_profit_ratio_long": 0.04013287790591002,
    "loss_profit_ratio_short": 1.0,
    "loss_profit_ratio_w": 0.03839261736710955,
    "mdg": 0.0,
    "mdg_per_exposure_long": 0.0,
    "mdg_per_exposure_short": 0.0,
    "mdg_w": 0.0,
    "mdg_w_per_exposure_long": 0.0,
    "mdg_w_per_exposure_short": 0.0,
    "omega_ratio": 44.177269916807006,
    "omega_ratio_w": 377.49132400183953,
    "pnl_ratio_long_short": 1.0,
    "position_held_hours_max": 17.916666666666668,
    "position_held_hours_mean": 0.3991475759190197,
    "position_held_hours_median": 0.15,
    "position_unchanged_hours_max": 9.983333333333333,
    "positions_held_per_day": 1.0793559516963773,
    "sharpe_ratio": 0.055543574402551865,
    "sharpe_ratio_w": 0.06828123657386535,
    "sortino_ratio": 0.07885768479515869,
    "sortino_ratio_w": 0.05662903844899696,
    "sterling_ratio": 0.02575869764581089,
    "sterling_ratio_w": 0.014791078084185009
}