{
    "adg_btc": 0.0004041275683053236,
    "adg_per_exposure_long_btc": 0.000162365435237173,
    "adg_per_exposure_long_usd": 0.00021039657811749188,
    "adg_per_exposure_short_btc": 0.0,
    "adg_per_exposure_short_usd": 0.0,
    "adg_pnl": 0.0022878572705475877,
    "adg_pnl_w": 0.001521837712542926,
    "adg_strategy_eq": 0.0005236770829344373,
    "adg_strategy_eq_w": 0.0002444644980574617,
    "adg_usd": 0.0005236770829344373,
    "adg_w_btc": 0.0014624878401718554,
    "adg_w_per_exposure_long_btc": 0.0005875804902257354,
    "adg_w_per_exposure_long_usd": 9.821795823923733e-05,
    "adg_w_per_exposure_short_btc": 0.0,
    "adg_w_per_exposure_short_usd": 0.0,
    "adg_w_usd": 0.0002444644980574617,
    "backtest_completion_ratio": 1.0,
    "calmar_ratio_btc": 0.0004983290118548358,
    "calmar_ratio_strategy_eq": 0.0012475894210764856,
    "calmar_ratio_strategy_eq_w": 0.00425422833040225,
    "calmar_ratio_usd": 0.0012475894210764837,
    "calmar_ratio_w_btc": 0.009546256319538456,
    "calmar_ratio_w_usd": 0.004705251249742347,
    "drawdown_worst_btc": 0.8109653636281701,
    "drawdown_worst_ema_strategy_eq": 0.0,
    "drawdown_worst_ema_strategy_eq_long": 0.0,
    "drawdown_worst_ema_strategy_eq_short": 0.0,
    "drawdown_worst_mean_1pct_btc": 0.8063610403540107,
    "drawdown_worst_mean_1pct_ema_strategy_eq": 0.0,
    "drawdown_worst_mean_1pct_ema_strategy_eq_long": 0.0,
    "drawdown_worst_mean_1pct_ema_strategy_eq_short": 0.0,
    "drawdown_worst_mean_1pct_strategy_eq": 0.14566791512839952,
    "drawdown_worst_mean_1pct_strategy_eq_long": 0.0,
    "drawdown_worst_mean_1pct_strategy_eq_short": 0.0,
    "drawdown_worst_mean_1pct_usd": 0.14566791512839883,
    "drawdown_worst_strategy_eq": 0.4197511409503466,
    "drawdown_worst_strategy_eq_long": 0.0,
    "drawdown_worst_strategy_eq_short": 0.0,
    "drawdown_worst_usd": 0.41975114095034727,
    "entry_initial_balance_pct_long": 0.160896427,
    "entry_initial_balance_pct_short": 0.0,
    "entry_interval_hours_max": 1992.3666666666666,
    "entry_interval_hours_mean": 35.001041666666666,
    "entry_interval_hours_median": 1.0166666666666666,
    "entry_interval_hours_p95": 184.02999999999997,
    "entry_interval_hours_p99": 460.8785000000001,
    "equity_balance_diff_neg_max_btc": 0.40456313877665756,
    "equity_balance_diff_neg_max_usd": 0.3878916735198621,
    "equity_balance_diff_neg_mean_btc": 0.11303603675409347,
    "equity_balance_diff_neg_mean_usd": 0.015033526454387281,
    "equity_balance_diff_pos_max_btc": 1.0479284923650407,
    "equity_balance_diff_pos_max_usd": 0.26288857042386876,
    "equity_balance_diff_pos_mean_btc": 0.1474926238634371,
    "equity_balance_diff_pos_mean_usd": 0.020067653067076186,
    "equity_choppiness_btc": 37.87149644010985,
    "equity_choppiness_usd": 1.6088149487755277,
    "equity_choppiness_w_btc": 31.15073848328209,
    "equity_choppiness_w_usd": 1.5520784406282906,
    "equity_jerkiness_btc": 0.018885757513961775,
    "equity_jerkiness_usd": 0.0013919864602067963,
    "equity_jerkiness_w_btc": 0.011323643203236113,
    "equity_jerkiness_w_usd": 0.0006543455675386316,
    "expected_shortfall_1pct_btc": 0.19199719430748755,
    "expected_shortfall_1pct_strategy_eq": 0.10104524005093962,
    "expected_shortfall_1pct_usd": 0.10104524005093972,
    "exponential_fit_error_btc": 0.180845962629071,
    "exponential_fit_error_usd": 0.0043208725656417755,
    "exponential_fit_error_w_btc": 0.03685230902320178,
    "exponential_fit_error_w_usd": 0.0006989622829075293,
    "exposure_mean_ratio_btc": 0.05203140708026766,
    "exposure_mean_ratio_usd": 0.06742340195950909,
    "exposure_mean_ratio_w_btc": 0.3807632226798697,
    "exposure_mean_ratio_w_usd": 0.06199514290696838,
    "exposure_ratio_btc": 0.00015882893298576462,
    "exposure_ratio_usd": 0.00020581390341758274,
    "exposure_ratio_w_btc": 0.0008393720076992331,
    "exposure_ratio_w_usd": 0.00011948996225829008,
    "gain_btc": 2.1996397806721926,
    "gain_per_exposure_long_btc": 0.8837443875742036,
    "gain_per_exposure_long_usd": 1.1157708818888716,
    "gain_per_exposure_short_btc": 0.0,
    "gain_per_exposure_short_usd": 0.0,
    "gain_strategy_eq": 2.7771537250214013,
    "gain_usd": 2.7771537250214013,
    "hard_stop_duration_minutes_max": 0.0,
    "hard_stop_duration_minutes_mean": 0.0,
    "hard_stop_flatten_time_minutes_mean": 0.0,
    "hard_stop_halt_to_restart_equity_loss_pct": 0.0,
    "hard_stop_panic_close_loss_max": 0.0,
    "hard_stop_panic_close_loss_sum": 0.0,
    "hard_stop_post_restart_retrigger_pct": 0.0,
    "hard_stop_restarts": 0,
    "hard_stop_restarts_long": 0,
    "hard_stop_restarts_per_year": 0.0,
    "hard_stop_restarts_per_year_long": 0.0,
    "hard_stop_restarts_per_year_short": 0.0,
    "hard_stop_restarts_short": 0,
    "hard_stop_time_in_orange_pct": 0.0,
    "hard_stop_time_in_red_pct": 0.0,
    "hard_stop_time_in_yellow_pct": 0.0,
    "hard_stop_trigger_drawdown_mean": 0.0,
    "hard_stop_triggers": 0,
    "hard_stop_triggers_long": 0,
    "hard_stop_triggers_per_year": 0.0,
    "hard_stop_triggers_short": 0,
    "high_exposure_days_max_long": 4.001388888888889,
    "high_exposure_days_max_short": 0.0,
    "high_exposure_days_mean_long": 0.03815583521162034,
    "high_exposure_days_mean_short": 0.0,
    "high_exposure_hours_max_long": 96.03333333333333,
    "high_exposure_hours_max_short": 0.0,
    "high_exposure_hours_mean_long": 0.9157400450788881,
    "high_exposure_hours_mean_short": 0.0,
    "liquidated": false,
    "long_short_profit_ratio": 1.0,
    "loss_profit_ratio": 0.22385394125320213,
    "loss_profit_ratio_long": 0.22385394125320213,
    "loss_profit_ratio_short": 1.0,
    "loss_profit_ratio_w": 0.1669734289146331,
    "mdg_btc": 0.0,
    "mdg_per_exposure_long_btc": 0.0,
    "mdg_per_exposure_long_usd": 0.0,
    "mdg_per_exposure_short_btc": 0.0,
    "mdg_per_exposure_short_usd": 0.0,
    "mdg_pnl": 0.0007596423462586133,
    "mdg_pnl_w": 0.0005386352790907856,
    "mdg_strategy_eq": 0.0,
    "mdg_strategy_eq_w": 0.0,
    "mdg_usd": 0.0,
    "mdg_w_btc": 0.0,
    "mdg_w_per_exposure_long_btc": 0.0,
    "mdg_w_per_exposure_long_usd": 0.0,
    "mdg_w_per_exposure_short_btc": 0.0,
    "mdg_w_per_exposure_short_usd": 0.0,
    "mdg_w_usd": 0.0,
    "omega_ratio_btc": 1.1909252607470695,
    "omega_ratio_strategy_eq": 4.696589409438275,
    "omega_ratio_strategy_eq_w": 6.522943696852519,
    "omega_ratio_usd": 4.69658940943825,
    "omega_ratio_w_btc": 1.9070261246241333,
    "omega_ratio_w_usd": 6.522943696852107,
    "paper_loss_mean_ratio_btc": 0.00357520999417638,
    "paper_loss_mean_ratio_usd": 0.034833948277093095,
    "paper_loss_mean_ratio_w_btc": 0.19760419162162984,
    "paper_loss_mean_ratio_w_usd": 0.120679478401903,
    "paper_loss_ratio_btc": 0.0009989233560114966,
    "paper_loss_ratio_usd": 0.0013500601293717181,
    "paper_loss_ratio_w_btc": 0.11463921078262132,
    "paper_loss_ratio_w_usd": 0.04276868964134634,
    "peak_recovery_days_equity_btc": 321.06597222222223,
    "peak_recovery_days_equity_usd": 568.4069444444444,
    "peak_recovery_days_pnl": 478.825,
    "peak_recovery_days_strategy_eq": 568.4069444444444,
    "peak_recovery_days_strategy_eq_long": 0.0,
    "peak_recovery_days_strategy_eq_short": 0.0,
    "peak_recovery_hours_equity_btc": 7705.583333333333,
    "peak_recovery_hours_equity_usd": 13641.766666666666,
    "peak_recovery_hours_pnl": 11491.8,
    "peak_recovery_hours_strategy_eq": 13641.766666666666,
    "peak_recovery_hours_strategy_eq_long": 0.0,
    "peak_recovery_hours_strategy_eq_short": 0.0,
    "pnl_ratio_long_short": 1.0,
    "position_held_days_max": 4.001388888888889,
    "position_held_days_mean": 0.03821430064375888,
    "position_held_days_median": 0.004861111111111111,
    "position_held_hours_max": 96.03333333333333,
    "position_held_hours_mean": 0.9171432154502132,
    "position_held_hours_median": 0.11666666666666667,
    "position_unchanged_days_max": 3.880555555555556,