{
    "adg": 0.01825244919509217,
    "adg_per_exposure_long": 0.003042074865848695,
    "adg_per_exposure_short": 0.0,
    "adg_w": 0.006774310018306551,
    "adg_w_per_exposure_long": 0.0011290516697177585,
    "adg_w_per_exposure_short": 0.0,
    "calmar_ratio": 0.0914924496095258,
    "calmar_ratio_w": 0.055758659387079815,
    "drawdown_worst": 0.19949678113320296,
    "drawdown_worst_mean_1pct": 0.19697509653880835,
    "equity_balance_diff_neg_max": 0.22269245351574468,
    "equity_balance_diff_neg_mean": 0.010468503868596081,
    "equity_balance_diff_pos_max": 0.36742852654796115,
    "equity_balance_diff_pos_mean": 0.0013328849309328658,
    "equity_choppiness": 1.5776484900378847,
    "equity_choppiness_w": 1.6363136129511013,
    "equity_jerkiness": 0.032099120932395954,
    "equity_jerkiness_w": 0.014840014693232978,
    "expected_shortfall_1pct": 0.19423179041560923,
    "exponential_fit_error": 0.16233615377974042,
    "exponential_fit_error_w": 0.0166459672929235,
    "gain": 87.15643364875899,
    "gain_per_exposure_long": 14.526072274793165,
    "gain_per_exposure_short": 0.0,
    "loss_profit_ratio": 9.859857508432947e-06,
    "loss_profit_ratio_long": 9.859857508432947e-06,
    "loss_profit_ratio_short": 1.0,
    "loss_profit_ratio_w": 9.859857508432947e-07,
    "mdg": 0.009272254724899736,
    "mdg_per_exposure_long": 0.0015453757874832894,
    "mdg_per_exposure_short": 0.0,
    "mdg_w": 0.005230037261704001,
    "mdg_w_per_exposure_long": 0.0008716728769506669,
    "mdg_w_per_exposure_short": 0.0,
    "omega_ratio": 8.351900197554533,
    "omega_ratio_w": 5.210647957503612,
    "pnl_ratio_long_short": 1.0,
    "position_held_hours_max": 47.78333333333333,
    "position_held_hours_mean": 1.5480291638186374,
    "position_held_hours_median": 0.2,
    "position_unchanged_hours_max": 33.766666666666666,
    "positions_held_per_day": 5.923076923076923,
    "sharpe_ratio": 0.19739723993703592,
    "sharpe_ratio_w": 0.17356613131718868,
    "sortino_ratio": 0.31704664514470887,
    "sortino_ratio_w": 0.2348452007233866,
    "sterling_ratio": 0.09266374031955883,
    "sterling_ratio_w": 0.05587578845808311,
    "volume_pct_per_day_avg": 5.951451233354273,
    "volume_pct_per_day_avg_w": 2.785870640193029
}