{
    "adg": 0.007222486389027116,
    "adg_per_exposure_long": 0.003611243194513558,
    "adg_per_exposure_short": 0.0,
    "adg_w": 0.009233957773879675,
    "adg_w_per_exposure_long": 0.004616978886939837,
    "adg_w_per_exposure_short": 0.0,
    "calmar_ratio": 0.03194664504926003,
    "calmar_ratio_w": 0.04084129023187742,
    "drawdown_worst": 0.22607965180351258,
    "drawdown_worst_mean_1pct": 0.2174119676308745,
    "equity_balance_diff_neg_max": 0.23597319306462788,
    "equity_balance_diff_neg_mean": 0.027293917947863698,
    "equity_balance_diff_pos_max": 0.27353187594598566,
    "equity_balance_diff_pos_mean": 0.0013425584362521871,
    "equity_choppiness": 2.822829523262569,
    "equity_choppiness_w": 2.659895306886427,
    "equity_jerkiness": 0.029184971432538245,
    "equity_jerkiness_w": 0.03772317205983895,
    "expected_shortfall_1pct": 0.1590342542385952,
    "exponential_fit_error": 0.016129608670926877,
    "exponential_fit_error_w": 0.00832867793809854,
    "flat_btc_balance_hours": 0.0,
    "gain": 8.538332103325894,
    "gain_per_exposure_long": 4.269166051662947,
    "gain_per_exposure_short": 0.0,
    "loss_profit_ratio": 0.07856160749370027,
    "loss_profit_ratio_long": 0.07856160749370027,
    "loss_profit_ratio_short": 1.0,
    "loss_profit_ratio_w": 0.08399163743625233,
    "mdg": 0.003740795769940547,
    "mdg_per_exposure_long": 0.0018703978849702735,
    "mdg_per_exposure_short": 0.0,
    "mdg_w": 0.003492703425373077,
    "mdg_w_per_exposure_long": 0.0017463517126865384,
    "mdg_w_per_exposure_short": 0.0,
    "omega_ratio": 2.2449723055454984,
    "omega_ratio_w": 2.437260913351515,
    "pnl_ratio_long_short": 1.0,
    "position_held_hours_max": 246.75,
    "position_held_hours_mean": 6.67055412371134,
    "position_held_hours_median": 0.7416666666666667,
    "position_unchanged_hours_max": 165.4,
    "positions_held_per_day": 2.6040268456375837,
    "sharpe_ratio": 0.12602596848613118,
    "sharpe_ratio_w": 0.09537630931453135,
    "sortino_ratio": 0.20605726543359762,
    "sortino_ratio_w": 0.1994020940479538,
    "sterling_ratio": 0.03322027976532354,
    "sterling_ratio_w": 0.040968653703483765,
    "volume_pct_per_day_avg": 3.259442621181375,
    "volume_pct_per_day_avg_w": 3.0047168250304677
}