{"analysis": {"adg": 0.0028284947694960927,
              "adg_per_exposure_long": 0.0008134637397532693,
              "adg_per_exposure_short": 0.0,
              "adg_w": 0.0023375259004192682,
              "adg_w_per_exposure_long": 0.0006722630641682058,
              "adg_w_per_exposure_short": 0.0,
              "calmar_ratio": 0.005976461611883815,
              "calmar_ratio_w": 0.007817770978170328,
              "drawdown_worst": 0.4732724734434519,
              "drawdown_worst_mean_1pct": 0.21495970262757974,
              "equity_balance_diff_neg_max": 0.48602235396636473,
              "equity_balance_diff_neg_mean": 0.0024118929392880958,
              "equity_balance_diff_pos_max": 0.041110388028871465,
              "equity_balance_diff_pos_mean": 0.0005305132769381838,
              "equity_choppiness": 1.0238756118205714,
              "equity_choppiness_w": 1.0289053578094858,
              "equity_jerkiness": 0.004752999778222855,
              "equity_jerkiness_w": 0.0037206786502713583,
              "expected_shortfall_1pct": 0.20811763281559617,
              "exponential_fit_error": 0.015321932880487887,
              "exponential_fit_error_w": 0.006122548240501074,
              "gain": 70.96406887548581,
              "gain_per_exposure_long": 20.40898129921078,
              "gain_per_exposure_short": 0.0,
              "loss_profit_ratio": 0.03706101879308439,
              "loss_profit_ratio_long": 0.03706101879308439,
              "loss_profit_ratio_short": 1.0,
              "loss_profit_ratio_w": 0.033707496120677236,
              "mdg": 0.0002508701646487852,
              "mdg_per_exposure_long": 7.214925214943062e-05,
              "mdg_per_exposure_short": 0.0,
              "mdg_w": 7.740273091838417e-05,
              "mdg_w_per_exposure_long": 2.2260714652550737e-05,
              "mdg_w_per_exposure_short": 0.0,
              "omega_ratio": 21.744645807814205,
              "omega_ratio_w": 442.9325900486513,
              "pnl_ratio_long_short": 1.0,
              "position_held_hours_max": 66.06666666666666,
              "position_held_hours_mean": 0.47827939956249527,
              "position_held_hours_median": 0.11666666666666667,
              "position_unchanged_hours_max": 48.95,
              "positions_held_per_day": 5.858406378976849,
              "sharpe_ratio": 0.05150366982151914,
              "sharpe_ratio_w": 0.054507790814955714,
              "sortino_ratio": 0.05994096756889569,
              "sortino_ratio_w": 0.05855817397558368,
              "sterling_ratio": 0.013158255872713472,
              "sterling_ratio_w": 0.011766924210157046,
              "volume_pct_per_day_avg": 1.3643785818437681,
              "volume_pct_per_day_avg_w": 1.3072306224561394},
 "backtest": {"base_dir": "backtests/pbgui/big4_noethbtc_adg_omega_sharpe_grtr",
              "cache_dir": {"bybit": "caches/hlcvs_data/8e3e4080c8660efa"},
              "coins": {"bybit": ["BNB", "DOGE", "SOL", "XRP"]},
              "combine_ohlcvs": false,
              "compress_cache": true,
              "end_date": "2025-06-30",
              "exchanges": ["bybit", "binance"],
              "gap_tolerance_ohlcvs_minutes": 120,
              "start_date": "2020-01-01",
              "starting_balance": 1000,
              "use_btc_collateral": false},
 "bot": {"long": {"close_grid_markup_end": 0.013626,
                  "close_grid_markup_start": 0.0072368,
                  "close_grid_qty_pct": 0.30981,
                  "close_trailing_grid_ratio": 0.28319,
                  "close_trailing_qty_pct": 0.1399,
                  "close_trailing_retracement_pct": 0.00318,
                  "close_trailing_threshold_pct": 0.0042635,
                  "ema_span_0": 193.07,
                  "ema_span_1": 183.1,
                  "enforce_exposure_limit": true,
                  "entry_grid_double_down_factor": 1.0666,
                  "entry_grid_spacing_pct": 0.025956,
                  "entry_grid_spacing_weight": 0.70527,
                  "entry_initial_ema_dist": 0.024782,
                  "entry_initial_qty_pct": 0.044125,
                  "entry_trailing_double_down_factor": 0.81594,
                  "entry_trailing_grid_ratio": 0.0041026,
                  "entry_trailing_retracement_pct": 0.1343,
                  "entry_trailing_threshold_pct": -0.099866,
                  "filter_noisiness_rolling_window": 60,
                  "filter_volume_drop_pct": 0,
                  "filter_volume_rolling_window": 60,
                  "n_positions": 4,
                  "total_wallet_exposure_limit": 3.4771,
                  "unstuck_close_pct": 0.016355,
                  "unstuck_ema_dist": -0.043466,
                  "unstuck_loss_allowance_pct": 0.24548,
                  "unstuck_threshold": 0.72551},
         "short": {"close_grid_markup_end": 0.001,
                   "close_grid_markup_start": 0.001,
                   "close_grid_qty_pct": 0.1,
                   "close_trailing_grid_ratio": -1,
                   "close_trailing_qty_pct": 0.1,
                   "close_trailing_retracement_pct": 0.003,
                   "close_trailing_threshold_pct": -0.001,
                   "ema_span_0": 200,
                   "ema_span_1": 200,
                   "enforce_exposure_limit": true,
                   "entry_grid_double_down_factor": 0.6,
                   "entry_grid_spacing_pct": 0.01,
                   "entry_grid_spacing_weight": 0.2,
                   "entry_initial_ema_dist": -0.001,
                   "entry_initial_qty_pct": 0.025,
                   "entry_trailing_double_down_factor": 0.1,
                   "entry_trailing_grid_ratio": -1,
                   "entry_trailing_retracement_pct": 0,
                   "entry_trailing_threshold_pct": -0.1,
                   "filter_noisiness_rolling_window": 60,
                   "filter_volume_drop_pct": 0.53,
                   "filter_volume_rolling_window": 60,
                   "n_positions": 0,
                   "total_wallet_exposure_limit": 0,
                   "unstuck_close_pct": 0.005,
                   "unstuck_ema_dist": -0.1,
                   "unstuck_loss_allowance_pct": 0.01,
                   "unstuck_threshold": 0.55}},
 "disable_plotting": false,
 "live": {"approved_coins": {"long": ["XRPUSDT",
                                      "BNBUSDT",
                                      "SOLUSDT",
                                      "DOGEUSDT"],
                             "short": []},
          "auto_gs": true,
          "coin_flags": {},
          "empty_means_all_approved": false,
          "execution_delay_seconds": 2,
          "filter_by_min_effective_cost": true,
          "forced_mode_long": "",
          "forced_mode_short": "",
          "ignored_coins": {"long": [], "short": []},
          "leverage": 10,
          "market_orders_allowed": true,
          "max_n_cancellations_per_batch": 5,
          "max_n_creations_per_batch": 3,
          "max_n_restarts_per_day": 10,
          "mimic_backtest_1m_delay": false,
          "minimum_coin_age_days": 30,
          "ohlcvs_1m_rolling_window_days": 4,
          "ohlcvs_1m_update_after_minutes": 10,
          "pnls_max_lookback_days": 30,
          "price_distance_threshold": 0.002,
          "time_in_force": "good_till_cancelled",
          "user": "bybit_01"},
 "optimize": {"bounds": {"long_close_grid_markup_end": [0.001, 0.03],
                         "long_close_grid_markup_start": [0.001, 0.03],
                         "long_close_grid_qty_pct": [0.05, 0.4],
                         "long_close_trailing_grid_ratio": [-1, 1],
                         "long_close_trailing_qty_pct": [0.05, 0.25],
                         "long_close_trailing_retracement_pct": [0.003, 0.01],
                         "long_close_trailing_threshold_pct": [0.001, 0.005],
                         "long_ema_span_0": [100, 800],