{"analysis": {"adg": 0.007593194962697725,
              "adg_per_exposure_long": 0.0008339313325972482,
              "adg_per_exposure_short": 0.0,
              "adg_w": 0.006628914015580234,
              "adg_w_per_exposure_long": 0.0007280280732738332,
              "adg_w_per_exposure_short": 0.0,
              "calmar_ratio": 0.011013631657206086,
              "calmar_ratio_w": 0.013068715675178144,
              "drawdown_worst": 0.6894360733164332,
              "drawdown_worst_mean_1pct": 0.4810973230940941,
              "equity_balance_diff_neg_max": 0.7125344157350347,
              "equity_balance_diff_neg_mean": 0.029119334695016444,
              "equity_balance_diff_pos_max": 0.21601830824555623,
              "equity_balance_diff_pos_mean": 0.0015903440207957976,
              "equity_choppiness": 2.9880813748252537,
              "equity_choppiness_w": 3.17281855040575,
              "equity_jerkiness": 0.02076047018051004,
              "equity_jerkiness_w": 0.02633380866997101,
              "expected_shortfall_1pct": 0.38409353664121304,
              "exponential_fit_error": 0.6353877535781636,
              "exponential_fit_error_w": 0.09072162167526403,
              "gain": 3197031.54005519,
              "gain_per_exposure_long": 351117.6501658584,
              "gain_per_exposure_short": 0.0,
              "loss_profit_ratio": 0.09384187494143988,
              "loss_profit_ratio_long": 0.09384187494143988,
              "loss_profit_ratio_short": 1.0,
              "loss_profit_ratio_w": 0.09486900945284846,
              "mdg": 0.0009226438490265816,
              "mdg_per_exposure_long": 0.00010133041734227115,
              "mdg_per_exposure_short": 0.0,
              "mdg_w": 0.0009419290855792395,
              "mdg_w_per_exposure_long": 0.00010344844053235364,
              "mdg_w_per_exposure_short": 0.0,
              "omega_ratio": 3.9313925002959245,
              "omega_ratio_w": 2.8181834766461606,
              "pnl_ratio_long_short": 1.0,
              "position_held_hours_max": 1653.45,
              "position_held_hours_mean": 1.9526862927449786,
              "position_held_hours_median": 0.4,
              "position_unchanged_hours_max": 336.81666666666666,
              "positions_held_per_day": 15.7489898989899,
              "sharpe_ratio": 0.050777451179684886,
              "sharpe_ratio_w": 0.06470196418233957,
              "sortino_ratio": 0.09958269541855422,
              "sortino_ratio_w": 0.09144535788062826,
              "sterling_ratio": 0.0157830746466503,
              "sterling_ratio_w": 0.014968145726757514,
              "volume_pct_per_day_avg": 1.3686159981006842,
              "volume_pct_per_day_avg_w": 1.4202018626444497},
 "backtest": {"base_dir": "backtests/pbgui/binance_cpt_adg_sharpe_omega_ddw70_iq1_iema125",
              "cache_dir": {"binance": "caches/hlcvs_data/bb20fe8879f88424"},
              "coins": {"binance": ["DOGE", "GRT", "ICP", "INJ", "LINK", "OP"]},
              "combine_ohlcvs": false,
              "compress_cache": true,
              "end_date": "2025-07-19",
              "exchanges": ["bybit", "binance"],
              "gap_tolerance_ohlcvs_minutes": 120,
              "start_date": "2020-01-01",
              "starting_balance": 1000,
              "use_btc_collateral": false},
 "bot": {"long": {"close_grid_markup_end": 0.026045,
                  "close_grid_markup_start": 0.028403,
                  "close_grid_qty_pct": 0.16926,
                  "close_trailing_grid_ratio": 0.64448,
                  "close_trailing_qty_pct": 0.057788,
                  "close_trailing_retracement_pct": 0.0080122,
                  "close_trailing_threshold_pct": 0.0039949,
                  "ema_span_0": 78.883,
                  "ema_span_1": 59.292,
                  "enforce_exposure_limit": true,
                  "entry_grid_double_down_factor": 3.805,
                  "entry_grid_spacing_pct": 0.055574,
                  "entry_grid_spacing_weight": 0.37581,
                  "entry_initial_ema_dist": 0.01215,
                  "entry_initial_qty_pct": 0.014186,
                  "entry_trailing_double_down_factor": 4.5498,
                  "entry_trailing_grid_ratio": -0.5275,
                  "entry_trailing_retracement_pct": 0.11287,
                  "entry_trailing_threshold_pct": -0.00063695,
                  "filter_noisiness_rolling_window": 60,
                  "filter_volume_drop_pct": 0,
                  "filter_volume_rolling_window": 60,
                  "n_positions": 6,
                  "total_wallet_exposure_limit": 9.1053,
                  "unstuck_close_pct": 0.0064032,
                  "unstuck_ema_dist": -0.029718,
                  "unstuck_loss_allowance_pct": 0.19768,
                  "unstuck_threshold": 0.9369},
         "short": {"close_grid_markup_end": 0.001,
                   "close_grid_markup_start": 0.001,
                   "close_grid_qty_pct": 0.1,
                   "close_trailing_grid_ratio": -1,
                   "close_trailing_qty_pct": 0.1,
                   "close_trailing_retracement_pct": 0.003,
                   "close_trailing_threshold_pct": -0.001,
                   "ema_span_0": 200,
                   "ema_span_1": 200,
                   "enforce_exposure_limit": true,
                   "entry_grid_double_down_factor": 0.6,
                   "entry_grid_spacing_pct": 0.01,
                   "entry_grid_spacing_weight": 0.2,
                   "entry_initial_ema_dist": -0.001,
                   "entry_initial_qty_pct": 0.025,
                   "entry_trailing_double_down_factor": 0.1,
                   "entry_trailing_grid_ratio": -1,
                   "entry_trailing_retracement_pct": 0,
                   "entry_trailing_threshold_pct": -0.1,
                   "filter_noisiness_rolling_window": 60,
                   "filter_volume_drop_pct": 0.53,
                   "filter_volume_rolling_window": 60,
                   "n_positions": 0,
                   "total_wallet_exposure_limit": 0,
                   "unstuck_close_pct": 0.005,
                   "unstuck_ema_dist": -0.1,
                   "unstuck_loss_allowance_pct": 0.01,
                   "unstuck_threshold": 0.55}},
 "disable_plotting": false,
 "live": {"approved_coins": {"long": ["GRTUSDT",
                                      "DOGEUSDT",
                                      "INJUSDT",
                                      "LINKUSDT",
                                      "OPUSDT",
                                      "ICPUSDT"],
                             "short": []},
          "auto_gs": true,
          "coin_flags": {},
          "empty_means_all_approved": false,
          "execution_delay_seconds": 2,
          "filter_by_min_effective_cost": true,
          "forced_mode_long": "",
          "forced_mode_short": "",
          "ignored_coins": {"long": [], "short": []},
          "leverage": 10,
          "market_orders_allowed": true,
          "max_n_cancellations_per_batch": 5,
          "max_n_creations_per_batch": 3,
          "max_n_restarts_per_day": 10,
          "mimic_backtest_1m_delay": false,
          "minimum_coin_age_days": 30,
          "ohlcvs_1m_rolling_window_days": 4,
          "ohlcvs_1m_update_after_minutes": 10,
          "pnls_max_lookback_days": 30,
          "price_distance_threshold": 0.002,
          "time_in_force": "good_till_cancelled",
          "user": "bybit_01"},
 "optimize": {"bounds": {"long_close_grid_markup_end": [0.001, 0.03],
                         "long_close_grid_markup_start": [0.001, 0.03],
                         "long_close_grid_qty_pct": [0.05, 0.4],
                         "long_close_trailing_grid_ratio": [-1, 1],
                         "long_close_trailing_qty_pct": [0.05, 0.25],
                         "long_close_trailing_retracement_pct": [0.003, 0.01],
                         "long_close_trailing_threshold_pct": [0.001, 0.005],