{
    "adg_btc": 0.0008910649436169038,
    "adg_per_exposure_long_btc": 0.00017821298872338075,
    "adg_per_exposure_long_usd": 0.00033491919917416624,
    "adg_per_exposure_short_btc": 0.0,
    "adg_per_exposure_short_usd": 0.0,
    "adg_pnl": 0.005019873901001525,
    "adg_pnl_w": 0.003983002950871191,
    "adg_strategy_eq": 0.0016745959958708312,
    "adg_strategy_eq_w": 0.000767257160638013,
    "adg_usd": 0.0016745959958708312,
    "adg_w_btc": 0.0015930853560397918,
    "adg_w_per_exposure_long_btc": 0.00031861707120795836,
    "adg_w_per_exposure_long_usd": 0.0001534514321276026,
    "adg_w_per_exposure_short_btc": 0.0,
    "adg_w_per_exposure_short_usd": 0.0,
    "adg_w_usd": 0.000767257160638013,
    "backtest_completion_ratio": 1.0,
    "calmar_ratio_btc": 0.0010328589604285986,
    "calmar_ratio_strategy_eq": 0.0021035822047599266,
    "calmar_ratio_strategy_eq_w": 0.005968566201513327,
    "calmar_ratio_usd": 0.002103582204759925,
    "calmar_ratio_w_btc": 0.008564140433848651,
    "calmar_ratio_w_usd": 0.006389567108983235,
    "drawdown_worst_btc": 0.8627169611300506,
    "drawdown_worst_ema_strategy_eq": 0.0,
    "drawdown_worst_ema_strategy_eq_long": 0.0,
    "drawdown_worst_ema_strategy_eq_short": 0.0,
    "drawdown_worst_mean_1pct_btc": 0.7821125890189548,
    "drawdown_worst_mean_1pct_ema_strategy_eq": 0.0,
    "drawdown_worst_mean_1pct_ema_strategy_eq_long": 0.0,
    "drawdown_worst_mean_1pct_ema_strategy_eq_short": 0.0,
    "drawdown_worst_mean_1pct_strategy_eq": 0.2755465111974054,
    "drawdown_worst_mean_1pct_strategy_eq_long": 0.0,
    "drawdown_worst_mean_1pct_strategy_eq_short": 0.0,
    "drawdown_worst_mean_1pct_usd": 0.2755465111974055,
    "drawdown_worst_strategy_eq": 0.7960687212896185,
    "drawdown_worst_strategy_eq_long": 0.0,
    "drawdown_worst_strategy_eq_short": 0.0,
    "drawdown_worst_usd": 0.7960687212896191,
    "entry_initial_balance_pct_long": 0.31871499999999997,
    "entry_initial_balance_pct_short": 0.0,
    "entry_interval_hours_max": 1271.0666666666666,
    "entry_interval_hours_mean": 27.952730696798493,
    "entry_interval_hours_median": 2.325,
    "entry_interval_hours_p95": 139.04916666666665,
    "entry_interval_hours_p99": 326.97999999999996,
    "equity_balance_diff_neg_max_btc": 0.7794652781313769,
    "equity_balance_diff_neg_max_usd": 0.7628640476095825,
    "equity_balance_diff_neg_mean_btc": 0.11899223756827286,
    "equity_balance_diff_neg_mean_usd": 0.04658259092865066,
    "equity_balance_diff_pos_max_btc": 2.7060772686608803,
    "equity_balance_diff_pos_max_usd": 1.260028162849664,
    "equity_balance_diff_pos_mean_btc": 0.1970067907383402,
    "equity_balance_diff_pos_mean_usd": 0.07087914578469605,
    "equity_choppiness_btc": 22.821911955414322,
    "equity_choppiness_usd": 2.2830750022629482,
    "equity_choppiness_w_btc": 8.926622440827998,
    "equity_choppiness_w_usd": 1.6454569723611558,
    "equity_jerkiness_btc": 0.0242984620747507,
    "equity_jerkiness_usd": 0.004688749945555769,
    "equity_jerkiness_w_btc": 0.01377762062890466,
    "equity_jerkiness_w_usd": 0.001798340660237365,
    "expected_shortfall_1pct_btc": 0.2212822775188743,
    "expected_shortfall_1pct_strategy_eq": 0.20015183757321703,
    "expected_shortfall_1pct_usd": 0.20015183757321703,
    "exponential_fit_error_btc": 0.42337774188896465,
    "exponential_fit_error_usd": 0.16307475182472636,
    "exponential_fit_error_w_btc": 0.06843820459901083,
    "exponential_fit_error_w_usd": 0.017949623465252525,
    "exposure_mean_ratio_btc": 0.020532717861774352,
    "exposure_mean_ratio_usd": 0.03858754332327943,
    "exposure_mean_ratio_w_btc": 0.08626694161184499,
    "exposure_mean_ratio_w_usd": 0.03729435535913194,
    "exposure_ratio_btc": 0.00017574825373344673,
    "exposure_ratio_usd": 0.00033028717389408654,
    "exposure_ratio_w_btc": 0.0004277002302511109,
    "exposure_ratio_w_usd": 0.00019655660616584806,
    "gain_btc": 6.286089180476737,
    "gain_per_exposure_long_btc": 1.2572178360953474,
    "gain_per_exposure_long_usd": 6.32201155419435,
    "gain_per_exposure_short_btc": 0.0,
    "gain_per_exposure_short_usd": 0.0,
    "gain_strategy_eq": 31.610057770971643,
    "gain_usd": 31.61005777097175,
    "hard_stop_duration_minutes_max": 0.0,
    "hard_stop_duration_minutes_mean": 0.0,
    "hard_stop_flatten_time_minutes_mean": 0.0,
    "hard_stop_halt_to_restart_equity_loss_pct": 0.0,
    "hard_stop_panic_close_loss_max": 0.0,
    "hard_stop_panic_close_loss_sum": 0.0,
    "hard_stop_post_restart_retrigger_pct": 0.0,
    "hard_stop_restarts": 0,
    "hard_stop_restarts_long": 0,
    "hard_stop_restarts_per_year": 0.0,
    "hard_stop_restarts_per_year_long": 0.0,
    "hard_stop_restarts_per_year_short": 0.0,
    "hard_stop_restarts_short": 0,
    "hard_stop_time_in_orange_pct": 0.0,
    "hard_stop_time_in_red_pct": 0.0,
    "hard_stop_time_in_yellow_pct": 0.0,
    "hard_stop_trigger_drawdown_mean": 0.0,
    "hard_stop_triggers": 0,
    "hard_stop_triggers_long": 0,
    "hard_stop_triggers_per_year": 0.0,
    "hard_stop_triggers_short": 0,
    "high_exposure_days_max_long": 5.859722222222222,
    "high_exposure_days_max_short": 0.0,
    "high_exposure_days_mean_long": 0.05434879676630946,
    "high_exposure_days_mean_short": 0.0,
    "high_exposure_hours_max_long": 140.63333333333333,
    "high_exposure_hours_max_short": 0.0,
    "high_exposure_hours_mean_long": 1.304371122391427,
    "high_exposure_hours_mean_short": 0.0,
    "liquidated": false,
    "long_short_profit_ratio": 1.0,
    "loss_profit_ratio": 0.37752245743207447,
    "loss_profit_ratio_long": 0.37752245743207447,
    "loss_profit_ratio_short": 1.0,
    "loss_profit_ratio_w": 0.2411935401671105,
    "mdg_btc": 0.0,
    "mdg_per_exposure_long_btc": 0.0,
    "mdg_per_exposure_long_usd": 0.0,
    "mdg_per_exposure_short_btc": 0.0,
    "mdg_per_exposure_short_usd": 0.0,
    "mdg_pnl": 0.002001623993689009,
    "mdg_pnl_w": 0.0015680795025379865,
    "mdg_strategy_eq": 0.0,
    "mdg_strategy_eq_w": 0.0,
    "mdg_usd": 0.0,
    "mdg_w_btc": 0.0,
    "mdg_w_per_exposure_long_btc": 0.0,
    "mdg_w_per_exposure_long_usd": 0.0,
    "mdg_w_per_exposure_short_btc": 0.0,
    "mdg_w_per_exposure_short_usd": 0.0,
    "mdg_w_usd": 0.0,
    "omega_ratio_btc": 1.2549907459745413,
    "omega_ratio_strategy_eq": 3.825624265745522,
    "omega_ratio_strategy_eq_w": 9.717735827700503,
    "omega_ratio_usd": 3.825624265745529,
    "omega_ratio_w_btc": 1.799035709832697,
    "omega_ratio_w_usd": 9.717735827700647,
    "paper_loss_mean_ratio_btc": 0.007488429176782623,
    "paper_loss_mean_ratio_usd": 0.035948966394672335,
    "paper_loss_mean_ratio_w_btc": 0.4413037681890318,
    "paper_loss_mean_ratio_w_usd": 0.894852695564458,
    "paper_loss_ratio_btc": 0.0011431746462819568,
    "paper_loss_ratio_usd": 0.0021951434218431716,
    "paper_loss_ratio_w_btc": 0.14901458538030013,
    "paper_loss_ratio_w_usd": 0.06788843714889874,
    "peak_recovery_days_equity_btc": 218.5111111111111,
    "peak_recovery_days_equity_usd": 349.2208333333333,
    "peak_recovery_days_pnl": 349.2548611111111,
    "peak_recovery_days_strategy_eq": 349.22083333333336,
    "peak_recovery_days_strategy_eq_long": 0.0,
    "peak_recovery_days_strategy_eq_short": 0.0,
    "peak_recovery_hours_equity_btc": 5244.266666666666,
    "peak_recovery_hours_equity_usd": 8381.3,
    "peak_recovery_hours_pnl": 8382.116666666667,
    "peak_recovery_hours_strategy_eq": 8381.300000000001,
    "peak_recovery_hours_strategy_eq_long": 0.0,
    "peak_recovery_hours_strategy_eq_short": 0.0,
    "pnl_ratio_long_short": 1.0,
    "position_held_days_max": 5.859722222222222,
    "position_held_days_mean": 0.05431933483652762,
    "position_held_days_median": 0.009027777777777779,
    "position_held_hours_max": 140.63333333333333,
    "position_held_hours_mean": 1.303664036076663,
    "position_held_hours_median": 0.21666666666666667,
    "position_unchanged_days_max": 2.7631944444444443,