{
    "adg": 0.003636131584757951,
    "adg_per_exposure_long": 0.0018180657923789756,
    "adg_per_exposure_short": 0.0,
    "adg_w": 0.0015646664789893626,
    "adg_w_per_exposure_long": 0.0007823332394946813,
    "adg_w_per_exposure_short": 0.0,
    "calmar_ratio": 0.009094825945624595,
    "calmar_ratio_w": 0.005894618086542446,
    "drawdown_worst": 0.39980221793109166,
    "drawdown_worst_mean_1pct": 0.28438321130671995,
    "equity_balance_diff_neg_max": 0.42015691264696203,
    "equity_balance_diff_neg_mean": 0.04376631494651158,
    "equity_balance_diff_pos_max": 0.10928461641217578,
    "equity_balance_diff_pos_mean": 0.0013383375177866293,
    "equity_choppiness": 4.3840320076137225,
    "equity_choppiness_w": 4.607345235717245,
    "equity_jerkiness": 0.01797348054140791,
    "equity_jerkiness_w": 0.01137329121085446,
    "expected_shortfall_1pct": 0.1604095002198947,
    "exponential_fit_error": 0.3254590117396927,
    "exponential_fit_error_w": 0.035441076264964025,
    "flat_btc_balance_hours": 0.0,
    "gain": 803.7083025631921,
    "gain_per_exposure_long": 401.85415128159605,
    "gain_per_exposure_short": 0.0,
    "loss_profit_ratio": 0.05945619715782045,
    "loss_profit_ratio_long": 0.05945619715782045,
    "loss_profit_ratio_short": 1.0,
    "loss_profit_ratio_w": 0.06877970846047893,
    "mdg": 0.000790088008304253,
    "mdg_per_exposure_long": 0.0003950440041521265,
    "mdg_per_exposure_short": 0.0,
    "mdg_w": 7.90088008304253e-05,
    "mdg_w_per_exposure_long": 3.950440041521265e-05,
    "mdg_w_per_exposure_short": 0.0,
    "omega_ratio": 1.9354821972513887,
    "omega_ratio_w": 1.743208738871407,
    "pnl_ratio_long_short": 1.0,
    "position_held_hours_max": 1100.0833333333333,
    "position_held_hours_mean": 4.741069518716578,
    "position_held_hours_median": 0.13333333333333333,
    "position_unchanged_hours_max": 369.9,
    "positions_held_per_day": 2.0293000542593598,
    "sharpe_ratio": 0.08227546488544873,
    "sharpe_ratio_w": 0.056238287945356034,
    "sortino_ratio": 0.1016790063860519,
    "sortino_ratio_w": 0.06014847682825029,
    "sterling_ratio": 0.012786027585982287,
    "sterling_ratio_w": 0.007120711512229767,
    "volume_pct_per_day_avg": 2.2789203658727364,
    "volume_pct_per_day_avg_w": 1.2922271535568632
}