{"analysis": {"adg": 0.003981277779738557,
              "adg_per_exposure_long": 0.0013270925932461857,
              "adg_per_exposure_short": 0.0,
              "adg_w": 0.001688741128927429,
              "adg_w_per_exposure_long": 0.0005629137096424764,
              "adg_w_per_exposure_short": 0.0,
              "calmar_ratio": 0.017382347924782358,
              "calmar_ratio_w": 0.008614908386507115,
              "drawdown_worst": 0.2290414273702559,
              "drawdown_worst_mean_1pct": 0.15832844107289482,
              "equity_balance_diff_neg_max": 0.2791026384415307,
              "equity_balance_diff_neg_mean": 0.0022539015202558553,
              "equity_balance_diff_pos_max": 0.28974797622697235,
              "equity_balance_diff_pos_mean": 0.0022307939625561086,
              "equity_choppiness": 1.1945830417284988,
              "equity_choppiness_w": 1.3596081401813207,
              "equity_jerkiness": 0.006465836160819803,
              "equity_jerkiness_w": 0.0033344985615968562,
              "expected_shortfall_1pct": 0.1476025943343217,
              "exponential_fit_error": 1.0519713959260841,
              "exponential_fit_error_w": 0.10828209872282102,
              "gain": 2610.454080879646,
              "gain_per_exposure_long": 870.1513602932154,
              "gain_per_exposure_short": 0.0,
              "loss_profit_ratio": 0.03473795648617272,
              "loss_profit_ratio_long": 0.03473795648617272,
              "loss_profit_ratio_short": 1.0,
              "loss_profit_ratio_w": 0.05227899955206776,
              "mdg": 0.0005526600202373039,
              "mdg_per_exposure_long": 0.00018422000674576795,
              "mdg_per_exposure_short": 0.0,
              "mdg_w": 0.0002895432393500002,
              "mdg_w_per_exposure_long": 9.651441311666672e-05,
              "mdg_w_per_exposure_short": 0.0,
              "omega_ratio": 18.258431897079166,
              "omega_ratio_w": 10.301892316736021,
              "pnl_ratio_long_short": 1.0,
              "position_held_hours_max": 99.81666666666666,
              "position_held_hours_mean": 0.4977143131288209,
              "position_held_hours_median": 0.03333333333333333,
              "position_unchanged_hours_max": 42.2,
              "positions_held_per_day": 12.281818181818181,
              "sharpe_ratio": 0.07873847471798015,
              "sharpe_ratio_w": 0.05949517776954224,
              "sortino_ratio": 0.1312588973086222,
              "sortino_ratio_w": 0.07041699047360736,
              "sterling_ratio": 0.02514568925683773,
              "sterling_ratio_w": 0.013837942203107434,
              "volume_pct_per_day_avg": 1.2940828186754436,
              "volume_pct_per_day_avg_w": 0.7974633279824922},
 "backtest": {"base_dir": "backtests/pbgui/4coin_adg_w_sharpe_gain_dd25_TWE3_fix",
              "cache_dir": {"binance": "caches/hlcvs_data/77875b96de8fe364"},
              "coins": {"binance": ["DOGE", "ICP", "SOL", "VET"]},
              "combine_ohlcvs": false,
              "compress_cache": true,
              "end_date": "2025-08-16",
              "exchanges": ["bybit", "binance"],
              "gap_tolerance_ohlcvs_minutes": 120,
              "start_date": "2020-01-01",
              "starting_balance": 1000,
              "use_btc_collateral": false},
 "bot": {"long": {"close_grid_markup_end": 0.0094886,
                  "close_grid_markup_start": 0.0036912,
                  "close_grid_qty_pct": 0.3171,
                  "close_trailing_grid_ratio": -0.32118,
                  "close_trailing_qty_pct": 0.078871,
                  "close_trailing_retracement_pct": 0.0050889,
                  "close_trailing_threshold_pct": 0.0029,
                  "ema_span_0": 86,
                  "ema_span_1": 81.485,
                  "enforce_exposure_limit": true,
                  "entry_grid_double_down_factor": 0.41133,
                  "entry_grid_spacing_pct": 0.029474,
                  "entry_grid_spacing_weight": 0.85769,
                  "entry_initial_ema_dist": 0.016975,
                  "entry_initial_qty_pct": 0.028776,
                  "entry_trailing_double_down_factor": 5.9194,
                  "entry_trailing_grid_ratio": -0.45108,
                  "entry_trailing_retracement_pct": 0.0095243,
                  "entry_trailing_threshold_pct": -0.089992,
                  "filter_noisiness_rolling_window": 60,
                  "filter_volume_drop_pct": 0,
                  "filter_volume_rolling_window": 60,
                  "n_positions": 4,
                  "total_wallet_exposure_limit": 3,
                  "unstuck_close_pct": 0.01686,
                  "unstuck_ema_dist": 0.0064501,
                  "unstuck_loss_allowance_pct": 0.24646,
                  "unstuck_threshold": 0.63307},
         "short": {"close_grid_markup_end": 0.001,
                   "close_grid_markup_start": 0.001,
                   "close_grid_qty_pct": 0.1,
                   "close_trailing_grid_ratio": -1,
                   "close_trailing_qty_pct": 0.1,
                   "close_trailing_retracement_pct": 0.003,
                   "close_trailing_threshold_pct": -0.001,
                   "ema_span_0": 200,
                   "ema_span_1": 200,
                   "enforce_exposure_limit": true,
                   "entry_grid_double_down_factor": 0.6,
                   "entry_grid_spacing_pct": 0.01,
                   "entry_grid_spacing_weight": 0.2,
                   "entry_initial_ema_dist": -0.001,
                   "entry_initial_qty_pct": 0.025,
                   "entry_trailing_double_down_factor": 0.1,
                   "entry_trailing_grid_ratio": -1,
                   "entry_trailing_retracement_pct": 0,
                   "entry_trailing_threshold_pct": -0.1,
                   "filter_noisiness_rolling_window": 60,
                   "filter_volume_drop_pct": 0.53,
                   "filter_volume_rolling_window": 60,
                   "n_positions": 0,
                   "total_wallet_exposure_limit": 0,
                   "unstuck_close_pct": 0.005,
                   "unstuck_ema_dist": -0.1,
                   "unstuck_loss_allowance_pct": 0.01,
                   "unstuck_threshold": 0.55}},
 "coin_overrides": {},
 "disable_plotting": false,
 "live": {"approved_coins": {"long": ["DOGE", "SOL", "ICP", "VET"],
                             "short": []},
          "auto_gs": true,
          "base_config_path": "",
          "empty_means_all_approved": false,
          "execution_delay_seconds": 2,
          "filter_by_min_effective_cost": true,
          "forced_mode_long": "",
          "forced_mode_short": "",
          "ignored_coins": {"long": [], "short": []},
          "leverage": 10,
          "market_orders_allowed": true,
          "max_n_cancellations_per_batch": 5,
          "max_n_creations_per_batch": 3,
          "max_n_restarts_per_day": 10,
          "mimic_backtest_1m_delay": false,
          "minimum_coin_age_days": 30,
          "ohlcvs_1m_rolling_window_days": 4,
          "ohlcvs_1m_update_after_minutes": 10,
          "pnls_max_lookback_days": 30,
          "price_distance_threshold": 0.002,
          "time_in_force": "good_till_cancelled",
          "user": "bybit_01"},
 "optimize": {"bounds": {"long_close_grid_markup_end": [0.001, 0.03],
                         "long_close_grid_markup_start": [0.001, 0.03],
                         "long_close_grid_qty_pct": [0.05, 0.4],
                         "long_close_trailing_grid_ratio": [-1, 1],
                         "long_close_trailing_qty_pct": [0.05, 0.25],
                         "long_close_trailing_retracement_pct": [0.003, 0.01],
                         "long_close_trailing_threshold_pct": [0.001, 0.005],
                         "long_ema_span_0": [1, 800],
                         "long_ema_span_1": [1, 800],
                         "long_entry_grid_double_down_factor": [0.4, 10],