{
    "adg": 0.016984691797932827,
    "adg_per_exposure_long": 0.006793876719173131,
    "adg_per_exposure_short": 0.0,
    "adg_w": 0.008735392685653199,
    "adg_w_per_exposure_long": 0.0034941570742612798,
    "adg_w_per_exposure_short": 0.0,
    "calmar_ratio": 0.09275087224609904,
    "calmar_ratio_w": 0.15783144401542867,
    "drawdown_worst": 0.18312163957732674,
    "drawdown_worst_mean_1pct": 0.17622750816716157,
    "equity_balance_diff_neg_max": 0.15915644886228747,
    "equity_balance_diff_neg_mean": 0.004504722084285112,
    "equity_balance_diff_pos_max": 0.28894835275437325,
    "equity_balance_diff_pos_mean": 0.0018898334277265632,
    "equity_choppiness": 1.413980955294917,
    "equity_choppiness_w": 1.3104973281447891,
    "equity_jerkiness": 0.031139318801419485,
    "equity_jerkiness_w": 0.01780426579452408,
    "expected_shortfall_1pct": 0.15497648427317295,
    "exponential_fit_error": 0.12909480084609035,
    "exponential_fit_error_w": 0.013343537312999804,
    "gain": 42.767583245377004,
    "gain_per_exposure_long": 17.107033298150803,
    "gain_per_exposure_short": 0.0,
    "loss_profit_ratio": 0.2121235737143533,
    "loss_profit_ratio_long": 0.2121235737143533,
    "loss_profit_ratio_short": 1.0,
    "loss_profit_ratio_w": 0.19251035030398272,
    "mdg": 0.008064033363006849,
    "mdg_per_exposure_long": 0.0032256133452027392,
    "mdg_per_exposure_short": 0.0,
    "mdg_w": 0.005155642490451156,
    "mdg_w_per_exposure_long": 0.002062256996180462,
    "mdg_w_per_exposure_short": 0.0,
    "omega_ratio": 8.103573238258656,
    "omega_ratio_w": 8.380412784613997,
    "pnl_ratio_long_short": 1.0,
    "position_held_hours_max": 61.61666666666667,
    "position_held_hours_mean": 5.599043927648578,
    "position_held_hours_median": 2.466666666666667,
    "position_unchanged_hours_max": 41.85,
    "positions_held_per_day": 2.89237668161435,
    "sharpe_ratio": 0.2461598231381776,
    "sharpe_ratio_w": 0.3120926047854699,
    "sortino_ratio": 0.37790528973179244,
    "sortino_ratio_w": 0.4334402755705886,
    "sterling_ratio": 0.09637934494211826,
    "sterling_ratio_w": 0.1581942912850306,
    "volume_pct_per_day_avg": 3.398643418865765,
    "volume_pct_per_day_avg_w": 2.2270061964640866
}