{
    "adg": 0.004564491651179781,
    "adg_per_exposure_long": 0.001447115481320075,
    "adg_per_exposure_short": 0.0,
    "adg_w": 0.001880333142406898,
    "adg_w_per_exposure_long": 0.0005961363079091047,
    "adg_w_per_exposure_short": 0.0,
    "calmar_ratio": 0.011230338230500412,
    "calmar_ratio_w": 0.016917470873373194,
    "drawdown_worst": 0.40644293675706966,
    "drawdown_worst_mean_1pct": 0.227289018259437,
    "equity_balance_diff_neg_max": 0.47052436929550623,
    "equity_balance_diff_neg_mean": 0.0019688583896264027,
    "equity_balance_diff_pos_max": 0.3782786883555968,
    "equity_balance_diff_pos_mean": 0.0006283607968317445,
    "equity_choppiness": 1.452373434667495,
    "equity_choppiness_w": 1.7581590475109472,
    "equity_jerkiness": 0.009420272242736944,
    "equity_jerkiness_w": 0.00482096096388682,
    "expected_shortfall_1pct": 0.21317326103438045,
    "exponential_fit_error": 0.4168765063915958,
    "exponential_fit_error_w": 0.04476059624791285,
    "gain": 2018.0985673228872,
    "gain_per_exposure_long": 639.8131276782979,
    "gain_per_exposure_short": 0.0,
    "loss_profit_ratio": 0.1195688737418465,
    "loss_profit_ratio_long": 0.1195688737418465,
    "loss_profit_ratio_short": 1.0,
    "loss_profit_ratio_w": 0.1559803995903416,
    "mdg": 0.000718324635756322,
    "mdg_per_exposure_long": 0.00022773591901474924,
    "mdg_per_exposure_short": 0.0,
    "mdg_w": 0.00041075096671826575,
    "mdg_w_per_exposure_long": 0.00013022350095690373,
    "mdg_w_per_exposure_short": 0.0,
    "omega_ratio": 9.305729655584296,
    "omega_ratio_w": 5.0386220224745015,
    "pnl_ratio_long_short": 1.0,
    "position_held_hours_max": 160.11666666666667,
    "position_held_hours_mean": 2.1080354031639836,
    "position_held_hours_median": 0.6333333333333333,
    "position_unchanged_hours_max": 70.25,
    "positions_held_per_day": 5.7247157390783965,
    "sharpe_ratio": 0.06764028412393705,
    "sharpe_ratio_w": 0.09272212555218337,
    "sortino_ratio": 0.11499901840311612,
    "sortino_ratio_w": 0.1280655553325537,
    "sterling_ratio": 0.020082323757365534,
    "sterling_ratio_w": 0.020437644945802712,
    "volume_pct_per_day_avg": 1.0584848410489787,
    "volume_pct_per_day_avg_w": 0.6791199789760793
}