{
    "adg": 0.005229021538999845,
    "adg_per_exposure_long": 0.0017430071796666151,
    "adg_per_exposure_short": 0.0,
    "adg_w": 0.002604541549969852,
    "adg_w_per_exposure_long": 0.0008681805166566173,
    "adg_w_per_exposure_short": 0.0,
    "calmar_ratio": 0.007080332210837004,
    "calmar_ratio_w": 0.03500597067128479,
    "drawdown_worst": 0.7385277107473033,
    "drawdown_worst_mean_1pct": 0.23022583527936444,
    "equity_balance_diff_neg_max": 0.7553545314331398,
    "equity_balance_diff_neg_mean": 0.029572073045784568,
    "equity_balance_diff_pos_max": 0.3929736452687715,
    "equity_balance_diff_pos_mean": 0.005509053155517035,
    "equity_choppiness": 1.021197101196204,
    "equity_choppiness_w": 1.0095023909554055,
    "equity_jerkiness": 0.00814871782303072,
    "equity_jerkiness_w": 0.004356275371183226,
    "expected_shortfall_1pct": 0.2259657305659867,
    "exponential_fit_error": 1.8549562556796537,
    "exponential_fit_error_w": 0.19044423012273998,
    "gain": 8686.944647875067,
    "gain_per_exposure_long": 2895.6482159583556,
    "gain_per_exposure_short": 0.0,
    "loss_profit_ratio": 0.0008620446591946242,
    "loss_profit_ratio_long": 0.0008620446591946242,
    "loss_profit_ratio_short": 1.0,
    "loss_profit_ratio_w": 8.620446591946242e-05,
    "mdg": 0.0,
    "mdg_per_exposure_long": 0.0,
    "mdg_per_exposure_short": 0.0,
    "mdg_w": 0.0,
    "mdg_w_per_exposure_long": 0.0,
    "mdg_w_per_exposure_short": 0.0,
    "omega_ratio": 218.30298337776446,
    "omega_ratio_w": null,
    "pnl_ratio_long_short": 1.0,
    "position_held_hours_max": 8.95,
    "position_held_hours_mean": 0.14168716182980817,
    "position_held_hours_median": 0.06666666666666667,
    "position_unchanged_hours_max": 5.133333333333334,
    "positions_held_per_day": 1.1690626797009775,
    "sharpe_ratio": 0.04393583875742957,
    "sharpe_ratio_w": 0.09898132689640723,
    "sortino_ratio": 0.054038145094392746,
    "sortino_ratio_w": 0.10127526897343567,
    "sterling_ratio": 0.022712574949091874,
    "sterling_ratio_w": 0.04184559467671752
}