{"analysis": {"adg": 0.0032554543121614543,
              "adg_per_exposure_long": 0.0005438265196888601,
              "adg_per_exposure_short": 0.0,
              "adg_w": 0.0044467510452005365,
              "adg_w_per_exposure_long": 0.0007428336916909786,
              "adg_w_per_exposure_short": 0.0,
              "calmar_ratio": 0.010134135745787838,
              "calmar_ratio_w": 0.027942921704739526,
              "drawdown_worst": 0.32123650144656435,
              "drawdown_worst_mean_1pct": 0.1508983485072577,
              "equity_balance_diff_neg_max": 0.3291027775533096,
              "equity_balance_diff_neg_mean": 0.0021456230374786523,
              "equity_balance_diff_pos_max": 0.5553856683426079,
              "equity_balance_diff_pos_mean": 0.008671930655838734,
              "equity_choppiness": 1.0379737679539995,
              "equity_choppiness_w": 1.0970478554022942,
              "equity_jerkiness": 0.006363542275161805,
              "equity_jerkiness_w": 0.009104051872504518,
              "expected_shortfall_1pct": 0.14900279887138967,
              "exponential_fit_error": 0.10278532623032853,
              "exponential_fit_error_w": 0.044563318528975646,
              "gain": 76.8782372409364,
              "gain_per_exposure_long": 12.842577468333232,
              "gain_per_exposure_short": 0.0,
              "loss_profit_ratio": 5.34104033621718e-05,
              "loss_profit_ratio_long": 5.34104033621718e-05,
              "loss_profit_ratio_short": 1.0,
              "loss_profit_ratio_w": 5.43054629199395e-05,
              "mdg": 0.0,
              "mdg_per_exposure_long": 0.0,
              "mdg_per_exposure_short": 0.0,
              "mdg_w": 0.0,
              "mdg_w_per_exposure_long": 0.0,
              "mdg_w_per_exposure_short": 0.0,
              "omega_ratio": 69.80769802895442,
              "omega_ratio_w": 51.238024913116476,
              "pnl_ratio_long_short": 1.0,
              "position_held_hours_max": 41.25,
              "position_held_hours_mean": 0.726092822450081,
              "position_held_hours_median": 0.13333333333333333,
              "position_unchanged_hours_max": 38.166666666666664,
              "positions_held_per_day": 1.387290449640325,
              "sharpe_ratio": 0.0517812855549922,
              "sharpe_ratio_w": 0.0695384946955469,
              "sortino_ratio": 0.09833235216517995,
              "sortino_ratio_w": 0.14135267266864773,
              "sterling_ratio": 0.021573823334487176,
              "sterling_ratio_w": 0.03186714308081392,
              "volume_pct_per_day_avg": 0.8912648207077615,
              "volume_pct_per_day_avg_w": 0.9991100121829334},
 "backtest": {"base_dir": "backtests/pbgui/VET_adg_omega_sharpe_grtr",
              "cache_dir": {"bybit": "caches/hlcvs_data/d3047d59127cdf4d"},
              "coins": {"bybit": ["VET"]},
              "combine_ohlcvs": false,
              "compress_cache": true,
              "end_date": "2025-06-22",
              "exchanges": ["bybit", "binance"],
              "gap_tolerance_ohlcvs_minutes": 120,
              "start_date": "2020-01-01",
              "starting_balance": 1000,
              "use_btc_collateral": false},
 "bot": {"long": {"close_grid_markup_end": 0.0055377,
                  "close_grid_markup_start": 0.028119,
                  "close_grid_qty_pct": 0.17081,
                  "close_trailing_grid_ratio": 0.99726,
                  "close_trailing_qty_pct": 0.075976,
                  "close_trailing_retracement_pct": 0.0032215,
                  "close_trailing_threshold_pct": 0.0031109,
                  "ema_span_0": 100.53,
                  "ema_span_1": 561.22,
                  "enforce_exposure_limit": true,
                  "entry_grid_double_down_factor": 1.7479,
                  "entry_grid_spacing_pct": 0.03866,
                  "entry_grid_spacing_weight": 1.2022,
                  "entry_initial_ema_dist": 0.019981,
                  "entry_initial_qty_pct": 0.012069,
                  "entry_trailing_double_down_factor": 2.1867,
                  "entry_trailing_grid_ratio": -0.56607,
                  "entry_trailing_retracement_pct": 0.019239,
                  "entry_trailing_threshold_pct": 0.019442,
                  "filter_noisiness_rolling_window": 60,
                  "filter_volume_drop_pct": 0,
                  "filter_volume_rolling_window": 60,
                  "n_positions": 1,
                  "total_wallet_exposure_limit": 5.9862,
                  "unstuck_close_pct": 0.026528,
                  "unstuck_ema_dist": 0.006431,
                  "unstuck_loss_allowance_pct": 0.23587,
                  "unstuck_threshold": 0.72505},
         "short": {"close_grid_markup_end": 0.001,
                   "close_grid_markup_start": 0.001,
                   "close_grid_qty_pct": 0.1,
                   "close_trailing_grid_ratio": -1,
                   "close_trailing_qty_pct": 0.1,
                   "close_trailing_retracement_pct": 0.003,
                   "close_trailing_threshold_pct": -0.001,
                   "ema_span_0": 200,
                   "ema_span_1": 200,
                   "enforce_exposure_limit": true,
                   "entry_grid_double_down_factor": 0.6,
                   "entry_grid_spacing_pct": 0.01,
                   "entry_grid_spacing_weight": 0.2,
                   "entry_initial_ema_dist": -0.001,
                   "entry_initial_qty_pct": 0.025,
                   "entry_trailing_double_down_factor": 0.1,
                   "entry_trailing_grid_ratio": -1,
                   "entry_trailing_retracement_pct": 0,
                   "entry_trailing_threshold_pct": -0.1,
                   "filter_noisiness_rolling_window": 60,
                   "filter_volume_drop_pct": 0.53,
                   "filter_volume_rolling_window": 60,
                   "n_positions": 0,
                   "total_wallet_exposure_limit": 0,
                   "unstuck_close_pct": 0.005,
                   "unstuck_ema_dist": -0.1,
                   "unstuck_loss_allowance_pct": 0.01,
                   "unstuck_threshold": 0.55}},
 "disable_plotting": false,
 "live": {"approved_coins": {"long": ["VETUSDT"], "short": []},
          "auto_gs": true,
          "coin_flags": {},
          "empty_means_all_approved": false,
          "execution_delay_seconds": 2,
          "filter_by_min_effective_cost": true,
          "forced_mode_long": "",
          "forced_mode_short": "",
          "ignored_coins": {"long": [], "short": []},
          "leverage": 10,
          "market_orders_allowed": true,
          "max_n_cancellations_per_batch": 5,
          "max_n_creations_per_batch": 3,
          "max_n_restarts_per_day": 10,
          "mimic_backtest_1m_delay": false,
          "minimum_coin_age_days": 30,
          "ohlcvs_1m_rolling_window_days": 4,
          "ohlcvs_1m_update_after_minutes": 10,
          "pnls_max_lookback_days": 30,
          "price_distance_threshold": 0.002,
          "time_in_force": "good_till_cancelled",
          "user": "bybit_01"},
 "optimize": {"bounds": {"long_close_grid_markup_end": [0.001, 0.03],
                         "long_close_grid_markup_start": [0.001, 0.03],
                         "long_close_grid_qty_pct": [0.05, 0.4],
                         "long_close_trailing_grid_ratio": [-1, 1],
                         "long_close_trailing_qty_pct": [0.05, 0.25],
                         "long_close_trailing_retracement_pct": [0.003, 0.01],
                         "long_close_trailing_threshold_pct": [0.001, 0.005],
                         "long_ema_span_0": [100, 800],
                         "long_ema_span_1": [100, 800],
                         "long_entry_grid_double_down_factor": [0.4, 10],
                         "long_entry_grid_spacing_pct": [0.01, 0.12],
                         "long_entry_grid_spacing_weight": [0.2, 2],
                         "long_entry_initial_ema_dist": [-0.001, 0.02],