{"analysis": {"adg": 0.05046025020193756,
              "adg_per_exposure_long": 0.005606694466881951,
              "adg_per_exposure_short": 0.0,
              "adg_w": 0.031852741564431006,
              "adg_w_per_exposure_long": 0.0035391935071590005,
              "adg_w_per_exposure_short": 0.0,
              "calmar_ratio": 0.10094899559950203,
              "calmar_ratio_w": 0.13778643246427888,
              "drawdown_worst": 0.49985886340197005,
              "drawdown_worst_mean_1pct": 0.49985886340197005,
              "equity_balance_diff_neg_max": 0.5136409556590241,
              "equity_balance_diff_neg_mean": 0.022516989944478465,
              "equity_balance_diff_pos_max": 0.21076647089658404,
              "equity_balance_diff_pos_mean": 0.007386093588923657,
              "equity_choppiness": 1.329973628151558,
              "equity_choppiness_w": 1.113651139999519,
              "equity_jerkiness": 0.08368853254653043,
              "equity_jerkiness_w": 0.04535567620448078,
              "expected_shortfall_1pct": 0.4998588634019701,
              "exponential_fit_error": 0.504802120454302,
              "exponential_fit_error_w": 0.06496779624872004,
              "gain": 7408.184633595892,
              "gain_per_exposure_long": 823.131625955099,
              "gain_per_exposure_short": 0.0,
              "loss_profit_ratio": 0.023144052915480474,
              "loss_profit_ratio_long": 0.023144052915480474,
              "loss_profit_ratio_short": 1.0,
              "loss_profit_ratio_w": 0.01800315809159783,
              "mdg": 0.011298252743952112,
              "mdg_per_exposure_long": 0.001255361415994679,
              "mdg_per_exposure_short": 0.0,
              "mdg_w": 0.008659641311786325,
              "mdg_w_per_exposure_long": 0.0009621823679762583,
              "mdg_w_per_exposure_short": 0.0,
              "omega_ratio": 14.255697008462759,
              "omega_ratio_w": 2001.4480674856604,
              "pnl_ratio_long_short": 1.0,
              "position_held_hours_max": 33.46666666666667,
              "position_held_hours_mean": 1.5861364624076488,
              "position_held_hours_median": 0.5833333333333334,
              "position_unchanged_hours_max": 24.15,
              "positions_held_per_day": 4.237569060773481,
              "sharpe_ratio": 0.15136574151181845,
              "sharpe_ratio_w": 0.22507707488043324,
              "sortino_ratio": 0.296378193584556,
              "sortino_ratio_w": 0.370289576675911,
              "sterling_ratio": 0.10094899559950203,
              "sterling_ratio_w": 0.13778643246427888,
              "volume_pct_per_day_avg": 12.134479058524548,
              "volume_pct_per_day_avg_w": 7.778221995541633},
 "backtest": {"base_dir": "backtests/pbgui/HYPE_cpt_adg_omega_sharpe_grtr_maxdd75_eema05",
              "cache_dir": {"bybit": "caches/hlcvs_data/60347e4d92303158"},
              "coins": {"bybit": ["HYPE"]},
              "combine_ohlcvs": false,
              "compress_cache": true,
              "end_date": "2025-07-04",
              "exchanges": ["bybit", "binance"],
              "gap_tolerance_ohlcvs_minutes": 120,
              "start_date": "2020-01-01",
              "starting_balance": 1000,
              "use_btc_collateral": false},
 "bot": {"long": {"close_grid_markup_end": 0.017948,
                  "close_grid_markup_start": 0.014244,
                  "close_grid_qty_pct": 0.22714,
                  "close_trailing_grid_ratio": 0.192,
                  "close_trailing_qty_pct": 0.06513,
                  "close_trailing_retracement_pct": 0.0055839,
                  "close_trailing_threshold_pct": 0.0039243,
                  "ema_span_0": 442.87,
                  "ema_span_1": 429.4,
                  "enforce_exposure_limit": true,
                  "entry_grid_double_down_factor": 2.3514,
                  "entry_grid_spacing_pct": 0.044987,
                  "entry_grid_spacing_weight": 0.52609,
                  "entry_initial_ema_dist": 0.018653,
                  "entry_initial_qty_pct": 0.073149,
                  "entry_trailing_double_down_factor": 8.1627,
                  "entry_trailing_grid_ratio": -0.19609,
                  "entry_trailing_retracement_pct": 0.018091,
                  "entry_trailing_threshold_pct": 0.0016121,
                  "filter_noisiness_rolling_window": 60,
                  "filter_volume_drop_pct": 0,
                  "filter_volume_rolling_window": 60,
                  "n_positions": 1,
                  "total_wallet_exposure_limit": 9,
                  "unstuck_close_pct": 0.043613,
                  "unstuck_ema_dist": 0.0062541,
                  "unstuck_loss_allowance_pct": 0.17906,
                  "unstuck_threshold": 0.73725},
         "short": {"close_grid_markup_end": 0.001,
                   "close_grid_markup_start": 0.001,
                   "close_grid_qty_pct": 0.1,
                   "close_trailing_grid_ratio": -1,
                   "close_trailing_qty_pct": 0.1,
                   "close_trailing_retracement_pct": 0.003,
                   "close_trailing_threshold_pct": -0.001,
                   "ema_span_0": 200,
                   "ema_span_1": 200,
                   "enforce_exposure_limit": true,
                   "entry_grid_double_down_factor": 0.6,
                   "entry_grid_spacing_pct": 0.01,
                   "entry_grid_spacing_weight": 0.2,
                   "entry_initial_ema_dist": -0.001,
                   "entry_initial_qty_pct": 0.025,
                   "entry_trailing_double_down_factor": 0.1,
                   "entry_trailing_grid_ratio": -1,
                   "entry_trailing_retracement_pct": 0,
                   "entry_trailing_threshold_pct": -0.1,
                   "filter_noisiness_rolling_window": 60,
                   "filter_volume_drop_pct": 0.53,
                   "filter_volume_rolling_window": 60,
                   "n_positions": 0,
                   "total_wallet_exposure_limit": 0,
                   "unstuck_close_pct": 0.005,
                   "unstuck_ema_dist": -0.1,
                   "unstuck_loss_allowance_pct": 0.01,
                   "unstuck_threshold": 0.55}},
 "disable_plotting": false,
 "live": {"approved_coins": {"long": ["HYPEUSDT"], "short": []},
          "auto_gs": true,
          "coin_flags": {},
          "empty_means_all_approved": false,
          "execution_delay_seconds": 2,
          "filter_by_min_effective_cost": true,
          "forced_mode_long": "",
          "forced_mode_short": "",
          "ignored_coins": {"long": [], "short": []},
          "leverage": 10,
          "market_orders_allowed": true,
          "max_n_cancellations_per_batch": 5,
          "max_n_creations_per_batch": 3,
          "max_n_restarts_per_day": 10,
          "mimic_backtest_1m_delay": false,
          "minimum_coin_age_days": 30,
          "ohlcvs_1m_rolling_window_days": 4,
          "ohlcvs_1m_update_after_minutes": 10,
          "pnls_max_lookback_days": 30,
          "price_distance_threshold": 0.002,
          "time_in_force": "good_till_cancelled",
          "user": "bybit_01"},
 "optimize": {"bounds": {"long_close_grid_markup_end": [0.001, 0.03],
                         "long_close_grid_markup_start": [0.001, 0.03],
                         "long_close_grid_qty_pct": [0.05, 0.4],
                         "long_close_trailing_grid_ratio": [-1, 1],
                         "long_close_trailing_qty_pct": [0.05, 0.25],
                         "long_close_trailing_retracement_pct": [0.003, 0.01],
                         "long_close_trailing_threshold_pct": [0.001, 0.005],
                         "long_ema_span_0": [50, 800],
                         "long_ema_span_1": [50, 800],
                         "long_entry_grid_double_down_factor": [0.4, 10],
                         "long_entry_grid_spacing_pct": [0.01, 0.12],
                         "long_entry_grid_spacing_weight": [0.2, 2],