{
    "adg": 0.0053726326674277125,
    "adg_per_exposure_long": 0.0013629205143144882,
    "adg_per_exposure_short": 0.0,
    "adg_w": 0.004769658760800688,
    "adg_w_per_exposure_long": 0.0012099590971082414,
    "adg_w_per_exposure_short": 0.0,
    "calmar_ratio": 0.012062999604851937,
    "calmar_ratio_w": 0.015229938859396714,
    "drawdown_worst": 0.4453811525672894,
    "drawdown_worst_mean_1pct": 0.29865704225340073,
    "equity_balance_diff_neg_max": 0.512965431940591,
    "equity_balance_diff_neg_mean": 0.013738565524004,
    "equity_balance_diff_pos_max": 0.56396165780148,
    "equity_balance_diff_pos_mean": 0.003041212580823377,
    "equity_choppiness": 2.5285882267386843,
    "equity_choppiness_w": 2.4488304873615756,
    "equity_jerkiness": 0.019013816902973133,
    "equity_jerkiness_w": 0.020134204909490288,
    "expected_shortfall_1pct": 0.22159096182223215,
    "exponential_fit_error": 1.3171898850672052,
    "exponential_fit_error_w": 0.14415718238710762,
    "gain": 30659.842447879164,
    "gain_per_exposure_long": 7777.737810217951,
    "gain_per_exposure_short": 0.0,
    "loss_profit_ratio": 0.02419454280649388,
    "loss_profit_ratio_long": 0.02419454280649388,
    "loss_profit_ratio_short": 1.0,
    "loss_profit_ratio_w": 0.020650732657812927,
    "mdg": 0.0012465124289998439,
    "mdg_per_exposure_long": 0.00031621319863009737,
    "mdg_per_exposure_short": 0.0,
    "mdg_w": 0.0006374768218938997,
    "mdg_w_per_exposure_long": 0.00016171405933381524,
    "mdg_w_per_exposure_short": 0.0,
    "omega_ratio": 2.884266211040628,
    "omega_ratio_w": 2.502126584187916,
    "pnl_ratio_long_short": 1.0,
    "position_held_hours_max": 1033.9166666666667,
    "position_held_hours_mean": 35.13878704552398,
    "position_held_hours_median": 8.516666666666667,
    "position_unchanged_hours_max": 672.9166666666666,
    "positions_held_per_day": 0.5658713692946058,
    "sharpe_ratio": 0.06490033584962339,
    "sharpe_ratio_w": 0.07245861122468139,
    "sortino_ratio": 0.13182785393130098,
    "sortino_ratio_w": 0.14044978714655204,
    "sterling_ratio": 0.017989305147103177,
    "sterling_ratio_w": 0.01893646270765642,
    "volume_pct_per_day_avg": 0.6344223503734525,
    "volume_pct_per_day_avg_w": 0.566697279423434
}