{"analysis": {"adg": 0.0035865176112086505,
              "adg_per_exposure_long": 0.0015940078272038446,
              "adg_per_exposure_short": 0.0,
              "adg_w": 0.0033207187664074933,
              "adg_w_per_exposure_long": 0.0014758750072922193,
              "adg_w_per_exposure_short": 0.0,
              "calmar_ratio": 0.0072317342131788705,
              "calmar_ratio_w": 0.00918783877131139,
              "drawdown_worst": 0.49594156885255836,
              "drawdown_worst_mean_1pct": 0.24284551120600925,
              "equity_balance_diff_neg_max": 0.5255307532703059,
              "equity_balance_diff_neg_mean": 0.005449633168227973,
              "equity_balance_diff_pos_max": 0.06856515869268366,
              "equity_balance_diff_pos_mean": 0.0004005704059457114,
              "equity_choppiness": 1.6571375474503083,
              "equity_choppiness_w": 1.7154757513670469,
              "equity_jerkiness": 0.006735747112641837,
              "equity_jerkiness_w": 0.007871160492567298,
              "expected_shortfall_1pct": 0.22450915145775796,
              "exponential_fit_error": 0.28492061392642354,
              "exponential_fit_error_w": 0.0362143945443391,
              "gain": 912.7965814418919,
              "gain_per_exposure_long": 405.6873695297297,
              "gain_per_exposure_short": 0.0,
              "loss_profit_ratio": 0.1485241438909154,
              "loss_profit_ratio_long": 0.1485241438909154,
              "loss_profit_ratio_short": 1.0,
              "loss_profit_ratio_w": 0.15735385469012375,
              "mdg": 0.0006746490391414683,
              "mdg_per_exposure_long": 0.00029984401739620813,
              "mdg_per_exposure_short": 0.0,
              "mdg_w": 0.0008006093984995114,
              "mdg_w_per_exposure_long": 0.00035582639933311617,
              "mdg_w_per_exposure_short": 0.0,
              "omega_ratio": 7.276540223427589,
              "omega_ratio_w": 4.931380618603657,
              "pnl_ratio_long_short": 1.0,
              "position_held_hours_max": 249.61666666666667,
              "position_held_hours_mean": 0.7819542430961499,
              "position_held_hours_median": 0.2,
              "position_unchanged_hours_max": 157.75,
              "positions_held_per_day": 15.633403361344538,
              "sharpe_ratio": 0.0681448926410108,
              "sharpe_ratio_w": 0.05922420968647139,
              "sortino_ratio": 0.07711026876156292,
              "sortino_ratio_w": 0.07245452069069822,
              "sterling_ratio": 0.01476872104160969,
              "sterling_ratio_w": 0.013090706975411297,
              "volume_pct_per_day_avg": 1.1854044160760016,
              "volume_pct_per_day_avg_w": 1.3393749414194276},
 "backtest": {"base_dir": "backtests/pbgui/binance_CPT_gain_adg_omega_newtr",
              "cache_dir": {"binance": "caches/hlcvs_data/be14288f09178521"},
              "coins": {"binance": ["DOGE", "ICP", "OP", "VET"]},
              "combine_ohlcvs": false,
              "compress_cache": true,
              "end_date": "2025-06-01",
              "exchanges": ["binance", "bybit"],
              "gap_tolerance_ohlcvs_minutes": 120,
              "start_date": "2020-01-01",
              "starting_balance": 1000,
              "use_btc_collateral": false},
 "bot": {"long": {"close_grid_markup_end": 0.022523,
                  "close_grid_markup_start": 0.046777,
                  "close_grid_qty_pct": 0.080896,
                  "close_trailing_grid_ratio": -1,
                  "close_trailing_qty_pct": 0.15725,
                  "close_trailing_retracement_pct": 0.0035986,
                  "close_trailing_threshold_pct": 0.0033905,
                  "ema_span_0": 328.6,
                  "ema_span_1": 170.44,
                  "enforce_exposure_limit": true,
                  "entry_grid_double_down_factor": 1.2591,
                  "entry_grid_spacing_pct": 0.025461,
                  "entry_grid_spacing_weight": 0.55266,
                  "entry_initial_ema_dist": 0.012896,
                  "entry_initial_qty_pct": 0.032457,
                  "entry_trailing_double_down_factor": 1.3707,
                  "entry_trailing_grid_ratio": -0.10905,
                  "entry_trailing_retracement_pct": 0.00091714,
                  "entry_trailing_threshold_pct": -0.090135,
                  "filter_noisiness_rolling_window": 60,
                  "filter_volume_drop_pct": 0,
                  "filter_volume_rolling_window": 60,
                  "n_positions": 4,
                  "total_wallet_exposure_limit": 2.25,
                  "unstuck_close_pct": 0.0053603,
                  "unstuck_ema_dist": 0.0093559,
                  "unstuck_loss_allowance_pct": 0.18213,
                  "unstuck_threshold": 0.8711},
         "short": {"close_grid_markup_end": 0.002,
                   "close_grid_markup_start": 0.012,
                   "close_grid_qty_pct": 0.05,
                   "close_trailing_grid_ratio": 0,
                   "close_trailing_qty_pct": 0.05,
                   "close_trailing_retracement_pct": 0,
                   "close_trailing_threshold_pct": 0,
                   "ema_span_0": 200,
                   "ema_span_1": 200,
                   "enforce_exposure_limit": true,
                   "entry_grid_double_down_factor": 0.1,
                   "entry_grid_spacing_pct": 0.01,
                   "entry_grid_spacing_weight": 0.2,
                   "entry_initial_ema_dist": 0,
                   "entry_initial_qty_pct": 0.025,
                   "entry_trailing_double_down_factor": 0.1,
                   "entry_trailing_grid_ratio": 0,
                   "entry_trailing_retracement_pct": 0,
                   "entry_trailing_threshold_pct": 0,
                   "filter_noisiness_rolling_window": 10,
                   "filter_volume_drop_pct": 0,
                   "filter_volume_rolling_window": 10,
                   "n_positions": 0,
                   "total_wallet_exposure_limit": 0,
                   "unstuck_close_pct": 0.005,
                   "unstuck_ema_dist": 0,
                   "unstuck_loss_allowance_pct": 0.01,
                   "unstuck_threshold": 0.7}},
 "disable_plotting": false,
 "live": {"approved_coins": {"long": ["DOGEUSDT",
                                      "VETUSDT",
                                      "OPUSDT",
                                      "ICPUSDT"],
                             "short": []},
          "auto_gs": true,
          "coin_flags": {},
          "empty_means_all_approved": false,
          "execution_delay_seconds": 2,
          "filter_by_min_effective_cost": true,
          "forced_mode_long": "",
          "forced_mode_short": "",
          "ignored_coins": {"long": [], "short": []},
          "leverage": 10,
          "market_orders_allowed": true,
          "max_n_cancellations_per_batch": 5,
          "max_n_creations_per_batch": 3,
          "max_n_restarts_per_day": 10,
          "mimic_backtest_1m_delay": false,
          "minimum_coin_age_days": 30,
          "ohlcvs_1m_rolling_window_days": 4,
          "ohlcvs_1m_update_after_minutes": 10,
          "pnls_max_lookback_days": 30,
          "price_distance_threshold": 0.002,
          "time_in_force": "good_till_cancelled",
          "user": "bybit_01"},
 "optimize": {"bounds": {"long_close_grid_markup_end": [0.001, 0.03],
                         "long_close_grid_markup_start": [0.001, 0.03],
                         "long_close_grid_qty_pct": [0, 0.4],
                         "long_close_trailing_grid_ratio": [-1, -0.8],
                         "long_close_trailing_qty_pct": [0.1, 0.25],
                         "long_close_trailing_retracement_pct": [0.003, 0.01],
                         "long_close_trailing_threshold_pct": [0.001, 0.005],
                         "long_ema_span_0": [100, 800],
                         "long_ema_span_1": [100, 800],