{
    "adg_btc": 0.002682193615568762,
    "adg_per_exposure_long_btc": 0.0008940645385229207,
    "adg_per_exposure_long_usd": 0.0010665998469590783,
    "adg_per_exposure_short_btc": 0.0,
    "adg_per_exposure_short_usd": 0.0,
    "adg_pnl": 0.004768116678708748,
    "adg_pnl_w": 0.003005656051018227,
    "adg_strategy_eq": 0.003199799540877235,
    "adg_strategy_eq_w": 0.00172950769449145,
    "adg_usd": 0.003199799540877235,
    "adg_w_btc": 0.0027082230260740527,
    "adg_w_per_exposure_long_btc": 0.0009027410086913509,
    "adg_w_per_exposure_long_usd": 0.0005765025648304833,
    "adg_w_per_exposure_short_btc": 0.0,
    "adg_w_per_exposure_short_usd": 0.0,
    "adg_w_usd": 0.00172950769449145,
    "backtest_completion_ratio": 1.0,
    "calmar_ratio_btc": 0.0030048783564665593,
    "calmar_ratio_strategy_eq": 0.003976249572908009,
    "calmar_ratio_strategy_eq_w": 0.002995325594326523,
    "calmar_ratio_usd": 0.003976249572908009,
    "calmar_ratio_w_btc": 0.005546018195929771,
    "calmar_ratio_w_usd": 0.003111359566082068,
    "drawdown_worst_btc": 0.8926130436517096,
    "drawdown_worst_ema_strategy_eq": 0.0,
    "drawdown_worst_ema_strategy_eq_long": 0.0,
    "drawdown_worst_ema_strategy_eq_short": 0.0,
    "drawdown_worst_mean_1pct_btc": 0.657671004545649,
    "drawdown_worst_mean_1pct_ema_strategy_eq": 0.0,
    "drawdown_worst_mean_1pct_ema_strategy_eq_long": 0.0,
    "drawdown_worst_mean_1pct_ema_strategy_eq_short": 0.0,
    "drawdown_worst_mean_1pct_strategy_eq": 0.28390198122602445,
    "drawdown_worst_mean_1pct_strategy_eq_long": 0.0,
    "drawdown_worst_mean_1pct_strategy_eq_short": 0.0,
    "drawdown_worst_mean_1pct_usd": 0.28390198122602434,
    "drawdown_worst_strategy_eq": 0.8047280439032098,
    "drawdown_worst_strategy_eq_long": 0.0,
    "drawdown_worst_strategy_eq_short": 0.0,
    "drawdown_worst_usd": 0.8047280439032097,
    "entry_initial_balance_pct_long": 0.030959999999999998,
    "entry_initial_balance_pct_short": 0.0,
    "entry_interval_hours_max": 723.4666666666667,
    "entry_interval_hours_mean": 21.07552927434662,
    "entry_interval_hours_median": 8.116666666666667,
    "entry_interval_hours_p95": 88.6650000000001,
    "entry_interval_hours_p99": 169.55166666666653,
    "equity_balance_diff_neg_max_btc": 0.8518928449198258,
    "equity_balance_diff_neg_max_usd": 0.795527699846755,
    "equity_balance_diff_neg_mean_btc": 0.10435927048290103,
    "equity_balance_diff_neg_mean_usd": 0.03430436798330474,
    "equity_balance_diff_pos_max_btc": 2.9992600112882006,
    "equity_balance_diff_pos_max_usd": 1.4260106479003212,
    "equity_balance_diff_pos_mean_btc": 0.2363136659331614,
    "equity_balance_diff_pos_mean_usd": 0.09418114768533306,
    "equity_choppiness_btc": 8.040555456099165,
    "equity_choppiness_usd": 1.583086823368782,
    "equity_choppiness_w_btc": 5.388633984291543,
    "equity_choppiness_w_usd": 1.7470996833325372,
    "equity_jerkiness_btc": 0.03145753462997757,
    "equity_jerkiness_usd": 0.007248623007293196,
    "equity_jerkiness_w_btc": 0.022352960835071975,
    "equity_jerkiness_w_usd": 0.004816144535410086,
    "expected_shortfall_1pct_btc": 0.19739278725591375,
    "expected_shortfall_1pct_strategy_eq": 0.22217638725921246,
    "expected_shortfall_1pct_usd": 0.22217638725921218,
    "exponential_fit_error_btc": 0.5752173479093934,
    "exponential_fit_error_usd": 0.2011505937270993,
    "exponential_fit_error_w_btc": 0.0855857624312406,
    "exponential_fit_error_w_usd": 0.026052845096071885,
    "exposure_mean_ratio_btc": 0.045791659879847145,
    "exposure_mean_ratio_usd": 0.05462846955158038,
    "exposure_mean_ratio_w_btc": 0.08036538175947713,
    "exposure_mean_ratio_w_usd": 0.04235868271554019,
    "exposure_ratio_btc": 0.0008294555177483382,
    "exposure_ratio_usd": 0.0009895226688571544,
    "exposure_ratio_w_btc": 0.0008555926793807182,
    "exposure_ratio_w_usd": 0.0005396508281604156,
    "gain_btc": 216.14643709385558,
    "gain_per_exposure_long_btc": 72.04881236461853,
    "gain_per_exposure_long_usd": 202.98512540064027,
    "gain_per_exposure_short_btc": 0.0,
    "gain_per_exposure_short_usd": 0.0,
    "gain_strategy_eq": 608.9553762019214,
    "gain_usd": 608.9553762019208,
    "hard_stop_duration_minutes_max": 0.0,
    "hard_stop_duration_minutes_mean": 0.0,
    "hard_stop_flatten_time_minutes_mean": 0.0,
    "hard_stop_halt_to_restart_equity_loss_pct": 0.0,
    "hard_stop_panic_close_loss_max": 0.0,
    "hard_stop_panic_close_loss_sum": 0.0,
    "hard_stop_post_restart_retrigger_pct": 0.0,
    "hard_stop_restarts": 0,
    "hard_stop_restarts_long": 0,
    "hard_stop_restarts_per_year": 0.0,
    "hard_stop_restarts_per_year_long": 0.0,
    "hard_stop_restarts_per_year_short": 0.0,
    "hard_stop_restarts_short": 0,
    "hard_stop_time_in_orange_pct": 0.0,
    "hard_stop_time_in_red_pct": 0.0,
    "hard_stop_time_in_yellow_pct": 0.0,
    "hard_stop_trigger_drawdown_mean": 0.0,
    "hard_stop_triggers": 0,
    "hard_stop_triggers_long": 0,
    "hard_stop_triggers_per_year": 0.0,
    "hard_stop_triggers_short": 0,
    "high_exposure_days_max_long": 12.418055555555556,
    "high_exposure_days_max_short": 0.0,
    "high_exposure_days_mean_long": 0.3256820712694877,
    "high_exposure_days_mean_short": 0.0,
    "high_exposure_hours_max_long": 298.03333333333336,
    "high_exposure_hours_max_short": 0.0,
    "high_exposure_hours_mean_long": 7.816369710467706,
    "high_exposure_hours_mean_short": 0.0,
    "liquidated": false,
    "long_short_profit_ratio": 1.0,
    "loss_profit_ratio": 0.059116429476504244,
    "loss_profit_ratio_long": 0.059116429476504244,
    "loss_profit_ratio_short": 1.0,
    "loss_profit_ratio_w": 0.05393813200245098,
    "mdg_btc": 0.0,
    "mdg_per_exposure_long_btc": 0.0,
    "mdg_per_exposure_long_usd": 9.138441530106394e-05,
    "mdg_per_exposure_short_btc": 0.0,
    "mdg_per_exposure_short_usd": 0.0,
    "mdg_pnl": 0.00035423778505901625,
    "mdg_pnl_w": 0.00034051367078764735,
    "mdg_strategy_eq": 0.0002741532459032808,
    "mdg_strategy_eq_w": 2.7415324590328083e-05,
    "mdg_usd": 0.0002741532459031918,
    "mdg_w_btc": 0.0,
    "mdg_w_per_exposure_long_btc": 0.0,
    "mdg_w_per_exposure_long_usd": 9.138441530106394e-06,
    "mdg_w_per_exposure_short_btc": 0.0,
    "mdg_w_per_exposure_short_usd": 0.0,
    "mdg_w_usd": 2.7415324590319183e-05,
    "omega_ratio_btc": 1.4221551017110314,
    "omega_ratio_strategy_eq": 6.4213932026974545,
    "omega_ratio_strategy_eq_w": 4.748861481743047,
    "omega_ratio_usd": 6.421393202697469,
    "omega_ratio_w_btc": 1.6078220455532541,
    "omega_ratio_w_usd": 4.748861481743034,
    "paper_loss_mean_ratio_btc": 0.025701536654649495,
    "paper_loss_mean_ratio_usd": 0.0932767378904784,
    "paper_loss_mean_ratio_w_btc": 0.2933397571531393,
    "paper_loss_mean_ratio_w_usd": 0.25989451415452486,
    "paper_loss_ratio_btc": 0.0031485105568895715,
    "paper_loss_ratio_usd": 0.004022235230141732,
    "paper_loss_ratio_w_btc": 0.17784049780401237,
    "paper_loss_ratio_w_usd": 0.006999681125547696,
    "peak_recovery_days_equity_btc": 1054.067361111111,
    "peak_recovery_days_equity_usd": 118.12569444444445,
    "peak_recovery_days_pnl": 24.7625,
    "peak_recovery_days_strategy_eq": 133.9152777777778,
    "peak_recovery_days_strategy_eq_long": 0.0,
    "peak_recovery_days_strategy_eq_short": 0.0,
    "peak_recovery_hours_equity_btc": 25297.616666666665,
    "peak_recovery_hours_equity_usd": 2835.016666666667,
    "peak_recovery_hours_pnl": 594.3,
    "peak_recovery_hours_strategy_eq": 3213.966666666667,
    "peak_recovery_hours_strategy_eq_long": 0.0,
    "peak_recovery_hours_strategy_eq_short": 0.0,
    "pnl_ratio_long_short": 1.0,
    "position_held_days_max": 12.991666666666667,
    "position_held_days_mean": 0.21885641661801905,
    "position_held_days_median": 0.035416666666666666,
    "position_held_hours_max": 311.8,
    "position_held_hours_mean": 5.252553998832457,
    "position_held_hours_median": 0.85,