{"analysis": {"adg": 0.0025085298008806767,
              "adg_per_exposure_long": 0.0010217627798788957,
              "adg_per_exposure_short": 0.0,
              "adg_w": 0.0029923620925376817,
              "adg_w_per_exposure_long": 0.0012188351156929176,
              "adg_w_per_exposure_short": 0.0,
              "calmar_ratio": 0.003390941821125114,
              "calmar_ratio_w": 0.016099224692324495,
              "drawdown_worst": 0.7397737658761562,
              "drawdown_worst_mean_1pct": 0.2520572693367814,
              "equity_balance_diff_neg_max": 0.7430382186594835,
              "equity_balance_diff_neg_mean": 0.03635479845030166,
              "equity_balance_diff_pos_max": 0.15306524905724891,
              "equity_balance_diff_pos_mean": 0.003696658774324937,
              "equity_choppiness": 1.3642893621295622,
              "equity_choppiness_w": 1.2206605691174408,
              "equity_jerkiness": 0.006569742050561741,
              "equity_jerkiness_w": 0.006347707313606579,
              "expected_shortfall_1pct": 0.21486704870472037,
              "exponential_fit_error": 0.015416396317028246,
              "exponential_fit_error_w": 0.007806892714610693,
              "gain": 36.242120623341634,
              "gain_per_exposure_long": 14.761973289618197,
              "gain_per_exposure_short": 0.0,
              "loss_profit_ratio": 0.059873210074972746,
              "loss_profit_ratio_long": 0.059873210074972746,
              "loss_profit_ratio_short": 1.0,
              "loss_profit_ratio_w": 0.03980739875120617,
              "mdg": 0.0,
              "mdg_per_exposure_long": 0.0,
              "mdg_per_exposure_short": 0.0,
              "mdg_w": 0.0,
              "mdg_w_per_exposure_long": 0.0,
              "mdg_w_per_exposure_short": 0.0,
              "omega_ratio": 5.327785358072822,
              "omega_ratio_w": 1264.050098909543,
              "pnl_ratio_long_short": 1.0,
              "position_held_hours_max": 116.8,
              "position_held_hours_mean": 0.6465736914600551,
              "position_held_hours_median": 0.18333333333333332,
              "position_unchanged_hours_max": 50.65,
              "positions_held_per_day": 0.6757168147770395,
              "sharpe_ratio": 0.03620894291052612,
              "sharpe_ratio_w": 0.0709277983996923,
              "sortino_ratio": 0.03122421855338645,
              "sortino_ratio_w": 0.05690551596483787,
              "sterling_ratio": 0.009952221602182612,
              "sterling_ratio_w": 0.017816247499493586},
 "backtest": {"base_dir": "backtests/pbgui/DOGE_adg_omega_sharpe_e75tr_c100tr",
              "cache_dir": {"bybit": "caches/hlcvs_data/f42a208e347cb752"},
              "coins": {"bybit": ["DOGE"]},
              "combine_ohlcvs": false,
              "compress_cache": true,
              "end_date": "2025-05-05",
              "exchanges": ["bybit", "binance"],
              "gap_tolerance_ohlcvs_minutes": 120,
              "start_date": "2020-01-01",
              "starting_balance": 1000,
              "use_btc_collateral": false},
 "bot": {"long": {"close_grid_markup_range": 0.080871,
                  "close_grid_min_markup": 0.074534,
                  "close_grid_qty_pct": 0.35246,
                  "close_trailing_grid_ratio": -1,
                  "close_trailing_qty_pct": 0.13997,
                  "close_trailing_retracement_pct": 0.0036103,
                  "close_trailing_threshold_pct": 0.0036659,
                  "ema_span_0": 145.87,
                  "ema_span_1": 162.45,
                  "enforce_exposure_limit": true,
                  "entry_grid_double_down_factor": 2.2204,
                  "entry_grid_spacing_pct": 0.021222,
                  "entry_grid_spacing_weight": 0.67022,
                  "entry_initial_ema_dist": 0.03522,
                  "entry_initial_qty_pct": 0.14353,
                  "entry_trailing_double_down_factor": 1.8943,
                  "entry_trailing_grid_ratio": -0.75418,
                  "entry_trailing_retracement_pct": 0.039081,
                  "entry_trailing_threshold_pct": -0.037036,
                  "filter_noisiness_rolling_window": 60,
                  "filter_volume_drop_pct": 0,
                  "filter_volume_rolling_window": 60,
                  "n_positions": 1,
                  "total_wallet_exposure_limit": 2.4551,
                  "unstuck_close_pct": 0.016206,
                  "unstuck_ema_dist": 0.0012072,
                  "unstuck_loss_allowance_pct": 0.23349,
                  "unstuck_threshold": 0.86714},
         "short": {"close_grid_markup_range": 0.02,
                   "close_grid_min_markup": 0.02,
                   "close_grid_qty_pct": 0.1,
                   "close_trailing_grid_ratio": 0,
                   "close_trailing_qty_pct": 0.1,
                   "close_trailing_retracement_pct": 0.003,
                   "close_trailing_threshold_pct": 0,
                   "ema_span_0": 200,
                   "ema_span_1": 200,
                   "enforce_exposure_limit": true,
                   "entry_grid_double_down_factor": 0.6,
                   "entry_grid_spacing_pct": 0.01,
                   "entry_grid_spacing_weight": 0.2,
                   "entry_initial_ema_dist": 0,
                   "entry_initial_qty_pct": 0.025,
                   "entry_trailing_double_down_factor": 0.1,
                   "entry_trailing_grid_ratio": 0,
                   "entry_trailing_retracement_pct": 0,
                   "entry_trailing_threshold_pct": 0,
                   "filter_noisiness_rolling_window": 60,
                   "filter_volume_drop_pct": 0.53,
                   "filter_volume_rolling_window": 60,
                   "n_positions": 0,
                   "total_wallet_exposure_limit": 0,
                   "unstuck_close_pct": 0.005,
                   "unstuck_ema_dist": 0,
                   "unstuck_loss_allowance_pct": 0.01,
                   "unstuck_threshold": 0.55}},
 "disable_plotting": false,
 "live": {"approved_coins": {"long": ["DOGEUSDT"], "short": []},
          "auto_gs": true,
          "coin_flags": {},
          "empty_means_all_approved": false,
          "execution_delay_seconds": 2,
          "filter_by_min_effective_cost": true,
          "forced_mode_long": "",
          "forced_mode_short": "",
          "ignored_coins": {"long": [], "short": []},
          "leverage": 10,
          "market_orders_allowed": true,
          "max_n_cancellations_per_batch": 5,
          "max_n_creations_per_batch": 3,
          "max_n_restarts_per_day": 10,
          "minimum_coin_age_days": 30,
          "ohlcvs_1m_rolling_window_days": 4,
          "ohlcvs_1m_update_after_minutes": 10,
          "pnls_max_lookback_days": 30,
          "price_distance_threshold": 0.002,
          "time_in_force": "good_till_cancelled",
          "user": "bybit_01"},
 "optimize": {"bounds": {"long_close_grid_markup_range": [0.02, 0.1],
                         "long_close_grid_min_markup": [0.02, 0.1],
                         "long_close_grid_qty_pct": [0, 0.4],
                         "long_close_trailing_grid_ratio": [-1, -1],
                         "long_close_trailing_qty_pct": [0.1, 0.25],
                         "long_close_trailing_retracement_pct": [0.003, 0.01],
                         "long_close_trailing_threshold_pct": [0.001, 0.005],
                         "long_ema_span_0": [100, 800],
                         "long_ema_span_1": [100, 800],
                         "long_entry_grid_double_down_factor": [0.6, 3],
                         "long_entry_grid_spacing_pct": [0.01, 0.12],
                         "long_entry_grid_spacing_weight": [0.2, 2],
                         "long_entry_initial_ema_dist": [-0.001, 0.05],
                         "long_entry_initial_qty_pct": [0.02, 0.2],
                         "long_entry_trailing_double_down_factor": [0.6, 3],