{
    "adg_btc": 0.0009398819205497233,
    "adg_per_exposure_long_btc": 0.0003147101692783269,
    "adg_per_exposure_long_usd": 0.00043076753030628665,
    "adg_per_exposure_short_btc": 0.0,
    "adg_per_exposure_short_usd": 0.0,
    "adg_pnl": 0.002751650397344733,
    "adg_pnl_w": 0.0014239797478330372,
    "adg_strategy_eq": 0.0012864872292597251,
    "adg_strategy_eq_w": 0.0006034228120872287,
    "adg_usd": 0.0012864872292597251,
    "adg_w_btc": 0.0016411074360855981,
    "adg_w_per_exposure_long_btc": 0.0005495086007318259,
    "adg_w_per_exposure_long_usd": 0.0002020501630963431,
    "adg_w_per_exposure_short_btc": 0.0,
    "adg_w_per_exposure_short_usd": 0.0,
    "adg_w_usd": 0.0006034228120872287,
    "backtest_completion_ratio": 1.0,
    "calmar_ratio_btc": 0.0009322605270557236,
    "calmar_ratio_strategy_eq": 0.001335753673925048,
    "calmar_ratio_strategy_eq_w": 0.003937966097632885,
    "calmar_ratio_usd": 0.0013357536739250478,
    "calmar_ratio_w_btc": 0.005885751366841864,
    "calmar_ratio_w_usd": 0.003937966097632884,
    "drawdown_worst_btc": 1.0081751755789443,
    "drawdown_worst_ema_strategy_eq": 0.0,
    "drawdown_worst_ema_strategy_eq_long": 0.0,
    "drawdown_worst_ema_strategy_eq_short": 0.0,
    "drawdown_worst_mean_1pct_btc": 0.7948141221134624,
    "drawdown_worst_mean_1pct_ema_strategy_eq": 0.0,
    "drawdown_worst_mean_1pct_ema_strategy_eq_long": 0.0,
    "drawdown_worst_mean_1pct_ema_strategy_eq_short": 0.0,
    "drawdown_worst_mean_1pct_strategy_eq": 0.19030841311049718,
    "drawdown_worst_mean_1pct_strategy_eq_long": 0.0,
    "drawdown_worst_mean_1pct_strategy_eq_short": 0.0,
    "drawdown_worst_mean_1pct_usd": 0.19030841311049718,
    "drawdown_worst_strategy_eq": 0.9631171183527006,
    "drawdown_worst_strategy_eq_long": 0.0,
    "drawdown_worst_strategy_eq_short": 0.0,
    "drawdown_worst_usd": 0.9631171183527009,
    "entry_initial_balance_pct_long": 0.076113939,
    "entry_initial_balance_pct_short": 0.0,
    "entry_interval_hours_max": 507.8333333333333,
    "entry_interval_hours_mean": 12.518589571594669,
    "entry_interval_hours_median": 0.4666666666666667,
    "entry_interval_hours_p95": 68.42833333333321,
    "entry_interval_hours_p99": 167.8289999999998,
    "equity_balance_diff_neg_max_btc": 1.0156839935111064,
    "equity_balance_diff_neg_max_usd": 0.9510114016159298,
    "equity_balance_diff_neg_mean_btc": 0.1098266062810489,
    "equity_balance_diff_neg_mean_usd": 0.003825727221531687,
    "equity_balance_diff_pos_max_btc": 1.8976878737638574,
    "equity_balance_diff_pos_max_usd": 0.7528243873546472,
    "equity_balance_diff_pos_mean_btc": 0.17305073300265447,
    "equity_balance_diff_pos_mean_usd": 0.03738377338684194,
    "equity_choppiness_btc": 22.058804975208666,
    "equity_choppiness_usd": 1.3431686947178796,
    "equity_choppiness_w_btc": 13.983318256434142,
    "equity_choppiness_w_usd": 1.542679835935452,
    "equity_jerkiness_btc": 0.025415502738852683,
    "equity_jerkiness_usd": 0.0026047119786739787,
    "equity_jerkiness_w_btc": 0.01952916327414799,
    "equity_jerkiness_w_usd": 0.0015468396787560843,
    "expected_shortfall_1pct_btc": 0.2296728345115524,
    "expected_shortfall_1pct_strategy_eq": 0.1585296233243823,
    "expected_shortfall_1pct_usd": 0.15852962332438242,
    "exponential_fit_error_btc": 0.2863065555754602,
    "exponential_fit_error_usd": 0.024929878222862082,
    "exponential_fit_error_w_btc": 0.04667948248399213,
    "exponential_fit_error_w_usd": 0.0031137654601240084,
    "exposure_mean_ratio_btc": 0.06983410288722892,
    "exposure_mean_ratio_usd": 0.09558720044182062,
    "exposure_mean_ratio_w_btc": 0.14580999298121994,
    "exposure_mean_ratio_w_usd": 0.04445594172739437,
    "exposure_ratio_btc": 0.00030943233339630774,
    "exposure_ratio_usd": 0.00042354335851205204,
    "exposure_ratio_w_btc": 0.0008809392394819893,
    "exposure_ratio_w_usd": 0.00025291538195250444,
    "gain_btc": 6.234074362291842,
    "gain_per_exposure_long_btc": 2.087418169191978,
    "gain_per_exposure_long_usd": 4.097448047688158,
    "gain_per_exposure_short_btc": 0.0,
    "gain_per_exposure_short_usd": 0.0,
    "gain_strategy_eq": 12.237028594420677,
    "gain_usd": 12.237028594420686,
    "hard_stop_duration_minutes_max": 0.0,
    "hard_stop_duration_minutes_mean": 0.0,
    "hard_stop_flatten_time_minutes_mean": 0.0,
    "hard_stop_halt_to_restart_equity_loss_pct": 0.0,
    "hard_stop_panic_close_loss_max": 0.0,
    "hard_stop_panic_close_loss_sum": 0.0,
    "hard_stop_post_restart_retrigger_pct": 0.0,
    "hard_stop_restarts": 0,
    "hard_stop_restarts_long": 0,
    "hard_stop_restarts_per_year": 0.0,
    "hard_stop_restarts_per_year_long": 0.0,
    "hard_stop_restarts_per_year_short": 0.0,
    "hard_stop_restarts_short": 0,
    "hard_stop_time_in_orange_pct": 0.0,
    "hard_stop_time_in_red_pct": 0.0,
    "hard_stop_time_in_yellow_pct": 0.0,
    "hard_stop_trigger_drawdown_mean": 0.0,
    "hard_stop_triggers": 0,
    "hard_stop_triggers_long": 0,
    "hard_stop_triggers_per_year": 0.0,
    "hard_stop_triggers_short": 0,
    "high_exposure_days_max_long": 3.4333333333333336,
    "high_exposure_days_max_short": 0.0,
    "high_exposure_days_mean_long": 0.01768254074670004,
    "high_exposure_days_mean_short": 0.0,
    "high_exposure_hours_max_long": 82.4,
    "high_exposure_hours_max_short": 0.0,
    "high_exposure_hours_mean_long": 0.42438097792080093,
    "high_exposure_hours_mean_short": 0.0,
    "liquidated": false,
    "long_short_profit_ratio": 1.0,
    "loss_profit_ratio": 0.10736542189169583,
    "loss_profit_ratio_long": 0.10736542189169583,
    "loss_profit_ratio_short": 1.0,
    "loss_profit_ratio_w": 0.12566856856366743,
    "mdg_btc": 0.0,
    "mdg_per_exposure_long_btc": 0.0,
    "mdg_per_exposure_long_usd": 0.0,
    "mdg_per_exposure_short_btc": 0.0,
    "mdg_per_exposure_short_usd": 0.0,
    "mdg_pnl": 0.00035125047677578145,
    "mdg_pnl_w": 0.00024534650142681144,
    "mdg_strategy_eq": 0.0,
    "mdg_strategy_eq_w": 0.0,
    "mdg_usd": 0.0,
    "mdg_w_btc": 0.0,
    "mdg_w_per_exposure_long_btc": 0.0,
    "mdg_w_per_exposure_long_usd": 0.0,
    "mdg_w_per_exposure_short_btc": 0.0,
    "mdg_w_per_exposure_short_usd": 0.0,
    "mdg_w_usd": 0.0,
    "omega_ratio_btc": 1.226317787729357,
    "omega_ratio_strategy_eq": 10.00730238093886,
    "omega_ratio_strategy_eq_w": 5.786865805830876,
    "omega_ratio_usd": 10.007302380938794,
    "omega_ratio_w_btc": 1.4290421357456005,
    "omega_ratio_w_usd": 5.786865805830804,
    "paper_loss_mean_ratio_btc": 0.008557870923777277,
    "paper_loss_mean_ratio_usd": 0.33627259727750813,
    "paper_loss_mean_ratio_w_btc": 0.343447171106663,
    "paper_loss_mean_ratio_w_usd": 0.24242547419415486,
    "paper_loss_ratio_btc": 0.0009253684478187515,
    "paper_loss_ratio_usd": 0.0013527568934229022,
    "paper_loss_ratio_w_btc": 0.18486316371539133,
    "paper_loss_ratio_w_usd": 0.005359443753741836,
    "peak_recovery_days_equity_btc": 213.25972222222222,
    "peak_recovery_days_equity_usd": 80.16666666666667,
    "peak_recovery_days_pnl": 45.11041666666667,
    "peak_recovery_days_strategy_eq": 80.16666666666667,
    "peak_recovery_days_strategy_eq_long": 0.0,
    "peak_recovery_days_strategy_eq_short": 0.0,
    "peak_recovery_hours_equity_btc": 5118.233333333334,
    "peak_recovery_hours_equity_usd": 1924.0,
    "peak_recovery_hours_pnl": 1082.65,
    "peak_recovery_hours_strategy_eq": 1924.0,
    "peak_recovery_hours_strategy_eq_long": 0.0,
    "peak_recovery_hours_strategy_eq_short": 0.0,
    "pnl_ratio_long_short": 1.0,
    "position_held_days_max": 3.4333333333333336,
    "position_held_days_mean": 0.017686079079884388,
    "position_held_days_median": 0.004166666666666667,
    "position_held_hours_max": 82.4,
    "position_held_hours_mean": 0.42446589791722533,
    "position_held_hours_median": 0.1,
    "position_unchanged_days_max": 2.8152777777777778,
    "position_unchanged_hours_max": 67.56666666666666,