{
    "adg": 0.0023148467486258095,
    "adg_w": 0.001174353613227419,
    "calmar_ratio": 0.009610665721999999,
    "calmar_ratio_w": 0.012219939876607726,
    "drawdown_worst": 0.24086226860714133,
    "drawdown_worst_mean_1pct": 0.07866058245716089,
    "equity_balance_diff_neg_max": 0.21009937523047698,
    "equity_balance_diff_neg_mean": 0.0015770951679325812,
    "equity_balance_diff_pos_max": 0.2954434232497896,
    "equity_balance_diff_pos_mean": 0.0031251438864038582,
    "equity_choppiness": 1.1520233950114538,
    "equity_choppiness_w": 1.1723673766965403,
    "equity_jerkiness": 0.004396953209392981,
    "equity_jerkiness_w": 0.002487685878185832,
    "expected_shortfall_1pct": 0.06887319581369411,
    "exponential_fit_error": 0.26705958510488004,
    "exponential_fit_error_w": 0.029347317150634555,
    "gain": 74.26024330621043,
    "loss_profit_ratio": 0.05304346953476731,
    "loss_profit_ratio_long": 0.05304346953476731,
    "loss_profit_ratio_short": 1.0,
    "loss_profit_ratio_w": 0.060811587255129654,
    "mdg": 0.0,
    "mdg_w": 0.0,
    "omega_ratio": 26.17297903286171,
    "omega_ratio_w": 18.786813809232665,
    "pnl_ratio_long_short": 1.0,
    "position_held_hours_max": 80.08333333333333,
    "position_held_hours_mean": 1.5119583333333333,
    "position_held_hours_median": 0.38333333333333336,
    "position_unchanged_hours_max": 72.18333333333334,
    "positions_held_per_day": 1.0737918722903532,
    "sharpe_ratio": 0.0786613956229217,
    "sharpe_ratio_w": 0.06855793819764956,
    "sortino_ratio": 0.1287097074493289,
    "sortino_ratio_w": 0.08555884111205757,
    "sterling_ratio": 0.02942829402371247,
    "sterling_ratio_w": 0.02090044716176904
}