{
    "adg": 0.01739270858921138,
    "adg_per_exposure_long": 0.002221858532091387,
    "adg_per_exposure_short": 0.0,
    "adg_w": 0.018128818777893296,
    "adg_w_per_exposure_long": 0.002315894069735986,
    "adg_w_per_exposure_short": 0.0,
    "calmar_ratio": 0.050671592208457676,
    "calmar_ratio_w": 0.0770153496513897,
    "drawdown_worst": 0.3432437748879013,
    "drawdown_worst_mean_1pct": 0.31438522240223626,
    "equity_balance_diff_neg_max": 0.38928000484397385,
    "equity_balance_diff_neg_mean": 0.012301056220753157,
    "equity_balance_diff_pos_max": 0.35896611228563313,
    "equity_balance_diff_pos_mean": 0.012637768948379957,
    "equity_choppiness": 1.476543265922879,
    "equity_choppiness_w": 1.5054138890525695,
    "equity_jerkiness": 0.04127949533975803,
    "equity_jerkiness_w": 0.05024977441363078,
    "expected_shortfall_1pct": 0.30192126648002204,
    "exponential_fit_error": 0.043408133799561405,
    "exponential_fit_error_w": 0.015649561051532236,
    "gain": 285.9352046621365,
    "gain_per_exposure_long": 36.527236160211615,
    "gain_per_exposure_short": 0.0,
    "loss_profit_ratio": 0.08186964708482364,
    "loss_profit_ratio_long": 0.08186964708482364,
    "loss_profit_ratio_short": 1.0,
    "loss_profit_ratio_w": 0.06658418790966368,
    "mdg": 0.0007521775604650692,
    "mdg_per_exposure_long": 9.608808897101037e-05,
    "mdg_per_exposure_short": 0.0,
    "mdg_w": 0.0006351550634678174,
    "mdg_w_per_exposure_long": 8.113886860856124e-05,
    "mdg_w_per_exposure_short": 0.0,
    "omega_ratio": 7.389845175360029,
    "omega_ratio_w": 5.634753877062328,
    "pnl_ratio_long_short": 1.0,
    "position_held_hours_max": 322.56666666666666,
    "position_held_hours_mean": 43.43438818565401,
    "position_held_hours_median": 12.691666666666666,
    "position_unchanged_hours_max": 314.5833333333333,
    "positions_held_per_day": 0.4817073170731707,
    "sharpe_ratio": 0.15704169468313103,
    "sharpe_ratio_w": 0.16045347237580138,
    "sortino_ratio": 0.3067280281832866,
    "sortino_ratio_w": 0.35816911124010437,
    "sterling_ratio": 0.05532292025786917,
    "sterling_ratio_w": 0.07748048245633084,
    "volume_pct_per_day_avg": 4.298971982008835,
    "volume_pct_per_day_avg_w": 6.426223373219273
}