{
    "adg": 0.03577480511273157,
    "adg_per_exposure_long": 0.003974978345859063,
    "adg_per_exposure_short": 0.0,
    "adg_w": 0.02264511813378909,
    "adg_w_per_exposure_long": 0.0025161242370876765,
    "adg_w_per_exposure_short": 0.0,
    "calmar_ratio": 0.11925901525594078,
    "calmar_ratio_w": 0.12217005040691724,
    "drawdown_worst": 0.29997568767405597,
    "drawdown_worst_mean_1pct": 0.29997568767405597,
    "equity_balance_diff_neg_max": 0.3137516884520044,
    "equity_balance_diff_neg_mean": 0.01490413304192118,
    "equity_balance_diff_pos_max": 1.1003267850454357,
    "equity_balance_diff_pos_mean": 0.012131301702948665,
    "equity_choppiness": 1.2691974485145794,
    "equity_choppiness_w": 1.1241198539514194,
    "equity_jerkiness": 0.062086360400488726,
    "equity_jerkiness_w": 0.03535932969231624,
    "expected_shortfall_1pct": 0.28789762330165825,
    "exponential_fit_error": 0.24981974830192968,
    "exponential_fit_error_w": 0.03329381896559548,
    "gain": 579.4647678592746,
    "gain_per_exposure_long": 64.38497420658607,
    "gain_per_exposure_short": 0.0,
    "loss_profit_ratio": 0.00830844534873565,
    "loss_profit_ratio_long": 0.00830844534873565,
    "loss_profit_ratio_short": 1.0,
    "loss_profit_ratio_w": 0.007600640028203098,
    "mdg": 0.008973532730998567,
    "mdg_per_exposure_long": 0.0009970591923331741,
    "mdg_per_exposure_short": 0.0,
    "mdg_w": 0.007031197168261186,
    "mdg_w_per_exposure_long": 0.0007812441298067984,
    "mdg_w_per_exposure_short": 0.0,
    "omega_ratio": 16.800156709194706,
    "omega_ratio_w": 25.252788248556225,
    "pnl_ratio_long_short": 1.0,
    "position_held_hours_max": 26.016666666666666,
    "position_held_hours_mean": 1.0228119180633146,
    "position_held_hours_median": 0.16666666666666666,
    "position_unchanged_hours_max": 24.05,
    "positions_held_per_day": 4.94475138121547,
    "sharpe_ratio": 0.12978677192246527,
    "sharpe_ratio_w": 0.1814832874904879,
    "sortino_ratio": 0.39283298007931605,
    "sortino_ratio_w": 0.3344651407655924,
    "sterling_ratio": 0.11925901525594078,
    "sterling_ratio_w": 0.12217005040691724,
    "volume_pct_per_day_avg": 9.218939815926657,
    "volume_pct_per_day_avg_w": 5.875028617480591
}