{"analysis": {"adg": 0.0018279461698100796,
              "adg_w": 0.000949494971098086,
              "calmar_ratio": 0.0024156523199698123,
              "calmar_ratio_w": 0.027411647960250956,
              "drawdown_worst": 0.7567091318145166,
              "drawdown_worst_mean_1pct": 0.2266916429682386,
              "equity_balance_diff_neg_max": 0.6641544732344697,
              "equity_balance_diff_neg_mean": 0.0073342748646059224,
              "equity_balance_diff_pos_max": 0.2521238554715532,
              "equity_balance_diff_pos_mean": 0.007295637178234185,
              "equity_choppiness": 1.2684533058197116,
              "equity_choppiness_w": 1.062795007551263,
              "equity_jerkiness": 0.004994410845467207,
              "equity_jerkiness_w": 0.0020338013661743873,
              "expected_shortfall_1pct": 0.17919614954042107,
              "exponential_fit_error": 0.2764320744201891,
              "exponential_fit_error_w": 0.028166139468896272,
              "gain": 34.95061388736454,
              "loss_profit_ratio": 0.25638731587958025,
              "loss_profit_ratio_long": 0.25638731587958025,
              "loss_profit_ratio_short": 1.0,
              "loss_profit_ratio_w": 0.1134926411050472,
              "mdg": 0.0,
              "mdg_w": 0.0,
              "omega_ratio": 5.137026417482532,
              "omega_ratio_w": 101.96103281872682,
              "pnl_ratio_long_short": 1.0,
              "position_held_hours_max": 86.15,
              "position_held_hours_mean": 0.6787146830625091,
              "position_held_hours_median": 0.15,
              "position_unchanged_hours_max": 47.61666666666667,
              "positions_held_per_day": 1.1700924974306268,
              "sharpe_ratio": 0.02731574876286544,
              "sharpe_ratio_w": 0.08500357512204763,
              "sortino_ratio": 0.033594018126949954,
              "sortino_ratio_w": 0.1424574926309965,
              "sterling_ratio": 0.00806357987385618,
              "sterling_ratio_w": 0.038044689139118855},
 "backtest": {"base_dir": "backtests/pbgui/BTC_adg_sharp_omega_ema0_2_grid_50",
              "cache_dir": {"binance": "caches/hlcvs_data/9ff302dd46c3a42d"},
              "coins": {"binance": ["BTC"]},
              "combine_ohlcvs": false,
              "compress_cache": true,
              "end_date": "2025-04-30",
              "exchanges": ["binance", "bybit"],
              "gap_tolerance_ohlcvs_minutes": 120,
              "start_date": "2020-01-01",
              "starting_balance": 100000,
              "use_btc_collateral": false},
 "bot": {"long": {"close_grid_markup_range": 0,
                  "close_grid_min_markup": 0,
                  "close_grid_qty_pct": 0,
                  "close_trailing_grid_ratio": -1,
                  "close_trailing_qty_pct": 0.19546,
                  "close_trailing_retracement_pct": 0.0041936,
                  "close_trailing_threshold_pct": 0.0032938,
                  "ema_span_0": 142.27,
                  "ema_span_1": 204.78,
                  "enforce_exposure_limit": true,
                  "entry_grid_double_down_factor": 1.5851,
                  "entry_grid_spacing_pct": 0.014831,
                  "entry_grid_spacing_weight": 0.47644,
                  "entry_initial_ema_dist": 0.018598,
                  "entry_initial_qty_pct": 0.030289,
                  "entry_trailing_double_down_factor": 1.6487,
                  "entry_trailing_grid_ratio": -0.50009,
                  "entry_trailing_retracement_pct": 0.0029076,
                  "entry_trailing_threshold_pct": -0.072235,
                  "filter_relative_volume_clip_pct": 0,
                  "filter_rolling_window": 60,
                  "n_positions": 1,
                  "total_wallet_exposure_limit": 1.993,
                  "unstuck_close_pct": 0.0079102,
                  "unstuck_ema_dist": -0.078743,
                  "unstuck_loss_allowance_pct": 0.18365,
                  "unstuck_threshold": 0.55581},
         "short": {"close_grid_markup_range": 0.01,
                   "close_grid_min_markup": 0.002,
                   "close_grid_qty_pct": 0.05,
                   "close_trailing_grid_ratio": 0,
                   "close_trailing_qty_pct": 0.05,
                   "close_trailing_retracement_pct": 0,
                   "close_trailing_threshold_pct": 0,
                   "ema_span_0": 200,
                   "ema_span_1": 200,
                   "enforce_exposure_limit": true,
                   "entry_grid_double_down_factor": 0.1,
                   "entry_grid_spacing_pct": 0.01,
                   "entry_grid_spacing_weight": 0.2,
                   "entry_initial_ema_dist": 0,
                   "entry_initial_qty_pct": 0.025,
                   "entry_trailing_double_down_factor": 0.1,
                   "entry_trailing_grid_ratio": 0,
                   "entry_trailing_retracement_pct": 0,
                   "entry_trailing_threshold_pct": 0,
                   "filter_relative_volume_clip_pct": 0,
                   "filter_rolling_window": 10,
                   "n_positions": 0,
                   "total_wallet_exposure_limit": 0,
                   "unstuck_close_pct": 0.005,
                   "unstuck_ema_dist": 0,
                   "unstuck_loss_allowance_pct": 0.01,
                   "unstuck_threshold": 0.7}},
 "disable_plotting": false,
 "live": {"approved_coins": {"long": ["BTCUSDT"], "short": []},
          "auto_gs": true,
          "coin_flags": {},
          "empty_means_all_approved": false,
          "execution_delay_seconds": 2,
          "filter_by_min_effective_cost": true,
          "forced_mode_long": "",
          "forced_mode_short": "",
          "ignored_coins": {"long": [], "short": []},
          "leverage": 10,
          "market_orders_allowed": true,
          "max_n_cancellations_per_batch": 5,
          "max_n_creations_per_batch": 3,
          "max_n_restarts_per_day": 10,
          "minimum_coin_age_days": 30,
          "ohlcvs_1m_rolling_window_days": 4,
          "ohlcvs_1m_update_after_minutes": 10,
          "pnls_max_lookback_days": 30,
          "price_distance_threshold": 0.002,
          "time_in_force": "good_till_cancelled",
          "user": "bybit_01"},
 "optimize": {"bounds": {"long_close_grid_markup_range": [0, 0],
                         "long_close_grid_min_markup": [0, 0],
                         "long_close_grid_qty_pct": [0, 0],
                         "long_close_trailing_grid_ratio": [-1, -1],
                         "long_close_trailing_qty_pct": [0.1, 0.25],
                         "long_close_trailing_retracement_pct": [0.003, 0.01],
                         "long_close_trailing_threshold_pct": [0.001, 0.005],
                         "long_ema_span_0": [100, 800],
                         "long_ema_span_1": [100, 800],
                         "long_entry_grid_double_down_factor": [0.6, 1.75],
                         "long_entry_grid_spacing_pct": [0.01, 0.12],
                         "long_entry_grid_spacing_weight": [0.2, 2],
                         "long_entry_initial_ema_dist": [-0.001, 0.02],
                         "long_entry_initial_qty_pct": [0.025, 0.2],
                         "long_entry_trailing_double_down_factor": [0.6, 1.75],
                         "long_entry_trailing_grid_ratio": [-1, -0.5],
                         "long_entry_trailing_retracement_pct": [0, 0.15],
                         "long_entry_trailing_threshold_pct": [-0.1, 0.1],
                         "long_filter_relative_volume_clip_pct": [0, 0],
                         "long_filter_rolling_window": [60, 60],
                         "long_n_positions": [1, 1],
                         "long_total_wallet_exposure_limit": [1, 2],
                         "long_unstuck_close_pct": [0.005, 0.05],
                         "long_unstuck_ema_dist": [-0.1, 0.01],
                         "long_unstuck_loss_allowance_pct": [0.05, 0.25],