{"analysis": {"adg": 0.007664047804732288,
              "adg_w": 0.004291890562908951,
              "calmar_ratio": 0.012391267356276192,
              "calmar_ratio_w": 0.008876561773068652,
              "drawdown_worst": 0.6185039499491098,
              "drawdown_worst_mean_1pct": 0.34258692169465377,
              "equity_balance_diff_neg_max": 0.6507623267471611,
              "equity_balance_diff_neg_mean": 0.03004785835930725,
              "equity_balance_diff_pos_max": 0.24794379690861212,
              "equity_balance_diff_pos_mean": 0.0038287002111651353,
              "equity_choppiness": 1.6187917288136582,
              "equity_choppiness_w": 1.9563066027201343,
              "equity_jerkiness": 0.0117029639817946,
              "equity_jerkiness_w": 0.0120587429989908,
              "expected_shortfall_1pct": 0.31521073948426837,
              "exponential_fit_error": 3.1482139931366633,
              "exponential_fit_error_w": 0.32361670427400696,
              "gain": 557466.2551905353,
              "loss_profit_ratio": 0.13569957158832605,
              "loss_profit_ratio_long": 0.13569957158832605,
              "loss_profit_ratio_short": 1.0,
              "loss_profit_ratio_w": 0.14654328205131353,
              "mdg": 0.0,
              "mdg_w": 0.0,
              "omega_ratio": 14.551608763927943,
              "omega_ratio_w": 4.983709333764574,
              "pnl_ratio_long_short": 1.0,
              "position_held_hours_max": 98.18333333333334,
              "position_held_hours_mean": 0.5065535851966075,
              "position_held_hours_median": 0.11666666666666667,
              "position_unchanged_hours_max": 37.31666666666667,
              "positions_held_per_day": 2.2452403688371034,
              "sharpe_ratio": 0.07648333867424088,
              "sharpe_ratio_w": 0.06384600045973732,
              "sortino_ratio": 0.09471118983151049,
              "sortino_ratio_w": 0.06421265038747344,
              "sterling_ratio": 0.0223711044391917,
              "sterling_ratio_w": 0.0118685633347855},
 "backtest": {"base_dir": "backtests/pbgui/DOGE_adg_omega_sharpe",
              "cache_dir": {"binance": "caches/hlcvs_data/6d34d863d2ee4dd9"},
              "coins": {"binance": ["DOGE"]},
              "combine_ohlcvs": false,
              "compress_cache": true,
              "end_date": "2025-04-29",
              "exchanges": ["bybit", "binance"],
              "gap_tolerance_ohlcvs_minutes": 120,
              "start_date": "2020-01-01",
              "starting_balance": 1000,
              "use_btc_collateral": false},
 "bot": {"long": {"close_grid_markup_range": 0.074879,
                  "close_grid_min_markup": 0.075906,
                  "close_grid_qty_pct": 0.27717,
                  "close_trailing_grid_ratio": -1,
                  "close_trailing_qty_pct": 0.13932,
                  "close_trailing_retracement_pct": 0.0044338,
                  "close_trailing_threshold_pct": 0.0044042,
                  "ema_span_0": 123.22,
                  "ema_span_1": 130.46,
                  "enforce_exposure_limit": true,
                  "entry_grid_double_down_factor": 1.1625,
                  "entry_grid_spacing_pct": 0.014422,
                  "entry_grid_spacing_weight": 1.7916,
                  "entry_initial_ema_dist": 0.023502,
                  "entry_initial_qty_pct": 0.12675,
                  "entry_trailing_double_down_factor": 1.5826,
                  "entry_trailing_grid_ratio": -0.34409,
                  "entry_trailing_retracement_pct": 0.039698,
                  "entry_trailing_threshold_pct": 0.090279,
                  "filter_relative_volume_clip_pct": 0,
                  "filter_rolling_window": 60,
                  "n_positions": 1,
                  "total_wallet_exposure_limit": 1.9807,
                  "unstuck_close_pct": 0.025244,
                  "unstuck_ema_dist": -0.0046757,
                  "unstuck_loss_allowance_pct": 0.060649,
                  "unstuck_threshold": 0.81575},
         "short": {"close_grid_markup_range": 0.02,
                   "close_grid_min_markup": 0.02,
                   "close_grid_qty_pct": 0.1,
                   "close_trailing_grid_ratio": 0,
                   "close_trailing_qty_pct": 0.1,
                   "close_trailing_retracement_pct": 0.003,
                   "close_trailing_threshold_pct": 0,
                   "ema_span_0": 200,
                   "ema_span_1": 200,
                   "enforce_exposure_limit": true,
                   "entry_grid_double_down_factor": 0.6,
                   "entry_grid_spacing_pct": 0.01,
                   "entry_grid_spacing_weight": 0.2,
                   "entry_initial_ema_dist": 0,
                   "entry_initial_qty_pct": 0.025,
                   "entry_trailing_double_down_factor": 0.1,
                   "entry_trailing_grid_ratio": 0,
                   "entry_trailing_retracement_pct": 0,
                   "entry_trailing_threshold_pct": 0,
                   "filter_relative_volume_clip_pct": 0.53,
                   "filter_rolling_window": 60,
                   "n_positions": 0,
                   "total_wallet_exposure_limit": 0,
                   "unstuck_close_pct": 0.005,
                   "unstuck_ema_dist": 0,
                   "unstuck_loss_allowance_pct": 0.01,
                   "unstuck_threshold": 0.55}},
 "disable_plotting": false,
 "live": {"approved_coins": {"long": ["DOGEUSDT"], "short": []},
          "auto_gs": true,
          "coin_flags": {},
          "empty_means_all_approved": false,
          "execution_delay_seconds": 2,
          "filter_by_min_effective_cost": true,
          "forced_mode_long": "",
          "forced_mode_short": "",
          "ignored_coins": {"long": [], "short": []},
          "leverage": 10,
          "market_orders_allowed": true,
          "max_n_cancellations_per_batch": 5,
          "max_n_creations_per_batch": 3,
          "max_n_restarts_per_day": 10,
          "minimum_coin_age_days": 30,
          "ohlcvs_1m_rolling_window_days": 4,
          "ohlcvs_1m_update_after_minutes": 10,
          "pnls_max_lookback_days": 30,
          "price_distance_threshold": 0.002,
          "time_in_force": "good_till_cancelled",
          "user": "bybit_01"},
 "optimize": {"bounds": {"long_close_grid_markup_range": [0.02, 0.1],
                         "long_close_grid_min_markup": [0.02, 0.1],
                         "long_close_grid_qty_pct": [0, 0.4],
                         "long_close_trailing_grid_ratio": [-1, -1],
                         "long_close_trailing_qty_pct": [0.1, 0.25],
                         "long_close_trailing_retracement_pct": [0.003, 0.01],
                         "long_close_trailing_threshold_pct": [0.001, 0.005],
                         "long_ema_span_0": [100, 800],
                         "long_ema_span_1": [100, 800],
                         "long_entry_grid_double_down_factor": [0.6, 1.75],
                         "long_entry_grid_spacing_pct": [0.01, 0.12],
                         "long_entry_grid_spacing_weight": [0.2, 2],
                         "long_entry_initial_ema_dist": [-0.001, 0.05],
                         "long_entry_initial_qty_pct": [0.025, 0.2],
                         "long_entry_trailing_double_down_factor": [0.6, 1.75],
                         "long_entry_trailing_grid_ratio": [-1, 1],
                         "long_entry_trailing_retracement_pct": [0, 0.15],
                         "long_entry_trailing_threshold_pct": [-0.1, 0.1],
                         "long_filter_relative_volume_clip_pct": [0, 0],
                         "long_filter_rolling_window": [60, 60],
                         "long_n_positions": [1, 1],
                         "long_total_wallet_exposure_limit": [1, 2],
                         "long_unstuck_close_pct": [0.005, 0.05],
                         "long_unstuck_ema_dist": [-0.1, 0.01],