{"analysis": {"adg": 0.0950155490336071,
              "adg_per_exposure_long": 0.005278641612978172,
              "adg_per_exposure_short": 0.0,
              "adg_w": 0.06066701588279264,
              "adg_w_per_exposure_long": 0.003370389771266258,
              "adg_w_per_exposure_short": 0.0,
              "calmar_ratio": 0.11012334564340036,
              "calmar_ratio_w": 0.14488147331252277,
              "drawdown_worst": 0.8628102286438419,
              "drawdown_worst_mean_1pct": 0.8628102286438419,
              "equity_balance_diff_neg_max": 0.862766949127674,
              "equity_balance_diff_neg_mean": 0.03185956431347179,
              "equity_balance_diff_pos_max": 0.7748724496857126,
              "equity_balance_diff_pos_mean": 0.03115938356642177,
              "equity_choppiness": 1.232725512069205,
              "equity_choppiness_w": 1.1414119590342844,
              "equity_jerkiness": 0.16606949451224517,
              "equity_jerkiness_w": 0.1052718628944745,
              "expected_shortfall_1pct": 0.8617127270245857,
              "exponential_fit_error": 1.8867898349640995,
              "exponential_fit_error_w": 0.2540725285380284,
              "gain": 13648087.21352695,
              "gain_per_exposure_long": 758227.0674181639,
              "gain_per_exposure_short": 0.0,
              "loss_profit_ratio": 0.12537805169364047,
              "loss_profit_ratio_long": 0.12537805169364047,
              "loss_profit_ratio_short": 1.0,
              "loss_profit_ratio_w": 0.11203951314556373,
              "mdg": 0.010370984068196122,
              "mdg_per_exposure_long": 0.0005761657815664512,
              "mdg_per_exposure_short": 0.0,
              "mdg_w": 0.007446672433406562,
              "mdg_w_per_exposure_long": 0.00041370402407814235,
              "mdg_w_per_exposure_short": 0.0,
              "omega_ratio": 19.40509276573379,
              "omega_ratio_w": 21.48414314928663,
              "pnl_ratio_long_short": 1.0,
              "position_held_hours_max": 30.7,
              "position_held_hours_mean": 0.643700652248541,
              "position_held_hours_median": 0.15,
              "position_unchanged_hours_max": 28.916666666666668,
              "positions_held_per_day": 10.7292817679558,
              "sharpe_ratio": 0.06028871740250802,
              "sharpe_ratio_w": 0.15117104009339014,
              "sortino_ratio": 0.347502024087665,
              "sortino_ratio_w": 0.421618270109712,
              "sterling_ratio": 0.11012334564340036,
              "sterling_ratio_w": 0.14488147331252277,
              "volume_pct_per_day_avg": 27.818301628808836,
              "volume_pct_per_day_avg_w": 20.95453193532645},
 "backtest": {"base_dir": "backtests/pbgui/HYPE_cpt_adg_omega_sharpe_grtr_maxdd75_eema15",
              "cache_dir": {"bybit": "caches/hlcvs_data/60347e4d92303158"},
              "coins": {"bybit": ["HYPE"]},
              "combine_ohlcvs": false,
              "compress_cache": true,
              "end_date": "2025-07-04",
              "exchanges": ["bybit", "binance"],
              "gap_tolerance_ohlcvs_minutes": 120,
              "start_date": "2020-01-01",
              "starting_balance": 1000,
              "use_btc_collateral": false},
 "bot": {"long": {"close_grid_markup_end": 0.014689,
                  "close_grid_markup_start": 0.028089,
                  "close_grid_qty_pct": 0.19158,
                  "close_trailing_grid_ratio": 0.54181,
                  "close_trailing_qty_pct": 0.079015,
                  "close_trailing_retracement_pct": 0.0045988,
                  "close_trailing_threshold_pct": 0.0011087,
                  "ema_span_0": 287.55,
                  "ema_span_1": 761.09,
                  "enforce_exposure_limit": true,
                  "entry_grid_double_down_factor": 8.615,
                  "entry_grid_spacing_pct": 0.08019,
                  "entry_grid_spacing_weight": 1.0774,
                  "entry_initial_ema_dist": 0.01299,
                  "entry_initial_qty_pct": 0.050343,
                  "entry_trailing_double_down_factor": 7.9601,
                  "entry_trailing_grid_ratio": -0.041523,
                  "entry_trailing_retracement_pct": 0.027739,
                  "entry_trailing_threshold_pct": -0.023419,
                  "filter_noisiness_rolling_window": 60,
                  "filter_volume_drop_pct": 0,
                  "filter_volume_rolling_window": 60,
                  "n_positions": 1,
                  "total_wallet_exposure_limit": 18,
                  "unstuck_close_pct": 0.033455,
                  "unstuck_ema_dist": -0.0020544,
                  "unstuck_loss_allowance_pct": 0.062918,
                  "unstuck_threshold": 0.70165},
         "short": {"close_grid_markup_end": 0.001,
                   "close_grid_markup_start": 0.001,
                   "close_grid_qty_pct": 0.1,
                   "close_trailing_grid_ratio": -1,
                   "close_trailing_qty_pct": 0.1,
                   "close_trailing_retracement_pct": 0.003,
                   "close_trailing_threshold_pct": -0.001,
                   "ema_span_0": 200,
                   "ema_span_1": 200,
                   "enforce_exposure_limit": true,
                   "entry_grid_double_down_factor": 0.6,
                   "entry_grid_spacing_pct": 0.01,
                   "entry_grid_spacing_weight": 0.2,
                   "entry_initial_ema_dist": -0.001,
                   "entry_initial_qty_pct": 0.025,
                   "entry_trailing_double_down_factor": 0.1,
                   "entry_trailing_grid_ratio": -1,
                   "entry_trailing_retracement_pct": 0,
                   "entry_trailing_threshold_pct": -0.1,
                   "filter_noisiness_rolling_window": 60,
                   "filter_volume_drop_pct": 0.53,
                   "filter_volume_rolling_window": 60,
                   "n_positions": 0,
                   "total_wallet_exposure_limit": 0,
                   "unstuck_close_pct": 0.005,
                   "unstuck_ema_dist": -0.1,
                   "unstuck_loss_allowance_pct": 0.01,
                   "unstuck_threshold": 0.55}},
 "disable_plotting": false,
 "live": {"approved_coins": {"long": ["HYPEUSDT"], "short": []},
          "auto_gs": true,
          "coin_flags": {},
          "empty_means_all_approved": false,
          "execution_delay_seconds": 2,
          "filter_by_min_effective_cost": true,
          "forced_mode_long": "",
          "forced_mode_short": "",
          "ignored_coins": {"long": [], "short": []},
          "leverage": 10,
          "market_orders_allowed": true,
          "max_n_cancellations_per_batch": 5,
          "max_n_creations_per_batch": 3,
          "max_n_restarts_per_day": 10,
          "mimic_backtest_1m_delay": false,
          "minimum_coin_age_days": 30,
          "ohlcvs_1m_rolling_window_days": 4,
          "ohlcvs_1m_update_after_minutes": 10,
          "pnls_max_lookback_days": 30,
          "price_distance_threshold": 0.002,
          "time_in_force": "good_till_cancelled",
          "user": "bybit_01"},
 "optimize": {"bounds": {"long_close_grid_markup_end": [0.001, 0.03],
                         "long_close_grid_markup_start": [0.001, 0.03],
                         "long_close_grid_qty_pct": [0.05, 0.4],
                         "long_close_trailing_grid_ratio": [-1, 1],
                         "long_close_trailing_qty_pct": [0.05, 0.25],
                         "long_close_trailing_retracement_pct": [0.003, 0.01],
                         "long_close_trailing_threshold_pct": [0.001, 0.005],
                         "long_ema_span_0": [50, 800],
                         "long_ema_span_1": [50, 800],
                         "long_entry_grid_double_down_factor": [0.4, 10],
                         "long_entry_grid_spacing_pct": [0.01, 0.12],
                         "long_entry_grid_spacing_weight": [0.2, 2],