{
    "adg_btc": 0.0027232310279228233,
    "adg_per_exposure_long_btc": 0.0011236305611168607,
    "adg_per_exposure_long_usd": 0.0011740182698823257,
    "adg_per_exposure_short_btc": 0.0,
    "adg_per_exposure_short_usd": 0.0,
    "adg_pnl": 0.005018546886200865,
    "adg_pnl_w": 0.003744726883667224,
    "adg_strategy_eq": 0.0028453506788868044,
    "adg_strategy_eq_w": 0.0018081798083214417,
    "adg_usd": 0.0028453506788868044,
    "adg_w_btc": 0.0030064832580468217,
    "adg_w_per_exposure_long_btc": 0.0012405030772597878,
    "adg_w_per_exposure_long_usd": 0.0007460718799807896,
    "adg_w_per_exposure_short_btc": 0.0,
    "adg_w_per_exposure_short_usd": 0.0,
    "adg_w_usd": 0.0018081798083214417,
    "backtest_completion_ratio": 1.0,
    "calmar_ratio_btc": 0.0034340842812242206,
    "calmar_ratio_strategy_eq": 0.004072632636449514,
    "calmar_ratio_strategy_eq_w": 0.004087057885450062,
    "calmar_ratio_usd": 0.004072632636449505,
    "calmar_ratio_w_btc": 0.006971030073494379,
    "calmar_ratio_w_usd": 0.004087057885450055,
    "drawdown_worst_btc": 0.7930006385725675,
    "drawdown_worst_ema_strategy_eq": 0.0,
    "drawdown_worst_ema_strategy_eq_long": 0.0,
    "drawdown_worst_ema_strategy_eq_short": 0.0,
    "drawdown_worst_mean_1pct_btc": 0.5689832819572178,
    "drawdown_worst_mean_1pct_ema_strategy_eq": 0.0,
    "drawdown_worst_mean_1pct_ema_strategy_eq_long": 0.0,
    "drawdown_worst_mean_1pct_ema_strategy_eq_short": 0.0,
    "drawdown_worst_mean_1pct_strategy_eq": 0.35624716685129065,
    "drawdown_worst_mean_1pct_strategy_eq_long": 0.0,
    "drawdown_worst_mean_1pct_strategy_eq_short": 0.0,
    "drawdown_worst_mean_1pct_usd": 0.3562471668512904,
    "drawdown_worst_strategy_eq": 0.6986514456082531,
    "drawdown_worst_strategy_eq_long": 0.0,
    "drawdown_worst_strategy_eq_short": 0.0,
    "drawdown_worst_usd": 0.6986514456082548,
    "entry_initial_balance_pct_long": 0.2423503056,
    "entry_initial_balance_pct_short": 0.0,
    "entry_interval_hours_max": 535.2666666666667,
    "entry_interval_hours_mean": 13.136808891400584,
    "entry_interval_hours_median": 0.8833333333333333,
    "entry_interval_hours_p95": 66.25666666666666,
    "entry_interval_hours_p99": 170.2966666666666,
    "equity_balance_diff_neg_max_btc": 0.6602034498856097,
    "equity_balance_diff_neg_max_usd": 0.6942212544302419,
    "equity_balance_diff_neg_mean_btc": 0.1015317029932202,
    "equity_balance_diff_neg_mean_usd": 0.04418331325831321,
    "equity_balance_diff_pos_max_btc": 3.433086652409868,
    "equity_balance_diff_pos_max_usd": 2.1034922577668738,
    "equity_balance_diff_pos_mean_btc": 0.24092762210981714,
    "equity_balance_diff_pos_mean_usd": 0.09769834445089427,
    "equity_choppiness_btc": 7.729746061963499,
    "equity_choppiness_usd": 2.6555784967877476,
    "equity_choppiness_w_btc": 4.640130116621106,
    "equity_choppiness_w_usd": 2.6886197249845343,
    "equity_jerkiness_btc": 0.029196636464146032,
    "equity_jerkiness_usd": 0.009689286740890672,
    "equity_jerkiness_w_btc": 0.0218189523846936,
    "equity_jerkiness_w_usd": 0.007730541907011434,
    "expected_shortfall_1pct_btc": 0.2558760444551333,
    "expected_shortfall_1pct_strategy_eq": 0.26328770396790996,
    "expected_shortfall_1pct_usd": 0.2632877039679101,
    "exponential_fit_error_btc": 0.41715172305744386,
    "exponential_fit_error_usd": 0.10865255934660319,
    "exponential_fit_error_w_btc": 0.07845461944835123,
    "exponential_fit_error_w_usd": 0.022249850040291834,
    "exposure_mean_ratio_btc": 0.0254711738272858,
    "exposure_mean_ratio_usd": 0.026613394529656255,
    "exposure_mean_ratio_w_btc": 0.036433061637955885,
    "exposure_mean_ratio_w_usd": 0.01981267944436077,
    "exposure_ratio_btc": 0.0011108717615793398,
    "exposure_ratio_usd": 0.0011606873190545671,
    "exposure_ratio_w_btc": 0.0012647961918304262,
    "exposure_ratio_w_usd": 0.0007497373277912632,
    "gain_btc": 201.5026528762436,
    "gain_per_exposure_long_btc": 83.14187690883132,
    "gain_per_exposure_long_usd": 105.44003657439266,
    "gain_per_exposure_short_btc": 0.0,
    "gain_per_exposure_short_usd": 0.0,
    "gain_strategy_eq": 255.5444726416986,
    "gain_usd": 255.54447264169806,
    "hard_stop_duration_minutes_max": 0.0,
    "hard_stop_duration_minutes_mean": 0.0,
    "hard_stop_flatten_time_minutes_mean": 0.0,
    "hard_stop_halt_to_restart_equity_loss_pct": 0.0,
    "hard_stop_panic_close_loss_max": 0.0,
    "hard_stop_panic_close_loss_sum": 0.0,
    "hard_stop_post_restart_retrigger_pct": 0.0,
    "hard_stop_restarts": 0,
    "hard_stop_restarts_long": 0,
    "hard_stop_restarts_per_year": 0.0,
    "hard_stop_restarts_per_year_long": 0.0,
    "hard_stop_restarts_per_year_short": 0.0,
    "hard_stop_restarts_short": 0,
    "hard_stop_time_in_orange_pct": 0.0,
    "hard_stop_time_in_red_pct": 0.0,
    "hard_stop_time_in_yellow_pct": 0.0,
    "hard_stop_trigger_drawdown_mean": 0.0,
    "hard_stop_triggers": 0,
    "hard_stop_triggers_long": 0,
    "hard_stop_triggers_per_year": 0.0,
    "hard_stop_triggers_short": 0,
    "high_exposure_days_max_long": 15.359722222222222,
    "high_exposure_days_max_short": 0.0,
    "high_exposure_days_mean_long": 0.08581551724137931,
    "high_exposure_days_mean_short": 0.0,
    "high_exposure_hours_max_long": 368.6333333333333,
    "high_exposure_hours_max_short": 0.0,
    "high_exposure_hours_mean_long": 2.0595724137931035,
    "high_exposure_hours_mean_short": 0.0,
    "liquidated": false,
    "long_short_profit_ratio": 1.0,
    "loss_profit_ratio": 0.1362613346911214,
    "loss_profit_ratio_long": 0.1362613346911214,
    "loss_profit_ratio_short": 1.0,
    "loss_profit_ratio_w": 0.0830985866068247,
    "mdg_btc": 0.0,
    "mdg_per_exposure_long_btc": 0.0,
    "mdg_per_exposure_long_usd": 0.0,
    "mdg_per_exposure_short_btc": 0.0,
    "mdg_per_exposure_short_usd": 0.0,
    "mdg_pnl": 0.0014084437260775168,
    "mdg_pnl_w": 0.0010214889033194495,
    "mdg_strategy_eq": 0.0,
    "mdg_strategy_eq_w": 0.0,
    "mdg_usd": 0.0,
    "mdg_w_btc": 0.0,
    "mdg_w_per_exposure_long_btc": 0.0,
    "mdg_w_per_exposure_long_usd": 0.0,
    "mdg_w_per_exposure_short_btc": 0.0,
    "mdg_w_per_exposure_short_usd": 0.0,
    "mdg_w_usd": 0.0,
    "omega_ratio_btc": 1.474626962306295,
    "omega_ratio_strategy_eq": 2.9055919099368936,
    "omega_ratio_strategy_eq_w": 2.7489432571021566,
    "omega_ratio_usd": 2.905591909936893,
    "omega_ratio_w_btc": 1.8060651413809001,
    "omega_ratio_w_usd": 2.748943257102155,
    "paper_loss_mean_ratio_btc": 0.026821484793815263,
    "paper_loss_mean_ratio_usd": 0.06439876209037908,
    "paper_loss_mean_ratio_w_btc": 0.5187490405389836,
    "paper_loss_mean_ratio_w_usd": 0.14345001695661344,
    "paper_loss_ratio_btc": 0.004124836106801115,
    "paper_loss_ratio_usd": 0.004098622248640353,
    "paper_loss_ratio_w_btc": 0.05848252959074433,
    "paper_loss_ratio_w_usd": 0.006648400061621715,
    "peak_recovery_days_equity_btc": 1015.0506944444445,
    "peak_recovery_days_equity_usd": 82.73472222222223,
    "peak_recovery_days_pnl": 67.8638888888889,
    "peak_recovery_days_strategy_eq": 82.73472222222222,
    "peak_recovery_days_strategy_eq_long": 0.0,
    "peak_recovery_days_strategy_eq_short": 0.0,
    "peak_recovery_hours_equity_btc": 24361.216666666667,
    "peak_recovery_hours_equity_usd": 1985.6333333333334,
    "peak_recovery_hours_pnl": 1628.7333333333333,
    "peak_recovery_hours_strategy_eq": 1985.6333333333332,
    "peak_recovery_hours_strategy_eq_long": 0.0,
    "peak_recovery_hours_strategy_eq_short": 0.0,
    "pnl_ratio_long_short": 1.0,
    "position_held_days_max": 15.36736111111111,
    "position_held_days_mean": 0.08905911701026076,
    "position_held_days_median": 0.0062499999999999995,
    "position_held_hours_max": 368.81666666666666,
    "position_held_hours_mean": 2.137418808246258,
    "position_held_hours_median": 0.15,
    "position_unchanged_days_max": 5.142361111111112,