{
    "adg_btc": 0.0010341440918451017,
    "adg_per_exposure_long_btc": 0.0003471913287601899,
    "adg_per_exposure_long_usd": 0.000393834478924429,
    "adg_per_exposure_short_btc": 0.0,
    "adg_per_exposure_short_usd": 0.0,
    "adg_pnl": 0.001658491050908913,
    "adg_pnl_w": -0.0015449753099137215,
    "adg_strategy_eq": 0.0011730753789243042,
    "adg_strategy_eq_w": -0.0018484454522627925,
    "adg_usd": 0.0011730753789243042,
    "adg_w_btc": -0.0009283947412633275,
    "adg_w_per_exposure_long_btc": -0.0003116882902247121,
    "adg_w_per_exposure_long_usd": -0.00062057525423447,
    "adg_w_per_exposure_short_btc": 0.0,
    "adg_w_per_exposure_short_usd": 0.0,
    "adg_w_usd": -0.0018484454522627925,
    "backtest_completion_ratio": 1.0,
    "calmar_ratio_btc": 0.0010270825738606867,
    "calmar_ratio_strategy_eq": 0.0012194501727748306,
    "calmar_ratio_strategy_eq_w": -0.002212316983170426,
    "calmar_ratio_usd": 0.0012194501727748293,
    "calmar_ratio_w_btc": -0.0010778041849856261,
    "calmar_ratio_w_usd": -0.002212316983170428,
    "drawdown_worst_btc": 1.0068753167117532,
    "drawdown_worst_ema_strategy_eq": 0.0,
    "drawdown_worst_ema_strategy_eq_long": 0.0,
    "drawdown_worst_ema_strategy_eq_short": 0.0,
    "drawdown_worst_mean_1pct_btc": 0.7710410209317807,
    "drawdown_worst_mean_1pct_ema_strategy_eq": 0.0,
    "drawdown_worst_mean_1pct_ema_strategy_eq_long": 0.0,
    "drawdown_worst_mean_1pct_ema_strategy_eq_short": 0.0,
    "drawdown_worst_mean_1pct_strategy_eq": 0.6758034304435006,
    "drawdown_worst_mean_1pct_strategy_eq_long": 0.0,
    "drawdown_worst_mean_1pct_strategy_eq_short": 0.0,
    "drawdown_worst_mean_1pct_usd": 0.6758034304434999,
    "drawdown_worst_strategy_eq": 0.9619707349378601,
    "drawdown_worst_strategy_eq_long": 0.0,
    "drawdown_worst_strategy_eq_short": 0.0,
    "drawdown_worst_usd": 0.9619707349378611,
    "entry_initial_balance_pct_long": 0.054171798199999996,
    "entry_initial_balance_pct_short": 0.0,
    "entry_interval_hours_max": 823.35,
    "entry_interval_hours_mean": 14.311644263832447,
    "entry_interval_hours_median": 3.8333333333333335,
    "entry_interval_hours_p95": 58.23833333333329,
    "entry_interval_hours_p99": 149.11966666666663,
    "equity_balance_diff_neg_max_btc": 1.0117046755184766,
    "equity_balance_diff_neg_max_usd": 0.9544008136592732,
    "equity_balance_diff_neg_mean_btc": 0.10440910105567379,
    "equity_balance_diff_neg_mean_usd": 0.06685183212775926,
    "equity_balance_diff_pos_max_btc": 1.620399820812138,
    "equity_balance_diff_pos_max_usd": 0.6785891553513569,
    "equity_balance_diff_pos_mean_btc": 0.17086244524466457,
    "equity_balance_diff_pos_mean_usd": 0.04881153890672895,
    "equity_choppiness_btc": 58.43514201066217,
    "equity_choppiness_usd": 17.18092195732478,
    "equity_choppiness_w_btc": 34.421846029759216,
    "equity_choppiness_w_usd": 34.32308323944745,
    "equity_jerkiness_btc": 0.03211800635927381,
    "equity_jerkiness_usd": 0.01212403018448992,
    "equity_jerkiness_w_btc": 0.0378324510751842,
    "equity_jerkiness_w_usd": 0.023014733685099334,
    "expected_shortfall_1pct_btc": 0.2446489363697389,
    "expected_shortfall_1pct_strategy_eq": 0.2503124455842988,
    "expected_shortfall_1pct_usd": 0.2503124455842985,
    "exponential_fit_error_btc": 0.33914973661328757,
    "exponential_fit_error_usd": 0.056994723578771195,
    "exponential_fit_error_w_btc": 0.07967380772809778,
    "exponential_fit_error_w_usd": 0.044855690318452476,
    "exposure_mean_ratio_btc": 0.004857090733840985,
    "exposure_mean_ratio_usd": 0.005509612826684959,
    "exposure_mean_ratio_w_btc": -0.001958205148047102,
    "exposure_mean_ratio_w_usd": -0.003857799874497945,
    "exposure_ratio_btc": 0.0003419399624227165,
    "exposure_ratio_usd": 0.00038787762184350617,
    "exposure_ratio_w_btc": -0.00031155291719534093,
    "exposure_ratio_w_usd": -0.0006201433404483852,
    "gain_btc": 7.489273226430762,
    "gain_per_exposure_long_btc": 2.514360178080562,
    "gain_per_exposure_long_usd": 3.2948418402027424,
    "gain_per_exposure_short_btc": 0.0,
    "gain_per_exposure_short_usd": 0.0,
    "gain_strategy_eq": 9.814015905227853,
    "gain_usd": 9.814015905227889,
    "hard_stop_duration_minutes_max": 0.0,
    "hard_stop_duration_minutes_mean": 0.0,
    "hard_stop_flatten_time_minutes_mean": 0.0,
    "hard_stop_halt_to_restart_equity_loss_pct": 0.0,
    "hard_stop_panic_close_loss_max": 0.0,
    "hard_stop_panic_close_loss_sum": 0.0,
    "hard_stop_post_restart_retrigger_pct": 0.0,
    "hard_stop_restarts": 0,
    "hard_stop_restarts_long": 0,
    "hard_stop_restarts_per_year": 0.0,
    "hard_stop_restarts_per_year_long": 0.0,
    "hard_stop_restarts_per_year_short": 0.0,
    "hard_stop_restarts_short": 0,
    "hard_stop_time_in_orange_pct": 0.0,
    "hard_stop_time_in_red_pct": 0.0,
    "hard_stop_time_in_yellow_pct": 0.0,
    "hard_stop_trigger_drawdown_mean": 0.0,
    "hard_stop_triggers": 0,
    "hard_stop_triggers_long": 0,
    "hard_stop_triggers_per_year": 0.0,
    "hard_stop_triggers_short": 0,
    "high_exposure_days_max_long": 26.478472222222223,
    "high_exposure_days_max_short": 0.0,
    "high_exposure_days_mean_long": 0.7599111700039262,
    "high_exposure_days_mean_short": 0.0,
    "high_exposure_hours_max_long": 635.4833333333333,
    "high_exposure_hours_max_short": 0.0,
    "high_exposure_hours_mean_long": 18.237868080094227,
    "high_exposure_hours_mean_short": 0.0,
    "liquidated": false,
    "long_short_profit_ratio": 1.0,
    "loss_profit_ratio": 0.4829133119204979,
    "loss_profit_ratio_long": 0.4829133119204979,
    "loss_profit_ratio_short": 1.0,
    "loss_profit_ratio_w": 1.51717223326482,
    "mdg_btc": -0.0004356675660438501,
    "mdg_per_exposure_long_btc": -0.0001462658853299705,
    "mdg_per_exposure_long_usd": 9.16564074303827e-06,
    "mdg_per_exposure_short_btc": 0.0,
    "mdg_per_exposure_short_usd": 0.0,
    "mdg_pnl": 0.00011521366022089446,
    "mdg_pnl_w": -1.1394625156265123e-05,
    "mdg_strategy_eq": 2.7300777517213823e-05,
    "mdg_strategy_eq_w": -1.7600809118230218e-05,
    "mdg_usd": 2.7300777517213796e-05,
    "mdg_w_btc": -0.00035697645435596876,
    "mdg_w_per_exposure_long_btc": -0.0001198470604834381,
    "mdg_w_per_exposure_long_usd": -5.909087866194037e-06,
    "mdg_w_per_exposure_short_btc": 0.0,
    "mdg_w_per_exposure_short_usd": 0.0,
    "mdg_w_usd": -1.760080911824556e-05,
    "omega_ratio_btc": 1.2110801685035872,
    "omega_ratio_strategy_eq": 1.5783254540939424,
    "omega_ratio_strategy_eq_w": 1.0398219676749811,
    "omega_ratio_usd": 1.5783254540939442,
    "omega_ratio_w_btc": 1.097794113762686,
    "omega_ratio_w_usd": 1.0398219676749811,
    "paper_loss_mean_ratio_btc": 0.009904731305881733,
    "paper_loss_mean_ratio_usd": 0.017547393116802878,
    "paper_loss_mean_ratio_w_btc": -0.004887404096833592,
    "paper_loss_mean_ratio_w_usd": -0.004822396218982586,
    "paper_loss_ratio_btc": 0.001022179808860847,
    "paper_loss_ratio_usd": 0.0012291223583796097,
    "paper_loss_ratio_w_btc": -0.0011997784177250127,
    "paper_loss_ratio_w_usd": -0.0022987334119604626,
    "peak_recovery_days_equity_btc": 184.7923611111111,
    "peak_recovery_days_equity_usd": 108.01180555555555,
    "peak_recovery_days_pnl": 47.54027777777778,
    "peak_recovery_days_strategy_eq": 136.11805555555554,
    "peak_recovery_days_strategy_eq_long": 0.0,
    "peak_recovery_days_strategy_eq_short": 0.0,
    "peak_recovery_hours_equity_btc": 4435.016666666666,
    "peak_recovery_hours_equity_usd": 2592.2833333333333,
    "peak_recovery_hours_pnl": 1140.9666666666667,
    "peak_recovery_hours_strategy_eq": 3266.833333333333,
    "peak_recovery_hours_strategy_eq_long": 0.0,
    "peak_recovery_hours_strategy_eq_short": 0.0,
    "pnl_ratio_long_short": 1.0,
    "position_held_days_max": 39.86944444444445,
    "position_held_days_mean": 0.4252575537578649,
    "position_held_days_median": 0.07708333333333334,