{
    "adg": 0.0062206442063348355,
    "adg_per_exposure_long": 0.0012311524939804135,
    "adg_per_exposure_short": 0.0,
    "adg_w": 0.003993780417875814,
    "adg_w_per_exposure_long": 0.0007904250040326587,
    "adg_w_per_exposure_short": 0.0,
    "calmar_ratio": 0.0153799354332181,
    "calmar_ratio_w": 0.02056332261369273,
    "drawdown_worst": 0.4044649103597197,
    "drawdown_worst_mean_1pct": 0.25298778020801804,
    "equity_balance_diff_neg_max": 0.4092955662696508,
    "equity_balance_diff_neg_mean": 0.0030655010027977555,
    "equity_balance_diff_pos_max": 0.7507868817397879,
    "equity_balance_diff_pos_mean": 0.0008000533781123612,
    "equity_choppiness": 1.369484144032197,
    "equity_choppiness_w": 1.401233771847119,
    "equity_jerkiness": 0.010946286615951577,
    "equity_jerkiness_w": 0.00848497154586934,
    "expected_shortfall_1pct": 0.2386490206037256,
    "exponential_fit_error": 0.38331937202793065,
    "exponential_fit_error_w": 0.04445801426313821,
    "gain": 6757.149988447126,
    "gain_per_exposure_long": 1337.334492142246,
    "gain_per_exposure_short": 0.0,
    "loss_profit_ratio": 0.0033851436769674016,
    "loss_profit_ratio_long": 0.0033851436769674016,
    "loss_profit_ratio_short": 1.0,
    "loss_profit_ratio_w": 0.004729704617005942,
    "mdg": 0.0012724662070292133,
    "mdg_per_exposure_long": 0.00025183885982330505,
    "mdg_per_exposure_short": 0.0,
    "mdg_w": 0.0010600316332085233,
    "mdg_w_per_exposure_long": 0.00020979508643072483,
    "mdg_w_per_exposure_short": 0.0,
    "omega_ratio": 13.129853895903517,
    "omega_ratio_w": 7.878002489538356,
    "pnl_ratio_long_short": 1.0,
    "position_held_hours_max": 159.21666666666667,
    "position_held_hours_mean": 2.4112995809655016,
    "position_held_hours_median": 0.48333333333333334,
    "position_unchanged_hours_max": 149.58333333333334,
    "positions_held_per_day": 4.084540684068538,
    "sharpe_ratio": 0.07098850060747655,
    "sharpe_ratio_w": 0.08799048005581162,
    "sortino_ratio": 0.13772150535556807,
    "sortino_ratio_w": 0.13144828262271568,
    "sterling_ratio": 0.02458871413164675,
    "sterling_ratio_w": 0.024867080705089202,
    "volume_pct_per_day_avg": 1.5818106821739655,
    "volume_pct_per_day_avg_w": 1.260231962435815
}