{
    "adg": 0.007849140629548668,
    "adg_w": 0.0027374921005410167,
    "calmar_ratio": 0.013482951240049263,
    "calmar_ratio_w": 0.016161437042883614,
    "drawdown_worst": 0.5821530086257279,
    "drawdown_worst_mean_1pct": 0.284302940163681,
    "equity_balance_diff_neg_max": 0.8281442765998445,
    "equity_balance_diff_neg_mean": 0.005881210056929419,
    "equity_balance_diff_pos_max": 1.6573430879494104,
    "equity_balance_diff_pos_mean": 0.00925198646541616,
    "equity_choppiness": 1.1814952447038225,
    "equity_choppiness_w": 1.1187289895119272,
    "equity_jerkiness": 0.014291653606259787,
    "equity_jerkiness_w": 0.005446804484743176,
    "expected_shortfall_1pct": 0.21494812829332074,
    "exponential_fit_error": 3.155840373303564,
    "exponential_fit_error_w": 0.32932444602090216,
    "gain": 4084102.0340052983,
    "loss_profit_ratio": 0.05670619636091042,
    "loss_profit_ratio_long": 0.05670619636091042,
    "loss_profit_ratio_short": 1.0,
    "loss_profit_ratio_w": 0.04450387367778326,
    "mdg": 0.0,
    "mdg_w": 0.0,
    "omega_ratio": 29.524452124149317,
    "omega_ratio_w": 26.850957505093398,
    "pnl_ratio_long_short": 1.0,
    "position_held_hours_max": 89.73333333333333,
    "position_held_hours_mean": 1.2320299060473734,
    "position_held_hours_median": 0.3,
    "position_unchanged_hours_max": 72.2,
    "positions_held_per_day": 1.2937853107344632,
    "sharpe_ratio": 0.03480968041305263,
    "sharpe_ratio_w": 0.0585258670032617,
    "sortino_ratio": 0.1380972589532428,
    "sortino_ratio_w": 0.09525045150269085,
    "sterling_ratio": 0.027608369526638386,
    "sterling_ratio_w": 0.02136760861085508
}