{
    "adg": 0.05455129447636664,
    "adg_per_exposure_long": 0.003991460779715127,
    "adg_per_exposure_short": 0.0,
    "adg_w": 0.0154484602462315,
    "adg_w_per_exposure_long": 0.0011303475705152191,
    "adg_w_per_exposure_short": 0.0,
    "calmar_ratio": 0.17230389456705322,
    "calmar_ratio_w": 0.06183547826534143,
    "drawdown_worst": 0.31659931200880453,
    "drawdown_worst_mean_1pct": 0.31659931200880453,
    "equity_balance_diff_neg_max": 0.5670794119403986,
    "equity_balance_diff_neg_mean": 0.018313388496554252,
    "equity_balance_diff_pos_max": 1.5720857630440659,
    "equity_balance_diff_pos_mean": 0.018989521940551334,
    "equity_choppiness": 1.1760831488343766,
    "equity_choppiness_w": 1.2798804954815985,
    "equity_jerkiness": 0.09176011633804983,
    "equity_jerkiness_w": 0.03709183431252686,
    "expected_shortfall_1pct": 0.31659931200880453,
    "exponential_fit_error": 1.9795205913766754,
    "exponential_fit_error_w": 0.20252134556121737,
    "gain": 4653.350343387732,
    "gain_per_exposure_long": 340.48074510775825,
    "gain_per_exposure_short": 0.0,
    "loss_profit_ratio": 0.0008459417218346641,
    "loss_profit_ratio_long": 0.0008459417218346641,
    "loss_profit_ratio_short": 1.0,
    "loss_profit_ratio_w": 0.00019731877167948904,
    "mdg": 0.005934381586779128,
    "mdg_per_exposure_long": 0.00043421245238743893,
    "mdg_per_exposure_short": 0.0,
    "mdg_w": 0.0007446714542020928,
    "mdg_w_per_exposure_long": 5.448682623853756e-05,
    "mdg_w_per_exposure_short": 0.0,
    "omega_ratio": 31.23456018322377,
    "omega_ratio_w": 21.230926051798768,
    "pnl_ratio_long_short": 1.0,
    "position_held_hours_max": 28.866666666666667,
    "position_held_hours_mean": 0.5470980757293606,
    "position_held_hours_median": 0.05,
    "position_unchanged_hours_max": 17.4,
    "positions_held_per_day": 6.754716981132075,
    "sharpe_ratio": 0.17730725471249084,
    "sharpe_ratio_w": 0.10009090914892202,
    "sortino_ratio": 0.615655123097801,
    "sortino_ratio_w": 0.18491215089772792,
    "sterling_ratio": 0.17230389456705322,
    "sterling_ratio_w": 0.06183547826534143,
    "volume_pct_per_day_avg": 11.492182840491614,
    "volume_pct_per_day_avg_w": 5.1670683512983056
}