{
    "adg": 0.08656635522190004,
    "adg_per_exposure_long": 0.005771090348126669,
    "adg_per_exposure_short": 0.0,
    "adg_w": 0.05796293765240157,
    "adg_w_per_exposure_long": 0.003864195843493438,
    "adg_w_per_exposure_short": 0.0,
    "calmar_ratio": 0.10472889328535201,
    "calmar_ratio_w": 0.1624379376247068,
    "drawdown_worst": 0.8265756708230938,
    "drawdown_worst_mean_1pct": 0.8265756708230938,
    "equity_balance_diff_neg_max": 0.8865795214071398,
    "equity_balance_diff_neg_mean": 0.04439864871624149,
    "equity_balance_diff_pos_max": 1.6321443940599654,
    "equity_balance_diff_pos_mean": 0.038835204684207376,
    "equity_choppiness": 1.3035789706946663,
    "equity_choppiness_w": 1.0881700180577185,
    "equity_jerkiness": 0.14998106407093467,
    "equity_jerkiness_w": 0.08375837201742042,
    "expected_shortfall_1pct": 0.8265756708230938,
    "exponential_fit_error": 1.2927006250466944,
    "exponential_fit_error_w": 0.1746966406141334,
    "gain": 3358782.2009158987,
    "gain_per_exposure_long": 223918.81339439325,
    "gain_per_exposure_short": 0.0,
    "loss_profit_ratio": 0.0018477370989995444,
    "loss_profit_ratio_long": 0.0018477370989995444,
    "loss_profit_ratio_short": 1.0,
    "loss_profit_ratio_w": 0.0003743830390065597,
    "mdg": 0.01795681512993509,
    "mdg_per_exposure_long": 0.0011971210086623395,
    "mdg_per_exposure_short": 0.0,
    "mdg_w": 0.011638400690544452,
    "mdg_w_per_exposure_long": 0.0007758933793696302,
    "mdg_w_per_exposure_short": 0.0,
    "omega_ratio": 20.893064158041277,
    "omega_ratio_w": 50.68612746438044,
    "pnl_ratio_long_short": 1.0,
    "position_held_hours_max": 58.71666666666667,
    "position_held_hours_mean": 1.647557471264368,
    "position_held_hours_median": 0.25,
    "position_unchanged_hours_max": 58.71666666666667,
    "positions_held_per_day": 3.2044198895027622,
    "sharpe_ratio": 0.09182359263252304,
    "sharpe_ratio_w": 0.206514452585061,
    "sortino_ratio": 0.3350477165819573,
    "sortino_ratio_w": 0.43317873092749115,
    "sterling_ratio": 0.10472889328535201,
    "sterling_ratio_w": 0.1624379376247068,
    "volume_pct_per_day_avg": 23.35350066150877,
    "volume_pct_per_day_avg_w": 13.543496483242427
}