{
    "adg": 0.004641967490679688,
    "adg_per_exposure_long": 0.0007403102707493562,
    "adg_per_exposure_short": 0.0,
    "adg_w": 0.003938496367878863,
    "adg_w_per_exposure_long": 0.0006281192874150939,
    "adg_w_per_exposure_short": 0.0,
    "calmar_ratio": 0.009285969938150123,
    "calmar_ratio_w": 0.01223912009275717,
    "drawdown_worst": 0.4998904284202781,
    "drawdown_worst_mean_1pct": 0.28796682191162465,
    "equity_balance_diff_neg_max": 0.5010795099843354,
    "equity_balance_diff_neg_mean": 0.009318908958175252,
    "equity_balance_diff_pos_max": 0.151933451023502,
    "equity_balance_diff_pos_mean": 0.0009245662627868951,
    "equity_choppiness": 1.3729998600589355,
    "equity_choppiness_w": 1.4323623069527591,
    "equity_jerkiness": 0.008751086849896571,
    "equity_jerkiness_w": 0.008272995463639445,
    "expected_shortfall_1pct": 0.27346730266017855,
    "exponential_fit_error": 0.024966307596347537,
    "exponential_fit_error_w": 0.0107888896257986,
    "gain": 900.7899925395818,
    "gain_per_exposure_long": 143.65979180255837,
    "gain_per_exposure_short": 0.0,
    "loss_profit_ratio": 0.014812986469077917,
    "loss_profit_ratio_long": 0.014812986469077917,
    "loss_profit_ratio_short": 1.0,
    "loss_profit_ratio_w": 0.014593286696032926,
    "mdg": 0.0007742098926208517,
    "mdg_per_exposure_long": 0.00012347254399643586,
    "mdg_per_exposure_short": 0.0,
    "mdg_w": 0.0004087122149498726,
    "mdg_w_per_exposure_long": 6.518224246844212e-05,
    "mdg_w_per_exposure_short": 0.0,
    "omega_ratio": 10.192028008631054,
    "omega_ratio_w": 8.23037514548858,
    "pnl_ratio_long_short": 1.0,
    "position_held_hours_max": 151.36666666666667,
    "position_held_hours_mean": 0.7827372583479789,
    "position_held_hours_median": 0.21666666666666667,
    "position_unchanged_hours_max": 93.03333333333333,
    "positions_held_per_day": 7.749125650914828,
    "sharpe_ratio": 0.06458807620469748,
    "sharpe_ratio_w": 0.06597795503689349,
    "sortino_ratio": 0.08234535999964511,
    "sortino_ratio_w": 0.08460939782078683,
    "sterling_ratio": 0.01611979970423218,
    "sterling_ratio_w": 0.015438141543238063,
    "volume_pct_per_day_avg": 1.5573927519951871,
    "volume_pct_per_day_avg_w": 1.518554054336636
}