{"analysis": {"adg": 0.0032407963280500773,
              "adg_per_exposure_long": 0.0005401327213416796,
              "adg_per_exposure_short": 0.0,
              "adg_w": 0.003337108710695458,
              "adg_w_per_exposure_long": 0.0005561847851159096,
              "adg_w_per_exposure_short": 0.0,
              "calmar_ratio": 0.005473821462853051,
              "calmar_ratio_w": 0.005635904603280848,
              "drawdown_worst": 0.5920537142183147,
              "drawdown_worst_mean_1pct": 0.2403987489847999,
              "equity_balance_diff_neg_max": 0.5967247541585139,
              "equity_balance_diff_neg_mean": 0.003281613825368815,
              "equity_balance_diff_pos_max": 0.349811402992081,
              "equity_balance_diff_pos_mean": 0.001409464844670986,
              "equity_choppiness": 1.28466811175195,
              "equity_choppiness_w": 1.5118800681779823,
              "equity_jerkiness": 0.006468802931709025,
              "equity_jerkiness_w": 0.008059394074326409,
              "expected_shortfall_1pct": 0.2285841979672762,
              "exponential_fit_error": 0.09917512598271373,
              "exponential_fit_error_w": 0.021833407116638972,
              "gain": 123.68565169626568,
              "gain_per_exposure_long": 20.614275282710945,
              "gain_per_exposure_short": 0.0,
              "loss_profit_ratio": 0.055459328830706575,
              "loss_profit_ratio_long": 0.055459328830706575,
              "loss_profit_ratio_short": 1.0,
              "loss_profit_ratio_w": 0.08125367105457894,
              "mdg": 0.0003277620667888802,
              "mdg_per_exposure_long": 5.462701113148003e-05,
              "mdg_per_exposure_short": 0.0,
              "mdg_w": 4.437955598240666e-05,
              "mdg_w_per_exposure_long": 7.3965926637344434e-06,
              "mdg_w_per_exposure_short": 0.0,
              "omega_ratio": 13.219244116581978,
              "omega_ratio_w": 8.713366383293597,
              "pnl_ratio_long_short": 1.0,
              "position_held_hours_max": 161.98333333333332,
              "position_held_hours_mean": 3.018851933296683,
              "position_held_hours_median": 0.5833333333333334,
              "position_unchanged_hours_max": 69.61666666666666,
              "positions_held_per_day": 2.4439845562151157,
              "sharpe_ratio": 0.044244802205002355,
              "sharpe_ratio_w": 0.029479844844882086,
              "sortino_ratio": 0.06234831604760127,
              "sortino_ratio_w": 0.044620938255678894,
              "sterling_ratio": 0.013480920103519292,
              "sterling_ratio_w": 0.00900621841634892,
              "volume_pct_per_day_avg": 0.8489328932812372,
              "volume_pct_per_day_avg_w": 1.1438053656389262},
 "backtest": {"base_dir": "backtests/pbgui/4coin_cpt_adg_omega_sharpe_grtr",
              "cache_dir": {"bybit": "caches/hlcvs_data/d221b3511f037a7b"},
              "coins": {"bybit": ["DOGE", "GRT", "INJ", "VET"]},
              "combine_ohlcvs": false,
              "compress_cache": true,
              "end_date": "2025-06-30",
              "exchanges": ["bybit", "binance"],
              "gap_tolerance_ohlcvs_minutes": 120,
              "start_date": "2020-01-01",
              "starting_balance": 1000,
              "use_btc_collateral": false},
 "bot": {"long": {"close_grid_markup_end": 0.029581,
                  "close_grid_markup_start": 0.0097007,
                  "close_grid_qty_pct": 0.39616,
                  "close_trailing_grid_ratio": -0.98711,
                  "close_trailing_qty_pct": 0.054441,
                  "close_trailing_retracement_pct": 0.0048567,
                  "close_trailing_threshold_pct": 0.0038381,
                  "ema_span_0": 101.08,
                  "ema_span_1": 124.41,
                  "enforce_exposure_limit": true,
                  "entry_grid_double_down_factor": 1.0906,
                  "entry_grid_spacing_pct": 0.037897,
                  "entry_grid_spacing_weight": 1.1709,
                  "entry_initial_ema_dist": 0.024583,
                  "entry_initial_qty_pct": 0.036255,
                  "entry_trailing_double_down_factor": 8.5087,
                  "entry_trailing_grid_ratio": -0.51299,
                  "entry_trailing_retracement_pct": 0.048729,
                  "entry_trailing_threshold_pct": 0.036805,
                  "filter_noisiness_rolling_window": 60,
                  "filter_volume_drop_pct": 0,
                  "filter_volume_rolling_window": 60,
                  "n_positions": 4,
                  "total_wallet_exposure_limit": 6,
                  "unstuck_close_pct": 0.0068151,
                  "unstuck_ema_dist": -0.07513,
                  "unstuck_loss_allowance_pct": 0.074537,
                  "unstuck_threshold": 0.87697},
         "short": {"close_grid_markup_end": 0.001,
                   "close_grid_markup_start": 0.001,
                   "close_grid_qty_pct": 0.1,
                   "close_trailing_grid_ratio": -1,
                   "close_trailing_qty_pct": 0.1,
                   "close_trailing_retracement_pct": 0.003,
                   "close_trailing_threshold_pct": -0.001,
                   "ema_span_0": 200,
                   "ema_span_1": 200,
                   "enforce_exposure_limit": true,
                   "entry_grid_double_down_factor": 0.6,
                   "entry_grid_spacing_pct": 0.01,
                   "entry_grid_spacing_weight": 0.2,
                   "entry_initial_ema_dist": -0.001,
                   "entry_initial_qty_pct": 0.025,
                   "entry_trailing_double_down_factor": 0.1,
                   "entry_trailing_grid_ratio": -1,
                   "entry_trailing_retracement_pct": 0,
                   "entry_trailing_threshold_pct": -0.1,
                   "filter_noisiness_rolling_window": 60,
                   "filter_volume_drop_pct": 0.53,
                   "filter_volume_rolling_window": 60,
                   "n_positions": 0,
                   "total_wallet_exposure_limit": 0,
                   "unstuck_close_pct": 0.005,
                   "unstuck_ema_dist": -0.1,
                   "unstuck_loss_allowance_pct": 0.01,
                   "unstuck_threshold": 0.55}},
 "disable_plotting": false,
 "live": {"approved_coins": {"long": ["DOGEUSDT",
                                      "VETUSDT",
                                      "INJUSDT",
                                      "GRTUSDT"],
                             "short": []},
          "auto_gs": true,
          "coin_flags": {},
          "empty_means_all_approved": false,
          "execution_delay_seconds": 2,
          "filter_by_min_effective_cost": true,
          "forced_mode_long": "",
          "forced_mode_short": "",
          "ignored_coins": {"long": [], "short": []},
          "leverage": 10,
          "market_orders_allowed": true,
          "max_n_cancellations_per_batch": 5,
          "max_n_creations_per_batch": 3,
          "max_n_restarts_per_day": 10,
          "mimic_backtest_1m_delay": false,
          "minimum_coin_age_days": 30,
          "ohlcvs_1m_rolling_window_days": 4,
          "ohlcvs_1m_update_after_minutes": 10,
          "pnls_max_lookback_days": 30,
          "price_distance_threshold": 0.002,
          "time_in_force": "good_till_cancelled",
          "user": "bybit_01"},
 "optimize": {"bounds": {"long_close_grid_markup_end": [0.001, 0.03],
                         "long_close_grid_markup_start": [0.001, 0.03],
                         "long_close_grid_qty_pct": [0.05, 0.4],
                         "long_close_trailing_grid_ratio": [-1, 1],
                         "long_close_trailing_qty_pct": [0.05, 0.25],
                         "long_close_trailing_retracement_pct": [0.003, 0.01],
                         "long_close_trailing_threshold_pct": [0.001, 0.005],
                         "long_ema_span_0": [100, 800],
                         "long_ema_span_1": [100, 800],