{"analysis": {"adg": 0.03153101778975809,
              "adg_per_exposure_long": 0.005255169631626348,
              "adg_per_exposure_short": 0.0,
              "adg_w": 0.01063498170484296,
              "adg_w_per_exposure_long": 0.00177249695080716,
              "adg_w_per_exposure_short": 0.0,
              "calmar_ratio": 0.08653606619664576,
              "calmar_ratio_w": 0.13419459334033385,
              "drawdown_worst": 0.36436851333300224,
              "drawdown_worst_mean_1pct": 0.35864266535399103,
              "equity_balance_diff_neg_max": 0.4069971740030798,
              "equity_balance_diff_neg_mean": 0.00950023890723086,
              "equity_balance_diff_pos_max": 0.7875275214870175,
              "equity_balance_diff_pos_mean": 0.004300463082776514,
              "equity_choppiness": 1.2107026218714796,
              "equity_choppiness_w": 1.1190655582189328,
              "equity_jerkiness": 0.053216032907180154,
              "equity_jerkiness_w": 0.0173075154394789,
              "expected_shortfall_1pct": 0.3506119738384187,
              "exponential_fit_error": 0.681941098709665,
              "exponential_fit_error_w": 0.06946200998283467,
              "gain": 2138.582574192574,
              "gain_per_exposure_long": 356.4304290320957,
              "gain_per_exposure_short": 0.0,
              "loss_profit_ratio": 0.01871765017687001,
              "loss_profit_ratio_long": 0.01871765017687001,
              "loss_profit_ratio_short": 1.0,
              "loss_profit_ratio_w": 0.004232859609245262,
              "mdg": 0.0059355769599566816,
              "mdg_per_exposure_long": 0.000989262826659447,
              "mdg_per_exposure_short": 0.0,
              "mdg_w": 0.003104043202181772,
              "mdg_w_per_exposure_long": 0.000517340533696962,
              "mdg_w_per_exposure_short": 0.0,
              "omega_ratio": 17.1599269122318,
              "omega_ratio_w": 31.375981073711444,
              "pnl_ratio_long_short": 1.0,
              "position_held_hours_max": 51.11666666666667,
              "position_held_hours_mean": 3.0087227414330218,
              "position_held_hours_median": 1.1,
              "position_unchanged_hours_max": 51.11666666666667,
              "positions_held_per_day": 3.032388663967611,
              "sharpe_ratio": 0.16014353846587603,
              "sharpe_ratio_w": 0.22692858193022486,
              "sortino_ratio": 0.308431245193018,
              "sortino_ratio_w": 0.42652543753221056,
              "sterling_ratio": 0.08791764292359368,
              "sterling_ratio_w": 0.1343327510130286,
              "volume_pct_per_day_avg": 4.341641988677846,
              "volume_pct_per_day_avg_w": 1.795463502224423},
 "backtest": {"base_dir": "backtests/pbgui/HYPE_adg_w_gain_sharpe_chop_72_dd20_dd175_twe3",
              "cache_dir": {"bybit": "caches/hlcvs_data/d58ba13826658f43"},
              "coins": {"bybit": ["HYPE"]},
              "combine_ohlcvs": false,
              "compress_cache": true,
              "end_date": "2025-09-08",
              "exchanges": ["bybit", "binance"],
              "gap_tolerance_ohlcvs_minutes": 120,
              "start_date": "2020-01-01",
              "starting_balance": 1000,
              "use_btc_collateral": false},
 "bot": {"long": {"close_grid_markup_end": 0.01338,
                  "close_grid_markup_start": 0.014076,
                  "close_grid_qty_pct": 0.15609,
                  "close_trailing_grid_ratio": -0.44919,
                  "close_trailing_qty_pct": 0.15073,
                  "close_trailing_retracement_pct": 0.0084953,
                  "close_trailing_threshold_pct": 0.003012,
                  "ema_span_0": 772.34,
                  "ema_span_1": 797.32,
                  "enforce_exposure_limit": true,
                  "entry_grid_double_down_factor": 1.4613,
                  "entry_grid_spacing_pct": 0.028114,
                  "entry_grid_spacing_weight": 0.29548,
                  "entry_initial_ema_dist": 0.014214,
                  "entry_initial_qty_pct": 0.021102,
                  "entry_trailing_double_down_factor": 0.054675,
                  "entry_trailing_grid_ratio": -0.12294,
                  "entry_trailing_retracement_pct": 0.016176,
                  "entry_trailing_threshold_pct": -0.069464,
                  "filter_noisiness_rolling_window": 60,
                  "filter_volume_drop_pct": 0,
                  "filter_volume_rolling_window": 60,
                  "n_positions": 1,
                  "total_wallet_exposure_limit": 6,
                  "unstuck_close_pct": 0.00549,
                  "unstuck_ema_dist": -0.019314,
                  "unstuck_loss_allowance_pct": 0.14025,
                  "unstuck_threshold": 0.74432},
         "short": {"close_grid_markup_end": 0.001,
                   "close_grid_markup_start": 0.001,
                   "close_grid_qty_pct": 0.05,
                   "close_trailing_grid_ratio": -1,
                   "close_trailing_qty_pct": 0.05,
                   "close_trailing_retracement_pct": 0,
                   "close_trailing_threshold_pct": -0.1,
                   "ema_span_0": 200,
                   "ema_span_1": 200,
                   "enforce_exposure_limit": true,
                   "entry_grid_double_down_factor": 0.1,
                   "entry_grid_spacing_pct": 0.01,
                   "entry_grid_spacing_weight": 0.2,
                   "entry_initial_ema_dist": -0.1,
                   "entry_initial_qty_pct": 0.025,
                   "entry_trailing_double_down_factor": 0.1,
                   "entry_trailing_grid_ratio": -1,
                   "entry_trailing_retracement_pct": 0,
                   "entry_trailing_threshold_pct": -0.1,
                   "filter_noisiness_rolling_window": 10,
                   "filter_volume_drop_pct": 0,
                   "filter_volume_rolling_window": 10,
                   "n_positions": 0,
                   "total_wallet_exposure_limit": 0,
                   "unstuck_close_pct": 0.005,
                   "unstuck_ema_dist": -0.1,
                   "unstuck_loss_allowance_pct": 0.01,
                   "unstuck_threshold": 0.7}},
 "coin_overrides": {},
 "disable_plotting": false,
 "live": {"approved_coins": {"long": ["HYPE"], "short": []},
          "auto_gs": true,
          "base_config_path": "",
          "empty_means_all_approved": false,
          "execution_delay_seconds": 2,
          "filter_by_min_effective_cost": true,
          "forced_mode_long": "",
          "forced_mode_short": "",
          "ignored_coins": {"long": [], "short": []},
          "leverage": 10,
          "market_orders_allowed": true,
          "max_n_cancellations_per_batch": 5,
          "max_n_creations_per_batch": 3,
          "max_n_restarts_per_day": 10,
          "mimic_backtest_1m_delay": false,
          "minimum_coin_age_days": 30,
          "ohlcvs_1m_rolling_window_days": 4,
          "ohlcvs_1m_update_after_minutes": 10,
          "pnls_max_lookback_days": 30,
          "price_distance_threshold": 0.002,
          "time_in_force": "good_till_cancelled",
          "user": "bybit_01"},
 "optimize": {"bounds": {"long_close_grid_markup_end": [0.001, 0.03],
                         "long_close_grid_markup_start": [0.001, 0.03],
                         "long_close_grid_qty_pct": [0.05, 0.4],
                         "long_close_trailing_grid_ratio": [-1, 1],
                         "long_close_trailing_qty_pct": [0.05, 0.25],
                         "long_close_trailing_retracement_pct": [0.003, 0.01],
                         "long_close_trailing_threshold_pct": [0.001, 0.005],
                         "long_ema_span_0": [1, 800],
                         "long_ema_span_1": [1, 800],
                         "long_entry_grid_double_down_factor": [0, 1.5],
                         "long_entry_grid_spacing_pct": [0.01, 0.12],
                         "long_entry_grid_spacing_weight": [0.2, 2],