{
    "adg": 0.0033168326175569973,
    "adg_per_exposure_long": 0.0008292081543892493,
    "adg_per_exposure_short": 0.0,
    "adg_w": 0.0024965099051381446,
    "adg_w_per_exposure_long": 0.0006241274762845362,
    "adg_w_per_exposure_short": 0.0,
    "calmar_ratio": 0.004616016438014035,
    "calmar_ratio_w": 0.004192413094486828,
    "drawdown_worst": 0.7185487014825298,
    "drawdown_worst_mean_1pct": 0.3958841919173414,
    "equity_balance_diff_neg_max": 0.719347932109272,
    "equity_balance_diff_neg_mean": 0.009512636681802081,
    "equity_balance_diff_pos_max": 0.576854024390459,
    "equity_balance_diff_pos_mean": 0.0012281058821918284,
    "equity_choppiness": 3.3058330431714014,
    "equity_choppiness_w": 3.3718216210838903,
    "equity_jerkiness": 0.01320065444916701,
    "equity_jerkiness_w": 0.013491877779916703,
    "expected_shortfall_1pct": 0.32778472466437236,
    "exponential_fit_error": 0.38268724283864686,
    "exponential_fit_error_w": 0.0412520560532205,
    "gain": 703.7767866094798,
    "gain_per_exposure_long": 175.94419665236995,
    "gain_per_exposure_short": 0.0,
    "loss_profit_ratio": 0.0235453260861311,
    "loss_profit_ratio_long": 0.0235453260861311,
    "loss_profit_ratio_short": 1.0,
    "loss_profit_ratio_w": 0.017824281171578894,
    "mdg": 0.0010514008220573938,
    "mdg_per_exposure_long": 0.00026285020551434845,
    "mdg_per_exposure_short": 0.0,
    "mdg_w": 0.0008819865798855641,
    "mdg_w_per_exposure_long": 0.00022049664497139103,
    "mdg_w_per_exposure_short": 0.0,
    "omega_ratio": 2.5935579622205225,
    "omega_ratio_w": 2.0452650677437942,
    "pnl_ratio_long_short": 1.0,
    "position_held_hours_max": 944.4166666666666,
    "position_held_hours_mean": 35.3605270535464,
    "position_held_hours_median": 6.916666666666667,
    "position_unchanged_hours_max": 459.31666666666666,
    "positions_held_per_day": 0.6005050505050505,
    "sharpe_ratio": 0.022054679820340463,
    "sharpe_ratio_w": 0.02453180022564112,
    "sortino_ratio": 0.05492572279208014,
    "sortino_ratio_w": 0.03925281136251803,
    "sterling_ratio": 0.008378290129476893,
    "sterling_ratio_w": 0.005798989737038359,
    "volume_pct_per_day_avg": 0.6107219327737036,
    "volume_pct_per_day_avg_w": 0.5444104505822555
}