{"analysis": {"adg": 0.0033168326175569973,
              "adg_per_exposure_long": 0.0008292081543892493,
              "adg_per_exposure_short": 0.0,
              "adg_w": 0.0024965099051381446,
              "adg_w_per_exposure_long": 0.0006241274762845362,
              "adg_w_per_exposure_short": 0.0,
              "calmar_ratio": 0.004616016438014035,
              "calmar_ratio_w": 0.004192413094486828,
              "drawdown_worst": 0.7185487014825298,
              "drawdown_worst_mean_1pct": 0.3958841919173414,
              "equity_balance_diff_neg_max": 0.719347932109272,
              "equity_balance_diff_neg_mean": 0.009512636681802081,
              "equity_balance_diff_pos_max": 0.576854024390459,
              "equity_balance_diff_pos_mean": 0.0012281058821918284,
              "equity_choppiness": 3.3058330431714014,
              "equity_choppiness_w": 3.3718216210838903,
              "equity_jerkiness": 0.01320065444916701,
              "equity_jerkiness_w": 0.013491877779916703,
              "expected_shortfall_1pct": 0.32778472466437236,
              "exponential_fit_error": 0.38268724283864686,
              "exponential_fit_error_w": 0.0412520560532205,
              "gain": 703.7767866094798,
              "gain_per_exposure_long": 175.94419665236995,
              "gain_per_exposure_short": 0.0,
              "loss_profit_ratio": 0.0235453260861311,
              "loss_profit_ratio_long": 0.0235453260861311,
              "loss_profit_ratio_short": 1.0,
              "loss_profit_ratio_w": 0.017824281171578894,
              "mdg": 0.0010514008220573938,
              "mdg_per_exposure_long": 0.00026285020551434845,
              "mdg_per_exposure_short": 0.0,
              "mdg_w": 0.0008819865798855641,
              "mdg_w_per_exposure_long": 0.00022049664497139103,
              "mdg_w_per_exposure_short": 0.0,
              "omega_ratio": 2.5935579622205225,
              "omega_ratio_w": 2.0452650677437942,
              "pnl_ratio_long_short": 1.0,
              "position_held_hours_max": 944.4166666666666,
              "position_held_hours_mean": 35.3605270535464,
              "position_held_hours_median": 6.916666666666667,
              "position_unchanged_hours_max": 459.31666666666666,
              "positions_held_per_day": 0.6005050505050505,
              "sharpe_ratio": 0.022054679820340463,
              "sharpe_ratio_w": 0.02453180022564112,
              "sortino_ratio": 0.05492572279208014,
              "sortino_ratio_w": 0.03925281136251803,
              "sterling_ratio": 0.008378290129476893,
              "sterling_ratio_w": 0.005798989737038359,
              "volume_pct_per_day_avg": 0.6107219327737036,
              "volume_pct_per_day_avg_w": 0.5444104505822555},
 "backtest": {"base_dir": "backtests/pbgui/LTC_adg_sharpe_omega_twe9_trgr",
              "cache_dir": {"binance": "caches/hlcvs_data/d6eb35b632b6bf37"},
              "coins": {"binance": ["LTC"]},
              "combine_ohlcvs": false,
              "compress_cache": true,
              "end_date": "2025-06-28",
              "exchanges": ["binance", "bybit"],
              "gap_tolerance_ohlcvs_minutes": 120,
              "start_date": "2020-01-01",
              "starting_balance": 1000,
              "use_btc_collateral": false},
 "bot": {"long": {"close_grid_markup_end": 0.02833,
                  "close_grid_markup_start": 0.01991,
                  "close_grid_qty_pct": 0.18625,
                  "close_trailing_grid_ratio": -0.3947,
                  "close_trailing_qty_pct": 0.24406,
                  "close_trailing_retracement_pct": 0.0064055,
                  "close_trailing_threshold_pct": 0.0049396,
                  "ema_span_0": 607.19,
                  "ema_span_1": 227.1,
                  "enforce_exposure_limit": true,
                  "entry_grid_double_down_factor": 1.9732,
                  "entry_grid_spacing_pct": 0.11186,
                  "entry_grid_spacing_weight": 0.602,
                  "entry_initial_ema_dist": 0.0001693,
                  "entry_initial_qty_pct": 0.02971,
                  "entry_trailing_double_down_factor": 7.6142,
                  "entry_trailing_grid_ratio": -0.085997,
                  "entry_trailing_retracement_pct": 0.075254,
                  "entry_trailing_threshold_pct": 0.0011769,
                  "filter_noisiness_rolling_window": 60,
                  "filter_volume_drop_pct": 0,
                  "filter_volume_rolling_window": 60,
                  "n_positions": 1,
                  "total_wallet_exposure_limit": 4,
                  "unstuck_close_pct": 0.014532,
                  "unstuck_ema_dist": -0.064151,
                  "unstuck_loss_allowance_pct": 0.24713,
                  "unstuck_threshold": 0.84966},
         "short": {"close_grid_markup_end": 0.001,
                   "close_grid_markup_start": 0.001,
                   "close_grid_qty_pct": 0.1,
                   "close_trailing_grid_ratio": -1,
                   "close_trailing_qty_pct": 0.1,
                   "close_trailing_retracement_pct": 0.003,
                   "close_trailing_threshold_pct": -0.001,
                   "ema_span_0": 200,
                   "ema_span_1": 200,
                   "enforce_exposure_limit": true,
                   "entry_grid_double_down_factor": 0.6,
                   "entry_grid_spacing_pct": 0.01,
                   "entry_grid_spacing_weight": 0.2,
                   "entry_initial_ema_dist": -0.001,
                   "entry_initial_qty_pct": 0.025,
                   "entry_trailing_double_down_factor": 0.1,
                   "entry_trailing_grid_ratio": -1,
                   "entry_trailing_retracement_pct": 0,
                   "entry_trailing_threshold_pct": -0.1,
                   "filter_noisiness_rolling_window": 60,
                   "filter_volume_drop_pct": 0.53,
                   "filter_volume_rolling_window": 60,
                   "n_positions": 0,
                   "total_wallet_exposure_limit": 0,
                   "unstuck_close_pct": 0.005,
                   "unstuck_ema_dist": -0.1,
                   "unstuck_loss_allowance_pct": 0.01,
                   "unstuck_threshold": 0.55}},
 "disable_plotting": false,
 "live": {"approved_coins": {"long": ["LTCUSDT"], "short": []},
          "auto_gs": true,
          "coin_flags": {},
          "empty_means_all_approved": false,
          "execution_delay_seconds": 2,
          "filter_by_min_effective_cost": true,
          "forced_mode_long": "",
          "forced_mode_short": "",
          "ignored_coins": {"long": [], "short": []},
          "leverage": 10,
          "market_orders_allowed": true,
          "max_n_cancellations_per_batch": 5,
          "max_n_creations_per_batch": 3,
          "max_n_restarts_per_day": 10,
          "mimic_backtest_1m_delay": false,
          "minimum_coin_age_days": 30,
          "ohlcvs_1m_rolling_window_days": 4,
          "ohlcvs_1m_update_after_minutes": 10,
          "pnls_max_lookback_days": 30,
          "price_distance_threshold": 0.002,
          "time_in_force": "good_till_cancelled",
          "user": "bybit_01"},
 "optimize": {"bounds": {"long_close_grid_markup_end": [0.001, 0.03],
                         "long_close_grid_markup_start": [0.001, 0.03],
                         "long_close_grid_qty_pct": [0.05, 0.4],
                         "long_close_trailing_grid_ratio": [-1, 1],
                         "long_close_trailing_qty_pct": [0.05, 0.25],
                         "long_close_trailing_retracement_pct": [0.003, 0.01],
                         "long_close_trailing_threshold_pct": [0.001, 0.005],
                         "long_ema_span_0": [100, 800],
                         "long_ema_span_1": [100, 800],
                         "long_entry_grid_double_down_factor": [0.4, 10],
                         "long_entry_grid_spacing_pct": [0.01, 0.12],