{
    "adg": 0.0060640820067889845,
    "adg_per_exposure_long": 0.001239616919149816,
    "adg_per_exposure_short": 0.0,
    "adg_w": 0.0032880941376435048,
    "adg_w_per_exposure_long": 0.000672150726229789,
    "adg_w_per_exposure_short": 0.0,
    "calmar_ratio": 0.015612791141214926,
    "calmar_ratio_w": 0.01840454068858629,
    "drawdown_worst": 0.3884047350624522,
    "drawdown_worst_mean_1pct": 0.23543319765674312,
    "equity_balance_diff_neg_max": 0.39278556092111305,
    "equity_balance_diff_neg_mean": 0.0025764025999906134,
    "equity_balance_diff_pos_max": 0.7380702810927486,
    "equity_balance_diff_pos_mean": 0.0006951143734273105,
    "equity_choppiness": 1.331021482485894,
    "equity_choppiness_w": 1.431056263077809,
    "equity_jerkiness": 0.010429009529154105,
    "equity_jerkiness_w": 0.006726735526947654,
    "expected_shortfall_1pct": 0.2307222170621504,
    "exponential_fit_error": 0.4161058629508041,
    "exponential_fit_error_w": 0.04555353102537211,
    "gain": 5129.032081930616,
    "gain_per_exposure_long": 1048.4744336414515,
    "gain_per_exposure_short": 0.0,
    "loss_profit_ratio": 0.0025460346254964085,
    "loss_profit_ratio_long": 0.0025460346254964085,
    "loss_profit_ratio_short": 1.0,
    "loss_profit_ratio_w": 0.003670678796140672,
    "mdg": 0.0012037056873332134,
    "mdg_per_exposure_long": 0.0002460609757626308,
    "mdg_per_exposure_short": 0.0,
    "mdg_w": 0.000978745053687703,
    "mdg_w_per_exposure_long": 0.00020007462411081645,
    "mdg_w_per_exposure_short": 0.0,
    "omega_ratio": 17.660197480289217,
    "omega_ratio_w": 7.9795386278452325,
    "pnl_ratio_long_short": 1.0,
    "position_held_hours_max": 108.8,
    "position_held_hours_mean": 2.3018151241011364,
    "position_held_hours_median": 0.45,
    "position_unchanged_hours_max": 90.26666666666667,
    "positions_held_per_day": 4.068798416745687,
    "sharpe_ratio": 0.06588462223884989,
    "sharpe_ratio_w": 0.08789676056859874,
    "sortino_ratio": 0.13787261023492595,
    "sortino_ratio_w": 0.12597573903472303,
    "sterling_ratio": 0.025757123749515963,
    "sterling_ratio_w": 0.02347565242210125,
    "volume_pct_per_day_avg": 1.4795903353762845,
    "volume_pct_per_day_avg_w": 1.149466552933525
}