{
    "adg": 0.046712414267303215,
    "adg_per_exposure_long": 0.005582400901945937,
    "adg_per_exposure_short": 0.0,
    "adg_w": 0.030431138681293234,
    "adg_w_per_exposure_long": 0.0036366952701179798,
    "adg_w_per_exposure_short": 0.0,
    "calmar_ratio": 0.09356670358068546,
    "calmar_ratio_w": 0.2265814122523803,
    "drawdown_worst": 0.49924185078318656,
    "drawdown_worst_mean_1pct": 0.49924185078318656,
    "equity_balance_diff_neg_max": 0.5053616252473054,
    "equity_balance_diff_neg_mean": 0.011994136573389177,
    "equity_balance_diff_pos_max": 0.8911902113342434,
    "equity_balance_diff_pos_mean": 0.005419400287068302,
    "equity_choppiness": 1.296181063258975,
    "equity_choppiness_w": 1.0876830906362436,
    "equity_jerkiness": 0.08021197438420005,
    "equity_jerkiness_w": 0.042169205194071004,
    "expected_shortfall_1pct": 0.4883699438916634,
    "exponential_fit_error": 0.4013468665181113,
    "exponential_fit_error_w": 0.04635527478695905,
    "gain": 3231.8067353393553,
    "gain_per_exposure_long": 386.21940478254203,
    "gain_per_exposure_short": 0.0,
    "loss_profit_ratio": 0.07793975570057377,
    "loss_profit_ratio_long": 0.07793975570057377,
    "loss_profit_ratio_short": 1.0,
    "loss_profit_ratio_w": 0.04186725089099388,
    "mdg": 0.01566015201862785,
    "mdg_per_exposure_long": 0.0018714778100131274,
    "mdg_per_exposure_short": 0.0,
    "mdg_w": 0.015469731965984331,
    "mdg_w_per_exposure_long": 0.0018487215236961125,
    "mdg_w_per_exposure_short": 0.0,
    "omega_ratio": 12.469628636757363,
    "omega_ratio_w": null,
    "pnl_ratio_long_short": 1.0,
    "position_held_hours_max": 59.65,
    "position_held_hours_mean": 7.222732626619552,
    "position_held_hours_median": 3.7,
    "position_unchanged_hours_max": 49.25,
    "positions_held_per_day": 1.5988700564971752,
    "sharpe_ratio": 0.14582152386976166,
    "sharpe_ratio_w": 0.3307542090251837,
    "sortino_ratio": 0.3472464874697747,
    "sortino_ratio_w": 0.6603394721416328,
    "sterling_ratio": 0.09356670358068546,
    "sterling_ratio_w": 0.2265814122523803,
    "volume_pct_per_day_avg": 6.880666925558157,
    "volume_pct_per_day_avg_w": 4.694797679499983
}