{"analysis": {"adg": 0.008208745017138419,
              "adg_per_exposure_long": 0.0016246254511723276,
              "adg_per_exposure_short": 0.0,
              "adg_w": 0.004395128637853784,
              "adg_w_per_exposure_long": 0.0008698574302558602,
              "adg_w_per_exposure_short": 0.0,
              "calmar_ratio": 0.010280364866062956,
              "calmar_ratio_w": 0.020942273610615035,
              "drawdown_worst": 0.7984877116800331,
              "drawdown_worst_mean_1pct": 0.32882869420712907,
              "equity_balance_diff_neg_max": 0.7989977912543674,
              "equity_balance_diff_neg_mean": 0.0030598258467576665,
              "equity_balance_diff_pos_max": 0.7355660150559731,
              "equity_balance_diff_pos_mean": 0.0009628512761284666,
              "equity_choppiness": 1.387283164094919,
              "equity_choppiness_w": 1.4891609416298979,
              "equity_jerkiness": 0.0143777337357947,
              "equity_jerkiness_w": 0.00965775864383914,
              "expected_shortfall_1pct": 0.3067840304659976,
              "exponential_fit_error": 1.0720992248150838,
              "exponential_fit_error_w": 0.11390907671745618,
              "gain": 922089.3010117979,
              "gain_per_exposure_long": 182494.36954733072,
              "gain_per_exposure_short": 0.0,
              "loss_profit_ratio": 0.0049415426123610075,
              "loss_profit_ratio_long": 0.0049415426123610075,
              "loss_profit_ratio_short": 1.0,
              "loss_profit_ratio_w": 0.005551622534815346,
              "mdg": 0.0015498925419713302,
              "mdg_per_exposure_long": 0.00030674541175437493,
              "mdg_per_exposure_short": 0.0,
              "mdg_w": 0.0010131025594230607,
              "mdg_w_per_exposure_long": 0.00020050716635126978,
              "mdg_w_per_exposure_short": 0.0,
              "omega_ratio": 13.574508103448002,
              "omega_ratio_w": 7.249278591825548,
              "pnl_ratio_long_short": 1.0,
              "position_held_hours_max": 108.8,
              "position_held_hours_mean": 1.9972440622440621,
              "position_held_hours_median": 0.38333333333333336,
              "position_unchanged_hours_max": 90.28333333333333,
              "positions_held_per_day": 4.845238095238095,
              "sharpe_ratio": 0.04964515721109558,
              "sharpe_ratio_w": 0.08741492661475439,
              "sortino_ratio": 0.1336127138641247,
              "sortino_ratio_w": 0.1369515804189259,
              "sterling_ratio": 0.024963590957082758,
              "sterling_ratio_w": 0.02575073987643049,
              "volume_pct_per_day_avg": 1.8729949226811544,
              "volume_pct_per_day_avg_w": 1.2454677334895266},
 "backtest": {"base_dir": "backtests/pbgui/sol_adg-sharp_100tr_twe10",
              "cache_dir": {"binance": "caches/hlcvs_data/03af627303df9051"},
              "coins": {"binance": ["SOL"]},
              "combine_ohlcvs": false,
              "compress_cache": true,
              "end_date": "2025-05-21",
              "exchanges": ["binance", "bybit"],
              "gap_tolerance_ohlcvs_minutes": 120,
              "start_date": "2020-01-01",
              "starting_balance": 1000,
              "use_btc_collateral": false},
 "bot": {"long": {"close_grid_markup_range": 0,
                  "close_grid_min_markup": 0,
                  "close_grid_qty_pct": 0,
                  "close_trailing_grid_ratio": -1,
                  "close_trailing_qty_pct": 0.22616,
                  "close_trailing_retracement_pct": 0.0041306,
                  "close_trailing_threshold_pct": 0.0049082,
                  "ema_span_0": 227.32,
                  "ema_span_1": 277.48,
                  "enforce_exposure_limit": true,
                  "entry_grid_double_down_factor": 0,
                  "entry_grid_spacing_pct": 0,
                  "entry_grid_spacing_weight": 0,
                  "entry_initial_ema_dist": 0.0097274,
                  "entry_initial_qty_pct": 0.016542,
                  "entry_trailing_double_down_factor": 2.9506,
                  "entry_trailing_grid_ratio": -1,
                  "entry_trailing_retracement_pct": 0.0031162,
                  "entry_trailing_threshold_pct": 0.04571,
                  "filter_noisiness_rolling_window": 60,
                  "filter_volume_drop_pct": 0,
                  "filter_volume_rolling_window": 60,
                  "n_positions": 1,
                  "total_wallet_exposure_limit": 5.0527,
                  "unstuck_close_pct": 0.0075347,
                  "unstuck_ema_dist": -0.023359,
                  "unstuck_loss_allowance_pct": 0.095024,
                  "unstuck_threshold": 0.89427},
         "short": {"close_grid_markup_range": 0.01,
                   "close_grid_min_markup": 0.002,
                   "close_grid_qty_pct": 0.05,
                   "close_trailing_grid_ratio": -1,
                   "close_trailing_qty_pct": 0.05,
                   "close_trailing_retracement_pct": 0,
                   "close_trailing_threshold_pct": -0.1,
                   "ema_span_0": 200,
                   "ema_span_1": 200,
                   "enforce_exposure_limit": true,
                   "entry_grid_double_down_factor": 0.1,
                   "entry_grid_spacing_pct": 0.01,
                   "entry_grid_spacing_weight": 0.2,
                   "entry_initial_ema_dist": -0.1,
                   "entry_initial_qty_pct": 0.025,
                   "entry_trailing_double_down_factor": 0.1,
                   "entry_trailing_grid_ratio": -1,
                   "entry_trailing_retracement_pct": 0,
                   "entry_trailing_threshold_pct": -0.1,
                   "filter_noisiness_rolling_window": 10,
                   "filter_volume_drop_pct": 0,
                   "filter_volume_rolling_window": 10,
                   "n_positions": 0,
                   "total_wallet_exposure_limit": 0,
                   "unstuck_close_pct": 0.005,
                   "unstuck_ema_dist": -0.1,
                   "unstuck_loss_allowance_pct": 0.01,
                   "unstuck_threshold": 0.7}},
 "disable_plotting": false,
 "live": {"approved_coins": {"long": ["SOLUSDT"], "short": []},
          "auto_gs": true,
          "coin_flags": {},
          "empty_means_all_approved": false,
          "execution_delay_seconds": 2,
          "filter_by_min_effective_cost": true,
          "forced_mode_long": "",
          "forced_mode_short": "",
          "ignored_coins": {"long": [], "short": []},
          "leverage": 10,
          "market_orders_allowed": true,
          "max_n_cancellations_per_batch": 5,
          "max_n_creations_per_batch": 3,
          "max_n_restarts_per_day": 10,
          "minimum_coin_age_days": 30,
          "ohlcvs_1m_rolling_window_days": 4,
          "ohlcvs_1m_update_after_minutes": 10,
          "pnls_max_lookback_days": 30,
          "price_distance_threshold": 0.002,
          "time_in_force": "good_till_cancelled",
          "user": "bybit_01"},
 "optimize": {"bounds": {"long_close_grid_markup_range": [0, 0],
                         "long_close_grid_min_markup": [0, 0],
                         "long_close_grid_qty_pct": [0, 0],
                         "long_close_trailing_grid_ratio": [-1, -1],
                         "long_close_trailing_qty_pct": [0.05, 0.35],
                         "long_close_trailing_retracement_pct": [0.003, 0.01],
                         "long_close_trailing_threshold_pct": [0.001, 0.005],
                         "long_ema_span_0": [100, 800],
                         "long_ema_span_1": [100, 800],
                         "long_entry_grid_double_down_factor": [0, 0],
                         "long_entry_grid_spacing_pct": [0, 0],
                         "long_entry_grid_spacing_weight": [0, 0],
                         "long_entry_initial_ema_dist": [-0.001, 0.02],