{
    "adg": 0.005415052872865367,
    "adg_per_exposure_long": 0.0013537632182163417,
    "adg_per_exposure_short": 0.0,
    "adg_w": 0.003497326716397886,
    "adg_w_per_exposure_long": 0.0008743316790994715,
    "adg_w_per_exposure_short": 0.0,
    "calmar_ratio": 0.008701127993371763,
    "calmar_ratio_w": 0.015746364666829563,
    "drawdown_worst": 0.6223391814245669,
    "drawdown_worst_mean_1pct": 0.29041358241488513,
    "equity_balance_diff_neg_max": 0.7842472032861817,
    "equity_balance_diff_neg_mean": 0.0019466281697685496,
    "equity_balance_diff_pos_max": 0.562265407231853,
    "equity_balance_diff_pos_mean": 0.0015120303046220417,
    "equity_choppiness": 1.2161185202191187,
    "equity_choppiness_w": 1.4435776851131343,
    "equity_jerkiness": 0.010687866273423269,
    "equity_jerkiness_w": 0.007962332015206585,
    "expected_shortfall_1pct": 0.2686999876533706,
    "exponential_fit_error": 0.12262523086691297,
    "exponential_fit_error_w": 0.030296292320877643,
    "gain": 3040.142351540054,
    "gain_per_exposure_long": 760.0355878850135,
    "gain_per_exposure_short": 0.0,
    "loss_profit_ratio": 0.013032329253648205,
    "loss_profit_ratio_long": 0.013032329253648205,
    "loss_profit_ratio_short": 1.0,
    "loss_profit_ratio_w": 0.02328704557023065,
    "mdg": 0.000477537167554219,
    "mdg_per_exposure_long": 0.00011938429188855476,
    "mdg_per_exposure_short": 0.0,
    "mdg_w": 0.0004184936284496955,
    "mdg_w_per_exposure_long": 0.00010462340711242387,
    "mdg_w_per_exposure_short": 0.0,
    "omega_ratio": 16.413152448544178,
    "omega_ratio_w": 8.74910340916463,
    "pnl_ratio_long_short": 1.0,
    "position_held_hours_max": 207.7,
    "position_held_hours_mean": 3.0542155509546816,
    "position_held_hours_median": 0.3333333333333333,
    "position_unchanged_hours_max": 185.31666666666666,
    "positions_held_per_day": 3.9042060927439803,
    "sharpe_ratio": 0.04519822992787786,
    "sharpe_ratio_w": 0.0670924878524247,
    "sortino_ratio": 0.11351826086788407,
    "sortino_ratio_w": 0.11427439392832103,
    "sterling_ratio": 0.01864600418423067,
    "sterling_ratio_w": 0.020422001090719313,
    "volume_pct_per_day_avg": 0.8398481777761473,
    "volume_pct_per_day_avg_w": 0.7858523133234773
}