{"analysis": {"adg": 0.005415052872865367,
              "adg_per_exposure_long": 0.0013537632182163417,
              "adg_per_exposure_short": 0.0,
              "adg_w": 0.003497326716397886,
              "adg_w_per_exposure_long": 0.0008743316790994715,
              "adg_w_per_exposure_short": 0.0,
              "calmar_ratio": 0.008701127993371763,
              "calmar_ratio_w": 0.015746364666829563,
              "drawdown_worst": 0.6223391814245669,
              "drawdown_worst_mean_1pct": 0.29041358241488513,
              "equity_balance_diff_neg_max": 0.7842472032861817,
              "equity_balance_diff_neg_mean": 0.0019466281697685496,
              "equity_balance_diff_pos_max": 0.562265407231853,
              "equity_balance_diff_pos_mean": 0.0015120303046220417,
              "equity_choppiness": 1.2161185202191187,
              "equity_choppiness_w": 1.4435776851131343,
              "equity_jerkiness": 0.010687866273423269,
              "equity_jerkiness_w": 0.007962332015206585,
              "expected_shortfall_1pct": 0.2686999876533706,
              "exponential_fit_error": 0.12262523086691297,
              "exponential_fit_error_w": 0.030296292320877643,
              "gain": 3040.142351540054,
              "gain_per_exposure_long": 760.0355878850135,
              "gain_per_exposure_short": 0.0,
              "loss_profit_ratio": 0.013032329253648205,
              "loss_profit_ratio_long": 0.013032329253648205,
              "loss_profit_ratio_short": 1.0,
              "loss_profit_ratio_w": 0.02328704557023065,
              "mdg": 0.000477537167554219,
              "mdg_per_exposure_long": 0.00011938429188855476,
              "mdg_per_exposure_short": 0.0,
              "mdg_w": 0.0004184936284496955,
              "mdg_w_per_exposure_long": 0.00010462340711242387,
              "mdg_w_per_exposure_short": 0.0,
              "omega_ratio": 16.413152448544178,
              "omega_ratio_w": 8.74910340916463,
              "pnl_ratio_long_short": 1.0,
              "position_held_hours_max": 207.7,
              "position_held_hours_mean": 3.0542155509546816,
              "position_held_hours_median": 0.3333333333333333,
              "position_unchanged_hours_max": 185.31666666666666,
              "positions_held_per_day": 3.9042060927439803,
              "sharpe_ratio": 0.04519822992787786,
              "sharpe_ratio_w": 0.0670924878524247,
              "sortino_ratio": 0.11351826086788407,
              "sortino_ratio_w": 0.11427439392832103,
              "sterling_ratio": 0.01864600418423067,
              "sterling_ratio_w": 0.020422001090719313,
              "volume_pct_per_day_avg": 0.8398481777761473,
              "volume_pct_per_day_avg_w": 0.7858523133234773},
 "backtest": {"base_dir": "backtests/pbgui/HYPE_adg_sharpe_omega_new_markup_grtr_TWE9",
              "cache_dir": {"bybit": "caches/hlcvs_data/677db570cef8708e"},
              "coins": {"bybit": ["DOGE", "SOL"]},
              "combine_ohlcvs": false,
              "compress_cache": true,
              "end_date": "2025-06-26",
              "exchanges": ["bybit", "binance"],
              "gap_tolerance_ohlcvs_minutes": 120,
              "start_date": "2020-01-01",
              "starting_balance": 1000,
              "use_btc_collateral": false},
 "bot": {"long": {"close_grid_markup_end": 0.028315,
                  "close_grid_markup_start": 0.029208,
                  "close_grid_qty_pct": 0.1765,
                  "close_trailing_grid_ratio": 0.65481,
                  "close_trailing_qty_pct": 0.059771,
                  "close_trailing_retracement_pct": 0.003463,
                  "close_trailing_threshold_pct": 0.0039454,
                  "ema_span_0": 414.91,
                  "ema_span_1": 541.18,
                  "enforce_exposure_limit": true,
                  "entry_grid_double_down_factor": 6.0799,
                  "entry_grid_spacing_pct": 0.078757,
                  "entry_grid_spacing_weight": 0.92778,
                  "entry_initial_ema_dist": 0.0095669,
                  "entry_initial_qty_pct": 0.010072,
                  "entry_trailing_double_down_factor": 4.4296,
                  "entry_trailing_grid_ratio": -0.16555,
                  "entry_trailing_retracement_pct": 0.010576,
                  "entry_trailing_threshold_pct": -0.0033816,
                  "filter_noisiness_rolling_window": 60,
                  "filter_volume_drop_pct": 0,
                  "filter_volume_rolling_window": 60,
                  "n_positions": 1,
                  "total_wallet_exposure_limit": 4,
                  "unstuck_close_pct": 0.046403,
                  "unstuck_ema_dist": -0.033624,
                  "unstuck_loss_allowance_pct": 0.23443,
                  "unstuck_threshold": 0.63368},
         "short": {"close_grid_markup_end": 0.001,
                   "close_grid_markup_start": 0.001,
                   "close_grid_qty_pct": 0.05,
                   "close_trailing_grid_ratio": -1,
                   "close_trailing_qty_pct": 0.05,
                   "close_trailing_retracement_pct": 0,
                   "close_trailing_threshold_pct": -0.1,
                   "ema_span_0": 200,
                   "ema_span_1": 200,
                   "enforce_exposure_limit": true,
                   "entry_grid_double_down_factor": 0.1,
                   "entry_grid_spacing_pct": 0.01,
                   "entry_grid_spacing_weight": 0.2,
                   "entry_initial_ema_dist": -0.1,
                   "entry_initial_qty_pct": 0.025,
                   "entry_trailing_double_down_factor": 0.1,
                   "entry_trailing_grid_ratio": -1,
                   "entry_trailing_retracement_pct": 0,
                   "entry_trailing_threshold_pct": -0.1,
                   "filter_noisiness_rolling_window": 10,
                   "filter_volume_drop_pct": 0,
                   "filter_volume_rolling_window": 10,
                   "n_positions": 0,
                   "total_wallet_exposure_limit": 0,
                   "unstuck_close_pct": 0.005,
                   "unstuck_ema_dist": -0.1,
                   "unstuck_loss_allowance_pct": 0.01,
                   "unstuck_threshold": 0.7}},
 "disable_plotting": false,
 "live": {"approved_coins": {"long": ["DOGEUSDT", "SOLUSDT"], "short": []},
          "auto_gs": true,
          "coin_flags": {},
          "empty_means_all_approved": false,
          "execution_delay_seconds": 2,
          "filter_by_min_effective_cost": true,
          "forced_mode_long": "",
          "forced_mode_short": "",
          "ignored_coins": {"long": [], "short": []},
          "leverage": 10,
          "market_orders_allowed": true,
          "max_n_cancellations_per_batch": 5,
          "max_n_creations_per_batch": 3,
          "max_n_restarts_per_day": 10,
          "mimic_backtest_1m_delay": false,
          "minimum_coin_age_days": 30,
          "ohlcvs_1m_rolling_window_days": 4,
          "ohlcvs_1m_update_after_minutes": 10,
          "pnls_max_lookback_days": 30,
          "price_distance_threshold": 0.002,
          "time_in_force": "good_till_cancelled",
          "user": "bybit_01"},
 "optimize": {"bounds": {"long_close_grid_markup_end": [0.001, 0.03],
                         "long_close_grid_markup_start": [0.001, 0.03],
                         "long_close_grid_qty_pct": [0.05, 0.4],
                         "long_close_trailing_grid_ratio": [-1, 1],
                         "long_close_trailing_qty_pct": [0.05, 0.25],
                         "long_close_trailing_retracement_pct": [0.003, 0.01],
                         "long_close_trailing_threshold_pct": [0.001, 0.005],
                         "long_ema_span_0": [100, 800],
                         "long_ema_span_1": [100, 800],
                         "long_entry_grid_double_down_factor": [0.4, 10],
                         "long_entry_grid_spacing_pct": [0.01, 0.12],