{"analysis": {"adg": 0.005840234267371569,
              "adg_per_exposure_long": 0.004014182601808762,
              "adg_per_exposure_short": 0.0,
              "adg_w": 0.0038044535991714535,
              "adg_w_per_exposure_long": 0.002614924461592861,
              "adg_w_per_exposure_short": 0.0,
              "calmar_ratio": 0.01170814325103159,
              "calmar_ratio_w": 0.01635357520424233,
              "drawdown_worst": 0.4988181423947809,
              "drawdown_worst_mean_1pct": 0.28878157106394353,
              "equity_balance_diff_neg_max": 0.5170290538324681,
              "equity_balance_diff_neg_mean": 0.03319379460915554,
              "equity_balance_diff_pos_max": 0.12294766352488068,
              "equity_balance_diff_pos_mean": 0.0016562205881687992,
              "equity_choppiness": 1.579992847670035,
              "equity_choppiness_w": 1.7527197958678582,
              "equity_jerkiness": 0.01403995612926878,
              "equity_jerkiness_w": 0.009876161740364906,
              "expected_shortfall_1pct": 0.25147299859079836,
              "exponential_fit_error": 0.30289929663886894,
              "exponential_fit_error_w": 0.03486771893009644,
              "gain": 5662.9337968559785,
              "gain_per_exposure_long": 3892.3182327692475,
              "gain_per_exposure_short": 0.0,
              "loss_profit_ratio": 0.02571332727547557,
              "loss_profit_ratio_long": 0.02571332727547557,
              "loss_profit_ratio_short": 1.0,
              "loss_profit_ratio_w": 0.01665460818371272,
              "mdg": 0.0014704335300572277,
              "mdg_per_exposure_long": 0.0010106766994688484,
              "mdg_per_exposure_short": 0.0,
              "mdg_w": 0.000325284526550623,
              "mdg_w_per_exposure_long": 0.0002235786147162162,
              "mdg_w_per_exposure_short": 0.0,
              "omega_ratio": 4.297111443406787,
              "omega_ratio_w": 3.968518629171269,
              "pnl_ratio_long_short": 1.0,
              "position_held_hours_max": 198.6,
              "position_held_hours_mean": 2.9850589016094244,
              "position_held_hours_median": 0.6,
              "position_unchanged_hours_max": 182.63333333333333,
              "positions_held_per_day": 1.3537735849056605,
              "sharpe_ratio": 0.1011160378440364,
              "sharpe_ratio_w": 0.09485696275838892,
              "sortino_ratio": 0.0980674137223022,
              "sortino_ratio_w": 0.08191210362198839,
              "sterling_ratio": 0.020223708340718162,
              "sterling_ratio_w": 0.01870607261728828,
              "volume_pct_per_day_avg": 1.8526959946693358,
              "volume_pct_per_day_avg_w": 1.4581393546053047},
 "backtest": {"base_dir": "backtests/pbgui/SHIB_adg_sharpe_omega_twe9_trgr",
              "cache_dir": {"binance": "caches/hlcvs_data/083aef10b993a731"},
              "coins": {"binance": ["SHIB"]},
              "combine_ohlcvs": false,
              "compress_cache": true,
              "end_date": "2025-06-23",
              "exchanges": ["binance", "bybit"],
              "gap_tolerance_ohlcvs_minutes": 120,
              "start_date": "2020-01-01",
              "starting_balance": 1000,
              "use_btc_collateral": false},
 "bot": {"long": {"close_grid_markup_end": 0.0066384,
                  "close_grid_markup_start": 0.013091,
                  "close_grid_qty_pct": 0.19391,
                  "close_trailing_grid_ratio": -0.67987,
                  "close_trailing_qty_pct": 0.21754,
                  "close_trailing_retracement_pct": 0.0049476,
                  "close_trailing_threshold_pct": 0.0049734,
                  "ema_span_0": 101.4,
                  "ema_span_1": 100.13,
                  "enforce_exposure_limit": true,
                  "entry_grid_double_down_factor": 3.6848,
                  "entry_grid_spacing_pct": 0.020247,
                  "entry_grid_spacing_weight": 1.1154,
                  "entry_initial_ema_dist": 0.019187,
                  "entry_initial_qty_pct": 0.082792,
                  "entry_trailing_double_down_factor": 1.8407,
                  "entry_trailing_grid_ratio": -0.12157,
                  "entry_trailing_retracement_pct": 0.11097,
                  "entry_trailing_threshold_pct": -0.058703,
                  "filter_noisiness_rolling_window": 60,
                  "filter_volume_drop_pct": 0,
                  "filter_volume_rolling_window": 60,
                  "n_positions": 1,
                  "total_wallet_exposure_limit": 1.4549,
                  "unstuck_close_pct": 0.031881,
                  "unstuck_ema_dist": -0.0059417,
                  "unstuck_loss_allowance_pct": 0.12653,
                  "unstuck_threshold": 0.94531},
         "short": {"close_grid_markup_end": 0.001,
                   "close_grid_markup_start": 0.001,
                   "close_grid_qty_pct": 0.1,
                   "close_trailing_grid_ratio": -1,
                   "close_trailing_qty_pct": 0.1,
                   "close_trailing_retracement_pct": 0.003,
                   "close_trailing_threshold_pct": -0.001,
                   "ema_span_0": 200,
                   "ema_span_1": 200,
                   "enforce_exposure_limit": true,
                   "entry_grid_double_down_factor": 0.6,
                   "entry_grid_spacing_pct": 0.01,
                   "entry_grid_spacing_weight": 0.2,
                   "entry_initial_ema_dist": -0.001,
                   "entry_initial_qty_pct": 0.025,
                   "entry_trailing_double_down_factor": 0.1,
                   "entry_trailing_grid_ratio": -1,
                   "entry_trailing_retracement_pct": 0,
                   "entry_trailing_threshold_pct": -0.1,
                   "filter_noisiness_rolling_window": 60,
                   "filter_volume_drop_pct": 0.53,
                   "filter_volume_rolling_window": 60,
                   "n_positions": 0,
                   "total_wallet_exposure_limit": 0,
                   "unstuck_close_pct": 0.005,
                   "unstuck_ema_dist": -0.1,
                   "unstuck_loss_allowance_pct": 0.01,
                   "unstuck_threshold": 0.55}},
 "disable_plotting": false,
 "live": {"approved_coins": {"long": ["1000SHIBUSDT", "SHIB1000USDT"],
                             "short": []},
          "auto_gs": true,
          "coin_flags": {},
          "empty_means_all_approved": false,
          "execution_delay_seconds": 2,
          "filter_by_min_effective_cost": true,
          "forced_mode_long": "",
          "forced_mode_short": "",
          "ignored_coins": {"long": [], "short": []},
          "leverage": 10,
          "market_orders_allowed": true,
          "max_n_cancellations_per_batch": 5,
          "max_n_creations_per_batch": 3,
          "max_n_restarts_per_day": 10,
          "mimic_backtest_1m_delay": false,
          "minimum_coin_age_days": 30,
          "ohlcvs_1m_rolling_window_days": 4,
          "ohlcvs_1m_update_after_minutes": 10,
          "pnls_max_lookback_days": 30,
          "price_distance_threshold": 0.002,
          "time_in_force": "good_till_cancelled",
          "user": "bybit_01"},
 "optimize": {"bounds": {"long_close_grid_markup_end": [0.001, 0.03],
                         "long_close_grid_markup_start": [0.001, 0.03],
                         "long_close_grid_qty_pct": [0.05, 0.4],
                         "long_close_trailing_grid_ratio": [-1, 1],
                         "long_close_trailing_qty_pct": [0.05, 0.25],
                         "long_close_trailing_retracement_pct": [0.003, 0.01],
                         "long_close_trailing_threshold_pct": [0.001, 0.005],
                         "long_ema_span_0": [100, 800],
                         "long_ema_span_1": [100, 800],
                         "long_entry_grid_double_down_factor": [0.4, 10],
                         "long_entry_grid_spacing_pct": [0.01, 0.12],