{
    "adg": 0.003460188363770822,
    "adg_per_exposure_long": 0.0015176930408223263,
    "adg_per_exposure_short": 0.0,
    "adg_w": 0.0028689290748028506,
    "adg_w_per_exposure_long": 0.0012583574169055005,
    "adg_w_per_exposure_short": 0.0,
    "calmar_ratio": 0.007491258360005596,
    "calmar_ratio_w": 0.013454550567052151,
    "drawdown_worst": 0.46189681325691684,
    "drawdown_worst_mean_1pct": 0.19575744095289627,
    "equity_balance_diff_neg_max": 0.5021146516163058,
    "equity_balance_diff_neg_mean": 0.00600945602653958,
    "equity_balance_diff_pos_max": 0.10634145973006864,
    "equity_balance_diff_pos_mean": 0.0005025852058536858,
    "equity_choppiness": 1.5737750527026912,
    "equity_choppiness_w": 1.8455817565612112,
    "equity_jerkiness": 0.006894184789552788,
    "equity_jerkiness_w": 0.007750659785356581,
    "expected_shortfall_1pct": 0.17968320786197092,
    "exponential_fit_error": 0.30811758451403887,
    "exponential_fit_error_w": 0.03476846928540582,
    "gain": 691.4772791144093,
    "gain_per_exposure_long": 303.2928106997716,
    "gain_per_exposure_short": 0.0,
    "loss_profit_ratio": 0.002530851315855048,
    "loss_profit_ratio_long": 0.002530851315855048,
    "loss_profit_ratio_short": 1.0,
    "loss_profit_ratio_w": 0.0007321419370708753,
    "mdg": 0.0008698113787050885,
    "mdg_per_exposure_long": 0.00038151295175450174,
    "mdg_per_exposure_short": 0.0,
    "mdg_w": 0.0008660367250793475,
    "mdg_w_per_exposure_long": 0.00037985732930363063,
    "mdg_w_per_exposure_short": 0.0,
    "omega_ratio": 6.3058986884776695,
    "omega_ratio_w": 4.278340299826404,
    "pnl_ratio_long_short": 1.0,
    "position_held_hours_max": 1909.1333333333334,
    "position_held_hours_mean": 81.79614288845058,
    "position_held_hours_median": 35.81666666666667,
    "position_unchanged_hours_max": 563.2,
    "positions_held_per_day": 0.803486529318542,
    "sharpe_ratio": 0.0714692985120279,
    "sharpe_ratio_w": 0.08241200519922587,
    "sortino_ratio": 0.09519085944190316,
    "sortino_ratio_w": 0.10045231574063831,
    "sterling_ratio": 0.017675897002573826,
    "sterling_ratio_w": 0.01733266068829519,
    "volume_pct_per_day_avg": 0.6057812517341599,
    "volume_pct_per_day_avg_w": 0.5505862746944132
}