{"analysis": {"adg": 0.003460188363770822,
              "adg_per_exposure_long": 0.0015176930408223263,
              "adg_per_exposure_short": 0.0,
              "adg_w": 0.0028689290748028506,
              "adg_w_per_exposure_long": 0.0012583574169055005,
              "adg_w_per_exposure_short": 0.0,
              "calmar_ratio": 0.007491258360005596,
              "calmar_ratio_w": 0.013454550567052151,
              "drawdown_worst": 0.46189681325691684,
              "drawdown_worst_mean_1pct": 0.19575744095289627,
              "equity_balance_diff_neg_max": 0.5021146516163058,
              "equity_balance_diff_neg_mean": 0.00600945602653958,
              "equity_balance_diff_pos_max": 0.10634145973006864,
              "equity_balance_diff_pos_mean": 0.0005025852058536858,
              "equity_choppiness": 1.5737750527026912,
              "equity_choppiness_w": 1.8455817565612112,
              "equity_jerkiness": 0.006894184789552788,
              "equity_jerkiness_w": 0.007750659785356581,
              "expected_shortfall_1pct": 0.17968320786197092,
              "exponential_fit_error": 0.30811758451403887,
              "exponential_fit_error_w": 0.03476846928540582,
              "gain": 691.4772791144093,
              "gain_per_exposure_long": 303.2928106997716,
              "gain_per_exposure_short": 0.0,
              "loss_profit_ratio": 0.002530851315855048,
              "loss_profit_ratio_long": 0.002530851315855048,
              "loss_profit_ratio_short": 1.0,
              "loss_profit_ratio_w": 0.0007321419370708753,
              "mdg": 0.0008698113787050885,
              "mdg_per_exposure_long": 0.00038151295175450174,
              "mdg_per_exposure_short": 0.0,
              "mdg_w": 0.0008660367250793475,
              "mdg_w_per_exposure_long": 0.00037985732930363063,
              "mdg_w_per_exposure_short": 0.0,
              "omega_ratio": 6.3058986884776695,
              "omega_ratio_w": 4.278340299826404,
              "pnl_ratio_long_short": 1.0,
              "position_held_hours_max": 1909.1333333333334,
              "position_held_hours_mean": 81.79614288845058,
              "position_held_hours_median": 35.81666666666667,
              "position_unchanged_hours_max": 563.2,
              "positions_held_per_day": 0.803486529318542,
              "sharpe_ratio": 0.0714692985120279,
              "sharpe_ratio_w": 0.08241200519922587,
              "sortino_ratio": 0.09519085944190316,
              "sortino_ratio_w": 0.10045231574063831,
              "sterling_ratio": 0.017675897002573826,
              "sterling_ratio_w": 0.01733266068829519,
              "volume_pct_per_day_avg": 0.6057812517341599,
              "volume_pct_per_day_avg_w": 0.5505862746944132},
 "backtest": {"base_dir": "backtests/pbgui/bybit_CPT1_adg_lpr_c75tr_dd50_twe3_dd10",
              "cache_dir": {"binance": "caches/hlcvs_data/7ffa96c78d7f3748"},
              "coins": {"binance": ["DOGE", "ICP", "SOL", "VET"]},
              "combine_ohlcvs": false,
              "compress_cache": true,
              "end_date": "2025-05-21",
              "exchanges": ["binance", "bybit"],
              "gap_tolerance_ohlcvs_minutes": 120,
              "start_date": "2020-01-01",
              "starting_balance": 1000,
              "use_btc_collateral": false},
 "bot": {"long": {"close_grid_markup_end": 0.036706,
                  "close_grid_markup_start": 0.083259,
                  "close_grid_qty_pct": 0.16248,
                  "close_trailing_grid_ratio": -0.98601,
                  "close_trailing_qty_pct": 0.10312,
                  "close_trailing_retracement_pct": 0.0035703,
                  "close_trailing_threshold_pct": 0.0044799,
                  "ema_span_0": 679.2,
                  "ema_span_1": 212.69,
                  "enforce_exposure_limit": true,
                  "entry_grid_double_down_factor": 2.7758,
                  "entry_grid_spacing_pct": 0.045772,
                  "entry_grid_spacing_weight": 0.43708,
                  "entry_initial_ema_dist": 0.017453,
                  "entry_initial_qty_pct": 0.041416,
                  "entry_trailing_double_down_factor": 4.0867,
                  "entry_trailing_grid_ratio": -0.16145,
                  "entry_trailing_retracement_pct": 0.14161,
                  "entry_trailing_threshold_pct": 0.031602,
                  "filter_noisiness_rolling_window": 60,
                  "filter_volume_drop_pct": 0,
                  "filter_volume_rolling_window": 60,
                  "n_positions": 4,
                  "total_wallet_exposure_limit": 2.2799,
                  "unstuck_close_pct": 0.0050739,
                  "unstuck_ema_dist": 0.0099103,
                  "unstuck_loss_allowance_pct": 0.072591,
                  "unstuck_threshold": 0.94982},
         "short": {"close_grid_markup_end": 0.002,
                   "close_grid_markup_start": 0.012,
                   "close_grid_qty_pct": 0.05,
                   "close_trailing_grid_ratio": -1,
                   "close_trailing_qty_pct": 0.05,
                   "close_trailing_retracement_pct": 0,
                   "close_trailing_threshold_pct": -0.1,
                   "ema_span_0": 200,
                   "ema_span_1": 200,
                   "enforce_exposure_limit": true,
                   "entry_grid_double_down_factor": 0.1,
                   "entry_grid_spacing_pct": 0.01,
                   "entry_grid_spacing_weight": 0.2,
                   "entry_initial_ema_dist": -0.1,
                   "entry_initial_qty_pct": 0.025,
                   "entry_trailing_double_down_factor": 0.1,
                   "entry_trailing_grid_ratio": -1,
                   "entry_trailing_retracement_pct": 0,
                   "entry_trailing_threshold_pct": -0.1,
                   "filter_noisiness_rolling_window": 10,
                   "filter_volume_drop_pct": 0,
                   "filter_volume_rolling_window": 10,
                   "n_positions": 0,
                   "total_wallet_exposure_limit": 0,
                   "unstuck_close_pct": 0.005,
                   "unstuck_ema_dist": -0.1,
                   "unstuck_loss_allowance_pct": 0.01,
                   "unstuck_threshold": 0.7}},
 "disable_plotting": false,
 "live": {"approved_coins": {"long": ["DOGEUSDT",
                                      "VETUSDT",
                                      "ICPUSDT",
                                      "SOLUSDT"],
                             "short": []},
          "auto_gs": true,
          "coin_flags": {},
          "empty_means_all_approved": false,
          "execution_delay_seconds": 2,
          "filter_by_min_effective_cost": true,
          "forced_mode_long": "",
          "forced_mode_short": "",
          "ignored_coins": {"long": [], "short": []},
          "leverage": 10,
          "market_orders_allowed": true,
          "max_n_cancellations_per_batch": 5,
          "max_n_creations_per_batch": 3,
          "max_n_restarts_per_day": 10,
          "mimic_backtest_1m_delay": false,
          "minimum_coin_age_days": 30,
          "ohlcvs_1m_rolling_window_days": 4,
          "ohlcvs_1m_update_after_minutes": 10,
          "pnls_max_lookback_days": 30,
          "price_distance_threshold": 0.002,
          "time_in_force": "good_till_cancelled",
          "user": "bybit_01"},
 "optimize": {"bounds": {"long_close_grid_markup_end": [0.02, 0.1],
                         "long_close_grid_markup_start": [0.001, 0.03],
                         "long_close_grid_qty_pct": [0, 0.4],
                         "long_close_trailing_grid_ratio": [-1, -0.75],
                         "long_close_trailing_qty_pct": [0.1, 0.25],
                         "long_close_trailing_retracement_pct": [0.003, 0.01],
                         "long_close_trailing_threshold_pct": [0.001, 0.005],
                         "long_ema_span_0": [100, 800],
                         "long_ema_span_1": [100, 800],