{
    "adg": 0.08351862835943402,
    "adg_per_exposure_long": 0.0037119390381970675,
    "adg_per_exposure_short": 0.0,
    "adg_w": 0.024135223505562565,
    "adg_w_per_exposure_long": 0.001072676600247225,
    "adg_w_per_exposure_short": 0.0,
    "calmar_ratio": 0.09990666833533675,
    "calmar_ratio_w": 0.05250507936963143,
    "drawdown_worst": 0.8359665050495302,
    "drawdown_worst_mean_1pct": 0.8359665050495302,
    "equity_balance_diff_neg_max": 0.9347261867443655,
    "equity_balance_diff_neg_mean": 0.030137611059645773,
    "equity_balance_diff_pos_max": 2.495506316059446,
    "equity_balance_diff_pos_mean": 0.029761776109188027,
    "equity_choppiness": 1.2216773349985595,
    "equity_choppiness_w": 1.2847861606336761,
    "equity_jerkiness": 0.1404488831924968,
    "equity_jerkiness_w": 0.05833346444831836,
    "expected_shortfall_1pct": 0.725999767218902,
    "exponential_fit_error": 4.330371644107191,
    "exponential_fit_error_w": 0.4440048862890921,
    "gain": 345927.2607920463,
    "gain_per_exposure_long": 15374.544924090947,
    "gain_per_exposure_short": 0.0,
    "loss_profit_ratio": 0.0008704524324105358,
    "loss_profit_ratio_long": 0.0008704524324105358,
    "loss_profit_ratio_short": 1.0,
    "loss_profit_ratio_w": 0.00018792843280070136,
    "mdg": 0.009732686316968173,
    "mdg_per_exposure_long": 0.0004325638363096966,
    "mdg_per_exposure_short": 0.0,
    "mdg_w": 0.0012222441983299778,
    "mdg_w_per_exposure_long": 5.4321964370221236e-05,
    "mdg_w_per_exposure_short": 0.0,
    "omega_ratio": 28.985407359901796,
    "omega_ratio_w": 21.01446180077621,
    "pnl_ratio_long_short": 1.0,
    "position_held_hours_max": 28.866666666666667,
    "position_held_hours_mean": 0.548661686896981,
    "position_held_hours_median": 0.05,
    "position_unchanged_hours_max": 17.4,
    "positions_held_per_day": 6.735849056603773,
    "sharpe_ratio": 0.09775418255925783,
    "sharpe_ratio_w": 0.07588639531271801,
    "sortino_ratio": 0.4644293650473299,
    "sortino_ratio_w": 0.16193543583912423,
    "sterling_ratio": 0.09990666833533675,
    "sterling_ratio_w": 0.05250507936963143,
    "volume_pct_per_day_avg": 18.60624093540553,
    "volume_pct_per_day_avg_w": 8.384652974908654
}