{"analysis": {"adg": 0.0026476362047418434,
              "adg_per_exposure_long": 0.0015593593290192847,
              "adg_per_exposure_short": 0.0,
              "adg_w": 0.0021842929268664824,
              "adg_w_per_exposure_long": 0.001286467357834079,
              "adg_w_per_exposure_short": 0.0,
              "calmar_ratio": 0.008174787963791112,
              "calmar_ratio_w": 0.006744178636008355,
              "drawdown_worst": 0.3238782726193163,
              "drawdown_worst_mean_1pct": 0.17015199895889932,
              "equity_balance_diff_neg_max": 0.33878293330602155,
              "equity_balance_diff_neg_mean": 0.0036976637661032294,
              "equity_balance_diff_pos_max": 0.16758474023743838,
              "equity_balance_diff_pos_mean": 0.002220967673580972,
              "equity_choppiness": 1.5788697059406172,
              "equity_choppiness_w": 1.4765008988915034,
              "equity_jerkiness": 0.006420142309136388,
              "equity_jerkiness_w": 0.005515151966038884,
              "expected_shortfall_1pct": 0.1592374665493277,
              "exponential_fit_error": 0.20744467444116613,
              "exponential_fit_error_w": 0.0249444395971484,
              "gain": 84.5093805849124,
              "gain_per_exposure_long": 49.77288449550174,
              "gain_per_exposure_short": 0.0,
              "loss_profit_ratio": 0.31330212432856114,
              "loss_profit_ratio_long": 0.31330212432856114,
              "loss_profit_ratio_short": 1.0,
              "loss_profit_ratio_w": 0.28815219498791284,
              "mdg": 0.0,
              "mdg_per_exposure_long": 0.0,
              "mdg_per_exposure_short": 0.0,
              "mdg_w": 0.0,
              "mdg_w_per_exposure_long": 0.0,
              "mdg_w_per_exposure_short": 0.0,
              "omega_ratio": 6.078311409360918,
              "omega_ratio_w": 6.219687913200237,
              "pnl_ratio_long_short": 1.0,
              "position_held_hours_max": 89.55,
              "position_held_hours_mean": 1.1133063209076175,
              "position_held_hours_median": 0.3333333333333333,
              "position_unchanged_hours_max": 72.2,
              "positions_held_per_day": 1.838926680125526,
              "sharpe_ratio": 0.07621097393582868,
              "sharpe_ratio_w": 0.061388264618820645,
              "sortino_ratio": 0.0747690875758208,
              "sortino_ratio_w": 0.05263073343498968,
              "sterling_ratio": 0.015560417867211698,
              "sterling_ratio_w": 0.010525682081006136,
              "volume_pct_per_day_avg": 1.7822165596572186,
              "volume_pct_per_day_avg_w": 1.6970083046962159},
 "backtest": {"base_dir": "backtests/pbgui/ETH_adg_sharpe_c100tr_twe10_dd75",
              "cache_dir": {"bybit": "caches/hlcvs_data/ed093504e216bd15"},
              "coins": {"bybit": ["ETH"]},
              "combine_ohlcvs": false,
              "compress_cache": true,
              "end_date": "2025-05-26",
              "exchanges": ["binance", "bybit"],
              "gap_tolerance_ohlcvs_minutes": 120,
              "start_date": "2020-01-01",
              "starting_balance": 1000,
              "use_btc_collateral": false},
 "bot": {"long": {"close_grid_markup_end": 0.012839,
                  "close_grid_markup_start": 0.014436599999999999,
                  "close_grid_qty_pct": 0.0051356,
                  "close_trailing_grid_ratio": -1,
                  "close_trailing_qty_pct": 0.24975,
                  "close_trailing_retracement_pct": 0.0069919,
                  "close_trailing_threshold_pct": 0.0026642,
                  "ema_span_0": 109.78,
                  "ema_span_1": 322.27,
                  "enforce_exposure_limit": true,
                  "entry_grid_double_down_factor": 9.6509,
                  "entry_grid_spacing_pct": 0.027257,
                  "entry_grid_spacing_weight": 0.34988,
                  "entry_initial_ema_dist": 0.016588,
                  "entry_initial_qty_pct": 0.029134,
                  "entry_trailing_double_down_factor": 9.4012,
                  "entry_trailing_grid_ratio": 0.026101,
                  "entry_trailing_retracement_pct": 0.078174,
                  "entry_trailing_threshold_pct": 0.048445,
                  "filter_noisiness_rolling_window": 60,
                  "filter_volume_drop_pct": 0,
                  "filter_volume_rolling_window": 60,
                  "n_positions": 1,
                  "total_wallet_exposure_limit": 1.6979,
                  "unstuck_close_pct": 0.035443,
                  "unstuck_ema_dist": -0.048866,
                  "unstuck_loss_allowance_pct": 0.20791,
                  "unstuck_threshold": 0.55524},
         "short": {"close_grid_markup_end": 0.013899,
                   "close_grid_markup_start": 0.042165,
                   "close_grid_qty_pct": 0.05,
                   "close_trailing_grid_ratio": -1,
                   "close_trailing_qty_pct": 0.05,
                   "close_trailing_retracement_pct": 0,
                   "close_trailing_threshold_pct": -0.1,
                   "ema_span_0": 200,
                   "ema_span_1": 200,
                   "enforce_exposure_limit": true,
                   "entry_grid_double_down_factor": 0.1,
                   "entry_grid_spacing_pct": 0.01,
                   "entry_grid_spacing_weight": 0.2,
                   "entry_initial_ema_dist": -0.1,
                   "entry_initial_qty_pct": 0.025,
                   "entry_trailing_double_down_factor": 0.1,
                   "entry_trailing_grid_ratio": -1,
                   "entry_trailing_retracement_pct": 0,
                   "entry_trailing_threshold_pct": -0.1,
                   "filter_noisiness_rolling_window": 10,
                   "filter_volume_drop_pct": 0,
                   "filter_volume_rolling_window": 10,
                   "n_positions": 0,
                   "total_wallet_exposure_limit": 0,
                   "unstuck_close_pct": 0.005,
                   "unstuck_ema_dist": -0.1,
                   "unstuck_loss_allowance_pct": 0.01,
                   "unstuck_threshold": 0.7}},
 "disable_plotting": false,
 "live": {"approved_coins": {"long": ["ETHUSDT"], "short": []},
          "auto_gs": true,
          "coin_flags": {},
          "empty_means_all_approved": false,
          "execution_delay_seconds": 2,
          "filter_by_min_effective_cost": true,
          "forced_mode_long": "",
          "forced_mode_short": "",
          "ignored_coins": {"long": [], "short": []},
          "leverage": 10,
          "market_orders_allowed": true,
          "max_n_cancellations_per_batch": 5,
          "max_n_creations_per_batch": 3,
          "max_n_restarts_per_day": 10,
          "mimic_backtest_1m_delay": false,
          "minimum_coin_age_days": 30,
          "ohlcvs_1m_rolling_window_days": 4,
          "ohlcvs_1m_update_after_minutes": 10,
          "pnls_max_lookback_days": 30,
          "price_distance_threshold": 0.002,
          "time_in_force": "good_till_cancelled",
          "user": "bybit_01"},
 "optimize": {"bounds": {"long_close_grid_markup_end": [0.001, 0.03],
                         "long_close_grid_markup_start": [0.001, 0.03],
                         "long_close_grid_qty_pct": [0, 0.4],
                         "long_close_trailing_grid_ratio": [-1, -1],
                         "long_close_trailing_qty_pct": [0.1, 0.25],
                         "long_close_trailing_retracement_pct": [0.003, 0.01],
                         "long_close_trailing_threshold_pct": [0.001, 0.005],
                         "long_ema_span_0": [100, 800],
                         "long_ema_span_1": [100, 800],
                         "long_entry_grid_double_down_factor": [0.5, 10],
                         "long_entry_grid_spacing_pct": [0.01, 0.12],
                         "long_entry_grid_spacing_weight": [0.2, 2],
                         "long_entry_initial_ema_dist": [-0.001, 0.02],