{
    "adg_btc": 0.0005578035410755966,
    "adg_per_exposure_long_btc": 0.0002789017705377983,
    "adg_per_exposure_long_usd": 0.0006724876933198454,
    "adg_per_exposure_short_btc": 0.0005578035410755966,
    "adg_per_exposure_short_usd": 0.0013449753866396907,
    "adg_pnl": 0.0055776283857933125,
    "adg_pnl_w": 0.005008097033262897,
    "adg_strategy_eq": 0.0013449753866396907,
    "adg_strategy_eq_w": 0.0010767333817418346,
    "adg_usd": 0.0013449753866396907,
    "adg_w_btc": 0.002116355540334558,
    "adg_w_per_exposure_long_btc": 0.001058177770167279,
    "adg_w_per_exposure_long_usd": 0.0005383666908709173,
    "adg_w_per_exposure_short_btc": 0.002116355540334558,
    "adg_w_per_exposure_short_usd": 0.0010767333817418346,
    "adg_w_usd": 0.0010767333817418346,
    "backtest_completion_ratio": 1.0,
    "calmar_ratio_btc": 0.0007695185856227887,
    "calmar_ratio_strategy_eq": 0.007782646398171302,
    "calmar_ratio_strategy_eq_w": 0.006631526985536612,
    "calmar_ratio_usd": 0.007782646398171306,
    "calmar_ratio_w_btc": 0.011935767760205981,
    "calmar_ratio_w_usd": 0.0066315269855366146,
    "drawdown_worst_btc": 0.7248733838236716,
    "drawdown_worst_ema_strategy_eq": 0.127146069168386,
    "drawdown_worst_ema_strategy_eq_long": 0.127146069168386,
    "drawdown_worst_ema_strategy_eq_short": 0.019149627811805337,
    "drawdown_worst_mean_1pct_btc": 0.7063415707886279,
    "drawdown_worst_mean_1pct_ema_strategy_eq": 0.08839704803847917,
    "drawdown_worst_mean_1pct_ema_strategy_eq_long": 0.08839704803847917,
    "drawdown_worst_mean_1pct_ema_strategy_eq_short": 0.014687167358901201,
    "drawdown_worst_mean_1pct_strategy_eq": 0.12826705752010015,
    "drawdown_worst_mean_1pct_strategy_eq_long": 0.12826705752010004,
    "drawdown_worst_mean_1pct_strategy_eq_short": 0.11487680742590103,
    "drawdown_worst_mean_1pct_usd": 0.12826705752010006,
    "drawdown_worst_strategy_eq": 0.1728172292339687,
    "drawdown_worst_strategy_eq_long": 0.1728172292339686,
    "drawdown_worst_strategy_eq_short": 0.15589550146064704,
    "drawdown_worst_usd": 0.1728172292339686,
    "entry_initial_balance_pct_long": 0.16663737023999997,
    "entry_initial_balance_pct_short": 0.03485929062,
    "entry_interval_hours_max": 1953.5166666666667,
    "entry_interval_hours_mean": 97.95152547874066,
    "entry_interval_hours_median": 21.766666666666666,
    "entry_interval_hours_p95": 508.1466666666664,
    "entry_interval_hours_p99": 949.2983333333335,
    "equity_balance_diff_neg_max_btc": 0.32008969845885066,
    "equity_balance_diff_neg_max_usd": 0.17041253574971021,
    "equity_balance_diff_neg_mean_btc": 0.020088046979239424,
    "equity_balance_diff_neg_mean_usd": 0.013376706848567526,
    "equity_balance_diff_pos_max_btc": 0.3741712357510922,
    "equity_balance_diff_pos_max_usd": 0.13260876468797816,
    "equity_balance_diff_pos_mean_btc": 0.038674227372999706,
    "equity_balance_diff_pos_mean_usd": 0.008463729299874176,
    "equity_choppiness_btc": 17.451400165445655,
    "equity_choppiness_usd": 4.537072418146157,
    "equity_choppiness_w_btc": 10.286342704096253,
    "equity_choppiness_w_usd": 4.867408546414028,
    "equity_jerkiness_btc": 0.021802392767487758,
    "equity_jerkiness_usd": 0.008583703532227373,
    "equity_jerkiness_w_btc": 0.017735343311794244,
    "equity_jerkiness_w_usd": 0.007720153945482426,
    "expected_shortfall_1pct_btc": 0.1638686532712606,
    "expected_shortfall_1pct_strategy_eq": 0.0647371764894286,
    "expected_shortfall_1pct_usd": 0.06473717648942856,
    "exponential_fit_error_btc": 0.2395964201444189,
    "exponential_fit_error_usd": 0.03526024691372774,
    "exponential_fit_error_w_btc": 0.04840053270554713,
    "exponential_fit_error_w_usd": 0.004429710540018178,
    "exposure_mean_ratio_btc": 0.003747652082065669,
    "exposure_mean_ratio_usd": 0.009036335263035197,
    "exposure_mean_ratio_w_btc": 0.015112375496735043,
    "exposure_mean_ratio_w_usd": 0.007694917936602338,
    "exposure_ratio_btc": 0.0003068138034606981,
    "exposure_ratio_usd": 0.0007397891615034065,
    "exposure_ratio_w_btc": 0.002138456857293077,
    "exposure_ratio_w_usd": 0.0010377979589179594,
    "gain_btc": 3.2871498705253983,
    "gain_per_exposure_long_btc": 1.6435749352626992,
    "gain_per_exposure_long_usd": 8.803081797454578,
    "gain_per_exposure_short_btc": 3.2871498705253983,
    "gain_per_exposure_short_usd": 17.606163594909155,
    "gain_strategy_eq": 17.60616359490914,
    "gain_usd": 17.606163594909155,
    "hard_stop_duration_minutes_max": 834.0,
    "hard_stop_duration_minutes_mean": 834.0,
    "hard_stop_flatten_time_minutes_mean": 0.14634146341463414,
    "hard_stop_halt_to_restart_equity_loss_pct": 6.511171778169402,
    "hard_stop_panic_close_loss_max": 187.12227504636616,
    "hard_stop_panic_close_loss_sum": 1616.1246159064663,
    "hard_stop_post_restart_retrigger_pct": 0.37630662020905925,
    "hard_stop_restarts": 287,
    "hard_stop_restarts_long": 0,
    "hard_stop_restarts_per_year": 49.14393801276207,
    "hard_stop_restarts_per_year_long": 0.0,
    "hard_stop_restarts_per_year_short": 49.14393801276207,
    "hard_stop_restarts_short": 287,
    "hard_stop_time_in_orange_pct": 0.03158776156147885,
    "hard_stop_time_in_red_pct": 0.0780332471567759,
    "hard_stop_time_in_yellow_pct": 0.127544235074803,
    "hard_stop_trigger_drawdown_mean": 0.01920071443805111,
    "hard_stop_triggers": 287,
    "hard_stop_triggers_long": 0,
    "hard_stop_triggers_per_year": 49.14393801276207,
    "hard_stop_triggers_short": 287,
    "high_exposure_days_max_long": 65.66388888888889,
    "high_exposure_days_max_short": 63.49930555555556,
    "high_exposure_days_mean_long": 2.1245458386142797,
    "high_exposure_days_mean_short": 1.9720952065385466,
    "high_exposure_hours_max_long": 1575.9333333333334,
    "high_exposure_hours_max_short": 1523.9833333333333,
    "high_exposure_hours_mean_long": 50.98910012674271,
    "high_exposure_hours_mean_short": 47.33028495692512,
    "liquidated": false,
    "long_short_profit_ratio": 0.9431977995892452,
    "loss_profit_ratio": 0.08622801106598016,
    "loss_profit_ratio_long": 0.001739189064763512,
    "loss_profit_ratio_short": 0.6201127821225563,
    "loss_profit_ratio_w": 0.0386893898898749,
    "mdg_btc": -2.9083294098132792e-05,
    "mdg_per_exposure_long_btc": -1.4541647049066396e-05,
    "mdg_per_exposure_long_usd": 0.00010450839950523462,
    "mdg_per_exposure_short_btc": -2.9083294098132792e-05,
    "mdg_per_exposure_short_usd": 0.00020901679901046924,
    "mdg_pnl": 0.004622673067660325,
    "mdg_pnl_w": 0.004480707241125469,
    "mdg_strategy_eq": 0.0002090167990104695,
    "mdg_strategy_eq_w": 0.0001523599093982536,
    "mdg_usd": 0.00020901679901046924,
    "mdg_w_btc": 3.849562808435537e-05,
    "mdg_w_per_exposure_long_btc": 1.9247814042177684e-05,
    "mdg_w_per_exposure_long_usd": 7.617995469912672e-05,
    "mdg_w_per_exposure_short_btc": 3.849562808435537e-05,
    "mdg_w_per_exposure_short_usd": 0.00015235990939825345,
    "mdg_w_usd": 0.00015235990939825345,
    "omega_ratio_btc": 1.1849637953659846,
    "omega_ratio_strategy_eq": 1.6672456888529525,
    "omega_ratio_strategy_eq_w": 1.5708844370438302,
    "omega_ratio_usd": 1.6672456888529532,
    "omega_ratio_w_btc": 1.7164651272307965,
    "omega_ratio_w_usd": 1.5708844370438306,
    "paper_loss_mean_ratio_btc": 0.027767932923099738,
    "paper_loss_mean_ratio_usd": 0.10054607624026092,
    "paper_loss_mean_ratio_w_btc": 0.16293971705441046,
    "paper_loss_mean_ratio_w_usd": 0.1570569981494041,
    "paper_loss_ratio_btc": 0.00174264758835188,
    "paper_loss_ratio_usd": 0.007892467421616768,
    "paper_loss_ratio_w_btc": 0.057812255524118894,
    "paper_loss_ratio_w_usd": 0.01486781875737718,
    "peak_recovery_days_equity_btc": 320.0986111111111,
    "peak_recovery_days_equity_usd": 63.50069444444444,
    "peak_recovery_days_pnl": 65.61527777777778,
    "peak_recovery_days_strategy_eq": 63.50069444444444,