{"analysis": {"adg": 0.0018159159218866794,
              "adg_w": 0.0011458218707442792,
              "calmar_ratio": 0.004493170849424889,
              "calmar_ratio_w": 0.007407046440155491,
              "drawdown_worst": 0.40415020544324737,
              "drawdown_worst_mean_1pct": 0.2087157537643699,
              "equity_balance_diff_neg_max": 0.3987688820406694,
              "equity_balance_diff_neg_mean": 0.007691033222552643,
              "equity_balance_diff_pos_max": 0.08164269958867337,
              "equity_balance_diff_pos_mean": 0.004509409174732221,
              "equity_choppiness": 3.3062232604278656,
              "equity_choppiness_w": 3.3616507517865513,
              "equity_jerkiness": 0.007923082115143837,
              "equity_jerkiness_w": 0.005341990322205161,
              "expected_shortfall_1pct": 0.17084119732485878,
              "exponential_fit_error": 0.12692325912969252,
              "exponential_fit_error_w": 0.015558202287997258,
              "gain": 29.105060572577667,
              "loss_profit_ratio": 0.5466707408708715,
              "loss_profit_ratio_long": 0.5466707408708715,
              "loss_profit_ratio_short": 1.0,
              "loss_profit_ratio_w": 0.5385561419328175,
              "mdg": 0.0,
              "mdg_w": 0.0,
              "omega_ratio": 2.1592813095001864,
              "omega_ratio_w": 2.1719340840897283,
              "pnl_ratio_long_short": 1.0,
              "position_held_hours_max": 1897.7,
              "position_held_hours_mean": 75.05921855921856,
              "position_held_hours_median": 40.766666666666666,
              "position_unchanged_hours_max": 706.9833333333333,
              "positions_held_per_day": 0.14696712081720179,
              "sharpe_ratio": 0.05392490745302396,
              "sharpe_ratio_w": 0.057389868727880024,
              "sortino_ratio": 0.041383077986710586,
              "sortino_ratio_w": 0.03328976629528877,
              "sterling_ratio": 0.008700425766311639,
              "sterling_ratio_w": 0.008953499352072212},
 "backtest": {"base_dir": "backtests/pbgui/BTC_adg_sharp_omega",
              "cache_dir": {"bybit": "caches/hlcvs_data/72915e71f8cb7625"},
              "coins": {"bybit": ["BTC"]},
              "combine_ohlcvs": false,
              "compress_cache": true,
              "end_date": "2025-04-26",
              "exchanges": ["binance", "bybit"],
              "gap_tolerance_ohlcvs_minutes": 120,
              "start_date": "2020-01-01",
              "starting_balance": 100000,
              "use_btc_collateral": false},
 "bot": {"long": {"close_grid_markup_range": 0.021194,
                  "close_grid_min_markup": 0.032289,
                  "close_grid_qty_pct": 0.03963,
                  "close_trailing_grid_ratio": -0.87023,
                  "close_trailing_qty_pct": 0.10191,
                  "close_trailing_retracement_pct": 0.0039506,
                  "close_trailing_threshold_pct": 0.0036885,
                  "ema_span_0": 360.73,
                  "ema_span_1": 286.51,
                  "enforce_exposure_limit": true,
                  "entry_grid_double_down_factor": 1.0436,
                  "entry_grid_spacing_pct": 0.010837,
                  "entry_grid_spacing_weight": 0.20474,
                  "entry_initial_ema_dist": 0.024033,
                  "entry_initial_qty_pct": 0.14216,
                  "entry_trailing_double_down_factor": 0.89911,
                  "entry_trailing_grid_ratio": 0.074432,
                  "entry_trailing_retracement_pct": 0.14835,
                  "entry_trailing_threshold_pct": -0.022834,
                  "filter_relative_volume_clip_pct": 0,
                  "filter_rolling_window": 60,
                  "n_positions": 1,
                  "total_wallet_exposure_limit": 1.9237,
                  "unstuck_close_pct": 0.025987,
                  "unstuck_ema_dist": -0.034359,
                  "unstuck_loss_allowance_pct": 0.18705,
                  "unstuck_threshold": 0.57616},
         "short": {"close_grid_markup_range": 0.01,
                   "close_grid_min_markup": 0.002,
                   "close_grid_qty_pct": 0.05,
                   "close_trailing_grid_ratio": 0,
                   "close_trailing_qty_pct": 0.05,
                   "close_trailing_retracement_pct": 0,
                   "close_trailing_threshold_pct": 0,
                   "ema_span_0": 200,
                   "ema_span_1": 200,
                   "enforce_exposure_limit": true,
                   "entry_grid_double_down_factor": 0.1,
                   "entry_grid_spacing_pct": 0.01,
                   "entry_grid_spacing_weight": 0.2,
                   "entry_initial_ema_dist": 0,
                   "entry_initial_qty_pct": 0.025,
                   "entry_trailing_double_down_factor": 0.1,
                   "entry_trailing_grid_ratio": 0,
                   "entry_trailing_retracement_pct": 0,
                   "entry_trailing_threshold_pct": 0,
                   "filter_relative_volume_clip_pct": 0,
                   "filter_rolling_window": 10,
                   "n_positions": 0,
                   "total_wallet_exposure_limit": 0,
                   "unstuck_close_pct": 0.005,
                   "unstuck_ema_dist": 0,
                   "unstuck_loss_allowance_pct": 0.01,
                   "unstuck_threshold": 0.7}},
 "disable_plotting": false,
 "live": {"approved_coins": {"long": ["BTCUSDT"], "short": []},
          "auto_gs": true,
          "coin_flags": {},
          "empty_means_all_approved": false,
          "execution_delay_seconds": 2,
          "filter_by_min_effective_cost": true,
          "forced_mode_long": "",
          "forced_mode_short": "",
          "ignored_coins": {"long": [], "short": []},
          "leverage": 10,
          "market_orders_allowed": true,
          "max_n_cancellations_per_batch": 5,
          "max_n_creations_per_batch": 3,
          "max_n_restarts_per_day": 10,
          "minimum_coin_age_days": 30,
          "ohlcvs_1m_rolling_window_days": 4,
          "ohlcvs_1m_update_after_minutes": 10,
          "pnls_max_lookback_days": 30,
          "price_distance_threshold": 0.002,
          "time_in_force": "good_till_cancelled",
          "user": "bybit_01"},
 "optimize": {"bounds": {"long_close_grid_markup_range": [0.02, 0.1],
                         "long_close_grid_min_markup": [0.02, 0.1],
                         "long_close_grid_qty_pct": [0, 0.4],
                         "long_close_trailing_grid_ratio": [-1, -0.8],
                         "long_close_trailing_qty_pct": [0.1, 0.25],
                         "long_close_trailing_retracement_pct": [0.003, 0.01],
                         "long_close_trailing_threshold_pct": [0.001, 0.005],
                         "long_ema_span_0": [100, 800],
                         "long_ema_span_1": [100, 800],
                         "long_entry_grid_double_down_factor": [0.6, 1.75],
                         "long_entry_grid_spacing_pct": [0.01, 0.12],
                         "long_entry_grid_spacing_weight": [0.2, 2],
                         "long_entry_initial_ema_dist": [-0.001, 0.05],
                         "long_entry_initial_qty_pct": [0.025, 0.2],
                         "long_entry_trailing_double_down_factor": [0.6, 1.75],
                         "long_entry_trailing_grid_ratio": [-1, 1],
                         "long_entry_trailing_retracement_pct": [0, 0.15],
                         "long_entry_trailing_threshold_pct": [-0.1, 0.1],
                         "long_filter_relative_volume_clip_pct": [0, 0],
                         "long_filter_rolling_window": [60, 60],
                         "long_n_positions": [1, 1],
                         "long_total_wallet_exposure_limit": [1, 2],
                         "long_unstuck_close_pct": [0.005, 0.05],
                         "long_unstuck_ema_dist": [-0.1, 0.01],