{
    "adg": 0.008244356182536716,
    "adg_per_exposure_long": 0.002061089045634179,
    "adg_per_exposure_short": 0.0,
    "adg_w": 0.0041088686042489945,
    "adg_w_per_exposure_long": 0.0010272171510622486,
    "adg_w_per_exposure_short": 0.0,
    "calmar_ratio": 0.011831183798196707,
    "calmar_ratio_w": 0.010543521139593063,
    "drawdown_worst": 0.6968327365342182,
    "drawdown_worst_mean_1pct": 0.4108666439911745,
    "equity_balance_diff_neg_max": 0.7347522261203087,
    "equity_balance_diff_neg_mean": 0.006754611661191168,
    "equity_balance_diff_pos_max": 0.1916812547353817,
    "equity_balance_diff_pos_mean": 0.0005090774878077509,
    "equity_choppiness": 2.1594575974354817,
    "equity_choppiness_w": 2.493848034660412,
    "equity_jerkiness": 0.016771296542242454,
    "equity_jerkiness_w": 0.012848056968679489,
    "expected_shortfall_1pct": 0.36645602318728815,
    "exponential_fit_error": 2.2093353992695763,
    "exponential_fit_error_w": 0.23451491385942275,
    "gain": 2317140.5384032335,
    "gain_per_exposure_long": 579285.1346008084,
    "gain_per_exposure_short": 0.0,
    "loss_profit_ratio": 0.23816046126433071,
    "loss_profit_ratio_long": 0.23816046126433071,
    "loss_profit_ratio_short": 1.0,
    "loss_profit_ratio_w": 0.28985352196619996,
    "mdg": 0.0021458470255076296,
    "mdg_per_exposure_long": 0.0005364617563769074,
    "mdg_per_exposure_short": 0.0,
    "mdg_w": 0.0014089820092736433,
    "mdg_w_per_exposure_long": 0.0003522455023184108,
    "mdg_w_per_exposure_short": 0.0,
    "omega_ratio": 5.973062572859249,
    "omega_ratio_w": 3.3447555229476515,
    "pnl_ratio_long_short": 1.0,
    "position_held_hours_max": 184.53333333333333,
    "position_held_hours_mean": 2.6661518315215442,
    "position_held_hours_median": 0.48333333333333334,
    "position_unchanged_hours_max": 82.0,
    "positions_held_per_day": 5.205042016806723,
    "sharpe_ratio": 0.03864013279851799,
    "sharpe_ratio_w": 0.06309576312539143,
    "sortino_ratio": 0.10685177203732528,
    "sortino_ratio_w": 0.07417306395124013,
    "sterling_ratio": 0.02006577146893873,
    "sterling_ratio_w": 0.012444289096648183,
    "volume_pct_per_day_avg": 1.8922150861478841,
    "volume_pct_per_day_avg_w": 1.3517413782174186
}