{"analysis": {"adg": 0.007392884032594971,
              "adg_per_exposure_long": 0.0024642946775316568,
              "adg_per_exposure_short": 0.0,
              "adg_w": 0.0031605217739284043,
              "adg_w_per_exposure_long": 0.0010535072579761348,
              "adg_w_per_exposure_short": 0.0,
              "calmar_ratio": 0.015701654682655705,
              "calmar_ratio_w": 0.014835449981451906,
              "drawdown_worst": 0.47083471022714996,
              "drawdown_worst_mean_1pct": 0.26516964945842825,
              "equity_balance_diff_neg_max": 0.5354626899824413,
              "equity_balance_diff_neg_mean": 0.014346354520315088,
              "equity_balance_diff_pos_max": 0.18516913445720112,
              "equity_balance_diff_pos_mean": 0.0015093656137342623,
              "equity_choppiness": 1.2539968301627566,
              "equity_choppiness_w": 1.397380741006463,
              "equity_jerkiness": 0.009485679847313501,
              "equity_jerkiness_w": 0.005994054321246059,
              "expected_shortfall_1pct": 0.2407097553126046,
              "exponential_fit_error": 3.2156189453260717,
              "exponential_fit_error_w": 0.3302953702414991,
              "gain": 904299.5208408386,
              "gain_per_exposure_long": 301433.17361361283,
              "gain_per_exposure_short": 0.0,
              "loss_profit_ratio": 0.01605662175704726,
              "loss_profit_ratio_long": 0.01605662175704726,
              "loss_profit_ratio_short": 1.0,
              "loss_profit_ratio_w": 0.005322314855028247,
              "mdg": 0.0008099035153100393,
              "mdg_per_exposure_long": 0.00026996783843667976,
              "mdg_per_exposure_short": 0.0,
              "mdg_w": 0.00017940381491032356,
              "mdg_w_per_exposure_long": 5.980127163677452e-05,
              "mdg_w_per_exposure_short": 0.0,
              "omega_ratio": 21.49830577506985,
              "omega_ratio_w": 9.610363873659939,
              "pnl_ratio_long_short": 1.0,
              "position_held_hours_max": 71.6,
              "position_held_hours_mean": 0.5537515819924065,
              "position_held_hours_median": 0.11666666666666667,
              "position_unchanged_hours_max": 51.666666666666664,
              "positions_held_per_day": 2.9704618689581097,
              "sharpe_ratio": 0.0854039892872324,
              "sharpe_ratio_w": 0.09358336522901184,
              "sortino_ratio": 0.12596647442373135,
              "sortino_ratio_w": 0.08893177432698204,
              "sterling_ratio": 0.027879827301857122,
              "sterling_ratio_w": 0.019037153506729423,
              "volume_pct_per_day_avg": 3.005114551095796,
              "volume_pct_per_day_avg_w": 1.7951578047003314},
 "backtest": {"base_dir": "backtests/pbgui/DOGE_adg_w_sharpe_posmax_gain_eema125_72_twe3",
              "cache_dir": {"binance": "caches/hlcvs_data/0e9a6da61e7fdeac"},
              "coins": {"binance": ["DOGE"]},
              "combine_ohlcvs": false,
              "compress_cache": true,
              "end_date": "2025-09-12",
              "exchanges": ["binance", "bybit"],
              "gap_tolerance_ohlcvs_minutes": 120,
              "start_date": "2020-01-01",
              "starting_balance": 1000,
              "use_btc_collateral": false},
 "bot": {"long": {"close_grid_markup_end": 0.0055068,
                  "close_grid_markup_start": 0.0060021,
                  "close_grid_qty_pct": 0.33818,
                  "close_trailing_grid_ratio": 0.20471,
                  "close_trailing_qty_pct": 0.05467,
                  "close_trailing_retracement_pct": 0.0030285,
                  "close_trailing_threshold_pct": 0.0047861,
                  "ema_span_0": 104.06,
                  "ema_span_1": 5.9889,
                  "enforce_exposure_limit": true,
                  "entry_grid_double_down_factor": 1.3131,
                  "entry_grid_spacing_pct": 0.020842,
                  "entry_grid_spacing_weight": 0.7127,
                  "entry_initial_ema_dist": 0.0093592,
                  "entry_initial_qty_pct": 0.051584,
                  "entry_trailing_double_down_factor": 1.4428,
                  "entry_trailing_grid_ratio": -0.48367,
                  "entry_trailing_retracement_pct": 0.12836,
                  "entry_trailing_threshold_pct": -0.029448,
                  "filter_noisiness_rolling_window": 60,
                  "filter_volume_drop_pct": 0,
                  "filter_volume_rolling_window": 60,
                  "n_positions": 1,
                  "total_wallet_exposure_limit": 3,
                  "unstuck_close_pct": 0.027818,
                  "unstuck_ema_dist": -0.0073819,
                  "unstuck_loss_allowance_pct": 0.21306,
                  "unstuck_threshold": 0.64625},
         "short": {"close_grid_markup_end": 0.001,
                   "close_grid_markup_start": 0.001,
                   "close_grid_qty_pct": 0.1,
                   "close_trailing_grid_ratio": -1,
                   "close_trailing_qty_pct": 0.1,
                   "close_trailing_retracement_pct": 0.003,
                   "close_trailing_threshold_pct": -0.001,
                   "ema_span_0": 200,
                   "ema_span_1": 200,
                   "enforce_exposure_limit": true,
                   "entry_grid_double_down_factor": 0.6,
                   "entry_grid_spacing_pct": 0.01,
                   "entry_grid_spacing_weight": 0.2,
                   "entry_initial_ema_dist": -0.001,
                   "entry_initial_qty_pct": 0.025,
                   "entry_trailing_double_down_factor": 0.1,
                   "entry_trailing_grid_ratio": -1,
                   "entry_trailing_retracement_pct": 0,
                   "entry_trailing_threshold_pct": -0.1,
                   "filter_noisiness_rolling_window": 60,
                   "filter_volume_drop_pct": 0.53,
                   "filter_volume_rolling_window": 60,
                   "n_positions": 0,
                   "total_wallet_exposure_limit": 0,
                   "unstuck_close_pct": 0.005,
                   "unstuck_ema_dist": -0.1,
                   "unstuck_loss_allowance_pct": 0.01,
                   "unstuck_threshold": 0.55}},
 "coin_overrides": {},
 "disable_plotting": false,
 "live": {"approved_coins": {"long": ["DOGE"], "short": []},
          "auto_gs": true,
          "base_config_path": "",
          "empty_means_all_approved": false,
          "execution_delay_seconds": 2,
          "filter_by_min_effective_cost": true,
          "forced_mode_long": "",
          "forced_mode_short": "",
          "ignored_coins": {"long": [], "short": []},
          "leverage": 10,
          "market_orders_allowed": true,
          "max_n_cancellations_per_batch": 5,
          "max_n_creations_per_batch": 3,
          "max_n_restarts_per_day": 10,
          "mimic_backtest_1m_delay": false,
          "minimum_coin_age_days": 30,
          "ohlcvs_1m_rolling_window_days": 4,
          "ohlcvs_1m_update_after_minutes": 10,
          "pnls_max_lookback_days": 30,
          "price_distance_threshold": 0.002,
          "time_in_force": "good_till_cancelled",
          "user": "bybit_01"},
 "optimize": {"bounds": {"long_close_grid_markup_end": [0.001, 0.03],
                         "long_close_grid_markup_start": [0.001, 0.03],
                         "long_close_grid_qty_pct": [0.05, 0.4],
                         "long_close_trailing_grid_ratio": [-1, 1],
                         "long_close_trailing_qty_pct": [0.05, 0.25],
                         "long_close_trailing_retracement_pct": [0.003, 0.01],
                         "long_close_trailing_threshold_pct": [0.001, 0.005],
                         "long_ema_span_0": [1, 800],
                         "long_ema_span_1": [1, 800],
                         "long_entry_grid_double_down_factor": [0.4, 1.6],
                         "long_entry_grid_spacing_pct": [0.01, 0.12],