{"analysis": {"adg": 0.02417732786413529,
              "adg_per_exposure_long": 0.006044331966033822,
              "adg_per_exposure_short": 0.0,
              "adg_w": 0.009881366929422809,
              "adg_w_per_exposure_long": 0.002470341732355702,
              "adg_w_per_exposure_short": 0.0,
              "calmar_ratio": 0.11232661011911356,
              "calmar_ratio_w": 0.12968778343900125,
              "drawdown_worst": 0.215241320275731,
              "drawdown_worst_mean_1pct": 0.19768697643409544,
              "equity_balance_diff_neg_max": 0.18580611807320255,
              "equity_balance_diff_neg_mean": 0.003013010759893779,
              "equity_balance_diff_pos_max": 0.5634892520270528,
              "equity_balance_diff_pos_mean": 0.002276992668200214,
              "equity_choppiness": 1.361738690287708,
              "equity_choppiness_w": 1.2223887926537276,
              "equity_jerkiness": 0.0395668238067799,
              "equity_jerkiness_w": 0.015120511102164383,
              "expected_shortfall_1pct": 0.1694491875221924,
              "exponential_fit_error": 0.2439104378950735,
              "exponential_fit_error_w": 0.02583252204000259,
              "gain": 411.661005517215,
              "gain_per_exposure_long": 102.91525137930375,
              "gain_per_exposure_short": 0.0,
              "loss_profit_ratio": 0.20697458523657844,
              "loss_profit_ratio_long": 0.20697458523657844,
              "loss_profit_ratio_short": 1.0,
              "loss_profit_ratio_w": 0.1419926091319451,
              "mdg": 0.011014115891447221,
              "mdg_per_exposure_long": 0.0027535289728618053,
              "mdg_per_exposure_short": 0.0,
              "mdg_w": 0.006989471565827969,
              "mdg_w_per_exposure_long": 0.0017473678914569923,
              "mdg_w_per_exposure_short": 0.0,
              "omega_ratio": 9.420298965711664,
              "omega_ratio_w": 15.250194167880855,
              "pnl_ratio_long_short": 1.0,
              "position_held_hours_max": 60.9,
              "position_held_hours_mean": 7.48233280674039,
              "position_held_hours_median": 4.333333333333333,
              "position_unchanged_hours_max": 34.75,
              "positions_held_per_day": 2.511904761904762,
              "sharpe_ratio": 0.25774004348417606,
              "sharpe_ratio_w": 0.32016616664719083,
              "sortino_ratio": 0.40260068883144245,
              "sortino_ratio_w": 0.37679444685495944,
              "sterling_ratio": 0.12230106555449032,
              "sterling_ratio_w": 0.13068522898253893,
              "volume_pct_per_day_avg": 6.680745767703235,
              "volume_pct_per_day_avg_w": 3.2705471524291783},
 "backtest": {"base_dir": "backtests/pbgui/HYPE_adg_w_gain_sharpe_negmean_72_dd25_dd175_twe4",
              "cache_dir": {"bybit": "caches/hlcvs_data/24d2ed41106e76e8"},
              "coins": {"bybit": ["HYPE"]},
              "combine_ohlcvs": false,
              "compress_cache": true,
              "end_date": "2025-09-13",
              "exchanges": ["bybit", "binance"],
              "gap_tolerance_ohlcvs_minutes": 120,
              "start_date": "2020-01-01",
              "starting_balance": 1000,
              "use_btc_collateral": false},
 "bot": {"long": {"close_grid_markup_end": 0.0041683,
                  "close_grid_markup_start": 0.025021,
                  "close_grid_qty_pct": 0.072872,
                  "close_trailing_grid_ratio": -0.91428,
                  "close_trailing_qty_pct": 0.214,
                  "close_trailing_retracement_pct": 0.0032242,
                  "close_trailing_threshold_pct": 0.0025522,
                  "ema_span_0": 140.81,
                  "ema_span_1": 124.46,
                  "enforce_exposure_limit": true,
                  "entry_grid_double_down_factor": 1.0303,
                  "entry_grid_spacing_pct": 0.016026,
                  "entry_grid_spacing_weight": 0.20481,
                  "entry_initial_ema_dist": 0.0053658,
                  "entry_initial_qty_pct": 0.018406,
                  "entry_trailing_double_down_factor": 0.29151,
                  "entry_trailing_grid_ratio": 0.026621,
                  "entry_trailing_retracement_pct": 0.016087,
                  "entry_trailing_threshold_pct": -0.042385,
                  "filter_noisiness_rolling_window": 60,
                  "filter_volume_drop_pct": 0,
                  "filter_volume_rolling_window": 60,
                  "n_positions": 1,
                  "total_wallet_exposure_limit": 4,
                  "unstuck_close_pct": 0.01128,
                  "unstuck_ema_dist": -0.072926,
                  "unstuck_loss_allowance_pct": 0.20154,
                  "unstuck_threshold": 0.63898},
         "short": {"close_grid_markup_end": 0.001,
                   "close_grid_markup_start": 0.001,
                   "close_grid_qty_pct": 0.05,
                   "close_trailing_grid_ratio": -1,
                   "close_trailing_qty_pct": 0.05,
                   "close_trailing_retracement_pct": 0,
                   "close_trailing_threshold_pct": -0.1,
                   "ema_span_0": 200,
                   "ema_span_1": 200,
                   "enforce_exposure_limit": true,
                   "entry_grid_double_down_factor": 0.1,
                   "entry_grid_spacing_pct": 0.01,
                   "entry_grid_spacing_weight": 0.2,
                   "entry_initial_ema_dist": -0.1,
                   "entry_initial_qty_pct": 0.025,
                   "entry_trailing_double_down_factor": 0.1,
                   "entry_trailing_grid_ratio": -1,
                   "entry_trailing_retracement_pct": 0,
                   "entry_trailing_threshold_pct": -0.1,
                   "filter_noisiness_rolling_window": 10,
                   "filter_volume_drop_pct": 0,
                   "filter_volume_rolling_window": 10,
                   "n_positions": 0,
                   "total_wallet_exposure_limit": 0,
                   "unstuck_close_pct": 0.005,
                   "unstuck_ema_dist": -0.1,
                   "unstuck_loss_allowance_pct": 0.01,
                   "unstuck_threshold": 0.7}},
 "coin_overrides": {},
 "disable_plotting": false,
 "live": {"approved_coins": {"long": ["HYPE"], "short": []},
          "auto_gs": true,
          "base_config_path": "",
          "empty_means_all_approved": false,
          "execution_delay_seconds": 2,
          "filter_by_min_effective_cost": true,
          "forced_mode_long": "",
          "forced_mode_short": "",
          "ignored_coins": {"long": [], "short": []},
          "leverage": 10,
          "market_orders_allowed": true,
          "max_n_cancellations_per_batch": 5,
          "max_n_creations_per_batch": 3,
          "max_n_restarts_per_day": 10,
          "mimic_backtest_1m_delay": false,
          "minimum_coin_age_days": 30,
          "ohlcvs_1m_rolling_window_days": 4,
          "ohlcvs_1m_update_after_minutes": 10,
          "pnls_max_lookback_days": 30,
          "price_distance_threshold": 0.002,
          "time_in_force": "good_till_cancelled",
          "user": "bybit_01"},
 "optimize": {"bounds": {"long_close_grid_markup_end": [0.001, 0.03],
                         "long_close_grid_markup_start": [0.001, 0.03],
                         "long_close_grid_qty_pct": [0.05, 0.4],
                         "long_close_trailing_grid_ratio": [-1, 1],
                         "long_close_trailing_qty_pct": [0.05, 0.25],
                         "long_close_trailing_retracement_pct": [0.003, 0.01],
                         "long_close_trailing_threshold_pct": [0.001, 0.005],
                         "long_ema_span_0": [1, 800],
                         "long_ema_span_1": [1, 800],
                         "long_entry_grid_double_down_factor": [0, 1.5],
                         "long_entry_grid_spacing_pct": [0.01, 0.12],
                         "long_entry_grid_spacing_weight": [0.2, 2],