{"analysis": {"adg": 0.007473843265956903,
              "adg_per_exposure_long": 0.0008097864721386984,
              "adg_per_exposure_short": 0.0,
              "adg_w": 0.006367153093203193,
              "adg_w_per_exposure_long": 0.0006898772502224622,
              "adg_w_per_exposure_short": 0.0,
              "calmar_ratio": 0.010696196250938686,
              "calmar_ratio_w": 0.010531316051576225,
              "drawdown_worst": 0.6987384197724501,
              "drawdown_worst_mean_1pct": 0.4440671693373645,
              "equity_balance_diff_neg_max": 0.7219200482737366,
              "equity_balance_diff_neg_mean": 0.015236757589002238,
              "equity_balance_diff_pos_max": 0.2374522147925865,
              "equity_balance_diff_pos_mean": 0.0015391948605547137,
              "equity_choppiness": 3.2831270922499423,
              "equity_choppiness_w": 3.575775364514631,
              "equity_jerkiness": 0.018084601623861506,
              "equity_jerkiness_w": 0.028977085569938,
              "expected_shortfall_1pct": 0.3732528250557579,
              "exponential_fit_error": 0.6090822567104228,
              "exponential_fit_error_w": 0.08732805227172001,
              "gain": 2528619.1366326893,
              "gain_per_exposure_long": 273974.3793348093,
              "gain_per_exposure_short": 0.0,
              "loss_profit_ratio": 0.09676660202101652,
              "loss_profit_ratio_long": 0.09676660202101652,
              "loss_profit_ratio_short": 1.0,
              "loss_profit_ratio_w": 0.09918118226732538,
              "mdg": 0.0009145973119730662,
              "mdg_per_exposure_long": 9.909607471483153e-05,
              "mdg_per_exposure_short": 0.0,
              "mdg_w": 0.0008241591577086377,
              "mdg_w_per_exposure_long": 8.92971544963527e-05,
              "mdg_w_per_exposure_short": 0.0,
              "omega_ratio": 5.319870247688642,
              "omega_ratio_w": 2.847007708489016,
              "pnl_ratio_long_short": 1.0,
              "position_held_hours_max": 908.4,
              "position_held_hours_mean": 1.9701781319717564,
              "position_held_hours_median": 0.45,
              "position_unchanged_hours_max": 331.6166666666667,
              "positions_held_per_day": 14.639393939393939,
              "sharpe_ratio": 0.05066985021806573,
              "sharpe_ratio_w": 0.06168517043162943,
              "sortino_ratio": 0.10469345266514254,
              "sortino_ratio_w": 0.09196868972072345,
              "sterling_ratio": 0.01683043418208409,
              "sterling_ratio_w": 0.012108833978714999,
              "volume_pct_per_day_avg": 1.2967411517625524,
              "volume_pct_per_day_avg_w": 1.345585877144568},
 "backtest": {"base_dir": "backtests/pbgui/binance_cpt_adg_sharpe_omega_ddw70_iq1_iema125",
              "cache_dir": {"binance": "caches/hlcvs_data/bb20fe8879f88424"},
              "coins": {"binance": ["DOGE", "GRT", "ICP", "INJ", "LINK", "OP"]},
              "combine_ohlcvs": false,
              "compress_cache": true,
              "end_date": "2025-07-19",
              "exchanges": ["bybit", "binance"],
              "gap_tolerance_ohlcvs_minutes": 120,
              "start_date": "2020-01-01",
              "starting_balance": 1000,
              "use_btc_collateral": false},
 "bot": {"long": {"close_grid_markup_end": 0.026244,
                  "close_grid_markup_start": 0.029208,
                  "close_grid_qty_pct": 0.177,
                  "close_trailing_grid_ratio": 0.65368,
                  "close_trailing_qty_pct": 0.058336,
                  "close_trailing_retracement_pct": 0.0083297,
                  "close_trailing_threshold_pct": 0.0040373,
                  "ema_span_0": 159.44,
                  "ema_span_1": 59.077,
                  "enforce_exposure_limit": true,
                  "entry_grid_double_down_factor": 3.9386,
                  "entry_grid_spacing_pct": 0.055475,
                  "entry_grid_spacing_weight": 0.36373,
                  "entry_initial_ema_dist": 0.012164,
                  "entry_initial_qty_pct": 0.014183,
                  "entry_trailing_double_down_factor": 4.5557,
                  "entry_trailing_grid_ratio": -0.52729,
                  "entry_trailing_retracement_pct": 0.11135,
                  "entry_trailing_threshold_pct": -0.00036987,
                  "filter_noisiness_rolling_window": 60,
                  "filter_volume_drop_pct": 0,
                  "filter_volume_rolling_window": 60,
                  "n_positions": 6,
                  "total_wallet_exposure_limit": 9.2294,
                  "unstuck_close_pct": 0.0067715,
                  "unstuck_ema_dist": 0.0021877,
                  "unstuck_loss_allowance_pct": 0.19982,
                  "unstuck_threshold": 0.94531},
         "short": {"close_grid_markup_end": 0.001,
                   "close_grid_markup_start": 0.001,
                   "close_grid_qty_pct": 0.1,
                   "close_trailing_grid_ratio": -1,
                   "close_trailing_qty_pct": 0.1,
                   "close_trailing_retracement_pct": 0.003,
                   "close_trailing_threshold_pct": -0.001,
                   "ema_span_0": 200,
                   "ema_span_1": 200,
                   "enforce_exposure_limit": true,
                   "entry_grid_double_down_factor": 0.6,
                   "entry_grid_spacing_pct": 0.01,
                   "entry_grid_spacing_weight": 0.2,
                   "entry_initial_ema_dist": -0.001,
                   "entry_initial_qty_pct": 0.025,
                   "entry_trailing_double_down_factor": 0.1,
                   "entry_trailing_grid_ratio": -1,
                   "entry_trailing_retracement_pct": 0,
                   "entry_trailing_threshold_pct": -0.1,
                   "filter_noisiness_rolling_window": 60,
                   "filter_volume_drop_pct": 0.53,
                   "filter_volume_rolling_window": 60,
                   "n_positions": 0,
                   "total_wallet_exposure_limit": 0,
                   "unstuck_close_pct": 0.005,
                   "unstuck_ema_dist": -0.1,
                   "unstuck_loss_allowance_pct": 0.01,
                   "unstuck_threshold": 0.55}},
 "disable_plotting": false,
 "live": {"approved_coins": {"long": ["GRTUSDT",
                                      "DOGEUSDT",
                                      "INJUSDT",
                                      "LINKUSDT",
                                      "OPUSDT",
                                      "ICPUSDT"],
                             "short": []},
          "auto_gs": true,
          "coin_flags": {},
          "empty_means_all_approved": false,
          "execution_delay_seconds": 2,
          "filter_by_min_effective_cost": true,
          "forced_mode_long": "",
          "forced_mode_short": "",
          "ignored_coins": {"long": [], "short": []},
          "leverage": 10,
          "market_orders_allowed": true,
          "max_n_cancellations_per_batch": 5,
          "max_n_creations_per_batch": 3,
          "max_n_restarts_per_day": 10,
          "mimic_backtest_1m_delay": false,
          "minimum_coin_age_days": 30,
          "ohlcvs_1m_rolling_window_days": 4,
          "ohlcvs_1m_update_after_minutes": 10,
          "pnls_max_lookback_days": 30,
          "price_distance_threshold": 0.002,
          "time_in_force": "good_till_cancelled",
          "user": "bybit_01"},
 "optimize": {"bounds": {"long_close_grid_markup_end": [0.001, 0.03],
                         "long_close_grid_markup_start": [0.001, 0.03],
                         "long_close_grid_qty_pct": [0.05, 0.4],
                         "long_close_trailing_grid_ratio": [-1, 1],
                         "long_close_trailing_qty_pct": [0.05, 0.25],
                         "long_close_trailing_retracement_pct": [0.003, 0.01],
                         "long_close_trailing_threshold_pct": [0.001, 0.005],