{
    "adg": 0.0035260231179816692,
    "adg_per_exposure_long": 0.0005918132121486521,
    "adg_per_exposure_short": 0.0,
    "adg_w": 0.0029077906584999537,
    "adg_w_per_exposure_long": 0.0004880481132091228,
    "adg_w_per_exposure_short": 0.0,
    "calmar_ratio": 0.007336440836531186,
    "calmar_ratio_w": 0.01121561779960326,
    "drawdown_worst": 0.4806176723219978,
    "drawdown_worst_mean_1pct": 0.2840705868610381,
    "equity_balance_diff_neg_max": 0.48580764367858215,
    "equity_balance_diff_neg_mean": 0.015004752792721515,
    "equity_balance_diff_pos_max": 0.25347846660496176,
    "equity_balance_diff_pos_mean": 0.003813711707235055,
    "equity_choppiness": 3.413606757942827,
    "equity_choppiness_w": 3.57051182265202,
    "equity_jerkiness": 0.017168273124226058,
    "equity_jerkiness_w": 0.017929751191344028,
    "expected_shortfall_1pct": 0.1515953262503373,
    "exponential_fit_error": 0.18367975451152255,
    "exponential_fit_error_w": 0.023674524695390425,
    "gain": 389.980624579877,
    "gain_per_exposure_long": 65.45495545147314,
    "gain_per_exposure_short": 0.0,
    "loss_profit_ratio": 0.0014365893574657751,
    "loss_profit_ratio_long": 0.0014365893574657751,
    "loss_profit_ratio_short": 1.0,
    "loss_profit_ratio_w": 0.00036666530673515904,
    "mdg": 0.0005150960144262051,
    "mdg_per_exposure_long": 8.645451735921535e-05,
    "mdg_per_exposure_short": 0.0,
    "mdg_w": 0.00042698471727943847,
    "mdg_w_per_exposure_long": 7.16657800066194e-05,
    "mdg_w_per_exposure_short": 0.0,
    "omega_ratio": 2.191266423735489,
    "omega_ratio_w": 1.9248631183201603,
    "pnl_ratio_long_short": 1.0,
    "position_held_hours_max": 1101.5,
    "position_held_hours_mean": 9.028180189403635,
    "position_held_hours_median": 0.4666666666666667,
    "position_unchanged_hours_max": 407.53333333333336,
    "positions_held_per_day": 2.305014749262537,
    "sharpe_ratio": 0.06063177835144125,
    "sharpe_ratio_w": 0.0658795962781172,
    "sortino_ratio": 0.1339720467160313,
    "sortino_ratio_w": 0.13920108129773806,
    "sterling_ratio": 0.012412489293397111,
    "sterling_ratio_w": 0.012859579002130325,
    "volume_pct_per_day_avg": 1.24134635884557,
    "volume_pct_per_day_avg_w": 1.0700075817901626
}