{
    "adg": 0.0028424259508919025,
    "adg_w": 0.0017048267829740781,
    "calmar_ratio": 0.0038092353723531785,
    "calmar_ratio_w": 0.0032960343808261135,
    "drawdown_worst": 0.7461933099544795,
    "drawdown_worst_mean_1pct": 0.18136876547179268,
    "equity_balance_diff_neg_max": 0.7799197807474008,
    "equity_balance_diff_neg_mean": 0.011141665054218397,
    "equity_balance_diff_pos_max": 0.596368923418684,
    "equity_balance_diff_pos_mean": 0.001685004950153004,
    "equity_choppiness": 1.1776319263018347,
    "equity_choppiness_w": 1.1127555402722762,
    "equity_jerkiness": 0.005458456988599073,
    "equity_jerkiness_w": 0.0032512773489663457,
    "expected_shortfall_1pct": 0.16937252150727253,
    "exponential_fit_error": 0.49395511927973884,
    "exponential_fit_error_w": 0.05121239736431114,
    "gain": 251.94008752451046,
    "loss_profit_ratio": 0.01750540231234115,
    "loss_profit_ratio_long": 0.01750540231234115,
    "loss_profit_ratio_short": 1.0,
    "loss_profit_ratio_w": 0.01837029816475757,
    "mdg": 0.0,
    "mdg_w": 0.0,
    "omega_ratio": 14.695439723563808,
    "omega_ratio_w": 456.6804407734783,
    "pnl_ratio_long_short": 1.0,
    "position_held_hours_max": 102.28333333333333,
    "position_held_hours_mean": 0.36264908976773386,
    "position_held_hours_median": 0.1,
    "position_unchanged_hours_max": 91.68333333333334,
    "positions_held_per_day": 2.4532854209445585,
    "sharpe_ratio": 0.025417836196768216,
    "sharpe_ratio_w": 0.025509854437000413,
    "sortino_ratio": 0.05892454613991983,
    "sortino_ratio_w": 0.029790919025801072,
    "sterling_ratio": 0.01567208082107153,
    "sterling_ratio_w": 0.007789577067515952
}