{
    "adg": 0.008533480098750212,
    "adg_per_exposure_long": 0.0038788545903410054,
    "adg_per_exposure_short": 0.0,
    "adg_w": 0.004454023797891971,
    "adg_w_per_exposure_long": 0.0020245562717690776,
    "adg_w_per_exposure_short": 0.0,
    "calmar_ratio": 0.012779678921533099,
    "calmar_ratio_w": 0.01361612945635025,
    "drawdown_worst": 0.667738223404951,
    "drawdown_worst_mean_1pct": 0.32607536144464855,
    "equity_balance_diff_neg_max": 0.7166028064724991,
    "equity_balance_diff_neg_mean": 0.04849421509063006,
    "equity_balance_diff_pos_max": 0.33758395670317026,
    "equity_balance_diff_pos_mean": 0.005348869724508837,
    "equity_choppiness": 1.3649737334598135,
    "equity_choppiness_w": 1.5436872040986802,
    "equity_jerkiness": 0.012736280928442466,
    "equity_jerkiness_w": 0.009724103249435222,
    "expected_shortfall_1pct": 0.29976320292626274,
    "exponential_fit_error": 3.9767565818887314,
    "exponential_fit_error_w": 0.41096201325421367,
    "gain": 2682485.651365026,
    "gain_per_exposure_long": 1219311.6597113754,
    "gain_per_exposure_short": 0.0,
    "loss_profit_ratio": 0.03356265061986175,
    "loss_profit_ratio_long": 0.03356265061986175,
    "loss_profit_ratio_short": 1.0,
    "loss_profit_ratio_w": 0.044520244190610965,
    "mdg": 0.0,
    "mdg_per_exposure_long": 0.0,
    "mdg_per_exposure_short": 0.0,
    "mdg_w": 0.0,
    "mdg_w_per_exposure_long": 0.0,
    "mdg_w_per_exposure_short": 0.0,
    "omega_ratio": 16.317822903225856,
    "omega_ratio_w": 7.158095583375198,
    "pnl_ratio_long_short": 1.0,
    "position_held_hours_max": 229.98333333333332,
    "position_held_hours_mean": 0.5880504282784413,
    "position_held_hours_median": 0.08333333333333333,
    "position_unchanged_hours_max": 84.55,
    "positions_held_per_day": 1.5861079219288174,
    "sharpe_ratio": 0.07298146984326663,
    "sharpe_ratio_w": 0.08024017686890687,
    "sortino_ratio": 0.09368653683636788,
    "sortino_ratio_w": 0.0688634993906139,
    "sterling_ratio": 0.02617026953813183,
    "sterling_ratio_w": 0.01709745944046337,
    "volume_pct_per_day_avg": 4.765881050970172,
    "volume_pct_per_day_avg_w": 3.355968713573925
}