{
    "adg": 0.003655611369673517,
    "adg_w": 0.0015964567303341725,
    "calmar_ratio": 0.010480457125758336,
    "calmar_ratio_w": 0.010916308623832503,
    "drawdown_worst": 0.348802664407542,
    "drawdown_worst_mean_1pct": 0.129094035196044,
    "equity_balance_diff_neg_max": 0.4189016591472421,
    "equity_balance_diff_neg_mean": 0.004138423129071493,
    "equity_balance_diff_pos_max": 1.191253231191212,
    "equity_balance_diff_pos_mean": 0.007976036668685934,
    "equity_choppiness": 1.208987896469111,
    "equity_choppiness_w": 1.4641473240715708,
    "equity_jerkiness": 0.006802967780175567,
    "equity_jerkiness_w": 0.003851683341598207,
    "expected_shortfall_1pct": 0.10336303058810978,
    "exponential_fit_error": 0.522396619499152,
    "exponential_fit_error_w": 0.05566049816433081,
    "gain": 1217.430285540694,
    "loss_profit_ratio": 0.07861826472661802,
    "loss_profit_ratio_long": 0.07861826472661802,
    "loss_profit_ratio_short": 1.0,
    "loss_profit_ratio_w": 0.14102704179470799,
    "mdg": 0.0,
    "mdg_w": 0.0,
    "omega_ratio": 33.790107364481436,
    "omega_ratio_w": 11.256862188184723,
    "pnl_ratio_long_short": 1.0,
    "position_held_hours_max": 89.91666666666667,
    "position_held_hours_mean": 1.0861262736535662,
    "position_held_hours_median": 0.18333333333333332,
    "position_unchanged_hours_max": 77.61666666666666,
    "positions_held_per_day": 0.940934771443246,
    "sharpe_ratio": 0.03480259506228687,
    "sharpe_ratio_w": 0.06270552429761336,
    "sortino_ratio": 0.11614990446459703,
    "sortino_ratio_w": 0.07934295915397906,
    "sterling_ratio": 0.028317430500348482,
    "sterling_ratio_w": 0.01706011917587644
}