{
    "adg": 0.0030686302718554437,
    "adg_per_exposure_long": 0.0012504605834781758,
    "adg_per_exposure_short": 0.0,
    "adg_w": 0.0022375791074256803,
    "adg_w_per_exposure_long": 0.0009118089272313285,
    "adg_w_per_exposure_short": 0.0,
    "calmar_ratio": 0.006152163649460398,
    "calmar_ratio_w": 0.009281864012509635,
    "drawdown_worst": 0.4987887915050165,
    "drawdown_worst_mean_1pct": 0.24259220064936038,
    "equity_balance_diff_neg_max": 0.5217797683002315,
    "equity_balance_diff_neg_mean": 0.007698180640714608,
    "equity_balance_diff_pos_max": 0.19802341666770445,
    "equity_balance_diff_pos_mean": 0.005437344512844374,
    "equity_choppiness": 2.1194261963211987,
    "equity_choppiness_w": 2.6260735398852435,
    "equity_jerkiness": 0.008544590835412511,
    "equity_jerkiness_w": 0.009116009723729824,
    "expected_shortfall_1pct": 0.21232061145260298,
    "exponential_fit_error": 0.19234092894492777,
    "exponential_fit_error_w": 0.022448884391813147,
    "gain": 190.28346703344482,
    "gain_per_exposure_long": 77.54012511550319,
    "gain_per_exposure_short": 0.0,
    "loss_profit_ratio": 0.038391548663398646,
    "loss_profit_ratio_long": 0.038391548663398646,
    "loss_profit_ratio_short": 1.0,
    "loss_profit_ratio_w": 0.044622074946244504,
    "mdg": 0.00028428719243398366,
    "mdg_per_exposure_long": 0.0001158464516845899,
    "mdg_per_exposure_short": 0.0,
    "mdg_w": 6.169137573804725e-05,
    "mdg_w_per_exposure_long": 2.5139109917704663e-05,
    "mdg_w_per_exposure_short": 0.0,
    "omega_ratio": 4.181796975128597,
    "omega_ratio_w": 2.8004805318160235,
    "pnl_ratio_long_short": 1.0,
    "position_held_hours_max": 312.05,
    "position_held_hours_mean": 5.548811948404617,
    "position_held_hours_median": 1.0333333333333334,
    "position_unchanged_hours_max": 165.13333333333333,
    "positions_held_per_day": 1.1467910926784288,
    "sharpe_ratio": 0.0525032393141195,
    "sharpe_ratio_w": 0.05290559958782411,
    "sortino_ratio": 0.06880347758036191,
    "sortino_ratio_w": 0.061981755081200296,
    "sterling_ratio": 0.012649336061264402,
    "sterling_ratio_w": 0.010352979894800355,
    "volume_pct_per_day_avg": 0.503383891362128,
    "volume_pct_per_day_avg_w": 0.4571592415427516
}