{
    "adg": 0.0033690555087408924,
    "adg_per_exposure_long": 0.00042113193859261155,
    "adg_per_exposure_short": 0.0,
    "adg_w": 0.002782580429465531,
    "adg_w_per_exposure_long": 0.0003478225536831914,
    "adg_w_per_exposure_short": 0.0,
    "calmar_ratio": 0.005464676600937287,
    "calmar_ratio_w": 0.010601485965644586,
    "drawdown_worst": 0.6165150757801552,
    "drawdown_worst_mean_1pct": 0.42863582794424115,
    "equity_balance_diff_neg_max": 0.6044005610849075,
    "equity_balance_diff_neg_mean": 0.04665070540403969,
    "equity_balance_diff_pos_max": 0.48139822725512466,
    "equity_balance_diff_pos_mean": 0.006855803499846848,
    "equity_choppiness": 4.019737331621776,
    "equity_choppiness_w": 4.027771494611861,
    "equity_jerkiness": 0.02235241267527506,
    "equity_jerkiness_w": 0.018191501193255417,
    "expected_shortfall_1pct": 0.23896410060747394,
    "exponential_fit_error": 0.03626755846117551,
    "exponential_fit_error_w": 0.005926382282682168,
    "gain": 188.7014667756159,
    "gain_per_exposure_long": 23.587683346951987,
    "gain_per_exposure_short": 0.0,
    "loss_profit_ratio": 0.008878183255636772,
    "loss_profit_ratio_long": 0.008878183255636772,
    "loss_profit_ratio_short": 1.0,
    "loss_profit_ratio_w": 0.0014566238575543014,
    "mdg": 0.0,
    "mdg_per_exposure_long": 0.0,
    "mdg_per_exposure_short": 0.0,
    "mdg_w": 0.0,
    "mdg_w_per_exposure_long": 0.0,
    "mdg_w_per_exposure_short": 0.0,
    "omega_ratio": 1.7711398224275312,
    "omega_ratio_w": 1.7502826886883789,
    "pnl_ratio_long_short": 1.0,
    "position_held_hours_max": 1982.8,
    "position_held_hours_mean": 38.50867816091954,
    "position_held_hours_median": 4.816666666666666,
    "position_unchanged_hours_max": 700.3833333333333,
    "positions_held_per_day": 0.37235180826021824,
    "sharpe_ratio": 0.04567374870936938,
    "sharpe_ratio_w": 0.07730101729158285,
    "sortino_ratio": 0.07346482892397407,
    "sortino_ratio_w": 0.1125919861298553,
    "sterling_ratio": 0.007859948443645159,
    "sterling_ratio_w": 0.011803198610626373,
    "volume_pct_per_day_avg": 0.7137902769059752,
    "volume_pct_per_day_avg_w": 0.6127977570296071
}