{
    "adg_btc": 0.003859176012499521,
    "adg_per_exposure_long_btc": 0.0010679292726290287,
    "adg_per_exposure_long_usd": 0.0012085968661833578,
    "adg_per_exposure_short_btc": 0.0,
    "adg_per_exposure_short_usd": 0.0,
    "adg_pnl": 0.006308473005597987,
    "adg_pnl_w": 0.0026568930020854096,
    "adg_strategy_eq": 0.004367506495326801,
    "adg_strategy_eq_w": 0.0015398686743758106,
    "adg_usd": 0.004367506495326801,
    "adg_w_btc": 0.002558174117916967,
    "adg_w_per_exposure_long_btc": 0.0007079099310725756,
    "adg_w_per_exposure_long_usd": 0.00042611967633611274,
    "adg_w_per_exposure_short_btc": 0.0,
    "adg_w_per_exposure_short_usd": 0.0,
    "adg_w_usd": 0.0015398686743758106,
    "backtest_completion_ratio": 1.0,
    "calmar_ratio_btc": 0.003790883414196473,
    "calmar_ratio_strategy_eq": 0.004453236697652372,
    "calmar_ratio_strategy_eq_w": 0.004340989509003404,
    "calmar_ratio_usd": 0.004453236697652376,
    "calmar_ratio_w_btc": 0.005413078135176953,
    "calmar_ratio_w_usd": 0.004340989509003401,
    "drawdown_worst_btc": 1.018014956104242,
    "drawdown_worst_ema_strategy_eq": 0.0,
    "drawdown_worst_ema_strategy_eq_long": 0.0,
    "drawdown_worst_ema_strategy_eq_short": 0.0,
    "drawdown_worst_mean_1pct_btc": 0.5244095412174314,
    "drawdown_worst_mean_1pct_ema_strategy_eq": 0.0,
    "drawdown_worst_mean_1pct_ema_strategy_eq_long": 0.0,
    "drawdown_worst_mean_1pct_ema_strategy_eq_short": 0.0,
    "drawdown_worst_mean_1pct_strategy_eq": 0.32899214515982483,
    "drawdown_worst_mean_1pct_strategy_eq_long": 0.0,
    "drawdown_worst_mean_1pct_strategy_eq_short": 0.0,
    "drawdown_worst_mean_1pct_usd": 0.32899214515982467,
    "drawdown_worst_strategy_eq": 0.9807487883204667,
    "drawdown_worst_strategy_eq_long": 0.0,
    "drawdown_worst_strategy_eq_short": 0.0,
    "drawdown_worst_usd": 0.9807487883204657,
    "entry_initial_balance_pct_long": 0.05521914285000001,
    "entry_initial_balance_pct_short": 0.0,
    "entry_interval_hours_max": 684.3666666666667,
    "entry_interval_hours_mean": 10.791148405927256,
    "entry_interval_hours_median": 0.75,
    "entry_interval_hours_p95": 54.77749999999999,
    "entry_interval_hours_p99": 144.44916666666674,
    "equity_balance_diff_neg_max_btc": 1.0254438899749294,
    "equity_balance_diff_neg_max_usd": 0.9804465527388492,
    "equity_balance_diff_neg_mean_btc": 0.10230056029555629,
    "equity_balance_diff_neg_mean_usd": 0.02176476776771754,
    "equity_balance_diff_pos_max_btc": 4.636355043365349,
    "equity_balance_diff_pos_max_usd": 2.897614243886961,
    "equity_balance_diff_pos_mean_btc": 0.304222471752532,
    "equity_balance_diff_pos_mean_usd": 0.15049405051088224,
    "equity_choppiness_btc": 7.781867995962822,
    "equity_choppiness_usd": 1.641604157010741,
    "equity_choppiness_w_btc": 5.67531804764484,
    "equity_choppiness_w_usd": 1.9380839025633179,
    "equity_jerkiness_btc": 0.030889181977155886,
    "equity_jerkiness_usd": 0.007690549040063701,
    "equity_jerkiness_w_btc": 0.02218235083043735,
    "equity_jerkiness_w_usd": 0.004438683359275578,
    "expected_shortfall_1pct_btc": 0.24988146420998883,
    "expected_shortfall_1pct_strategy_eq": 0.2516134167108658,
    "expected_shortfall_1pct_usd": 0.25161341671086557,
    "exponential_fit_error_btc": 0.8369923397539021,
    "exponential_fit_error_usd": 0.45029071568611173,
    "exponential_fit_error_w_btc": 0.10347844158048822,
    "exponential_fit_error_w_usd": 0.048544478855270065,
    "exposure_mean_ratio_btc": 0.1145841584857495,
    "exposure_mean_ratio_usd": 0.12967717845134916,
    "exposure_mean_ratio_w_btc": 0.06226181008006193,
    "exposure_mean_ratio_w_usd": 0.03840263145860179,
    "exposure_ratio_btc": 0.0010658519459204332,
    "exposure_ratio_usd": 0.0012062459140984255,
    "exposure_ratio_w_btc": 0.0009872980988516258,
    "exposure_ratio_w_usd": 0.0005132944970262159,
    "gain_btc": 2250.4916580417994,
    "gain_per_exposure_long_btc": 622.7665987884437,
    "gain_per_exposure_long_usd": 1717.616830025077,
    "gain_per_exposure_short_btc": 0.0,
    "gain_per_exposure_short_usd": 0.0,
    "gain_strategy_eq": 6206.951938661607,
    "gain_usd": 6206.951938661621,
    "hard_stop_duration_minutes_max": 0.0,
    "hard_stop_duration_minutes_mean": 0.0,
    "hard_stop_flatten_time_minutes_mean": 0.0,
    "hard_stop_halt_to_restart_equity_loss_pct": 0.0,
    "hard_stop_panic_close_loss_max": 0.0,
    "hard_stop_panic_close_loss_sum": 0.0,
    "hard_stop_post_restart_retrigger_pct": 0.0,
    "hard_stop_restarts": 0,
    "hard_stop_restarts_long": 0,
    "hard_stop_restarts_per_year": 0.0,
    "hard_stop_restarts_per_year_long": 0.0,
    "hard_stop_restarts_per_year_short": 0.0,
    "hard_stop_restarts_short": 0,
    "hard_stop_time_in_orange_pct": 0.0,
    "hard_stop_time_in_red_pct": 0.0,
    "hard_stop_time_in_yellow_pct": 0.0,
    "hard_stop_trigger_drawdown_mean": 0.0,
    "hard_stop_triggers": 0,
    "hard_stop_triggers_long": 0,
    "hard_stop_triggers_per_year": 0.0,
    "hard_stop_triggers_short": 0,
    "high_exposure_days_max_long": 7.183333333333334,
    "high_exposure_days_max_short": 0.0,
    "high_exposure_days_mean_long": 0.04772587528935185,
    "high_exposure_days_mean_short": 0.0,
    "high_exposure_hours_max_long": 172.4,
    "high_exposure_hours_max_short": 0.0,
    "high_exposure_hours_mean_long": 1.1454210069444444,
    "high_exposure_hours_mean_short": 0.0,
    "liquidated": false,
    "long_short_profit_ratio": 1.0,
    "loss_profit_ratio": 0.05182607649009642,
    "loss_profit_ratio_long": 0.05182607649009642,
    "loss_profit_ratio_short": 1.0,
    "loss_profit_ratio_w": 0.04551004674691758,
    "mdg_btc": 0.0,
    "mdg_per_exposure_long_btc": 0.0,
    "mdg_per_exposure_long_usd": 7.412626925410385e-05,
    "mdg_per_exposure_short_btc": 0.0,
    "mdg_per_exposure_short_usd": 0.0,
    "mdg_pnl": 0.0008601011512854053,
    "mdg_pnl_w": 0.0004876464834077396,
    "mdg_strategy_eq": 0.00026787009920371444,
    "mdg_strategy_eq_w": 2.6787009920371442e-05,
    "mdg_usd": 0.0002678700992035551,
    "mdg_w_btc": 0.0,
    "mdg_w_per_exposure_long_btc": 0.0,
    "mdg_w_per_exposure_long_usd": 7.412626925410386e-06,
    "mdg_w_per_exposure_short_btc": 0.0,
    "mdg_w_per_exposure_short_usd": 0.0,
    "mdg_w_usd": 2.678700992035551e-05,
    "omega_ratio_btc": 1.6139559352820951,
    "omega_ratio_strategy_eq": 10.785678413804309,
    "omega_ratio_strategy_eq_w": 4.372981544752362,
    "omega_ratio_usd": 10.78567841380431,
    "omega_ratio_w_btc": 1.5689780093201233,
    "omega_ratio_w_usd": 4.372981544752379,
    "paper_loss_mean_ratio_btc": 0.03772389908080646,
    "paper_loss_mean_ratio_usd": 0.2006686467753117,
    "paper_loss_mean_ratio_w_btc": 0.12357105335332974,
    "paper_loss_mean_ratio_w_usd": 0.11190693820829005,
    "paper_loss_ratio_btc": 0.0037634199688818394,
    "paper_loss_ratio_usd": 0.004454609466601007,
    "paper_loss_ratio_w_btc": 0.022061169481312808,
    "paper_loss_ratio_w_usd": 0.006310780603037652,
    "peak_recovery_days_equity_btc": 552.5749999999999,
    "peak_recovery_days_equity_usd": 66.74513888888889,
    "peak_recovery_days_pnl": 35.484027777777776,
    "peak_recovery_days_strategy_eq": 66.74513888888889,
    "peak_recovery_days_strategy_eq_long": 0.0,
    "peak_recovery_days_strategy_eq_short": 0.0,
    "peak_recovery_hours_equity_btc": 13261.8,
    "peak_recovery_hours_equity_usd": 1601.8833333333334,
    "peak_recovery_hours_pnl": 851.6166666666667,
    "peak_recovery_hours_strategy_eq": 1601.8833333333332,
    "peak_recovery_hours_strategy_eq_long": 0.0,
    "peak_recovery_hours_strategy_eq_short": 0.0,
    "pnl_ratio_long_short": 1.0,
    "position_held_days_max": 7.245833333333334,
    "position_held_days_mean": 0.04107296458356707,
    "position_held_days_median": 0.006944444444444444,
    "position_held_hours_max": 173.9,
    "position_held_hours_mean": 0.9857511500056098,
    "position_held_hours_median": 0.16666666666666666,