{
    "adg": 0.09128944052625254,
    "adg_per_exposure_long": 0.0036515776210501016,
    "adg_per_exposure_short": 0.0,
    "adg_w": 0.05070263169240472,
    "adg_w_per_exposure_long": 0.0020281052676961887,
    "adg_w_per_exposure_short": 0.0,
    "calmar_ratio": 0.10614706728886994,
    "calmar_ratio_w": 0.10020353375121265,
    "drawdown_worst": 0.8600279108778044,
    "drawdown_worst_mean_1pct": 0.8600279108778044,
    "equity_balance_diff_neg_max": 0.9082421953983733,
    "equity_balance_diff_neg_mean": 0.0347778083549739,
    "equity_balance_diff_pos_max": 1.4965326181092085,
    "equity_balance_diff_pos_mean": 0.017379720388689953,
    "equity_choppiness": 1.1406389955529372,
    "equity_choppiness_w": 1.1034305068471737,
    "equity_jerkiness": 0.14599996732434564,
    "equity_jerkiness_w": 0.09090124486565869,
    "expected_shortfall_1pct": 0.7928064515049122,
    "exponential_fit_error": 1.7080167948682519,
    "exponential_fit_error_w": 0.19378825968565438,
    "gain": 2365440.845790627,
    "gain_per_exposure_long": 94617.63383162508,
    "gain_per_exposure_short": 0.0,
    "loss_profit_ratio": 0.05926380346185657,
    "loss_profit_ratio_long": 0.05926380346185657,
    "loss_profit_ratio_short": 1.0,
    "loss_profit_ratio_w": 0.0650471781554777,
    "mdg": 0.03233414420857934,
    "mdg_per_exposure_long": 0.0012933657683431737,
    "mdg_per_exposure_short": 0.0,
    "mdg_w": 0.02316133065669992,
    "mdg_w_per_exposure_long": 0.0009264532262679968,
    "mdg_w_per_exposure_short": 0.0,
    "omega_ratio": 16.193123181986376,
    "omega_ratio_w": 20.711553693502132,
    "pnl_ratio_long_short": 1.0,
    "position_held_hours_max": 73.23333333333333,
    "position_held_hours_mean": 3.5816140350877195,
    "position_held_hours_median": 0.8833333333333333,
    "position_unchanged_hours_max": 67.95,
    "positions_held_per_day": 2.8273809523809526,
    "sharpe_ratio": 0.06297632040240819,
    "sharpe_ratio_w": 0.1077011383647414,
    "sortino_ratio": 0.3234176173069455,
    "sortino_ratio_w": 0.21229338634305722,
    "sterling_ratio": 0.10614706728886994,
    "sterling_ratio_w": 0.10020353375121265,
    "volume_pct_per_day_avg": 14.715165672768476,
    "volume_pct_per_day_avg_w": 9.371319570357192
}