{
    "adg": 0.004326115960628929,
    "adg_per_exposure_long": 0.0007210193267714882,
    "adg_per_exposure_short": 0.0,
    "adg_w": 0.002655791927796569,
    "adg_w_per_exposure_long": 0.0004426319879660948,
    "adg_w_per_exposure_short": 0.0,
    "calmar_ratio": 0.009440404844499635,
    "calmar_ratio_w": 0.008389067435311008,
    "drawdown_worst": 0.458255343058672,
    "drawdown_worst_mean_1pct": 0.30633811692523466,
    "equity_balance_diff_neg_max": 0.4962555904264304,
    "equity_balance_diff_neg_mean": 0.006915088865266783,
    "equity_balance_diff_pos_max": 0.35787919659250467,
    "equity_balance_diff_pos_mean": 0.0024364509035335095,
    "equity_choppiness": 1.3236687105822706,
    "equity_choppiness_w": 1.6271149865656322,
    "equity_jerkiness": 0.008301366042291532,
    "equity_jerkiness_w": 0.005978209670659651,
    "expected_shortfall_1pct": 0.22974184672462408,
    "exponential_fit_error": 0.06609460177242905,
    "exponential_fit_error_w": 0.0169867859553804,
    "gain": 757.9232299705917,
    "gain_per_exposure_long": 126.32053832843195,
    "gain_per_exposure_short": 0.0,
    "loss_profit_ratio": 0.04620721233525108,
    "loss_profit_ratio_long": 0.04620721233525108,
    "loss_profit_ratio_short": 1.0,
    "loss_profit_ratio_w": 0.07329775338052906,
    "mdg": 0.0009308259283363902,
    "mdg_per_exposure_long": 0.0001551376547227317,
    "mdg_per_exposure_short": 0.0,
    "mdg_w": 0.0005022721471658372,
    "mdg_w_per_exposure_long": 8.371202452763954e-05,
    "mdg_w_per_exposure_short": 0.0,
    "omega_ratio": 9.6212238853131,
    "omega_ratio_w": 7.582722072832738,
    "pnl_ratio_long_short": 1.0,
    "position_held_hours_max": 178.5,
    "position_held_hours_mean": 0.7142801797613513,
    "position_held_hours_median": 0.05,
    "position_unchanged_hours_max": 42.2,
    "positions_held_per_day": 9.805589373352703,
    "sharpe_ratio": 0.05763544026292356,
    "sharpe_ratio_w": 0.056284535586831094,
    "sortino_ratio": 0.08611359940878333,
    "sortino_ratio_w": 0.06570622284111724,
    "sterling_ratio": 0.014122029618941502,
    "sterling_ratio_w": 0.012288120501639155,
    "volume_pct_per_day_avg": 1.7756295015757588,
    "volume_pct_per_day_avg_w": 1.3411924474207066
}