{"analysis": {"adg": 0.005988916678733913,
              "adg_per_exposure_long": 0.0003235678145082886,
              "adg_per_exposure_short": 0.0,
              "adg_w": 0.0013804100594988268,
              "adg_w_per_exposure_long": 7.458047757841195e-05,
              "adg_w_per_exposure_short": 0.0,
              "calmar_ratio": 0.008613126522175881,
              "calmar_ratio_w": 0.006132487360029684,
              "drawdown_worst": 0.695324359083137,
              "drawdown_worst_mean_1pct": 0.37791661989664066,
              "equity_balance_diff_neg_max": 0.7927193111002788,
              "equity_balance_diff_neg_mean": 0.03316489859311777,
              "equity_balance_diff_pos_max": 2.7010923462942906,
              "equity_balance_diff_pos_mean": 0.013967471059624622,
              "equity_choppiness": 2.131460980062902,
              "equity_choppiness_w": 1.7600197377388014,
              "equity_jerkiness": 0.014924412302098579,
              "equity_jerkiness_w": 0.004274187562079329,
              "expected_shortfall_1pct": 0.25874636778531174,
              "exponential_fit_error": 1.6318049172689444,
              "exponential_fit_error_w": 0.16568310992536045,
              "gain": 178328.9500538922,
              "gain_per_exposure_long": 9634.715546701182,
              "gain_per_exposure_short": 0.0,
              "loss_profit_ratio": 0.00043130709830460694,
              "loss_profit_ratio_long": 0.00043130709830460694,
              "loss_profit_ratio_short": 1.0,
              "loss_profit_ratio_w": 7.078395205728032e-05,
              "mdg": 0.0,
              "mdg_per_exposure_long": 0.0,
              "mdg_per_exposure_short": 0.0,
              "mdg_w": 0.0,
              "mdg_w_per_exposure_long": 0.0,
              "mdg_w_per_exposure_short": 0.0,
              "omega_ratio": 8.224572063465422,
              "omega_ratio_w": 4.701616718537244,
              "pnl_ratio_long_short": 1.0,
              "position_held_hours_max": 568.65,
              "position_held_hours_mean": 7.225986565910999,
              "position_held_hours_median": 0.21666666666666667,
              "position_unchanged_hours_max": 568.65,
              "positions_held_per_day": 0.39209876543209876,
              "sharpe_ratio": 0.01038103932927081,
              "sharpe_ratio_w": 0.047181801333710485,
              "sortino_ratio": 0.07595232356176464,
              "sortino_ratio_w": 0.03416604246010714,
              "sterling_ratio": 0.01584719052676717,
              "sterling_ratio_w": 0.009547977369472068,
              "volume_pct_per_day_avg": 3.047244845893489,
              "volume_pct_per_day_avg_w": 1.7055893430986635},
 "backtest": {"base_dir": "backtests/pbgui/BTC_cpt_adg_omega_sharpe_grtr_maxdd7_eema2_c50",
              "cache_dir": {"binance": "caches/hlcvs_data/17b5880d91ef3c12"},
              "coins": {"binance": ["BTC"]},
              "combine_ohlcvs": false,
              "compress_cache": true,
              "end_date": "2025-07-18",
              "exchanges": ["bybit", "binance"],
              "gap_tolerance_ohlcvs_minutes": 120,
              "start_date": "2020-01-01",
              "starting_balance": 1000,
              "use_btc_collateral": false},
 "bot": {"long": {"close_grid_markup_end": 0.03,
                  "close_grid_markup_start": 0.0082857,
                  "close_grid_qty_pct": 0.37692,
                  "close_trailing_grid_ratio": -0.67221,
                  "close_trailing_qty_pct": 0.19556,
                  "close_trailing_retracement_pct": 0.0099575,
                  "close_trailing_threshold_pct": 0.0030813,
                  "ema_span_0": 198.75,
                  "ema_span_1": 65.477,
                  "enforce_exposure_limit": true,
                  "entry_grid_double_down_factor": 4.9988,
                  "entry_grid_spacing_pct": 0.078075,
                  "entry_grid_spacing_weight": 0.29474,
                  "entry_initial_ema_dist": 0.019304,
                  "entry_initial_qty_pct": 0.025131,
                  "entry_trailing_double_down_factor": 2.4449,
                  "entry_trailing_grid_ratio": -0.27762,
                  "entry_trailing_retracement_pct": 0.093145,
                  "entry_trailing_threshold_pct": 0.042217,
                  "filter_noisiness_rolling_window": 60,
                  "filter_volume_drop_pct": 0,
                  "filter_volume_rolling_window": 60,
                  "n_positions": 1,
                  "total_wallet_exposure_limit": 18.509,
                  "unstuck_close_pct": 0.024059,
                  "unstuck_ema_dist": -0.075564,
                  "unstuck_loss_allowance_pct": 0.20079,
                  "unstuck_threshold": 0.78209},
         "short": {"close_grid_markup_end": 0.001,
                   "close_grid_markup_start": 0.001,
                   "close_grid_qty_pct": 0.1,
                   "close_trailing_grid_ratio": -1,
                   "close_trailing_qty_pct": 0.1,
                   "close_trailing_retracement_pct": 0.003,
                   "close_trailing_threshold_pct": -0.001,
                   "ema_span_0": 200,
                   "ema_span_1": 200,
                   "enforce_exposure_limit": true,
                   "entry_grid_double_down_factor": 0.6,
                   "entry_grid_spacing_pct": 0.01,
                   "entry_grid_spacing_weight": 0.2,
                   "entry_initial_ema_dist": -0.001,
                   "entry_initial_qty_pct": 0.025,
                   "entry_trailing_double_down_factor": 0.1,
                   "entry_trailing_grid_ratio": -1,
                   "entry_trailing_retracement_pct": 0,
                   "entry_trailing_threshold_pct": -0.1,
                   "filter_noisiness_rolling_window": 60,
                   "filter_volume_drop_pct": 0.53,
                   "filter_volume_rolling_window": 60,
                   "n_positions": 0,
                   "total_wallet_exposure_limit": 0,
                   "unstuck_close_pct": 0.005,
                   "unstuck_ema_dist": -0.1,
                   "unstuck_loss_allowance_pct": 0.01,
                   "unstuck_threshold": 0.55}},
 "disable_plotting": false,
 "live": {"approved_coins": {"long": ["BTCUSDT"], "short": []},
          "auto_gs": true,
          "coin_flags": {},
          "empty_means_all_approved": false,
          "execution_delay_seconds": 2,
          "filter_by_min_effective_cost": true,
          "forced_mode_long": "",
          "forced_mode_short": "",
          "ignored_coins": {"long": [], "short": []},
          "leverage": 10,
          "market_orders_allowed": true,
          "max_n_cancellations_per_batch": 5,
          "max_n_creations_per_batch": 3,
          "max_n_restarts_per_day": 10,
          "mimic_backtest_1m_delay": false,
          "minimum_coin_age_days": 30,
          "ohlcvs_1m_rolling_window_days": 4,
          "ohlcvs_1m_update_after_minutes": 10,
          "pnls_max_lookback_days": 30,
          "price_distance_threshold": 0.002,
          "time_in_force": "good_till_cancelled",
          "user": "bybit_01"},
 "optimize": {"bounds": {"long_close_grid_markup_end": [0.001, 0.03],
                         "long_close_grid_markup_start": [0.001, 0.03],
                         "long_close_grid_qty_pct": [0.05, 0.4],
                         "long_close_trailing_grid_ratio": [-1, -0.5],
                         "long_close_trailing_qty_pct": [0.05, 0.25],
                         "long_close_trailing_retracement_pct": [0.003, 0.01],
                         "long_close_trailing_threshold_pct": [0.001, 0.005],
                         "long_ema_span_0": [50, 800],
                         "long_ema_span_1": [50, 800],
                         "long_entry_grid_double_down_factor": [0.4, 10],
                         "long_entry_grid_spacing_pct": [0.01, 0.12],
                         "long_entry_grid_spacing_weight": [0.2, 2],