{
    "adg": 0.004995159244949532,
    "adg_per_exposure_long": 0.0022751807082439226,
    "adg_per_exposure_short": 0.0,
    "adg_w": 0.002181696876890693,
    "adg_w_per_exposure_long": 0.000993712993345795,
    "adg_w_per_exposure_short": 0.0,
    "calmar_ratio": 0.007268792304702749,
    "calmar_ratio_w": 0.0084262790936678,
    "drawdown_worst": 0.6872062146716964,
    "drawdown_worst_mean_1pct": 0.2564748903657259,
    "equity_balance_diff_neg_max": 0.7241088567085612,
    "equity_balance_diff_neg_mean": 0.006029280729142126,
    "equity_balance_diff_pos_max": 0.25184634559922053,
    "equity_balance_diff_pos_mean": 0.0017073194619276846,
    "equity_choppiness": 1.5703531403850703,
    "equity_choppiness_w": 2.3477655523740477,
    "equity_jerkiness": 0.00967133977689936,
    "equity_jerkiness_w": 0.0073519109226648045,
    "expected_shortfall_1pct": 0.23931842551143562,
    "exponential_fit_error": 0.5769464328042586,
    "exponential_fit_error_w": 0.06083725389807311,
    "gain": 4130.415090854878,
    "gain_per_exposure_long": 1881.3095380801085,
    "gain_per_exposure_short": 0.0,
    "loss_profit_ratio": 0.20636577102270165,
    "loss_profit_ratio_long": 0.20636577102270165,
    "loss_profit_ratio_short": 1.0,
    "loss_profit_ratio_w": 0.29562837121325175,
    "mdg": 0.0004872213852131986,
    "mdg_per_exposure_long": 0.0002219181895755858,
    "mdg_per_exposure_short": 0.0,
    "mdg_w": 5.372957713477923e-05,
    "mdg_w_per_exposure_long": 2.4472592637111923e-05,
    "mdg_w_per_exposure_short": 0.0,
    "omega_ratio": 11.013759415897184,
    "omega_ratio_w": 4.125348558811494,
    "pnl_ratio_long_short": 1.0,
    "position_held_hours_max": 170.7,
    "position_held_hours_mean": 1.115019116611329,
    "position_held_hours_median": 0.2833333333333333,
    "position_unchanged_hours_max": 71.11666666666666,
    "positions_held_per_day": 3.9652902453620587,
    "sharpe_ratio": 0.05949046949918613,
    "sharpe_ratio_w": 0.0668473827149732,
    "sortino_ratio": 0.09754559326402229,
    "sortino_ratio_w": 0.07240290237785137,
    "sterling_ratio": 0.0194762116393795,
    "sterling_ratio_w": 0.01053463323393394,
    "volume_pct_per_day_avg": 1.6424060564241942,
    "volume_pct_per_day_avg_w": 1.191513430144093
}