{
    "adg": 0.005394625155174859,
    "adg_per_exposure_long": 0.0014716895338211641,
    "adg_per_exposure_short": 0.0,
    "adg_w": 0.002555317629872711,
    "adg_w_per_exposure_long": 0.0006971076030861826,
    "adg_w_per_exposure_short": 0.0,
    "calmar_ratio": 0.010953368357244031,
    "calmar_ratio_w": 0.011697190955083469,
    "drawdown_worst": 0.49250832978762316,
    "drawdown_worst_mean_1pct": 0.23145252836474553,
    "equity_balance_diff_neg_max": 0.5408443218042388,
    "equity_balance_diff_neg_mean": 0.011204439557543232,
    "equity_balance_diff_pos_max": 0.2200859048465293,
    "equity_balance_diff_pos_mean": 0.001217552373086803,
    "equity_choppiness": 1.8559952785364897,
    "equity_choppiness_w": 2.904972234935561,
    "equity_jerkiness": 0.008713517490983116,
    "equity_jerkiness_w": 0.008882849369913005,
    "expected_shortfall_1pct": 0.2019515353326758,
    "exponential_fit_error": 1.2278695522778948,
    "exponential_fit_error_w": 0.12885346144123525,
    "gain": 14816.925476633638,
    "gain_per_exposure_long": 4042.1555752492463,
    "gain_per_exposure_short": 0.0,
    "loss_profit_ratio": 0.018188676837486276,
    "loss_profit_ratio_long": 0.018188676837486276,
    "loss_profit_ratio_short": 1.0,
    "loss_profit_ratio_w": 0.020462807754268755,
    "mdg": 0.0005370770159083783,
    "mdg_per_exposure_long": 0.00014651817326177932,
    "mdg_per_exposure_short": 0.0,
    "mdg_w": 0.0001881149081794798,
    "mdg_w_per_exposure_long": 5.1318995029321205e-05,
    "mdg_w_per_exposure_short": 0.0,
    "omega_ratio": 12.904934160853207,
    "omega_ratio_w": 3.79999051959465,
    "pnl_ratio_long_short": 1.0,
    "position_held_hours_max": 290.31666666666666,
    "position_held_hours_mean": 0.9599649240643308,
    "position_held_hours_median": 0.15,
    "position_unchanged_hours_max": 260.28333333333336,
    "positions_held_per_day": 5.004481792717087,
    "sharpe_ratio": 0.078513904977026,
    "sharpe_ratio_w": 0.0712301824348081,
    "sortino_ratio": 0.1195034381707954,
    "sortino_ratio_w": 0.0848927918667425,
    "sterling_ratio": 0.023307695937861958,
    "sterling_ratio_w": 0.014233420389708425,
    "volume_pct_per_day_avg": 1.5074571418535643,
    "volume_pct_per_day_avg_w": 1.0526802429983209
}