{
    "adg": 0.00254213927310043,
    "adg_w": 0.0014079871461048388,
    "calmar_ratio": 0.006901999467959038,
    "calmar_ratio_w": 0.008993794682831499,
    "drawdown_worst": 0.36831925080576045,
    "drawdown_worst_mean_1pct": 0.2157297295928363,
    "equity_balance_diff_neg_max": 0.3591353547852915,
    "equity_balance_diff_neg_mean": 0.00497935055025553,
    "equity_balance_diff_pos_max": 0.10468317723647592,
    "equity_balance_diff_pos_mean": 0.0044405717164770755,
    "equity_choppiness": 3.038087182571146,
    "equity_choppiness_w": 2.9316652504646137,
    "equity_jerkiness": 0.008786446905574535,
    "equity_jerkiness_w": 0.005879603848043539,
    "expected_shortfall_1pct": 0.1739049017317013,
    "exponential_fit_error": 0.35503284052679196,
    "exponential_fit_error_w": 0.03930527325473783,
    "gain": 138.4584142545039,
    "loss_profit_ratio": 0.5176614921756019,
    "loss_profit_ratio_long": 0.5176614921756019,
    "loss_profit_ratio_short": 1.0,
    "loss_profit_ratio_w": 0.487224445958523,
    "mdg": 0.0,
    "mdg_w": 0.0,
    "omega_ratio": 2.703169330286769,
    "omega_ratio_w": 2.4212428849260674,
    "pnl_ratio_long_short": 1.0,
    "position_held_hours_max": 1099.9333333333334,
    "position_held_hours_mean": 66.81549145299145,
    "position_held_hours_median": 37.391666666666666,
    "position_unchanged_hours_max": 486.21666666666664,
    "positions_held_per_day": 0.16065911431513905,
    "sharpe_ratio": 0.07845487263904972,
    "sharpe_ratio_w": 0.06907928362305957,
    "sortino_ratio": 0.05762143046672394,
    "sortino_ratio_w": 0.04039474645562216,
    "sterling_ratio": 0.011783907938411687,
    "sterling_ratio_w": 0.010613328111153484
}