{
    "adg": 0.00791330389695366,
    "adg_per_exposure_long": 0.0015493497595601882,
    "adg_per_exposure_short": 0.0,
    "adg_w": 0.0055169423087830126,
    "adg_w_per_exposure_long": 0.001080164916061285,
    "adg_w_per_exposure_short": 0.0,
    "calmar_ratio": 0.021639351028390073,
    "calmar_ratio_w": 0.042702597891704275,
    "drawdown_worst": 0.36569044453189387,
    "drawdown_worst_mean_1pct": 0.29857604211532063,
    "equity_balance_diff_neg_max": 0.4171039275867486,
    "equity_balance_diff_neg_mean": 0.021058362450937663,
    "equity_balance_diff_pos_max": 0.24728160606471142,
    "equity_balance_diff_pos_mean": 0.011124714240266481,
    "equity_choppiness": 1.149150538334926,
    "equity_choppiness_w": 1.3154749442795142,
    "equity_jerkiness": 0.013931688380407281,
    "equity_jerkiness_w": 0.011899671538822246,
    "expected_shortfall_1pct": 0.2815754628838022,
    "exponential_fit_error": 0.04042880059216634,
    "exponential_fit_error_w": 0.010053667897881844,
    "gain": 415.65301029315225,
    "gain_per_exposure_long": 81.38091244114581,
    "gain_per_exposure_short": 0.0,
    "loss_profit_ratio": 0.05145545179810935,
    "loss_profit_ratio_long": 0.05145545179810935,
    "loss_profit_ratio_short": 1.0,
    "loss_profit_ratio_w": 0.05617149630011485,
    "mdg": 0.00015905710850136657,
    "mdg_per_exposure_long": 3.114187146380158e-05,
    "mdg_per_exposure_short": 0.0,
    "mdg_w": 4.162788391788984e-05,
    "mdg_w_per_exposure_long": 8.150344379420429e-06,
    "mdg_w_per_exposure_short": 0.0,
    "omega_ratio": 21.91819236725219,
    "omega_ratio_w": 13.85758881036169,
    "pnl_ratio_long_short": 1.0,
    "position_held_hours_max": 50.983333333333334,
    "position_held_hours_mean": 1.123943661971831,
    "position_held_hours_median": 0.3,
    "position_unchanged_hours_max": 36.983333333333334,
    "positions_held_per_day": 1.8562091503267975,
    "sharpe_ratio": 0.0930632979198204,
    "sharpe_ratio_w": 0.1305614854388773,
    "sortino_ratio": 0.1259780505548995,
    "sortino_ratio_w": 0.1758974829237388,
    "sterling_ratio": 0.026503479116711123,
    "sterling_ratio_w": 0.043863133664433174,
    "volume_pct_per_day_avg": 2.1876795757020293,
    "volume_pct_per_day_avg_w": 1.9021592271521903
}