{
    "adg": 0.00509233228142647,
    "adg_per_exposure_long": 0.000509233228142647,
    "adg_per_exposure_short": 0.0,
    "adg_w": 0.0036471150762151126,
    "adg_w_per_exposure_long": 0.00036471150762151127,
    "adg_w_per_exposure_short": 0.0,
    "calmar_ratio": 0.006605480469384661,
    "calmar_ratio_w": 0.010209850664144383,
    "drawdown_worst": 0.7709253407119454,
    "drawdown_worst_mean_1pct": 0.544611716487236,
    "equity_balance_diff_neg_max": 0.7607677618344902,
    "equity_balance_diff_neg_mean": 0.056506799608262465,
    "equity_balance_diff_pos_max": 0.6503799635163471,
    "equity_balance_diff_pos_mean": 0.007660228323167284,
    "equity_choppiness": 3.8202959193182893,
    "equity_choppiness_w": 3.80510238298967,
    "equity_jerkiness": 0.029812304618312982,
    "equity_jerkiness_w": 0.02228673275935556,
    "expected_shortfall_1pct": 0.31326599524835075,
    "exponential_fit_error": 0.1823329854006432,
    "exponential_fit_error_w": 0.02221650427020829,
    "gain": 6419.284993181526,
    "gain_per_exposure_long": 641.9284993181526,
    "gain_per_exposure_short": 0.0,
    "loss_profit_ratio": 0.019343948269147797,
    "loss_profit_ratio_long": 0.019343948269147797,
    "loss_profit_ratio_short": 1.0,
    "loss_profit_ratio_w": 0.00709724285947109,
    "mdg": 0.0,
    "mdg_per_exposure_long": 0.0,
    "mdg_per_exposure_short": 0.0,
    "mdg_w": 0.0,
    "mdg_w_per_exposure_long": 0.0,
    "mdg_w_per_exposure_short": 0.0,
    "omega_ratio": 1.997966711685973,
    "omega_ratio_w": 1.8595786632115687,
    "pnl_ratio_long_short": 1.0,
    "position_held_hours_max": 1982.7833333333333,
    "position_held_hours_mean": 30.858259023354563,
    "position_held_hours_median": 3.6166666666666667,
    "position_unchanged_hours_max": 700.3666666666667,
    "positions_held_per_day": 0.4548088064889919,
    "sharpe_ratio": 0.03700349704761659,
    "sharpe_ratio_w": 0.06681955662243547,
    "sortino_ratio": 0.08502703005890239,
    "sortino_ratio_w": 0.10701289730528774,
    "sterling_ratio": 0.009350390612732656,
    "sterling_ratio_w": 0.011441853154053971,
    "volume_pct_per_day_avg": 0.9584891006762934,
    "volume_pct_per_day_avg_w": 0.7811300480580887
}