{
    "adg": 0.08557196900150377,
    "adg_per_exposure_long": 0.009532463211298307,
    "adg_per_exposure_short": 0.0,
    "adg_w": 0.05066010041675131,
    "adg_w_per_exposure_long": 0.005643384733789092,
    "adg_w_per_exposure_short": 0.0,
    "calmar_ratio": 0.12381173908038476,
    "calmar_ratio_w": 0.2292172467635596,
    "drawdown_worst": 0.6911458447889677,
    "drawdown_worst_mean_1pct": 0.6582723512779105,
    "equity_balance_diff_neg_max": 0.6935579509214445,
    "equity_balance_diff_neg_mean": 0.03272225555766732,
    "equity_balance_diff_pos_max": 1.0505829751220883,
    "equity_balance_diff_pos_mean": 0.019135812854018035,
    "equity_choppiness": 1.3317792669189097,
    "equity_choppiness_w": 1.245155004697302,
    "equity_jerkiness": 0.15584308811385703,
    "equity_jerkiness_w": 0.09006547759995395,
    "expected_shortfall_1pct": 0.6456603476689904,
    "exponential_fit_error": 0.6933656244811723,
    "exponential_fit_error_w": 0.07887508460274482,
    "gain": 14702214.709540408,
    "gain_per_exposure_long": 1637783.0553465458,
    "gain_per_exposure_short": 0.0,
    "loss_profit_ratio": 0.15930345161828632,
    "loss_profit_ratio_long": 0.15930345161828632,
    "loss_profit_ratio_short": 1.0,
    "loss_profit_ratio_w": 0.14178380550765982,
    "mdg": 0.05482769186466987,
    "mdg_per_exposure_long": 0.00610764204398733,
    "mdg_per_exposure_short": 0.0,
    "mdg_w": 0.036075157367431165,
    "mdg_w_per_exposure_long": 0.004018665393112451,
    "mdg_w_per_exposure_short": 0.0,
    "omega_ratio": 7.061439642365605,
    "omega_ratio_w": 12.993109508486054,
    "pnl_ratio_long_short": 1.0,
    "position_held_hours_max": 86.3,
    "position_held_hours_mean": 9.13030303030303,
    "position_held_hours_median": 4.5,
    "position_unchanged_hours_max": 37.61666666666667,
    "positions_held_per_day": 1.5870646766169154,
    "sharpe_ratio": 0.1579329992547635,
    "sharpe_ratio_w": 0.3223654323069689,
    "sortino_ratio": 0.41433729194182906,
    "sortino_ratio_w": 0.48324369659642735,
    "sterling_ratio": 0.12999477926633568,
    "sterling_ratio_w": 0.2298355507821547,
    "volume_pct_per_day_avg": 13.94684964150306,
    "volume_pct_per_day_avg_w": 7.510935913312844
}