{
    "adg": 0.001877307581853005,
    "adg_w": 0.0011542729543601693,
    "calmar_ratio": 0.0025725731944172174,
    "calmar_ratio_w": 0.007174964601603999,
    "drawdown_worst": 0.7297392299379394,
    "drawdown_worst_mean_1pct": 0.3133400208441547,
    "equity_balance_diff_neg_max": 0.6540126966365062,
    "equity_balance_diff_neg_mean": 0.03679373922479623,
    "equity_balance_diff_pos_max": 0.0687416707578547,
    "equity_balance_diff_pos_mean": 0.00046253729534373906,
    "equity_choppiness": 2.5931499698718414,
    "equity_choppiness_w": 2.245449711892881,
    "equity_jerkiness": 0.007523633217743511,
    "equity_jerkiness_w": 0.004545639280023406,
    "expected_shortfall_1pct": 0.18514356184848327,
    "exponential_fit_error": 0.1747157862974805,
    "exponential_fit_error_w": 0.01819904472607841,
    "gain": 38.180065019668874,
    "loss_profit_ratio": 0.14287002169596855,
    "loss_profit_ratio_long": 0.14287002169596855,
    "loss_profit_ratio_short": 1.0,
    "loss_profit_ratio_w": 0.10027007738180829,
    "mdg": 0.0002558228536626895,
    "mdg_w": 0.0001602443018833267,
    "omega_ratio": 2.6090773705282655,
    "omega_ratio_w": 3.2768926596294876,
    "pnl_ratio_long_short": 1.0,
    "position_held_hours_max": 2108.233333333333,
    "position_held_hours_mean": 201.62899224806202,
    "position_held_hours_median": 120.1,
    "position_unchanged_hours_max": 479.4,
    "positions_held_per_day": 0.11071060762100927,
    "sharpe_ratio": 0.0369360827657407,
    "sharpe_ratio_w": 0.057712921308081276,
    "sortino_ratio": 0.04654916898965433,
    "sortino_ratio_w": 0.058847448920350945,
    "sterling_ratio": 0.005991279303535624,
    "sterling_ratio_w": 0.008396310401741509
}