{
    "adg": 0.0359315749465825,
    "adg_per_exposure_long": 0.004030010649011048,
    "adg_per_exposure_short": 0.0,
    "adg_w": 0.020217328520277755,
    "adg_w_per_exposure_long": 0.0022675334814129377,
    "adg_w_per_exposure_short": 0.0,
    "calmar_ratio": 0.13451117822919398,
    "calmar_ratio_w": 0.11715260037061859,
    "drawdown_worst": 0.267127055309549,
    "drawdown_worst_mean_1pct": 0.267127055309549,
    "equity_balance_diff_neg_max": 0.313086969333276,
    "equity_balance_diff_neg_mean": 0.012367588339842882,
    "equity_balance_diff_pos_max": 0.5520810429768659,
    "equity_balance_diff_pos_mean": 0.0068924946909412,
    "equity_choppiness": 1.2135592308738183,
    "equity_choppiness_w": 1.1167892320720363,
    "equity_jerkiness": 0.060251099057030424,
    "equity_jerkiness_w": 0.03786524139042833,
    "expected_shortfall_1pct": 0.26459817568035093,
    "exponential_fit_error": 0.270124871033085,
    "exponential_fit_error_w": 0.031281668998618284,
    "gain": 376.37419335753384,
    "gain_per_exposure_long": 42.21334604727836,
    "gain_per_exposure_short": 0.0,
    "loss_profit_ratio": 0.034372115142611,
    "loss_profit_ratio_long": 0.034372115142611,
    "loss_profit_ratio_short": 1.0,
    "loss_profit_ratio_w": 0.05200278751638323,
    "mdg": 0.011450884068557154,
    "mdg_per_exposure_long": 0.001284307320385504,
    "mdg_per_exposure_short": 0.0,
    "mdg_w": 0.008218177378778432,
    "mdg_w_per_exposure_long": 0.0009217336674269214,
    "mdg_w_per_exposure_short": 0.0,
    "omega_ratio": 14.367362107131852,
    "omega_ratio_w": 21.796459920019316,
    "pnl_ratio_long_short": 1.0,
    "position_held_hours_max": 73.23333333333333,
    "position_held_hours_mean": 3.599260042283298,
    "position_held_hours_median": 0.9,
    "position_unchanged_hours_max": 67.95,
    "positions_held_per_day": 2.8154761904761907,
    "sharpe_ratio": 0.20682613913746023,
    "sharpe_ratio_w": 0.17374969279530644,
    "sortino_ratio": 0.37198123321075394,
    "sortino_ratio_w": 0.2419170434056293,
    "sterling_ratio": 0.13451117822919398,
    "sterling_ratio_w": 0.11715260037061859,
    "volume_pct_per_day_avg": 5.398406534014738,
    "volume_pct_per_day_avg_w": 3.40492147121049
}