{
    "adg": 0.00829660086862205,
    "adg_per_exposure_long": 0.004153492299685632,
    "adg_per_exposure_short": 0.0,
    "adg_w": 0.013603196976809118,
    "adg_w_per_exposure_long": 0.006810111127313701,
    "adg_w_per_exposure_short": 0.0,
    "calmar_ratio": 0.031249837512394622,
    "calmar_ratio_w": 0.055766589572506596,
    "drawdown_worst": 0.26549260825216675,
    "drawdown_worst_mean_1pct": 0.2538415116180355,
    "equity_balance_diff_neg_max": 0.27836879446261636,
    "equity_balance_diff_neg_mean": 0.013054985905793825,
    "equity_balance_diff_pos_max": 0.7419596491580586,
    "equity_balance_diff_pos_mean": 0.0028660341647320066,
    "equity_choppiness": 2.155692994083922,
    "equity_choppiness_w": 1.6062804688520913,
    "equity_jerkiness": 0.03350158202249362,
    "equity_jerkiness_w": 0.04206536335462715,
    "expected_shortfall_1pct": 0.23226031754665447,
    "exponential_fit_error": 0.051705988538193734,
    "exponential_fit_error_w": 0.028272043950937752,
    "flat_btc_balance_hours": 0.0,
    "gain": 11.63391871221271,
    "gain_per_exposure_long": 5.8242396556759495,
    "gain_per_exposure_short": 0.0,
    "loss_profit_ratio": 0.000999083137226839,
    "loss_profit_ratio_long": 0.000999083137226839,
    "loss_profit_ratio_short": 1.0,
    "loss_profit_ratio_w": 9.99083137226839e-05,
    "mdg": 0.0011723245428661875,
    "mdg_per_exposure_long": 0.0005868958912972152,
    "mdg_per_exposure_short": 0.0,
    "mdg_w": 0.0004393009804625472,
    "mdg_w_per_exposure_long": 0.00021992539697749546,
    "mdg_w_per_exposure_short": 0.0,
    "omega_ratio": 2.8122207652185938,
    "omega_ratio_w": 5.076649154354056,
    "pnl_ratio_long_short": 1.0,
    "position_held_hours_max": 249.0,
    "position_held_hours_mean": 3.489699277484866,
    "position_held_hours_median": 0.23333333333333334,
    "position_unchanged_hours_max": 110.86666666666666,
    "positions_held_per_day": 5.747474747474747,
    "sharpe_ratio": 0.08649256019128132,
    "sharpe_ratio_w": 0.07372163404417718,
    "sortino_ratio": 0.17835682826172267,
    "sortino_ratio_w": 0.26784246552535407,
    "sterling_ratio": 0.0326841768934399,
    "sterling_ratio_w": 0.05591002351061112,
    "volume_pct_per_day_avg": 1.305797335399544,
    "volume_pct_per_day_avg_w": 0.9026518572974812
}