{
    "adg": 0.005131790985297036,
    "adg_per_exposure_long": 0.0003421193990198024,
    "adg_per_exposure_short": 0.0,
    "adg_w": 0.0011133440345779898,
    "adg_w_per_exposure_long": 7.422293563853266e-05,
    "adg_w_per_exposure_short": 0.0,
    "calmar_ratio": 0.01087560575789338,
    "calmar_ratio_w": 0.012136324690749743,
    "drawdown_worst": 0.47186254260572524,
    "drawdown_worst_mean_1pct": 0.19411378451344954,
    "equity_balance_diff_neg_max": 0.4702723329103897,
    "equity_balance_diff_neg_mean": 0.00746623993246677,
    "equity_balance_diff_pos_max": 2.098215018537003,
    "equity_balance_diff_pos_mean": 0.0073614831683870684,
    "equity_choppiness": 1.4637035878569031,
    "equity_choppiness_w": 1.527482385745125,
    "equity_jerkiness": 0.010163504800125494,
    "equity_jerkiness_w": 0.0027041265837605332,
    "expected_shortfall_1pct": 0.18520739354554802,
    "exponential_fit_error": 1.9456845555165256,
    "exponential_fit_error_w": 0.1955385995496617,
    "gain": 42274.88995236117,
    "gain_per_exposure_long": 2818.3259968240777,
    "gain_per_exposure_short": 0.0,
    "loss_profit_ratio": 0.18474791319656977,
    "loss_profit_ratio_long": 0.18474791319656977,
    "loss_profit_ratio_short": 1.0,
    "loss_profit_ratio_w": 0.2065745039461909,
    "mdg": 0.0,
    "mdg_per_exposure_long": 0.0,
    "mdg_per_exposure_short": 0.0,
    "mdg_w": 0.0,
    "mdg_w_per_exposure_long": 0.0,
    "mdg_w_per_exposure_short": 0.0,
    "omega_ratio": 20.308565839700428,
    "omega_ratio_w": 6.712897048196045,
    "pnl_ratio_long_short": 1.0,
    "position_held_hours_max": 115.36666666666666,
    "position_held_hours_mean": 1.535818834576084,
    "position_held_hours_median": 0.26666666666666666,
    "position_unchanged_hours_max": 115.36666666666666,
    "positions_held_per_day": 1.1600192215281115,
    "sharpe_ratio": 0.027343147804826575,
    "sharpe_ratio_w": 0.0650300748663268,
    "sortino_ratio": 0.11072786544258073,
    "sortino_ratio_w": 0.07144822820959504,
    "sterling_ratio": 0.02643702505806057,
    "sterling_ratio_w": 0.01918245802414579,
    "volume_pct_per_day_avg": 2.3486292601940804,
    "volume_pct_per_day_avg_w": 1.3827102273029162
}