{
    "adg": 0.008931443019701168,
    "adg_per_exposure_long": 0.002977147673233723,
    "adg_per_exposure_short": 0.0,
    "adg_w": 0.0036069266944585452,
    "adg_w_per_exposure_long": 0.0012023088981528483,
    "adg_w_per_exposure_short": 0.0,
    "calmar_ratio": 0.018050731808424758,
    "calmar_ratio_w": 0.0198544230630766,
    "drawdown_worst": 0.494796727051954,
    "drawdown_worst_mean_1pct": 0.23303151660977328,
    "equity_balance_diff_neg_max": 0.5454535478600092,
    "equity_balance_diff_neg_mean": 0.0038230281762293397,
    "equity_balance_diff_pos_max": 1.0234501952003412,
    "equity_balance_diff_pos_mean": 0.002733174544765423,
    "equity_choppiness": 1.2377118311429784,
    "equity_choppiness_w": 1.4439250706066986,
    "equity_jerkiness": 0.01285403194706983,
    "equity_jerkiness_w": 0.0070543510440412415,
    "expected_shortfall_1pct": 0.21762795985504113,
    "exponential_fit_error": 6.036400665835895,
    "exponential_fit_error_w": 0.61931303627279,
    "gain": 15502621.061433995,
    "gain_per_exposure_long": 5167540.353811332,
    "gain_per_exposure_short": 0.0,
    "loss_profit_ratio": 0.08551851005990546,
    "loss_profit_ratio_long": 0.08551851005990546,
    "loss_profit_ratio_short": 1.0,
    "loss_profit_ratio_w": 0.09651507705978726,
    "mdg": 0.000747107796712393,
    "mdg_per_exposure_long": 0.00024903593223746435,
    "mdg_per_exposure_short": 0.0,
    "mdg_w": 0.0004116567734538764,
    "mdg_w_per_exposure_long": 0.00013721892448462548,
    "mdg_w_per_exposure_short": 0.0,
    "omega_ratio": 26.394483306497182,
    "omega_ratio_w": 11.117432162013813,
    "pnl_ratio_long_short": 1.0,
    "position_held_hours_max": 121.08333333333333,
    "position_held_hours_mean": 0.8229443810971747,
    "position_held_hours_median": 0.1,
    "position_unchanged_hours_max": 68.38333333333334,
    "positions_held_per_day": 4.238990332975296,
    "sharpe_ratio": 0.05795013141836166,
    "sharpe_ratio_w": 0.09685337880397209,
    "sortino_ratio": 0.18102685573852814,
    "sortino_ratio_w": 0.14319189899096857,
    "sterling_ratio": 0.03832718917011325,
    "sterling_ratio_w": 0.028179311534149747,
    "volume_pct_per_day_avg": 1.8195699388464,
    "volume_pct_per_day_avg_w": 1.085767843770123
}