{
    "adg_btc": 0.00046672115346058085,
    "adg_per_exposure_long_btc": 3.1114743564038724e-05,
    "adg_per_exposure_long_usd": 8.612415329366149e-05,
    "adg_per_exposure_short_btc": 0.0,
    "adg_per_exposure_short_usd": 0.0,
    "adg_pnl": 0.002525358892278948,
    "adg_pnl_w": 0.0016608338417664129,
    "adg_strategy_eq": 0.0012918622994049223,
    "adg_strategy_eq_w": 0.0006476467498575999,
    "adg_usd": 0.0012918622994049223,
    "adg_w_btc": 0.0015377322092674285,
    "adg_w_per_exposure_long_btc": 0.00010251548061782857,
    "adg_w_per_exposure_long_usd": 4.3176449990506664e-05,
    "adg_w_per_exposure_short_btc": 0.0,
    "adg_w_per_exposure_short_usd": 0.0,
    "adg_w_usd": 0.0006476467498575999,
    "backtest_completion_ratio": 1.0,
    "calmar_ratio_btc": 0.0004940197085851243,
    "calmar_ratio_strategy_eq": 0.0018566436319284911,
    "calmar_ratio_strategy_eq_w": 0.0009307874487986747,
    "calmar_ratio_usd": 0.0018566436319284937,
    "calmar_ratio_w_btc": 0.0017626783266099337,
    "calmar_ratio_w_usd": 0.0009307874487986762,
    "drawdown_worst_btc": 0.9447419715243209,
    "drawdown_worst_ema_strategy_eq": 0.0,
    "drawdown_worst_ema_strategy_eq_long": 0.0,
    "drawdown_worst_ema_strategy_eq_short": 0.0,
    "drawdown_worst_mean_1pct_btc": 0.7736166273857935,
    "drawdown_worst_mean_1pct_ema_strategy_eq": 0.0,
    "drawdown_worst_mean_1pct_ema_strategy_eq_long": 0.0,
    "drawdown_worst_mean_1pct_ema_strategy_eq_short": 0.0,
    "drawdown_worst_mean_1pct_strategy_eq": 0.3167381957948174,
    "drawdown_worst_mean_1pct_strategy_eq_long": 0.0,
    "drawdown_worst_mean_1pct_strategy_eq_short": 0.0,
    "drawdown_worst_mean_1pct_usd": 0.3167381957948173,
    "drawdown_worst_strategy_eq": 0.6958052031035531,
    "drawdown_worst_strategy_eq_long": 0.0,
    "drawdown_worst_strategy_eq_short": 0.0,
    "drawdown_worst_usd": 0.6958052031035521,
    "entry_initial_balance_pct_long": 0.12443549999999999,
    "entry_initial_balance_pct_short": 0.0,
    "entry_interval_hours_max": 1122.9833333333333,
    "entry_interval_hours_mean": 19.255446417327793,
    "entry_interval_hours_median": 2.0833333333333335,
    "entry_interval_hours_p95": 97.46833333333299,
    "entry_interval_hours_p99": 329.5559999999998,
    "equity_balance_diff_neg_max_btc": 0.8776204344774307,
    "equity_balance_diff_neg_max_usd": 0.6934528101052477,
    "equity_balance_diff_neg_mean_btc": 0.028136305280029583,
    "equity_balance_diff_neg_mean_usd": 0.014137166316906572,
    "equity_balance_diff_pos_max_btc": 1.5093007535174559,
    "equity_balance_diff_pos_max_usd": 0.7570377177224878,
    "equity_balance_diff_pos_mean_btc": 0.051051817316321836,
    "equity_balance_diff_pos_mean_usd": 0.01099507084968798,
    "equity_choppiness_btc": 36.353219781711985,
    "equity_choppiness_usd": 7.258723858978731,
    "equity_choppiness_w_btc": 73.67329020589241,
    "equity_choppiness_w_usd": 12.855083781978811,
    "equity_jerkiness_btc": 0.03021039767528775,
    "equity_jerkiness_usd": 0.012600857537064317,
    "equity_jerkiness_w_btc": 0.029233049584527736,
    "equity_jerkiness_w_usd": 0.014012755634606178,
    "expected_shortfall_1pct_btc": 0.17940926142264,
    "expected_shortfall_1pct_strategy_eq": 0.1653867084649935,
    "expected_shortfall_1pct_usd": 0.16538670846499345,
    "exponential_fit_error_btc": 0.2962528338334101,
    "exponential_fit_error_usd": 0.06706392562589474,
    "exponential_fit_error_w_btc": 0.052573721239050034,
    "exponential_fit_error_w_usd": 0.010014174894163673,
    "exposure_mean_ratio_btc": 0.0016343312395489052,
    "exposure_mean_ratio_usd": 0.004523752346466696,
    "exposure_mean_ratio_w_btc": 0.004596399983933758,
    "exposure_mean_ratio_w_usd": 0.002114515793462231,
    "exposure_ratio_btc": 3.10459207458636e-05,
    "exposure_ratio_usd": 8.593365495545674e-05,
    "exposure_ratio_w_btc": 0.00010228872624113974,
    "exposure_ratio_w_usd": 4.308094783857576e-05,
    "gain_btc": 2.6991878109151592,
    "gain_per_exposure_long_btc": 0.17994585406101063,
    "gain_per_exposure_long_usd": 1.0400393838762894,
    "gain_per_exposure_short_btc": 0.0,
    "gain_per_exposure_short_usd": 0.0,
    "gain_strategy_eq": 15.600590758144305,
    "gain_usd": 15.600590758144339,
    "hard_stop_duration_minutes_max": 0.0,
    "hard_stop_duration_minutes_mean": 0.0,
    "hard_stop_flatten_time_minutes_mean": 0.0,
    "hard_stop_halt_to_restart_equity_loss_pct": 0.0,
    "hard_stop_panic_close_loss_max": 0.0,
    "hard_stop_panic_close_loss_sum": 0.0,
    "hard_stop_post_restart_retrigger_pct": 0.0,
    "hard_stop_restarts": 0,
    "hard_stop_restarts_long": 0,
    "hard_stop_restarts_per_year": 0.0,
    "hard_stop_restarts_per_year_long": 0.0,
    "hard_stop_restarts_per_year_short": 0.0,
    "hard_stop_restarts_short": 0,
    "hard_stop_time_in_orange_pct": 0.0,
    "hard_stop_time_in_red_pct": 0.0,
    "hard_stop_time_in_yellow_pct": 0.0,
    "hard_stop_trigger_drawdown_mean": 0.0,
    "hard_stop_triggers": 0,
    "hard_stop_triggers_long": 0,
    "hard_stop_triggers_per_year": 0.0,
    "hard_stop_triggers_short": 0,
    "high_exposure_days_max_long": 27.650694444444444,
    "high_exposure_days_max_short": 0.0,
    "high_exposure_days_mean_long": 1.8099302427427428,
    "high_exposure_days_mean_short": 0.0,
    "high_exposure_hours_max_long": 663.6166666666667,
    "high_exposure_hours_max_short": 0.0,
    "high_exposure_hours_mean_long": 43.43832582582583,
    "high_exposure_hours_mean_short": 0.0,
    "liquidated": false,
    "long_short_profit_ratio": 1.0,
    "loss_profit_ratio": 0.12775420302898322,
    "loss_profit_ratio_long": 0.12775420302898322,
    "loss_profit_ratio_short": 1.0,
    "loss_profit_ratio_w": 0.2360249043572292,
    "mdg_btc": -0.0014850035887291287,
    "mdg_per_exposure_long_btc": -9.900023924860859e-05,
    "mdg_per_exposure_long_usd": -7.0159457209758276e-06,
    "mdg_per_exposure_short_btc": 0.0,
    "mdg_per_exposure_short_usd": 0.0,
    "mdg_pnl": 3.4131311884467046e-05,
    "mdg_pnl_w": -4.642233849826806e-05,
    "mdg_strategy_eq": -0.0001052391858146376,
    "mdg_strategy_eq_w": -0.00023861975461713416,
    "mdg_usd": -0.00010523918581463741,
    "mdg_w_btc": -0.0013238779727728542,
    "mdg_w_per_exposure_long_btc": -8.825853151819028e-05,
    "mdg_w_per_exposure_long_usd": -1.5907983641142254e-05,
    "mdg_w_per_exposure_short_btc": 0.0,
    "mdg_w_per_exposure_short_usd": 0.0,
    "mdg_w_usd": -0.00023861975461713384,
    "omega_ratio_btc": 1.2436650170444443,
    "omega_ratio_strategy_eq": 1.639270166524888,
    "omega_ratio_strategy_eq_w": 1.7324174252467928,
    "omega_ratio_usd": 1.6392701665248857,
    "omega_ratio_w_btc": 1.9302220199513929,
    "omega_ratio_w_usd": 1.7324174252467905,
    "paper_loss_mean_ratio_btc": 0.01658786215231491,
    "paper_loss_mean_ratio_usd": 0.09138056881031315,
    "paper_loss_mean_ratio_w_btc": 0.035667505567749905,
    "paper_loss_mean_ratio_w_usd": 0.02304014375712651,
    "paper_loss_ratio_btc": 0.0005318029698550545,
    "paper_loss_ratio_usd": 0.0018629419054612408,
    "paper_loss_ratio_w_btc": 0.0018650821500933938,
    "paper_loss_ratio_w_usd": 0.0010431923987905558,
    "peak_recovery_days_equity_btc": 314.11805555555554,
    "peak_recovery_days_equity_usd": 110.9201388888889,
    "peak_recovery_days_pnl": 56.831944444444446,
    "peak_recovery_days_strategy_eq": 110.92013888888889,
    "peak_recovery_days_strategy_eq_long": 0.0,
    "peak_recovery_days_strategy_eq_short": 0.0,
    "peak_recovery_hours_equity_btc": 7538.833333333333,
    "peak_recovery_hours_equity_usd": 2662.0833333333335,
    "peak_recovery_hours_pnl": 1363.9666666666667,
    "peak_recovery_hours_strategy_eq": 2662.083333333333,
    "peak_recovery_hours_strategy_eq_long": 0.0,
    "peak_recovery_hours_strategy_eq_short": 0.0,
    "pnl_ratio_long_short": 1.0,
    "position_held_days_max": 46.78541666666666,
    "position_held_days_mean": 0.7970626876876876,