{"analysis": {"adg": 0.014812627614948504,
              "adg_per_exposure_long": 0.001645847512772056,
              "adg_per_exposure_short": 0.0,
              "adg_w": 0.009860843472105451,
              "adg_w_per_exposure_long": 0.0010956492746783835,
              "adg_w_per_exposure_short": 0.0,
              "calmar_ratio": 0.021188291895109505,
              "calmar_ratio_w": 0.039825372488102605,
              "drawdown_worst": 0.6990949382931346,
              "drawdown_worst_mean_1pct": 0.5486539434940539,
              "equity_balance_diff_neg_max": 0.7009091925793945,
              "equity_balance_diff_neg_mean": 0.027041911044438805,
              "equity_balance_diff_pos_max": 0.30407771852327314,
              "equity_balance_diff_pos_mean": 0.005555626199816667,
              "equity_choppiness": 1.7542736615110117,
              "equity_choppiness_w": 1.683605459453667,
              "equity_jerkiness": 0.030981732310655794,
              "equity_jerkiness_w": 0.027223879581444222,
              "expected_shortfall_1pct": 0.47121466948497764,
              "exponential_fit_error": 0.19375391109965107,
              "exponential_fit_error_w": 0.03067640903151935,
              "gain": 91583.08529363522,
              "gain_per_exposure_long": 10175.898365959469,
              "gain_per_exposure_short": 0.0,
              "loss_profit_ratio": 0.03615847842210825,
              "loss_profit_ratio_long": 0.03615847842210825,
              "loss_profit_ratio_short": 1.0,
              "loss_profit_ratio_w": 0.022517257179121963,
              "mdg": 0.002916149084335196,
              "mdg_per_exposure_long": 0.0003240165649261329,
              "mdg_per_exposure_short": 0.0,
              "mdg_w": 0.0017309862556233492,
              "mdg_w_per_exposure_long": 0.00019233180618037215,
              "mdg_w_per_exposure_short": 0.0,
              "omega_ratio": 6.4761526267387275,
              "omega_ratio_w": 4.6969562636129165,
              "pnl_ratio_long_short": 1.0,
              "position_held_hours_max": 191.08333333333334,
              "position_held_hours_mean": 1.5102959879754885,
              "position_held_hours_median": 0.2,
              "position_unchanged_hours_max": 136.3,
              "positions_held_per_day": 3.7104247104247103,
              "sharpe_ratio": 0.08198326293155832,
              "sharpe_ratio_w": 0.1193328465506582,
              "sortino_ratio": 0.15125891885635612,
              "sortino_ratio_w": 0.18754874417338246,
              "sterling_ratio": 0.026998124757138534,
              "sterling_ratio_w": 0.04095100871687403,
              "volume_pct_per_day_avg": 3.3054585182824407,
              "volume_pct_per_day_avg_w": 2.447643640934951},
 "backtest": {"base_dir": "backtests/pbgui/PEPE_adg_sharpe_omega_twe9_trgr_forced_55_75",
              "cache_dir": {"bybit": "caches/hlcvs_data/63a7191b27ff0582"},
              "coins": {"bybit": ["PEPE"]},
              "combine_ohlcvs": false,
              "compress_cache": true,
              "end_date": "2025-07-04",
              "exchanges": ["binance", "bybit"],
              "gap_tolerance_ohlcvs_minutes": 120,
              "start_date": "2020-01-01",
              "starting_balance": 1000,
              "use_btc_collateral": false},
 "bot": {"long": {"close_grid_markup_end": 0.027958,
                  "close_grid_markup_start": 0.018082,
                  "close_grid_qty_pct": 0.36085,
                  "close_trailing_grid_ratio": 0.030031,
                  "close_trailing_qty_pct": 0.072636,
                  "close_trailing_retracement_pct": 0.0051058,
                  "close_trailing_threshold_pct": 0.0043324,
                  "ema_span_0": 111.08,
                  "ema_span_1": 101.34,
                  "enforce_exposure_limit": true,
                  "entry_grid_double_down_factor": 3.9499,
                  "entry_grid_spacing_pct": 0.057592,
                  "entry_grid_spacing_weight": 0.63242,
                  "entry_initial_ema_dist": 0.017614,
                  "entry_initial_qty_pct": 0.027739,
                  "entry_trailing_double_down_factor": 4.9358,
                  "entry_trailing_grid_ratio": -0.74383,
                  "entry_trailing_retracement_pct": 0.11736,
                  "entry_trailing_threshold_pct": 0.057342,
                  "filter_noisiness_rolling_window": 60,
                  "filter_volume_drop_pct": 0,
                  "filter_volume_rolling_window": 60,
                  "n_positions": 1,
                  "total_wallet_exposure_limit": 9,
                  "unstuck_close_pct": 0.043244,
                  "unstuck_ema_dist": -0.040327,
                  "unstuck_loss_allowance_pct": 0.21219,
                  "unstuck_threshold": 0.8778},
         "short": {"close_grid_markup_end": 0.001,
                   "close_grid_markup_start": 0.001,
                   "close_grid_qty_pct": 0.1,
                   "close_trailing_grid_ratio": -1,
                   "close_trailing_qty_pct": 0.1,
                   "close_trailing_retracement_pct": 0.003,
                   "close_trailing_threshold_pct": -0.001,
                   "ema_span_0": 200,
                   "ema_span_1": 200,
                   "enforce_exposure_limit": true,
                   "entry_grid_double_down_factor": 0.6,
                   "entry_grid_spacing_pct": 0.01,
                   "entry_grid_spacing_weight": 0.2,
                   "entry_initial_ema_dist": -0.001,
                   "entry_initial_qty_pct": 0.025,
                   "entry_trailing_double_down_factor": 0.1,
                   "entry_trailing_grid_ratio": -1,
                   "entry_trailing_retracement_pct": 0,
                   "entry_trailing_threshold_pct": -0.1,
                   "filter_noisiness_rolling_window": 60,
                   "filter_volume_drop_pct": 0.53,
                   "filter_volume_rolling_window": 60,
                   "n_positions": 0,
                   "total_wallet_exposure_limit": 0,
                   "unstuck_close_pct": 0.005,
                   "unstuck_ema_dist": -0.1,
                   "unstuck_loss_allowance_pct": 0.01,
                   "unstuck_threshold": 0.55}},
 "disable_plotting": false,
 "live": {"approved_coins": {"long": ["1000PEPEUSDT"], "short": []},
          "auto_gs": true,
          "coin_flags": {},
          "empty_means_all_approved": false,
          "execution_delay_seconds": 2,
          "filter_by_min_effective_cost": true,
          "forced_mode_long": "",
          "forced_mode_short": "",
          "ignored_coins": {"long": [], "short": []},
          "leverage": 10,
          "market_orders_allowed": true,
          "max_n_cancellations_per_batch": 5,
          "max_n_creations_per_batch": 3,
          "max_n_restarts_per_day": 10,
          "mimic_backtest_1m_delay": false,
          "minimum_coin_age_days": 30,
          "ohlcvs_1m_rolling_window_days": 4,
          "ohlcvs_1m_update_after_minutes": 10,
          "pnls_max_lookback_days": 30,
          "price_distance_threshold": 0.002,
          "time_in_force": "good_till_cancelled",
          "user": "bybit_01"},
 "optimize": {"bounds": {"long_close_grid_markup_end": [0.001, 0.03],
                         "long_close_grid_markup_start": [0.001, 0.03],
                         "long_close_grid_qty_pct": [0.05, 0.4],
                         "long_close_trailing_grid_ratio": [-1, 1],
                         "long_close_trailing_qty_pct": [0.05, 0.25],
                         "long_close_trailing_retracement_pct": [0.003, 0.01],
                         "long_close_trailing_threshold_pct": [0.001, 0.005],
                         "long_ema_span_0": [100, 800],
                         "long_ema_span_1": [100, 800],
                         "long_entry_grid_double_down_factor": [0.4, 10],
                         "long_entry_grid_spacing_pct": [0.01, 0.12],
                         "long_entry_grid_spacing_weight": [0.2, 2],