{
    "adg": 0.004285378169497367,
    "adg_w": 0.0014354155748842689,
    "calmar_ratio": 0.007289300865704099,
    "calmar_ratio_w": 0.015389734808813066,
    "drawdown_worst": 0.587899751766307,
    "drawdown_worst_mean_1pct": 0.31348022000512044,
    "equity_balance_diff_neg_max": 0.6098132356356044,
    "equity_balance_diff_neg_mean": 0.002529530360152583,
    "equity_balance_diff_pos_max": 0.7995388752624699,
    "equity_balance_diff_pos_mean": 0.007705258276949925,
    "equity_choppiness": 1.783283897892583,
    "equity_choppiness_w": 3.882316521668959,
    "equity_jerkiness": 0.00885886063188768,
    "equity_jerkiness_w": 0.00407491908667824,
    "expected_shortfall_1pct": 0.1932333779094828,
    "exponential_fit_error": 1.2164354177741674,
    "exponential_fit_error_w": 0.1335594167622419,
    "gain": 2932.78168836045,
    "loss_profit_ratio": 0.2804718086226463,
    "loss_profit_ratio_long": 0.2804718086226463,
    "loss_profit_ratio_short": 1.0,
    "loss_profit_ratio_w": 0.3209320568371282,
    "mdg": 0.0,
    "mdg_w": 0.0,
    "omega_ratio": 20.093906462093884,
    "omega_ratio_w": 50.9124213453435,
    "pnl_ratio_long_short": 1.0,
    "position_held_hours_max": 76.65,
    "position_held_hours_mean": 1.0280849866328972,
    "position_held_hours_median": 0.25,
    "position_unchanged_hours_max": 76.65,
    "positions_held_per_day": 1.2691808006714675,
    "sharpe_ratio": 0.04587230359136601,
    "sharpe_ratio_w": 0.03739283284214978,
    "sortino_ratio": 0.07938726109654932,
    "sortino_ratio_w": 0.08818555675702247,
    "sterling_ratio": 0.013670330362239023,
    "sterling_ratio_w": 0.023023176919065275
}