{
    "adg_btc": 0.0008615601526349437,
    "adg_per_exposure_long_btc": 9.895028742792507e-05,
    "adg_per_exposure_long_usd": 0.0001615831614024569,
    "adg_per_exposure_short_btc": 0.0,
    "adg_per_exposure_short_usd": 0.0,
    "adg_pnl": 0.0025443894452730847,
    "adg_pnl_w": -0.003817677525557344,
    "adg_strategy_eq": 0.0014069045863311924,
    "adg_strategy_eq_w": -0.002007500029188691,
    "adg_usd": 0.0014069045863311924,
    "adg_w_btc": -0.001094549285144375,
    "adg_w_per_exposure_long_btc": -0.0001257091173934047,
    "adg_w_per_exposure_long_usd": -0.00023056162044202263,
    "adg_w_per_exposure_short_btc": 0.0,
    "adg_w_per_exposure_short_usd": 0.0,
    "adg_w_usd": -0.002007500029188691,
    "backtest_completion_ratio": 1.0,
    "calmar_ratio_btc": 0.0008758034032464068,
    "calmar_ratio_strategy_eq": 0.0014725052125467472,
    "calmar_ratio_strategy_eq_w": -0.00210533214972738,
    "calmar_ratio_usd": 0.0014725052125467483,
    "calmar_ratio_w_btc": -0.0011232573439467573,
    "calmar_ratio_w_usd": -0.002112038712615617,
    "drawdown_worst_btc": 0.9837369316462272,
    "drawdown_worst_ema_strategy_eq": 0.0,
    "drawdown_worst_ema_strategy_eq_long": 0.0,
    "drawdown_worst_ema_strategy_eq_short": 0.0,
    "drawdown_worst_mean_1pct_btc": 0.8762203426607298,
    "drawdown_worst_mean_1pct_ema_strategy_eq": 0.0,
    "drawdown_worst_mean_1pct_ema_strategy_eq_long": 0.0,
    "drawdown_worst_mean_1pct_ema_strategy_eq_short": 0.0,
    "drawdown_worst_mean_1pct_strategy_eq": 0.8050510595212252,
    "drawdown_worst_mean_1pct_strategy_eq_long": 0.0,
    "drawdown_worst_mean_1pct_strategy_eq_short": 0.0,
    "drawdown_worst_mean_1pct_usd": 0.805051059521225,
    "drawdown_worst_strategy_eq": 0.9554496475417589,
    "drawdown_worst_strategy_eq_long": 0.0,
    "drawdown_worst_strategy_eq_short": 0.0,
    "drawdown_worst_usd": 0.9554496475417582,
    "entry_initial_balance_pct_long": 0.28096618300000004,
    "entry_initial_balance_pct_short": 0.0,
    "entry_interval_hours_max": 858.55,
    "entry_interval_hours_mean": 19.297753800217155,
    "entry_interval_hours_median": 3.9583333333333335,
    "entry_interval_hours_p95": 84.72916666666667,
    "entry_interval_hours_p99": 185.31416666666664,
    "equity_balance_diff_neg_max_btc": 0.963058551174246,
    "equity_balance_diff_neg_max_usd": 0.9552883473572825,
    "equity_balance_diff_neg_mean_btc": 0.12077065400972242,
    "equity_balance_diff_neg_mean_usd": 0.16288546234991924,
    "equity_balance_diff_pos_max_btc": 1.6333812577143745,
    "equity_balance_diff_pos_max_usd": 0.591433603244165,
    "equity_balance_diff_pos_mean_btc": 0.1736073353274148,
    "equity_balance_diff_pos_mean_usd": 0.05686916060629717,
    "equity_choppiness_btc": 72.24905097932292,
    "equity_choppiness_usd": 23.228620583477177,
    "equity_choppiness_w_btc": 29.80774878272384,
    "equity_choppiness_w_usd": 17.306980498168222,
    "equity_jerkiness_btc": 0.0358983766402548,
    "equity_jerkiness_usd": 0.016208262293157298,
    "equity_jerkiness_w_btc": 0.05472342869568547,
    "equity_jerkiness_w_usd": 0.03833957586703578,
    "expected_shortfall_1pct_btc": 0.339225936451063,
    "expected_shortfall_1pct_strategy_eq": 0.35404138955970843,
    "expected_shortfall_1pct_usd": 0.3540413895597082,
    "exponential_fit_error_btc": 0.5442066799154527,
    "exponential_fit_error_usd": 0.21409331579896862,
    "exponential_fit_error_w_btc": 0.09913579329051621,
    "exponential_fit_error_w_usd": 0.0789792714317531,
    "exposure_mean_ratio_btc": 0.002714307071641913,
    "exposure_mean_ratio_usd": 0.0044323905372423466,
    "exposure_mean_ratio_w_btc": -0.0011650100060513922,
    "exposure_mean_ratio_w_usd": -0.001846053686748356,
    "exposure_ratio_btc": 9.878570991640599e-05,
    "exposure_ratio_usd": 0.00016131441074696869,
    "exposure_ratio_w_btc": -0.0001255000336782014,
    "exposure_ratio_w_usd": -0.00023017814244786523,
    "gain_btc": 5.651107405336926,
    "gain_per_exposure_long_btc": 0.6490303669848313,
    "gain_per_exposure_long_usd": 1.9409342337205389,
    "gain_per_exposure_short_btc": 0.0,
    "gain_per_exposure_short_usd": 0.0,
    "gain_strategy_eq": 16.899714373004738,
    "gain_usd": 16.899714373004734,
    "hard_stop_duration_minutes_max": 0.0,
    "hard_stop_duration_minutes_mean": 0.0,
    "hard_stop_flatten_time_minutes_mean": 0.0,
    "hard_stop_halt_to_restart_equity_loss_pct": 0.0,
    "hard_stop_panic_close_loss_max": 0.0,
    "hard_stop_panic_close_loss_sum": 0.0,
    "hard_stop_post_restart_retrigger_pct": 0.0,
    "hard_stop_restarts": 0,
    "hard_stop_restarts_long": 0,
    "hard_stop_restarts_per_year": 0.0,
    "hard_stop_restarts_per_year_long": 0.0,
    "hard_stop_restarts_per_year_short": 0.0,
    "hard_stop_restarts_short": 0,
    "hard_stop_time_in_orange_pct": 0.0,
    "hard_stop_time_in_red_pct": 0.0,
    "hard_stop_time_in_yellow_pct": 0.0,
    "hard_stop_trigger_drawdown_mean": 0.0,
    "hard_stop_triggers": 0,
    "hard_stop_triggers_long": 0,
    "hard_stop_triggers_per_year": 0.0,
    "hard_stop_triggers_short": 0,
    "high_exposure_days_max_long": 35.394444444444446,
    "high_exposure_days_max_short": 0.0,
    "high_exposure_days_mean_long": 0.3684510894132538,
    "high_exposure_days_mean_short": 0.0,
    "high_exposure_hours_max_long": 849.4666666666667,
    "high_exposure_hours_max_short": 0.0,
    "high_exposure_hours_mean_long": 8.84282614591809,
    "high_exposure_hours_mean_short": 0.0,
    "liquidated": false,
    "long_short_profit_ratio": 1.0,
    "loss_profit_ratio": 0.48994453636677,
    "loss_profit_ratio_long": 0.48994453636677,
    "loss_profit_ratio_short": 1.0,
    "loss_profit_ratio_w": 1.901225550493324,
    "mdg_btc": 0.0,
    "mdg_per_exposure_long_btc": 0.0,
    "mdg_per_exposure_long_usd": 6.423477193677682e-05,
    "mdg_per_exposure_short_btc": 0.0,
    "mdg_per_exposure_short_usd": 0.0,
    "mdg_pnl": 0.0013118315113717215,
    "mdg_pnl_w": 0.0011390084975795016,
    "mdg_strategy_eq": 0.0005592921592534383,
    "mdg_strategy_eq_w": 5.5929215925343834e-05,
    "mdg_usd": 0.0005592921592535158,
    "mdg_w_btc": 0.0,
    "mdg_w_per_exposure_long_btc": 0.0,
    "mdg_w_per_exposure_long_usd": 6.4234771936776824e-06,
    "mdg_w_per_exposure_short_btc": 0.0,
    "mdg_w_per_exposure_short_usd": 0.0,
    "mdg_w_usd": 5.5929215925351586e-05,
    "omega_ratio_btc": 1.257156277168574,
    "omega_ratio_strategy_eq": 1.5976597046793641,
    "omega_ratio_strategy_eq_w": 1.2056045728549238,
    "omega_ratio_usd": 1.5976597046793646,
    "omega_ratio_w_btc": 1.2339783364267418,
    "omega_ratio_w_usd": 1.205604572854923,
    "paper_loss_mean_ratio_btc": 0.007133853498595655,
    "paper_loss_mean_ratio_usd": 0.008637385841769015,
    "paper_loss_mean_ratio_w_btc": -0.004402236329280751,
    "paper_loss_mean_ratio_w_usd": -0.004413532978263667,
    "paper_loss_ratio_btc": 0.0008946082785770953,
    "paper_loss_ratio_usd": 0.001472753844661944,
    "paper_loss_ratio_w_btc": -0.0011189728295681724,
    "paper_loss_ratio_w_usd": -0.00212640553498487,
    "peak_recovery_days_equity_btc": 150.38958333333332,
    "peak_recovery_days_equity_usd": 33.02430555555556,
    "peak_recovery_days_pnl": 238.36666666666667,
    "peak_recovery_days_strategy_eq": 228.2576388888889,
    "peak_recovery_days_strategy_eq_long": 0.0,
    "peak_recovery_days_strategy_eq_short": 0.0,
    "peak_recovery_hours_equity_btc": 3609.35,
    "peak_recovery_hours_equity_usd": 792.5833333333334,
    "peak_recovery_hours_pnl": 5720.8,
    "peak_recovery_hours_strategy_eq": 5478.183333333333,
    "peak_recovery_hours_strategy_eq_long": 0.0,
    "peak_recovery_hours_strategy_eq_short": 0.0,
    "pnl_ratio_long_short": 1.0,
    "position_held_days_max": 35.43611111111111,
    "position_held_days_mean": 0.3701888956694693,
    "position_held_days_median": 0.01875,
    "position_held_hours_max": 850.4666666666667,
    "position_held_hours_mean": 8.884533496067263,