{
    "adg_btc": 0.0036730777114315494,
    "adg_per_exposure_long_btc": 0.0017021538122394685,
    "adg_per_exposure_long_usd": 0.0018257099410594394,
    "adg_per_exposure_short_btc": 0.0,
    "adg_per_exposure_short_usd": 0.0,
    "adg_pnl": 0.004526632656101249,
    "adg_pnl_w": 0.0017378909586120376,
    "adg_strategy_eq": 0.0039396994818121644,
    "adg_strategy_eq_w": 0.0014845559996148117,
    "adg_usd": 0.0039396994818121644,
    "adg_w_btc": 0.002560552042900488,
    "adg_w_per_exposure_long_btc": 0.0011865943940407284,
    "adg_w_per_exposure_long_usd": 0.000687963297471992,
    "adg_w_per_exposure_short_btc": 0.0,
    "adg_w_per_exposure_short_usd": 0.0,
    "adg_w_usd": 0.0014845559996148117,
    "backtest_completion_ratio": 1.0,
    "calmar_ratio_btc": 0.0033904416273786843,
    "calmar_ratio_strategy_eq": 0.004166407116377173,
    "calmar_ratio_strategy_eq_w": 0.003130921101948856,
    "calmar_ratio_usd": 0.004166407116377161,
    "calmar_ratio_w_btc": 0.006285254157822924,
    "calmar_ratio_w_usd": 0.0045522202987022505,
    "drawdown_worst_btc": 1.083362616176756,
    "drawdown_worst_ema_strategy_eq": 0.0,
    "drawdown_worst_ema_strategy_eq_long": 0.0,
    "drawdown_worst_ema_strategy_eq_short": 0.0,
    "drawdown_worst_mean_1pct_btc": 0.5161331375594194,
    "drawdown_worst_mean_1pct_ema_strategy_eq": 0.0,
    "drawdown_worst_mean_1pct_ema_strategy_eq_long": 0.0,
    "drawdown_worst_mean_1pct_ema_strategy_eq_short": 0.0,
    "drawdown_worst_mean_1pct_strategy_eq": 0.4406514824580252,
    "drawdown_worst_mean_1pct_strategy_eq_long": 0.0,
    "drawdown_worst_mean_1pct_strategy_eq_short": 0.0,
    "drawdown_worst_mean_1pct_usd": 0.44065148245802443,
    "drawdown_worst_strategy_eq": 0.9455867781922046,
    "drawdown_worst_strategy_eq_long": 0.0,
    "drawdown_worst_strategy_eq_short": 0.0,
    "drawdown_worst_usd": 0.9455867781922074,
    "entry_initial_balance_pct_long": 0.020646787200000002,
    "entry_initial_balance_pct_short": 0.0,
    "entry_interval_hours_max": 537.8166666666667,
    "entry_interval_hours_mean": 7.884426147059246,
    "entry_interval_hours_median": 0.8333333333333334,
    "entry_interval_hours_p95": 39.65333333333334,
    "entry_interval_hours_p99": 98.43600000000006,
    "equity_balance_diff_neg_max_btc": 1.224200716157764,
    "equity_balance_diff_neg_max_usd": 0.9090853520956692,
    "equity_balance_diff_neg_mean_btc": 0.09294761879951752,
    "equity_balance_diff_neg_mean_usd": 0.06864870282752887,
    "equity_balance_diff_pos_max_btc": 3.929172864831,
    "equity_balance_diff_pos_max_usd": 3.5926512968765922,
    "equity_balance_diff_pos_mean_btc": 0.27504298899077884,
    "equity_balance_diff_pos_mean_usd": 0.1516493563851408,
    "equity_choppiness_btc": 10.279437235568075,
    "equity_choppiness_usd": 2.8101340720239056,
    "equity_choppiness_w_btc": 7.536603205928543,
    "equity_choppiness_w_usd": 4.359718291740164,
    "equity_jerkiness_btc": 0.031713785057310394,
    "equity_jerkiness_usd": 0.009791972782171067,
    "equity_jerkiness_w_btc": 0.026291166649381914,
    "equity_jerkiness_w_usd": 0.0074047477450100594,
    "expected_shortfall_1pct_btc": 0.316163498615093,
    "expected_shortfall_1pct_strategy_eq": 0.3414934203598243,
    "expected_shortfall_1pct_usd": 0.3414934203598239,
    "exponential_fit_error_btc": 0.6712206847984573,
    "exponential_fit_error_usd": 0.3211312641333796,
    "exponential_fit_error_w_btc": 0.0888686319483252,
    "exponential_fit_error_w_usd": 0.041450445917751474,
    "exposure_mean_ratio_btc": 0.06103452195584882,
    "exposure_mean_ratio_usd": 0.06546490257305079,
    "exposure_mean_ratio_w_btc": 0.04621578382199541,
    "exposure_mean_ratio_w_usd": 0.026927659133013447,
    "exposure_ratio_btc": 0.0017007726327864985,
    "exposure_ratio_usd": 0.0018242285043998717,
    "exposure_ratio_w_btc": 0.0011861566795140594,
    "exposure_ratio_w_usd": 0.0006876297649365795,
    "gain_btc": 1335.4745516238472,
    "gain_per_exposure_long_btc": 618.8769412965602,
    "gain_per_exposure_long_usd": 1042.420155186938,
    "gain_per_exposure_short_btc": 0.0,
    "gain_per_exposure_short_usd": 0.0,
    "gain_strategy_eq": 2249.438452877895,
    "gain_usd": 2249.4384528778937,
    "hard_stop_duration_minutes_max": 0.0,
    "hard_stop_duration_minutes_mean": 0.0,
    "hard_stop_flatten_time_minutes_mean": 0.0,
    "hard_stop_halt_to_restart_equity_loss_pct": 0.0,
    "hard_stop_panic_close_loss_max": 0.0,
    "hard_stop_panic_close_loss_sum": 0.0,
    "hard_stop_post_restart_retrigger_pct": 0.0,
    "hard_stop_restarts": 0,
    "hard_stop_restarts_long": 0,
    "hard_stop_restarts_per_year": 0.0,
    "hard_stop_restarts_per_year_long": 0.0,
    "hard_stop_restarts_per_year_short": 0.0,
    "hard_stop_restarts_short": 0,
    "hard_stop_time_in_orange_pct": 0.0,
    "hard_stop_time_in_red_pct": 0.0,
    "hard_stop_time_in_yellow_pct": 0.0,
    "hard_stop_trigger_drawdown_mean": 0.0,
    "hard_stop_triggers": 0,
    "hard_stop_triggers_long": 0,
    "hard_stop_triggers_per_year": 0.0,
    "hard_stop_triggers_short": 0,
    "high_exposure_days_max_long": 22.570833333333336,
    "high_exposure_days_max_short": 0.0,
    "high_exposure_days_mean_long": 0.0717915679992571,
    "high_exposure_days_mean_short": 0.0,
    "high_exposure_hours_max_long": 541.7,
    "high_exposure_hours_max_short": 0.0,
    "high_exposure_hours_mean_long": 1.7229976319821703,
    "high_exposure_hours_mean_short": 0.0,
    "liquidated": false,
    "long_short_profit_ratio": 1.0,
    "loss_profit_ratio": 0.4205648218672536,
    "loss_profit_ratio_long": 0.4205648218672536,
    "loss_profit_ratio_short": 1.0,
    "loss_profit_ratio_w": 0.45566224314612896,
    "mdg_btc": 0.0,
    "mdg_per_exposure_long_btc": 0.0,
    "mdg_per_exposure_long_usd": 0.00024358265719999503,
    "mdg_per_exposure_short_btc": 0.0,
    "mdg_per_exposure_short_usd": 0.0,
    "mdg_pnl": 0.0008703399701992371,
    "mdg_pnl_w": 0.00043223379540221476,
    "mdg_strategy_eq": 0.0005256270159719513,
    "mdg_strategy_eq_w": 0.00022087321886491844,
    "mdg_usd": 0.0005256270159718693,
    "mdg_w_btc": 0.0,
    "mdg_w_per_exposure_long_btc": 0.0,
    "mdg_w_per_exposure_long_usd": 0.00010235563226512137,
    "mdg_w_per_exposure_short_btc": 0.0,
    "mdg_w_per_exposure_short_usd": 0.0,
    "mdg_w_usd": 0.0002208732188649054,
    "omega_ratio_btc": 1.499765933648976,
    "omega_ratio_strategy_eq": 3.9250961390660475,
    "omega_ratio_strategy_eq_w": 2.5425205377785245,
    "omega_ratio_usd": 3.925096139066059,
    "omega_ratio_w_btc": 1.425338037543575,
    "omega_ratio_w_usd": 2.5425205377785005,
    "paper_loss_mean_ratio_btc": 0.039517717170938604,
    "paper_loss_mean_ratio_usd": 0.0573892778674953,
    "paper_loss_mean_ratio_w_btc": 0.06237301385073164,
    "paper_loss_mean_ratio_w_usd": 0.1053673022960218,
    "paper_loss_ratio_btc": 0.0030003884681261664,
    "paper_loss_ratio_usd": 0.004333695920553743,
    "paper_loss_ratio_w_btc": 0.02221744305207624,
    "paper_loss_ratio_w_usd": 0.008144302474880839,
    "peak_recovery_days_equity_btc": 325.03055555555557,
    "peak_recovery_days_equity_usd": 116.14999999999999,
    "peak_recovery_days_pnl": 135.65138888888887,
    "peak_recovery_days_strategy_eq": 116.15,
    "peak_recovery_days_strategy_eq_long": 0.0,
    "peak_recovery_days_strategy_eq_short": 0.0,
    "peak_recovery_hours_equity_btc": 7800.733333333334,
    "peak_recovery_hours_equity_usd": 2787.6,
    "peak_recovery_hours_pnl": 3255.633333333333,
    "peak_recovery_hours_strategy_eq": 2787.6000000000004,
    "peak_recovery_hours_strategy_eq_long": 0.0,
    "peak_recovery_hours_strategy_eq_short": 0.0,
    "pnl_ratio_long_short": 1.0,
    "position_held_days_max": 22.345138888888886,
    "position_held_days_mean": 0.030466804557816304,
    "position_held_days_median": 0.009722222222222222,
    "position_held_hours_max": 536.2833333333333,
    "position_held_hours_mean": 0.7312033093875913,