{
    "adg_btc": 0.0024772776753771986,
    "adg_per_exposure_long_btc": 0.0008257592251257329,
    "adg_per_exposure_long_usd": 0.0009135071302381892,
    "adg_per_exposure_short_btc": 0.0,
    "adg_per_exposure_short_usd": 0.0,
    "adg_pnl": 0.0036284498676586925,
    "adg_pnl_w": 0.001566860672209528,
    "adg_strategy_eq": 0.0027405213907145676,
    "adg_strategy_eq_w": 0.001009807046615774,
    "adg_usd": 0.0027405213907145676,
    "adg_w_btc": 0.0021262326636430906,
    "adg_w_per_exposure_long_btc": 0.0007087442212143635,
    "adg_w_per_exposure_long_usd": 0.00033660234887191717,
    "adg_w_per_exposure_short_btc": 0.0,
    "adg_w_per_exposure_short_usd": 0.0,
    "adg_w_usd": 0.0010098070466157516,
    "backtest_completion_ratio": 1.0,
    "calmar_ratio_btc": 0.00323655027762091,
    "calmar_ratio_strategy_eq": 0.0034110488862610228,
    "calmar_ratio_strategy_eq_w": 0.004611904516868879,
    "calmar_ratio_usd": 0.0034110488862610293,
    "calmar_ratio_w_btc": 0.005258678018814742,
    "calmar_ratio_w_usd": 0.004611904516868786,
    "drawdown_worst_btc": 0.7654068260599277,
    "drawdown_worst_ema_strategy_eq": 0.0,
    "drawdown_worst_ema_strategy_eq_long": 0.0,
    "drawdown_worst_ema_strategy_eq_short": 0.0,
    "drawdown_worst_mean_1pct_btc": 0.5457092490196237,
    "drawdown_worst_mean_1pct_ema_strategy_eq": 0.0,
    "drawdown_worst_mean_1pct_ema_strategy_eq_long": 0.0,
    "drawdown_worst_mean_1pct_ema_strategy_eq_short": 0.0,
    "drawdown_worst_mean_1pct_strategy_eq": 0.28646492736021273,
    "drawdown_worst_mean_1pct_strategy_eq_long": 0.0,
    "drawdown_worst_mean_1pct_strategy_eq_short": 0.0,
    "drawdown_worst_mean_1pct_usd": 0.2864649273602117,
    "drawdown_worst_strategy_eq": 0.8034248356137031,
    "drawdown_worst_strategy_eq_long": 0.0,
    "drawdown_worst_strategy_eq_short": 0.0,
    "drawdown_worst_usd": 0.8034248356137017,
    "entry_initial_balance_pct_long": 0.0179615,
    "entry_initial_balance_pct_short": 0.0,
    "entry_interval_hours_max": 1992.35,
    "entry_interval_hours_mean": 13.149043231206328,
    "entry_interval_hours_median": 0.6833333333333333,
    "entry_interval_hours_p95": 64.05999999999997,
    "entry_interval_hours_p99": 194.6986666666659,
    "equity_balance_diff_neg_max_btc": 0.6370654533735957,
    "equity_balance_diff_neg_max_usd": 0.7299518862806285,
    "equity_balance_diff_neg_mean_btc": 0.09346195036976991,
    "equity_balance_diff_neg_mean_usd": 0.01697879350313959,
    "equity_balance_diff_pos_max_btc": 2.2351537414303966,
    "equity_balance_diff_pos_max_usd": 0.9580425671032379,
    "equity_balance_diff_pos_mean_btc": 0.21233341183848153,
    "equity_balance_diff_pos_mean_usd": 0.08374603807786284,
    "equity_choppiness_btc": 12.861682630184427,
    "equity_choppiness_usd": 1.386741517886136,
    "equity_choppiness_w_btc": 8.009266485668538,
    "equity_choppiness_w_usd": 1.662769308014402,
    "equity_jerkiness_btc": 0.030354450203489303,
    "equity_jerkiness_usd": 0.00449844659453682,
    "equity_jerkiness_w_btc": 0.022594650188953014,
    "equity_jerkiness_w_usd": 0.0022623096769427676,
    "expected_shortfall_1pct_btc": 0.19438036323386804,
    "expected_shortfall_1pct_strategy_eq": 0.2309333676883612,
    "expected_shortfall_1pct_usd": 0.2309333676883604,
    "exponential_fit_error_btc": 0.44161703623570275,
    "exponential_fit_error_usd": 0.1441625095499137,
    "exponential_fit_error_w_btc": 0.06117342049647671,
    "exponential_fit_error_w_usd": 0.017106624439823997,
    "exposure_mean_ratio_btc": 0.12767875107748686,
    "exposure_mean_ratio_usd": 0.1412463172560159,
    "exposure_mean_ratio_w_btc": 0.11088436884339345,
    "exposure_mean_ratio_w_usd": 0.05534420508552146,
    "exposure_ratio_btc": 0.00082528708150412,
    "exposure_ratio_usd": 0.0009129848150744995,
    "exposure_ratio_w_btc": 0.000860728848939009,
    "exposure_ratio_w_usd": 0.00037931021444365006,
    "gain_btc": 136.4916958942763,
    "gain_per_exposure_long_btc": 45.49723196475876,
    "gain_per_exposure_long_usd": 76.6581310345647,
    "gain_per_exposure_short_btc": 0.0,
    "gain_per_exposure_short_usd": 0.0,
    "gain_strategy_eq": 229.97439310369427,
    "gain_usd": 229.97439310369413,
    "hard_stop_duration_minutes_max": 0.0,
    "hard_stop_duration_minutes_mean": 0.0,
    "hard_stop_flatten_time_minutes_mean": 0.0,
    "hard_stop_halt_to_restart_equity_loss_pct": 0.0,
    "hard_stop_panic_close_loss_max": 0.0,
    "hard_stop_panic_close_loss_sum": 0.0,
    "hard_stop_post_restart_retrigger_pct": 0.0,
    "hard_stop_restarts": 0,
    "hard_stop_restarts_long": 0,
    "hard_stop_restarts_per_year": 0.0,
    "hard_stop_restarts_per_year_long": 0.0,
    "hard_stop_restarts_per_year_short": 0.0,
    "hard_stop_restarts_short": 0,
    "hard_stop_time_in_orange_pct": 0.0,
    "hard_stop_time_in_red_pct": 0.0,
    "hard_stop_time_in_yellow_pct": 0.0,
    "hard_stop_trigger_drawdown_mean": 0.0,
    "hard_stop_triggers": 0,
    "hard_stop_triggers_long": 0,
    "hard_stop_triggers_per_year": 0.0,
    "hard_stop_triggers_short": 0,
    "high_exposure_days_max_long": 4.065277777777777,
    "high_exposure_days_max_short": 0.0,
    "high_exposure_days_mean_long": 0.044223496919481624,
    "high_exposure_days_mean_short": 0.0,
    "high_exposure_hours_max_long": 97.56666666666666,
    "high_exposure_hours_max_short": 0.0,
    "high_exposure_hours_mean_long": 1.061363926067559,
    "high_exposure_hours_mean_short": 0.0,
    "liquidated": false,
    "long_short_profit_ratio": 1.0,
    "loss_profit_ratio": 0.22693407683871533,
    "loss_profit_ratio_long": 0.22693407683871533,
    "loss_profit_ratio_short": 1.0,
    "loss_profit_ratio_w": 0.2403379428939782,
    "mdg_btc": 0.0,
    "mdg_per_exposure_long_btc": 0.0,
    "mdg_per_exposure_long_usd": 6.605744943764012e-05,
    "mdg_per_exposure_short_btc": 0.0,
    "mdg_per_exposure_short_usd": 0.0,
    "mdg_pnl": 0.00047027961586246545,
    "mdg_pnl_w": 0.0002550991679826756,
    "mdg_strategy_eq": 0.0001981723483129207,
    "mdg_strategy_eq_w": 3.745397438354028e-05,
    "mdg_usd": 0.00019817234831292038,
    "mdg_w_btc": 0.0,
    "mdg_w_per_exposure_long_btc": 0.0,
    "mdg_w_per_exposure_long_usd": 1.2484658127844727e-05,
    "mdg_w_per_exposure_short_btc": 0.0,
    "mdg_w_per_exposure_short_usd": 0.0,
    "mdg_w_usd": 3.745397438353418e-05,
    "omega_ratio_btc": 1.364423827888305,
    "omega_ratio_strategy_eq": 10.26158427527822,
    "omega_ratio_strategy_eq_w": 5.0530409415403525,
    "omega_ratio_usd": 10.261584275278256,
    "omega_ratio_w_btc": 1.4372778930396226,
    "omega_ratio_w_usd": 5.053040941540386,
    "paper_loss_mean_ratio_btc": 0.02650573485334059,
    "paper_loss_mean_ratio_usd": 0.1614084881948656,
    "paper_loss_mean_ratio_w_btc": 0.18125404601801348,
    "paper_loss_mean_ratio_w_usd": 1.00305164241041,
    "paper_loss_ratio_btc": 0.003888576381372925,
    "paper_loss_ratio_usd": 0.0037543863400073194,
    "paper_loss_ratio_w_btc": 0.04535221567773766,
    "paper_loss_ratio_w_usd": 0.23843495487715755,
    "peak_recovery_days_equity_btc": 1095.4027777777778,
    "peak_recovery_days_equity_usd": 112.25416666666666,
    "peak_recovery_days_pnl": 112.25208333333335,
    "peak_recovery_days_strategy_eq": 112.25416666666666,
    "peak_recovery_days_strategy_eq_long": 0.0,
    "peak_recovery_days_strategy_eq_short": 0.0,
    "peak_recovery_hours_equity_btc": 26289.666666666668,
    "peak_recovery_hours_equity_usd": 2694.1,
    "peak_recovery_hours_pnl": 2694.05,
    "peak_recovery_hours_strategy_eq": 2694.1,
    "peak_recovery_hours_strategy_eq_long": 0.0,
    "peak_recovery_hours_strategy_eq_short": 0.0,
    "pnl_ratio_long_short": 1.0,
    "position_held_days_max": 4.194444444444445,
    "position_held_days_mean": 0.02498705646831423,
    "position_held_days_median": 0.005555555555555556,
    "position_held_hours_max": 100.66666666666667,
    "position_held_hours_mean": 0.5996893552395416,
    "position_held_hours_median": 0.13333333333333333,