{
    "adg": 0.02508950782682917,
    "adg_per_exposure_long": 0.00508286052284783,
    "adg_per_exposure_short": 0.0,
    "adg_w": 0.009292280565783018,
    "adg_w_per_exposure_long": 0.0018825146503885695,
    "adg_w_per_exposure_short": 0.0,
    "calmar_ratio": 0.10723674922508224,
    "calmar_ratio_w": 0.08768812347891486,
    "drawdown_worst": 0.23396371121030624,
    "drawdown_worst_mean_1pct": 0.23068943098256411,
    "equity_balance_diff_neg_max": 0.243233368222343,
    "equity_balance_diff_neg_mean": 0.008364364271793408,
    "equity_balance_diff_pos_max": 0.512244314009668,
    "equity_balance_diff_pos_mean": 0.003217391576004161,
    "equity_choppiness": 1.3356863839695874,
    "equity_choppiness_w": 1.3671585650765319,
    "equity_jerkiness": 0.04386846998782663,
    "equity_jerkiness_w": 0.01788758665603113,
    "expected_shortfall_1pct": 0.21735300540862118,
    "exponential_fit_error": 0.3149985020793578,
    "exponential_fit_error_w": 0.03267069975822784,
    "gain": 355.25798234983034,
    "gain_per_exposure_long": 71.97139084496472,
    "gain_per_exposure_short": 0.0,
    "loss_profit_ratio": 0.001101247979014144,
    "loss_profit_ratio_long": 0.001101247979014144,
    "loss_profit_ratio_short": 1.0,
    "loss_profit_ratio_w": 0.000961547722419245,
    "mdg": 0.008024633750508601,
    "mdg_per_exposure_long": 0.0016257032374766723,
    "mdg_per_exposure_short": 0.0,
    "mdg_w": 0.004040245299841342,
    "mdg_w_per_exposure_long": 0.0008185096128201095,
    "mdg_w_per_exposure_short": 0.0,
    "omega_ratio": 13.45165994443646,
    "omega_ratio_w": 10.502176227408823,
    "pnl_ratio_long_short": 1.0,
    "position_held_hours_max": 60.18333333333333,
    "position_held_hours_mean": 4.378939393939394,
    "position_held_hours_median": 1.75,
    "position_unchanged_hours_max": 36.46666666666667,
    "positions_held_per_day": 1.8565400843881856,
    "sharpe_ratio": 0.18165718028972097,
    "sharpe_ratio_w": 0.20336384571406768,
    "sortino_ratio": 0.4232513605262003,
    "sortino_ratio_w": 0.30660156962105056,
    "sterling_ratio": 0.10875880927863348,
    "sterling_ratio_w": 0.08784032948426998,
    "volume_pct_per_day_avg": 3.268474192643326,
    "volume_pct_per_day_avg_w": 1.6114388953496033
}