{"analysis": {"adg": 0.02508950782682917,
              "adg_per_exposure_long": 0.00508286052284783,
              "adg_per_exposure_short": 0.0,
              "adg_w": 0.009292280565783018,
              "adg_w_per_exposure_long": 0.0018825146503885695,
              "adg_w_per_exposure_short": 0.0,
              "calmar_ratio": 0.10723674922508224,
              "calmar_ratio_w": 0.08768812347891486,
              "drawdown_worst": 0.23396371121030624,
              "drawdown_worst_mean_1pct": 0.23068943098256411,
              "equity_balance_diff_neg_max": 0.243233368222343,
              "equity_balance_diff_neg_mean": 0.008364364271793408,
              "equity_balance_diff_pos_max": 0.512244314009668,
              "equity_balance_diff_pos_mean": 0.003217391576004161,
              "equity_choppiness": 1.3356863839695874,
              "equity_choppiness_w": 1.3671585650765319,
              "equity_jerkiness": 0.04386846998782663,
              "equity_jerkiness_w": 0.01788758665603113,
              "expected_shortfall_1pct": 0.21735300540862118,
              "exponential_fit_error": 0.3149985020793578,
              "exponential_fit_error_w": 0.03267069975822784,
              "gain": 355.25798234983034,
              "gain_per_exposure_long": 71.97139084496472,
              "gain_per_exposure_short": 0.0,
              "loss_profit_ratio": 0.001101247979014144,
              "loss_profit_ratio_long": 0.001101247979014144,
              "loss_profit_ratio_short": 1.0,
              "loss_profit_ratio_w": 0.000961547722419245,
              "mdg": 0.008024633750508601,
              "mdg_per_exposure_long": 0.0016257032374766723,
              "mdg_per_exposure_short": 0.0,
              "mdg_w": 0.004040245299841342,
              "mdg_w_per_exposure_long": 0.0008185096128201095,
              "mdg_w_per_exposure_short": 0.0,
              "omega_ratio": 13.45165994443646,
              "omega_ratio_w": 10.502176227408823,
              "pnl_ratio_long_short": 1.0,
              "position_held_hours_max": 60.18333333333333,
              "position_held_hours_mean": 4.378939393939394,
              "position_held_hours_median": 1.75,
              "position_unchanged_hours_max": 36.46666666666667,
              "positions_held_per_day": 1.8565400843881856,
              "sharpe_ratio": 0.18165718028972097,
              "sharpe_ratio_w": 0.20336384571406768,
              "sortino_ratio": 0.4232513605262003,
              "sortino_ratio_w": 0.30660156962105056,
              "sterling_ratio": 0.10875880927863348,
              "sterling_ratio_w": 0.08784032948426998,
              "volume_pct_per_day_avg": 3.268474192643326,
              "volume_pct_per_day_avg_w": 1.6114388953496033},
 "backtest": {"base_dir": "backtests/pbgui/HYPE_adg_w_sharpe_jerk_gain_48_dd25_dd175",
              "cache_dir": {"bybit": "caches/hlcvs_data/2e9399f17a40967f"},
              "coins": {"bybit": ["HYPE"]},
              "combine_ohlcvs": false,
              "compress_cache": true,
              "end_date": "2025-08-29",
              "exchanges": ["bybit", "binance"],
              "gap_tolerance_ohlcvs_minutes": 120,
              "start_date": "2020-01-01",
              "starting_balance": 1000,
              "use_btc_collateral": false},
 "bot": {"long": {"close_grid_markup_end": 0.0083524,
                  "close_grid_markup_start": 0.018104,
                  "close_grid_qty_pct": 0.31086,
                  "close_trailing_grid_ratio": -0.30201,
                  "close_trailing_qty_pct": 0.12608,
                  "close_trailing_retracement_pct": 0.0038101,
                  "close_trailing_threshold_pct": 0.0046189,
                  "ema_span_0": 344.64,
                  "ema_span_1": 533.91,
                  "enforce_exposure_limit": true,
                  "entry_grid_double_down_factor": 1.4961,
                  "entry_grid_spacing_pct": 0.036318,
                  "entry_grid_spacing_weight": 0.69773,
                  "entry_initial_ema_dist": 0.01865,
                  "entry_initial_qty_pct": 0.051561,
                  "entry_trailing_double_down_factor": 0.29969,
                  "entry_trailing_grid_ratio": -0.0013575,
                  "entry_trailing_retracement_pct": 0.14629,
                  "entry_trailing_threshold_pct": -0.039973,
                  "filter_noisiness_rolling_window": 60,
                  "filter_volume_drop_pct": 0,
                  "filter_volume_rolling_window": 60,
                  "n_positions": 1,
                  "total_wallet_exposure_limit": 4.9361,
                  "unstuck_close_pct": 0.0056168,
                  "unstuck_ema_dist": -0.018935,
                  "unstuck_loss_allowance_pct": 0.23471,
                  "unstuck_threshold": 0.64915},
         "short": {"close_grid_markup_end": 0.001,
                   "close_grid_markup_start": 0.001,
                   "close_grid_qty_pct": 0.05,
                   "close_trailing_grid_ratio": -1,
                   "close_trailing_qty_pct": 0.05,
                   "close_trailing_retracement_pct": 0,
                   "close_trailing_threshold_pct": -0.1,
                   "ema_span_0": 200,
                   "ema_span_1": 200,
                   "enforce_exposure_limit": true,
                   "entry_grid_double_down_factor": 0.1,
                   "entry_grid_spacing_pct": 0.01,
                   "entry_grid_spacing_weight": 0.2,
                   "entry_initial_ema_dist": -0.1,
                   "entry_initial_qty_pct": 0.025,
                   "entry_trailing_double_down_factor": 0.1,
                   "entry_trailing_grid_ratio": -1,
                   "entry_trailing_retracement_pct": 0,
                   "entry_trailing_threshold_pct": -0.1,
                   "filter_noisiness_rolling_window": 10,
                   "filter_volume_drop_pct": 0,
                   "filter_volume_rolling_window": 10,
                   "n_positions": 0,
                   "total_wallet_exposure_limit": 0,
                   "unstuck_close_pct": 0.005,
                   "unstuck_ema_dist": -0.1,
                   "unstuck_loss_allowance_pct": 0.01,
                   "unstuck_threshold": 0.7}},
 "coin_overrides": {},
 "disable_plotting": false,
 "live": {"approved_coins": {"long": ["HYPE"], "short": []},
          "auto_gs": true,
          "base_config_path": "",
          "empty_means_all_approved": false,
          "execution_delay_seconds": 2,
          "filter_by_min_effective_cost": true,
          "forced_mode_long": "",
          "forced_mode_short": "",
          "ignored_coins": {"long": [], "short": []},
          "leverage": 10,
          "market_orders_allowed": true,
          "max_n_cancellations_per_batch": 5,
          "max_n_creations_per_batch": 3,
          "max_n_restarts_per_day": 10,
          "mimic_backtest_1m_delay": false,
          "minimum_coin_age_days": 30,
          "ohlcvs_1m_rolling_window_days": 4,
          "ohlcvs_1m_update_after_minutes": 10,
          "pnls_max_lookback_days": 30,
          "price_distance_threshold": 0.002,
          "time_in_force": "good_till_cancelled",
          "user": "bybit_01"},
 "optimize": {"bounds": {"long_close_grid_markup_end": [0.001, 0.03],
                         "long_close_grid_markup_start": [0.001, 0.03],
                         "long_close_grid_qty_pct": [0.05, 0.4],
                         "long_close_trailing_grid_ratio": [-1, 1],
                         "long_close_trailing_qty_pct": [0.05, 0.25],
                         "long_close_trailing_retracement_pct": [0.003, 0.01],
                         "long_close_trailing_threshold_pct": [0.001, 0.005],
                         "long_ema_span_0": [1, 800],
                         "long_ema_span_1": [1, 800],
                         "long_entry_grid_double_down_factor": [0, 1.5],
                         "long_entry_grid_spacing_pct": [0.01, 0.12],