{"analysis": {"adg": 0.019327604004772292,
              "adg_per_exposure_long": 0.00413663591909173,
              "adg_per_exposure_short": 0.0,
              "adg_w": 0.007029913107099573,
              "adg_w_per_exposure_long": 0.0015045936919931453,
              "adg_w_per_exposure_short": 0.0,
              "calmar_ratio": 0.07738422066455401,
              "calmar_ratio_w": 0.10952106419653822,
              "drawdown_worst": 0.2497615642929817,
              "drawdown_worst_mean_1pct": 0.24546276367290504,
              "equity_balance_diff_neg_max": 0.2629527505058454,
              "equity_balance_diff_neg_mean": 0.025331648895693795,
              "equity_balance_diff_pos_max": 0.26761650058355796,
              "equity_balance_diff_pos_mean": 0.004692486519438111,
              "equity_choppiness": 1.4393347361944664,
              "equity_choppiness_w": 1.184828922822521,
              "equity_jerkiness": 0.032483111108487873,
              "equity_jerkiness_w": 0.011429611565727273,
              "expected_shortfall_1pct": 0.24384702453470486,
              "exponential_fit_error": 0.16398235958001653,
              "exponential_fit_error_w": 0.016987928085585413,
              "gain": 93.40435429873394,
              "gain_per_exposure_long": 19.99108668080687,
              "gain_per_exposure_short": 0.0,
              "loss_profit_ratio": 0.08735246179058519,
              "loss_profit_ratio_long": 0.08735246179058519,
              "loss_profit_ratio_short": 1.0,
              "loss_profit_ratio_w": 0.011335901380739075,
              "mdg": 0.009254390787710537,
              "mdg_per_exposure_long": 0.0019806927611049244,
              "mdg_per_exposure_short": 0.0,
              "mdg_w": 0.0025386531113819073,
              "mdg_w_per_exposure_long": 0.0005433412048417069,
              "mdg_w_per_exposure_short": 0.0,
              "omega_ratio": 7.5518911759700815,
              "omega_ratio_w": null,
              "pnl_ratio_long_short": 1.0,
              "position_held_hours_max": 30.8,
              "position_held_hours_mean": 0.9465291750503018,
              "position_held_hours_median": 0.15,
              "position_unchanged_hours_max": 28.916666666666668,
              "positions_held_per_day": 4.194092827004219,
              "sharpe_ratio": 0.25163094517867085,
              "sharpe_ratio_w": 0.2494537156527302,
              "sortino_ratio": 0.3205395639100382,
              "sortino_ratio_w": 0.2639701635964655,
              "sterling_ratio": 0.0787394540645178,
              "sterling_ratio_w": 0.1096565875365346,
              "volume_pct_per_day_avg": 10.626557586318008,
              "volume_pct_per_day_avg_w": 4.890698039563419},
 "backtest": {"base_dir": "backtests/pbgui/HYPE_adg_w_sharpe_omega_48_dd25_tr_dd",
              "cache_dir": {"bybit": "caches/hlcvs_data/2e9399f17a40967f"},
              "coins": {"bybit": ["HYPE"]},
              "combine_ohlcvs": false,
              "compress_cache": true,
              "end_date": "2025-08-29",
              "exchanges": ["bybit", "binance"],
              "gap_tolerance_ohlcvs_minutes": 120,
              "start_date": "2020-01-01",
              "starting_balance": 1000,
              "use_btc_collateral": false},
 "bot": {"long": {"close_grid_markup_end": 0.022747,
                  "close_grid_markup_start": 0.024382,
                  "close_grid_qty_pct": 0.093505,
                  "close_trailing_grid_ratio": -1,
                  "close_trailing_qty_pct": 0.24981,
                  "close_trailing_retracement_pct": 0.0030074,
                  "close_trailing_threshold_pct": 0.0048031,
                  "ema_span_0": 76.911,
                  "ema_span_1": 20.845,
                  "enforce_exposure_limit": true,
                  "entry_grid_double_down_factor": 0.73957,
                  "entry_grid_spacing_pct": 0.11821,
                  "entry_grid_spacing_weight": 0.78091,
                  "entry_initial_ema_dist": 0.011645,
                  "entry_initial_qty_pct": 0.20643,
                  "entry_trailing_double_down_factor": 0.18466,
                  "entry_trailing_grid_ratio": -1,
                  "entry_trailing_retracement_pct": 0.0017969,
                  "entry_trailing_threshold_pct": 0.057151,
                  "filter_noisiness_rolling_window": 60,
                  "filter_volume_drop_pct": 0,
                  "filter_volume_rolling_window": 60,
                  "n_positions": 1,
                  "total_wallet_exposure_limit": 4.6723,
                  "unstuck_close_pct": 0.04466,
                  "unstuck_ema_dist": -0.071394,
                  "unstuck_loss_allowance_pct": 0.1123,
                  "unstuck_threshold": 0.60846},
         "short": {"close_grid_markup_end": 0.001,
                   "close_grid_markup_start": 0.001,
                   "close_grid_qty_pct": 0.05,
                   "close_trailing_grid_ratio": -1,
                   "close_trailing_qty_pct": 0.05,
                   "close_trailing_retracement_pct": 0,
                   "close_trailing_threshold_pct": -0.1,
                   "ema_span_0": 200,
                   "ema_span_1": 200,
                   "enforce_exposure_limit": true,
                   "entry_grid_double_down_factor": 0.1,
                   "entry_grid_spacing_pct": 0.01,
                   "entry_grid_spacing_weight": 0.2,
                   "entry_initial_ema_dist": -0.1,
                   "entry_initial_qty_pct": 0.025,
                   "entry_trailing_double_down_factor": 0.1,
                   "entry_trailing_grid_ratio": -1,
                   "entry_trailing_retracement_pct": 0,
                   "entry_trailing_threshold_pct": -0.1,
                   "filter_noisiness_rolling_window": 10,
                   "filter_volume_drop_pct": 0,
                   "filter_volume_rolling_window": 10,
                   "n_positions": 0,
                   "total_wallet_exposure_limit": 0,
                   "unstuck_close_pct": 0.005,
                   "unstuck_ema_dist": -0.1,
                   "unstuck_loss_allowance_pct": 0.01,
                   "unstuck_threshold": 0.7}},
 "coin_overrides": {},
 "disable_plotting": false,
 "live": {"approved_coins": {"long": ["HYPE"], "short": []},
          "auto_gs": true,
          "base_config_path": "",
          "empty_means_all_approved": false,
          "execution_delay_seconds": 2,
          "filter_by_min_effective_cost": true,
          "forced_mode_long": "",
          "forced_mode_short": "",
          "ignored_coins": {"long": [], "short": []},
          "leverage": 10,
          "market_orders_allowed": true,
          "max_n_cancellations_per_batch": 5,
          "max_n_creations_per_batch": 3,
          "max_n_restarts_per_day": 10,
          "mimic_backtest_1m_delay": false,
          "minimum_coin_age_days": 30,
          "ohlcvs_1m_rolling_window_days": 4,
          "ohlcvs_1m_update_after_minutes": 10,
          "pnls_max_lookback_days": 30,
          "price_distance_threshold": 0.002,
          "time_in_force": "good_till_cancelled",
          "user": "bybit_01"},
 "optimize": {"bounds": {"long_close_grid_markup_end": [0.001, 0.03],
                         "long_close_grid_markup_start": [0.001, 0.03],
                         "long_close_grid_qty_pct": [0.05, 0.4],
                         "long_close_trailing_grid_ratio": [-1, -1],
                         "long_close_trailing_qty_pct": [0.05, 0.25],
                         "long_close_trailing_retracement_pct": [0.003, 0.01],
                         "long_close_trailing_threshold_pct": [0.001, 0.005],
                         "long_ema_span_0": [1, 800],
                         "long_ema_span_1": [1, 800],
                         "long_entry_grid_double_down_factor": [0, 2],
                         "long_entry_grid_spacing_pct": [0.01, 0.12],
                         "long_entry_grid_spacing_weight": [0.2, 2],