{
    "adg": 0.008297177415297563,
    "adg_per_exposure_long": 0.002202069432654148,
    "adg_per_exposure_short": 0.0,
    "adg_w": 0.00441817947754577,
    "adg_w_per_exposure_long": 0.0011725840594351681,
    "adg_w_per_exposure_short": 0.0,
    "calmar_ratio": 0.018440449514185712,
    "calmar_ratio_w": 0.019995335755122898,
    "drawdown_worst": 0.44994442293365905,
    "drawdown_worst_mean_1pct": 0.24322072830667618,
    "equity_balance_diff_neg_max": 0.738041955977013,
    "equity_balance_diff_neg_mean": 0.016229089100475734,
    "equity_balance_diff_pos_max": 0.21159018876314722,
    "equity_balance_diff_pos_mean": 0.0030910540634977177,
    "equity_choppiness": 1.391457082877793,
    "equity_choppiness_w": 1.3862506441859805,
    "equity_jerkiness": 0.01334305723836788,
    "equity_jerkiness_w": 0.008997908500700424,
    "expected_shortfall_1pct": 0.21785681490680953,
    "exponential_fit_error": 3.3648818087520778,
    "exponential_fit_error_w": 0.35779494438363313,
    "gain": 3570219.6735517504,
    "gain_per_exposure_long": 947535.6759870884,
    "gain_per_exposure_short": 0.0,
    "loss_profit_ratio": 0.08629758684687953,
    "loss_profit_ratio_long": 0.08629758684687953,
    "loss_profit_ratio_short": 1.0,
    "loss_profit_ratio_w": 0.09334787325702751,
    "mdg": 0.00010318834661718603,
    "mdg_per_exposure_long": 2.7386169117329554e-05,
    "mdg_per_exposure_short": 0.0,
    "mdg_w": 3.0519721573910646e-05,
    "mdg_w_per_exposure_long": 8.099928759762904e-06,
    "mdg_w_per_exposure_short": 0.0,
    "omega_ratio": 16.61386282211399,
    "omega_ratio_w": 12.71712056580668,
    "pnl_ratio_long_short": 1.0,
    "position_held_hours_max": 144.26666666666668,
    "position_held_hours_mean": 0.5015430631487204,
    "position_held_hours_median": 0.11666666666666667,
    "position_unchanged_hours_max": 93.3,
    "positions_held_per_day": 4.6078860898138005,
    "sharpe_ratio": 0.07950338325669119,
    "sharpe_ratio_w": 0.11004290525086236,
    "sortino_ratio": 0.1641484463228373,
    "sortino_ratio_w": 0.1338354563409595,
    "sterling_ratio": 0.034113775881945724,
    "sterling_ratio_w": 0.02450391153042836,
    "volume_pct_per_day_avg": 2.4342355596223357,
    "volume_pct_per_day_avg_w": 1.6317365367083045
}