{
    "adg": 0.0016569659750469423,
    "adg_w": 0.0006441235524099698,
    "calmar_ratio": 0.011175936426596407,
    "calmar_ratio_w": 0.006803681719096305,
    "drawdown_worst": 0.14826193634241758,
    "drawdown_worst_mean_1pct": 0.05334379503189232,
    "equity_balance_diff_neg_max": 0.20645727386701515,
    "equity_balance_diff_neg_mean": 0.0017524225091771542,
    "equity_balance_diff_pos_max": 0.179513332100233,
    "equity_balance_diff_pos_mean": 0.00460050615365937,
    "equity_choppiness": 1.0038996679420022,
    "equity_choppiness_w": 1.2102774173376558,
    "equity_jerkiness": 0.0027955924841677176,
    "equity_jerkiness_w": 0.0013772912073374626,
    "expected_shortfall_1pct": 0.05306329378228909,
    "exponential_fit_error": 0.1476524495907532,
    "exponential_fit_error_w": 0.015172558534037383,
    "gain": 25.281307826295066,
    "loss_profit_ratio": 0.03750446707809135,
    "loss_profit_ratio_long": 0.03750446707809135,
    "loss_profit_ratio_short": 1.0,
    "loss_profit_ratio_w": 0.1422984625358948,
    "mdg": 0.0,
    "mdg_w": 0.0,
    "omega_ratio": 1178.3184709993322,
    "omega_ratio_w": 147.10107040195948,
    "pnl_ratio_long_short": 1.0,
    "position_held_hours_max": 24.666666666666668,
    "position_held_hours_mean": 0.34807073954983925,
    "position_held_hours_median": 0.1,
    "position_unchanged_hours_max": 24.516666666666666,
    "positions_held_per_day": 0.9564325986673501,
    "sharpe_ratio": 0.07819975982990429,
    "sharpe_ratio_w": 0.0553365672501974,
    "sortino_ratio": 0.09425523664144285,
    "sortino_ratio_w": 0.04546010111123089,
    "sterling_ratio": 0.031062019004390342,
    "sterling_ratio_w": 0.014080534629823033
}