{
    "adg": 0.0040812017241274035,
    "adg_per_exposure_long": 0.001255561213390987,
    "adg_per_exposure_short": 0.0,
    "adg_w": 0.0026852387218928354,
    "adg_w_per_exposure_long": 0.0008261002067044564,
    "adg_w_per_exposure_short": 0.0,
    "calmar_ratio": 0.01574798797686589,
    "calmar_ratio_w": 0.021178231810221368,
    "drawdown_worst": 0.2591570256545008,
    "drawdown_worst_mean_1pct": 0.16261751413265874,
    "equity_balance_diff_neg_max": 0.2630219995503788,
    "equity_balance_diff_neg_mean": 0.0020192954767513753,
    "equity_balance_diff_pos_max": 0.48285866923010634,
    "equity_balance_diff_pos_mean": 0.0005095037030236254,
    "equity_choppiness": 1.2929812650086805,
    "equity_choppiness_w": 1.3612486063231297,
    "equity_jerkiness": 0.007149953473877572,
    "equity_jerkiness_w": 0.005676797626862812,
    "expected_shortfall_1pct": 0.15044282029705097,
    "exponential_fit_error": 0.16132578574358789,
    "exponential_fit_error_w": 0.018944998500013376,
    "gain": 327.5557963580269,
    "gain_per_exposure_long": 100.77089566467524,
    "gain_per_exposure_short": 0.0,
    "loss_profit_ratio": 0.0003315961464543258,
    "loss_profit_ratio_long": 0.0003315961464543258,
    "loss_profit_ratio_short": 1.0,
    "loss_profit_ratio_w": 3.315961464543258e-05,
    "mdg": 0.0008330799800317533,
    "mdg_per_exposure_long": 0.0002562928718756355,
    "mdg_per_exposure_short": 0.0,
    "mdg_w": 0.0006798578204411775,
    "mdg_w_per_exposure_long": 0.00020915484400589986,
    "mdg_w_per_exposure_short": 0.0,
    "omega_ratio": 12.784793444412264,
    "omega_ratio_w": 8.020736255852905,
    "pnl_ratio_long_short": 1.0,
    "position_held_hours_max": 159.21666666666667,
    "position_held_hours_mean": 2.3935424881421796,
    "position_held_hours_median": 0.48333333333333334,
    "position_unchanged_hours_max": 149.58333333333334,
    "positions_held_per_day": 4.102828622381916,
    "sharpe_ratio": 0.08274223323262317,
    "sharpe_ratio_w": 0.0961740325199077,
    "sortino_ratio": 0.14188799344622458,
    "sortino_ratio_w": 0.13626873701817618,
    "sterling_ratio": 0.02509693833345697,
    "sterling_ratio_w": 0.025590422871281392,
    "volume_pct_per_day_avg": 1.025083112177526,
    "volume_pct_per_day_avg_w": 0.8173804101862652
}