{"analysis": {"adg": 0.009984580649956998,
              "adg_per_exposure_long": 0.0011123641544069738,
              "adg_per_exposure_short": 0.0,
              "adg_w": 0.0045015391351235666,
              "adg_w_per_exposure_long": 0.0005015083706688465,
              "adg_w_per_exposure_short": 0.0,
              "calmar_ratio": 0.022528508462299753,
              "calmar_ratio_w": 0.02087666543030604,
              "drawdown_worst": 0.4431975896968792,
              "drawdown_worst_mean_1pct": 0.337265833449667,
              "equity_balance_diff_neg_max": 0.5646038391319986,
              "equity_balance_diff_neg_mean": 0.03178276961067381,
              "equity_balance_diff_pos_max": 0.44374546163925654,
              "equity_balance_diff_pos_mean": 0.012605753536417573,
              "equity_choppiness": 2.266550161364806,
              "equity_choppiness_w": 2.3006308889266283,
              "equity_jerkiness": 0.026427474970267154,
              "equity_jerkiness_w": 0.015736799822987008,
              "expected_shortfall_1pct": 0.31402369439691835,
              "exponential_fit_error": 0.15399985038969966,
              "exponential_fit_error_w": 0.023635199400676564,
              "gain": 245.67892133505418,
              "gain_per_exposure_long": 27.370646316293914,
              "gain_per_exposure_short": 0.0,
              "loss_profit_ratio": 0.0,
              "loss_profit_ratio_long": 0.0,
              "loss_profit_ratio_short": 1.0,
              "loss_profit_ratio_w": 0.0,
              "mdg": 0.0014516508912551013,
              "mdg_per_exposure_long": 0.00016172581230560395,
              "mdg_per_exposure_short": 0.0,
              "mdg_w": 0.0010007683605371017,
              "mdg_w_per_exposure_long": 0.00011149380130760935,
              "mdg_w_per_exposure_short": 0.0,
              "omega_ratio": 4.488454866751482,
              "omega_ratio_w": 2.8786929596645696,
              "pnl_ratio_long_short": 1.0,
              "position_held_hours_max": 164.46666666666667,
              "position_held_hours_mean": 2.170557939914163,
              "position_held_hours_median": 0.15,
              "position_unchanged_hours_max": 64.5,
              "positions_held_per_day": 2.105590810506868,
              "sharpe_ratio": 0.07398850525633596,
              "sharpe_ratio_w": 0.09068020771569019,
              "sortino_ratio": 0.1472045420505991,
              "sortino_ratio_w": 0.11648038977996197,
              "sterling_ratio": 0.029604483050747803,
              "sterling_ratio_w": 0.022121649684159528,
              "volume_pct_per_day_avg": 3.477615015501812,
              "volume_pct_per_day_avg_w": 2.3255055704637946},
 "backtest": {"base_dir": "backtests/pbgui/JUP_adg_sharpe_omega_twe9_trgr_eema200_168",
              "cache_dir": {"bybit": "caches/hlcvs_data/c714160062d672b2"},
              "coins": {"bybit": ["JUP"]},
              "combine_ohlcvs": false,
              "compress_cache": true,
              "end_date": "2025-08-07",
              "exchanges": ["binance", "bybit"],
              "gap_tolerance_ohlcvs_minutes": 120,
              "start_date": "2020-01-01",
              "starting_balance": 1000,
              "use_btc_collateral": false},
 "bot": {"long": {"close_grid_markup_end": 0.024504,
                  "close_grid_markup_start": 0.025842,
                  "close_grid_qty_pct": 0.16336,
                  "close_trailing_grid_ratio": 0.41145,
                  "close_trailing_qty_pct": 0.05301,
                  "close_trailing_retracement_pct": 0.0030405,
                  "close_trailing_threshold_pct": 0.0040689,
                  "ema_span_0": 103.63,
                  "ema_span_1": 84.732,
                  "enforce_exposure_limit": true,
                  "entry_grid_double_down_factor": 1.4884,
                  "entry_grid_spacing_pct": 0.092216,
                  "entry_grid_spacing_weight": 0.28588,
                  "entry_initial_ema_dist": 0.019013,
                  "entry_initial_qty_pct": 0.05259,
                  "entry_trailing_double_down_factor": 6.6549,
                  "entry_trailing_grid_ratio": -0.01885,
                  "entry_trailing_retracement_pct": 0.0039888,
                  "entry_trailing_threshold_pct": 0.02028,
                  "filter_noisiness_rolling_window": 60,
                  "filter_volume_drop_pct": 0,
                  "filter_volume_rolling_window": 60,
                  "n_positions": 1,
                  "total_wallet_exposure_limit": 8.976,
                  "unstuck_close_pct": 0.042274,
                  "unstuck_ema_dist": -0.018066,
                  "unstuck_loss_allowance_pct": 0.2498,
                  "unstuck_threshold": 0.68025},
         "short": {"close_grid_markup_end": 0.001,
                   "close_grid_markup_start": 0.001,
                   "close_grid_qty_pct": 0.1,
                   "close_trailing_grid_ratio": -1,
                   "close_trailing_qty_pct": 0.1,
                   "close_trailing_retracement_pct": 0.003,
                   "close_trailing_threshold_pct": -0.001,
                   "ema_span_0": 200,
                   "ema_span_1": 200,
                   "enforce_exposure_limit": true,
                   "entry_grid_double_down_factor": 0.6,
                   "entry_grid_spacing_pct": 0.01,
                   "entry_grid_spacing_weight": 0.2,
                   "entry_initial_ema_dist": -0.001,
                   "entry_initial_qty_pct": 0.025,
                   "entry_trailing_double_down_factor": 0.1,
                   "entry_trailing_grid_ratio": -1,
                   "entry_trailing_retracement_pct": 0,
                   "entry_trailing_threshold_pct": -0.1,
                   "filter_noisiness_rolling_window": 60,
                   "filter_volume_drop_pct": 0.53,
                   "filter_volume_rolling_window": 60,
                   "n_positions": 0,
                   "total_wallet_exposure_limit": 0,
                   "unstuck_close_pct": 0.005,
                   "unstuck_ema_dist": -0.1,
                   "unstuck_loss_allowance_pct": 0.01,
                   "unstuck_threshold": 0.55}},
 "coin_overrides": {},
 "disable_plotting": false,
 "live": {"approved_coins": {"long": ["JUPUSDT"], "short": []},
          "auto_gs": true,
          "empty_means_all_approved": false,
          "execution_delay_seconds": 2,
          "filter_by_min_effective_cost": true,
          "forced_mode_long": "",
          "forced_mode_short": "",
          "ignored_coins": {"long": [], "short": []},
          "leverage": 10,
          "market_orders_allowed": true,
          "max_n_cancellations_per_batch": 5,
          "max_n_creations_per_batch": 3,
          "max_n_restarts_per_day": 10,
          "mimic_backtest_1m_delay": false,
          "minimum_coin_age_days": 30,
          "ohlcvs_1m_rolling_window_days": 4,
          "ohlcvs_1m_update_after_minutes": 10,
          "pnls_max_lookback_days": 30,
          "price_distance_threshold": 0.002,
          "time_in_force": "good_till_cancelled",
          "user": "bybit_01"},
 "optimize": {"bounds": {"long_close_grid_markup_end": [0.001, 0.03],
                         "long_close_grid_markup_start": [0.001, 0.03],
                         "long_close_grid_qty_pct": [0.05, 0.4],
                         "long_close_trailing_grid_ratio": [-1, 1],
                         "long_close_trailing_qty_pct": [0.05, 0.25],
                         "long_close_trailing_retracement_pct": [0.003, 0.01],
                         "long_close_trailing_threshold_pct": [0.001, 0.005],
                         "long_ema_span_0": [50, 800],
                         "long_ema_span_1": [50, 800],
                         "long_entry_grid_double_down_factor": [0.4, 10],
                         "long_entry_grid_spacing_pct": [0.01, 0.12],
                         "long_entry_grid_spacing_weight": [0.2, 2],