{"analysis": {"adg": 0.0063056801797232165,
              "adg_per_exposure_long": 0.0019204727354946753,
              "adg_per_exposure_short": 0.0,
              "adg_w": 0.0024190025764665446,
              "adg_w_per_exposure_long": 0.000736737094617331,
              "adg_w_per_exposure_short": 0.0,
              "calmar_ratio": 0.014458947885018022,
              "calmar_ratio_w": 0.03344152060706019,
              "drawdown_worst": 0.4361091989450349,
              "drawdown_worst_mean_1pct": 0.2345809901470395,
              "equity_balance_diff_neg_max": 0.4905629963013027,
              "equity_balance_diff_neg_mean": 0.005523728018348586,
              "equity_balance_diff_pos_max": 0.434413242887191,
              "equity_balance_diff_pos_mean": 0.00266754380519661,
              "equity_choppiness": 1.016709076938232,
              "equity_choppiness_w": 1.0212840014858422,
              "equity_jerkiness": 0.008424859461770335,
              "equity_jerkiness_w": 0.0038383327399257373,
              "expected_shortfall_1pct": 0.22843560745617061,
              "exponential_fit_error": 2.5306656103180103,
              "exponential_fit_error_w": 0.26042729326248637,
              "gain": 96569.82050715241,
              "gain_per_exposure_long": 29411.53088480003,
              "gain_per_exposure_short": 0.0,
              "loss_profit_ratio": 0.005428100920776351,
              "loss_profit_ratio_long": 0.005428100920776351,
              "loss_profit_ratio_short": 1.0,
              "loss_profit_ratio_w": 0.0010955268397428342,
              "mdg": 0.0,
              "mdg_per_exposure_long": 0.0,
              "mdg_per_exposure_short": 0.0,
              "mdg_w": 0.0,
              "mdg_w_per_exposure_long": 0.0,
              "mdg_w_per_exposure_short": 0.0,
              "omega_ratio": 103.78006786452835,
              "omega_ratio_w": 3006017.3392911213,
              "pnl_ratio_long_short": 1.0,
              "position_held_hours_max": 30.783333333333335,
              "position_held_hours_mean": 0.22809957247276239,
              "position_held_hours_median": 0.06666666666666667,
              "position_unchanged_hours_max": 18.583333333333332,
              "positions_held_per_day": 2.647316538882804,
              "sharpe_ratio": 0.05231124396258903,
              "sharpe_ratio_w": 0.11378660789795621,
              "sortino_ratio": 0.10371089469792202,
              "sortino_ratio_w": 0.1477744485471329,
              "sterling_ratio": 0.026880610299115478,
              "sterling_ratio_w": 0.04316408220926059,
              "volume_pct_per_day_avg": 2.835489590902798,
              "volume_pct_per_day_avg_w": 1.4737151711476846},
 "backtest": {"base_dir": "backtests/pbgui/DOGE_adg_sharpe_omega_w_max_ema",
              "cache_dir": {"binance": "caches/hlcvs_data/b95c6d2efe729baa"},
              "coins": {"binance": ["DOGE"]},
              "combine_ohlcvs": false,
              "compress_cache": true,
              "end_date": "2025-08-07",
              "exchanges": ["bybit", "binance"],
              "gap_tolerance_ohlcvs_minutes": 120,
              "start_date": "2020-01-01",
              "starting_balance": 1000,
              "use_btc_collateral": false},
 "bot": {"long": {"close_grid_markup_end": 0.0037825,
                  "close_grid_markup_start": 0.0056791,
                  "close_grid_qty_pct": 0.35882,
                  "close_trailing_grid_ratio": 0.46403,
                  "close_trailing_qty_pct": 0.22077,
                  "close_trailing_retracement_pct": 0.0034337,
                  "close_trailing_threshold_pct": 0.0038249,
                  "ema_span_0": 31.036,
                  "ema_span_1": 27.992,
                  "enforce_exposure_limit": true,
                  "entry_grid_double_down_factor": 1.6424,
                  "entry_grid_spacing_pct": 0.032704,
                  "entry_grid_spacing_weight": 0.24197,
                  "entry_initial_ema_dist": 0.017829,
                  "entry_initial_qty_pct": 0.042456,
                  "entry_trailing_double_down_factor": 5.7058,
                  "entry_trailing_grid_ratio": -0.53011,
                  "entry_trailing_retracement_pct": 0.048175,
                  "entry_trailing_threshold_pct": 0.03501,
                  "filter_noisiness_rolling_window": 60,
                  "filter_volume_drop_pct": 0,
                  "filter_volume_rolling_window": 60,
                  "n_positions": 1,
                  "total_wallet_exposure_limit": 3.2834,
                  "unstuck_close_pct": 0.039194,
                  "unstuck_ema_dist": -0.096521,
                  "unstuck_loss_allowance_pct": 0.23553,
                  "unstuck_threshold": 0.85233},
         "short": {"close_grid_markup_end": 0.001,
                   "close_grid_markup_start": 0.001,
                   "close_grid_qty_pct": 0.1,
                   "close_trailing_grid_ratio": -1,
                   "close_trailing_qty_pct": 0.1,
                   "close_trailing_retracement_pct": 0.003,
                   "close_trailing_threshold_pct": -0.001,
                   "ema_span_0": 200,
                   "ema_span_1": 200,
                   "enforce_exposure_limit": true,
                   "entry_grid_double_down_factor": 0.6,
                   "entry_grid_spacing_pct": 0.01,
                   "entry_grid_spacing_weight": 0.2,
                   "entry_initial_ema_dist": -0.001,
                   "entry_initial_qty_pct": 0.025,
                   "entry_trailing_double_down_factor": 0.1,
                   "entry_trailing_grid_ratio": -1,
                   "entry_trailing_retracement_pct": 0,
                   "entry_trailing_threshold_pct": -0.1,
                   "filter_noisiness_rolling_window": 60,
                   "filter_volume_drop_pct": 0.53,
                   "filter_volume_rolling_window": 60,
                   "n_positions": 0,
                   "total_wallet_exposure_limit": 0,
                   "unstuck_close_pct": 0.005,
                   "unstuck_ema_dist": -0.1,
                   "unstuck_loss_allowance_pct": 0.01,
                   "unstuck_threshold": 0.55}},
 "coin_overrides": {},
 "disable_plotting": false,
 "live": {"approved_coins": {"long": ["DOGEUSDT"], "short": []},
          "auto_gs": true,
          "empty_means_all_approved": false,
          "execution_delay_seconds": 2,
          "filter_by_min_effective_cost": true,
          "forced_mode_long": "",
          "forced_mode_short": "",
          "ignored_coins": {"long": [], "short": []},
          "leverage": 10,
          "market_orders_allowed": true,
          "max_n_cancellations_per_batch": 5,
          "max_n_creations_per_batch": 3,
          "max_n_restarts_per_day": 10,
          "mimic_backtest_1m_delay": false,
          "minimum_coin_age_days": 30,
          "ohlcvs_1m_rolling_window_days": 4,
          "ohlcvs_1m_update_after_minutes": 10,
          "pnls_max_lookback_days": 30,
          "price_distance_threshold": 0.002,
          "time_in_force": "good_till_cancelled",
          "user": "bybit_01"},
 "optimize": {"bounds": {"long_close_grid_markup_end": [0.001, 0.03],
                         "long_close_grid_markup_start": [0.001, 0.03],
                         "long_close_grid_qty_pct": [0.05, 0.4],
                         "long_close_trailing_grid_ratio": [-1, 1],
                         "long_close_trailing_qty_pct": [0.05, 0.25],
                         "long_close_trailing_retracement_pct": [0.003, 0.01],
                         "long_close_trailing_threshold_pct": [0.001, 0.005],
                         "long_ema_span_0": [1, 10000],
                         "long_ema_span_1": [1, 10000],
                         "long_entry_grid_double_down_factor": [0, 10],
                         "long_entry_grid_spacing_pct": [0.01, 0.12],
                         "long_entry_grid_spacing_weight": [0.2, 2],