{
    "adg": 0.04752946391563295,
    "adg_per_exposure_long": 0.005281051546181439,
    "adg_per_exposure_short": 0.0,
    "adg_w": 0.02490409555119717,
    "adg_w_per_exposure_long": 0.0027671217279107967,
    "adg_w_per_exposure_short": 0.0,
    "calmar_ratio": 0.12972252804324666,
    "calmar_ratio_w": 0.19288726085120683,
    "drawdown_worst": 0.36639329060706916,
    "drawdown_worst_mean_1pct": 0.36639329060706916,
    "equity_balance_diff_neg_max": 0.44524396200591215,
    "equity_balance_diff_neg_mean": 0.01288217048837243,
    "equity_balance_diff_pos_max": 0.5095171668305809,
    "equity_balance_diff_pos_mean": 0.0038956282940353208,
    "equity_choppiness": 1.3467745854258133,
    "equity_choppiness_w": 1.4076880506668865,
    "equity_jerkiness": 0.07764111539931806,
    "equity_jerkiness_w": 0.04591535569077913,
    "expected_shortfall_1pct": 0.3552026519947186,
    "exponential_fit_error": 0.3249777414004327,
    "exponential_fit_error_w": 0.03656729017359575,
    "gain": 2443.0341355481064,
    "gain_per_exposure_long": 271.4482372831229,
    "gain_per_exposure_short": 0.0,
    "loss_profit_ratio": 0.06544173446073631,
    "loss_profit_ratio_long": 0.06544173446073631,
    "loss_profit_ratio_short": 1.0,
    "loss_profit_ratio_w": 0.07014152420519801,
    "mdg": 0.014028487976781152,
    "mdg_per_exposure_long": 0.0015587208863090168,
    "mdg_per_exposure_short": 0.0,
    "mdg_w": 0.00731429025986075,
    "mdg_w_per_exposure_long": 0.0008126989177623055,
    "mdg_w_per_exposure_short": 0.0,
    "omega_ratio": 13.898736610307159,
    "omega_ratio_w": 8.66107813459426,
    "pnl_ratio_long_short": 1.0,
    "position_held_hours_max": 33.15,
    "position_held_hours_mean": 3.359698275862069,
    "position_held_hours_median": 1.2833333333333334,
    "position_unchanged_hours_max": 27.55,
    "positions_held_per_day": 2.761904761904762,
    "sharpe_ratio": 0.17786800555290583,
    "sharpe_ratio_w": 0.2703681308200443,
    "sortino_ratio": 0.36510105997710884,
    "sortino_ratio_w": 0.4518058738460525,
    "sterling_ratio": 0.12972252804324666,
    "sterling_ratio_w": 0.19288726085120683,
    "volume_pct_per_day_avg": 8.007724501880999,
    "volume_pct_per_day_avg_w": 5.024248423413505
}