{"analysis": {"adg": 0.04752946391563295,
              "adg_per_exposure_long": 0.005281051546181439,
              "adg_per_exposure_short": 0.0,
              "adg_w": 0.02490409555119717,
              "adg_w_per_exposure_long": 0.0027671217279107967,
              "adg_w_per_exposure_short": 0.0,
              "calmar_ratio": 0.12972252804324666,
              "calmar_ratio_w": 0.19288726085120683,
              "drawdown_worst": 0.36639329060706916,
              "drawdown_worst_mean_1pct": 0.36639329060706916,
              "equity_balance_diff_neg_max": 0.44524396200591215,
              "equity_balance_diff_neg_mean": 0.01288217048837243,
              "equity_balance_diff_pos_max": 0.5095171668305809,
              "equity_balance_diff_pos_mean": 0.0038956282940353208,
              "equity_choppiness": 1.3467745854258133,
              "equity_choppiness_w": 1.4076880506668865,
              "equity_jerkiness": 0.07764111539931806,
              "equity_jerkiness_w": 0.04591535569077913,
              "expected_shortfall_1pct": 0.3552026519947186,
              "exponential_fit_error": 0.3249777414004327,
              "exponential_fit_error_w": 0.03656729017359575,
              "gain": 2443.0341355481064,
              "gain_per_exposure_long": 271.4482372831229,
              "gain_per_exposure_short": 0.0,
              "loss_profit_ratio": 0.06544173446073631,
              "loss_profit_ratio_long": 0.06544173446073631,
              "loss_profit_ratio_short": 1.0,
              "loss_profit_ratio_w": 0.07014152420519801,
              "mdg": 0.014028487976781152,
              "mdg_per_exposure_long": 0.0015587208863090168,
              "mdg_per_exposure_short": 0.0,
              "mdg_w": 0.00731429025986075,
              "mdg_w_per_exposure_long": 0.0008126989177623055,
              "mdg_w_per_exposure_short": 0.0,
              "omega_ratio": 13.898736610307159,
              "omega_ratio_w": 8.66107813459426,
              "pnl_ratio_long_short": 1.0,
              "position_held_hours_max": 33.15,
              "position_held_hours_mean": 3.359698275862069,
              "position_held_hours_median": 1.2833333333333334,
              "position_unchanged_hours_max": 27.55,
              "positions_held_per_day": 2.761904761904762,
              "sharpe_ratio": 0.17786800555290583,
              "sharpe_ratio_w": 0.2703681308200443,
              "sortino_ratio": 0.36510105997710884,
              "sortino_ratio_w": 0.4518058738460525,
              "sterling_ratio": 0.12972252804324666,
              "sterling_ratio_w": 0.19288726085120683,
              "volume_pct_per_day_avg": 8.007724501880999,
              "volume_pct_per_day_avg_w": 5.024248423413505},
 "backtest": {"base_dir": "backtests/pbgui/HYPE_adg_sharpe_omega_twe9_trgr_fit02",
              "cache_dir": {"bybit": "caches/hlcvs_data/6d4dcf4311d45290"},
              "coins": {"bybit": ["HYPE"]},
              "combine_ohlcvs": false,
              "compress_cache": true,
              "end_date": "2025-06-21",
              "exchanges": ["binance", "bybit"],
              "gap_tolerance_ohlcvs_minutes": 120,
              "start_date": "2020-01-01",
              "starting_balance": 1000,
              "use_btc_collateral": false},
 "bot": {"long": {"close_grid_markup_end": 0.013285,
                  "close_grid_markup_start": 0.015978,
                  "close_grid_qty_pct": 0.066415,
                  "close_trailing_grid_ratio": -0.0027752,
                  "close_trailing_qty_pct": 0.11575,
                  "close_trailing_retracement_pct": 0.0041255,
                  "close_trailing_threshold_pct": 0.0016389,
                  "ema_span_0": 593.24,
                  "ema_span_1": 722.46,
                  "enforce_exposure_limit": true,
                  "entry_grid_double_down_factor": 4.5812,
                  "entry_grid_spacing_pct": 0.043813,
                  "entry_grid_spacing_weight": 0.29134,
                  "entry_initial_ema_dist": 0.01728,
                  "entry_initial_qty_pct": 0.037283,
                  "entry_trailing_double_down_factor": 4.3253,
                  "entry_trailing_grid_ratio": -0.034866,
                  "entry_trailing_retracement_pct": 0.12383,
                  "entry_trailing_threshold_pct": -0.0091065,
                  "filter_noisiness_rolling_window": 60,
                  "filter_volume_drop_pct": 0,
                  "filter_volume_rolling_window": 60,
                  "n_positions": 1,
                  "total_wallet_exposure_limit": 9,
                  "unstuck_close_pct": 0.0249,
                  "unstuck_ema_dist": -0.078931,
                  "unstuck_loss_allowance_pct": 0.18565,
                  "unstuck_threshold": 0.64909},
         "short": {"close_grid_markup_end": 0.001,
                   "close_grid_markup_start": 0.001,
                   "close_grid_qty_pct": 0.1,
                   "close_trailing_grid_ratio": -1,
                   "close_trailing_qty_pct": 0.1,
                   "close_trailing_retracement_pct": 0.003,
                   "close_trailing_threshold_pct": -0.001,
                   "ema_span_0": 200,
                   "ema_span_1": 200,
                   "enforce_exposure_limit": true,
                   "entry_grid_double_down_factor": 0.6,
                   "entry_grid_spacing_pct": 0.01,
                   "entry_grid_spacing_weight": 0.2,
                   "entry_initial_ema_dist": -0.001,
                   "entry_initial_qty_pct": 0.025,
                   "entry_trailing_double_down_factor": 0.1,
                   "entry_trailing_grid_ratio": -1,
                   "entry_trailing_retracement_pct": 0,
                   "entry_trailing_threshold_pct": -0.1,
                   "filter_noisiness_rolling_window": 60,
                   "filter_volume_drop_pct": 0.53,
                   "filter_volume_rolling_window": 60,
                   "n_positions": 0,
                   "total_wallet_exposure_limit": 0,
                   "unstuck_close_pct": 0.005,
                   "unstuck_ema_dist": -0.1,
                   "unstuck_loss_allowance_pct": 0.01,
                   "unstuck_threshold": 0.55}},
 "disable_plotting": false,
 "live": {"approved_coins": {"long": ["HYPEUSDT"], "short": []},
          "auto_gs": true,
          "coin_flags": {},
          "empty_means_all_approved": false,
          "execution_delay_seconds": 2,
          "filter_by_min_effective_cost": true,
          "forced_mode_long": "",
          "forced_mode_short": "",
          "ignored_coins": {"long": [], "short": []},
          "leverage": 10,
          "market_orders_allowed": true,
          "max_n_cancellations_per_batch": 5,
          "max_n_creations_per_batch": 3,
          "max_n_restarts_per_day": 10,
          "mimic_backtest_1m_delay": false,
          "minimum_coin_age_days": 30,
          "ohlcvs_1m_rolling_window_days": 4,
          "ohlcvs_1m_update_after_minutes": 10,
          "pnls_max_lookback_days": 30,
          "price_distance_threshold": 0.002,
          "time_in_force": "good_till_cancelled",
          "user": "bybit_01"},
 "optimize": {"bounds": {"long_close_grid_markup_end": [0.001, 0.03],
                         "long_close_grid_markup_start": [0.001, 0.03],
                         "long_close_grid_qty_pct": [0.05, 0.4],
                         "long_close_trailing_grid_ratio": [-1, 1],
                         "long_close_trailing_qty_pct": [0.05, 0.25],
                         "long_close_trailing_retracement_pct": [0.003, 0.01],
                         "long_close_trailing_threshold_pct": [0.001, 0.005],
                         "long_ema_span_0": [100, 800],
                         "long_ema_span_1": [100, 800],
                         "long_entry_grid_double_down_factor": [0.4, 10],
                         "long_entry_grid_spacing_pct": [0.01, 0.12],
                         "long_entry_grid_spacing_weight": [0.2, 2],