{"analysis": {"adg": 0.02506632993966007,
              "adg_per_exposure_long": 0.006266582484915018,
              "adg_per_exposure_short": 0.0,
              "adg_w": 0.012925223300358214,
              "adg_w_per_exposure_long": 0.0032313058250895534,
              "adg_w_per_exposure_short": 0.0,
              "calmar_ratio": 0.07888216497337006,
              "calmar_ratio_w": 0.15768915415397994,
              "drawdown_worst": 0.31776929484785627,
              "drawdown_worst_mean_1pct": 0.2958962884647746,
              "equity_balance_diff_neg_max": 0.32710979034290416,
              "equity_balance_diff_neg_mean": 0.011487569769598362,
              "equity_balance_diff_pos_max": 0.5647302706954834,
              "equity_balance_diff_pos_mean": 0.003437640342490549,
              "equity_choppiness": 1.31000453224404,
              "equity_choppiness_w": 1.269420836069674,
              "equity_jerkiness": 0.042592216464239364,
              "equity_jerkiness_w": 0.023289139258533837,
              "expected_shortfall_1pct": 0.26339481300096046,
              "exponential_fit_error": 0.1878846943455893,
              "exponential_fit_error_w": 0.01959976753853561,
              "gain": 328.06556972228543,
              "gain_per_exposure_long": 82.01639243057136,
              "gain_per_exposure_short": 0.0,
              "loss_profit_ratio": 0.045724954969457186,
              "loss_profit_ratio_long": 0.045724954969457186,
              "loss_profit_ratio_short": 1.0,
              "loss_profit_ratio_w": 0.024364242249897007,
              "mdg": 0.009678596897582591,
              "mdg_per_exposure_long": 0.0024196492243956477,
              "mdg_per_exposure_short": 0.0,
              "mdg_w": 0.0072761858051449526,
              "mdg_w_per_exposure_long": 0.0018190464512862381,
              "mdg_w_per_exposure_short": 0.0,
              "omega_ratio": 9.557584440553287,
              "omega_ratio_w": 9.500639033359487,
              "pnl_ratio_long_short": 1.0,
              "position_held_hours_max": 79.6,
              "position_held_hours_mean": 7.102876280535855,
              "position_held_hours_median": 3.183333333333333,
              "position_unchanged_hours_max": 29.716666666666665,
              "positions_held_per_day": 1.8076923076923077,
              "sharpe_ratio": 0.18466224393714317,
              "sharpe_ratio_w": 0.3134785330763646,
              "sortino_ratio": 0.3151574257649784,
              "sortino_ratio_w": 0.4688774774231069,
              "sterling_ratio": 0.08471322864411031,
              "sterling_ratio_w": 0.15827226052105398,
              "volume_pct_per_day_avg": 3.593049952350751,
              "volume_pct_per_day_avg_w": 1.927127390138904},
 "backtest": {"base_dir": "backtests/pbgui/HYPE_adg_w_sharpe_omega_48_dd25_twe2_small_dd",
              "cache_dir": {"bybit": "caches/hlcvs_data/4c2ae6ff48d1e11f"},
              "coins": {"bybit": ["HYPE"]},
              "combine_ohlcvs": false,
              "compress_cache": true,
              "end_date": "2025-08-26",
              "exchanges": ["bybit", "binance"],
              "gap_tolerance_ohlcvs_minutes": 120,
              "start_date": "2020-01-01",
              "starting_balance": 1000,
              "use_btc_collateral": false},
 "bot": {"long": {"close_grid_markup_end": 0.014301,
                  "close_grid_markup_start": 0.026189,
                  "close_grid_qty_pct": 0.086143,
                  "close_trailing_grid_ratio": -0.76934,
                  "close_trailing_qty_pct": 0.196,
                  "close_trailing_retracement_pct": 0.0030001,
                  "close_trailing_threshold_pct": 0.0039437,
                  "ema_span_0": 678.26,
                  "ema_span_1": 665.29,
                  "enforce_exposure_limit": true,
                  "entry_grid_double_down_factor": 0.89693,
                  "entry_grid_spacing_pct": 0.024921,
                  "entry_grid_spacing_weight": 0.91682,
                  "entry_initial_ema_dist": 0.012092,
                  "entry_initial_qty_pct": 0.041093,
                  "entry_trailing_double_down_factor": 0.5809,
                  "entry_trailing_grid_ratio": -0.0077341,
                  "entry_trailing_retracement_pct": 0.13425,
                  "entry_trailing_threshold_pct": 0.018148,
                  "filter_noisiness_rolling_window": 60,
                  "filter_volume_drop_pct": 0,
                  "filter_volume_rolling_window": 60,
                  "n_positions": 1,
                  "total_wallet_exposure_limit": 4,
                  "unstuck_close_pct": 0.038954,
                  "unstuck_ema_dist": -0.028355,
                  "unstuck_loss_allowance_pct": 0.20629,
                  "unstuck_threshold": 0.79372},
         "short": {"close_grid_markup_end": 0.001,
                   "close_grid_markup_start": 0.001,
                   "close_grid_qty_pct": 0.05,
                   "close_trailing_grid_ratio": -1,
                   "close_trailing_qty_pct": 0.05,
                   "close_trailing_retracement_pct": 0,
                   "close_trailing_threshold_pct": -0.1,
                   "ema_span_0": 200,
                   "ema_span_1": 200,
                   "enforce_exposure_limit": true,
                   "entry_grid_double_down_factor": 0.1,
                   "entry_grid_spacing_pct": 0.01,
                   "entry_grid_spacing_weight": 0.2,
                   "entry_initial_ema_dist": -0.1,
                   "entry_initial_qty_pct": 0.025,
                   "entry_trailing_double_down_factor": 0.1,
                   "entry_trailing_grid_ratio": -1,
                   "entry_trailing_retracement_pct": 0,
                   "entry_trailing_threshold_pct": -0.1,
                   "filter_noisiness_rolling_window": 10,
                   "filter_volume_drop_pct": 0,
                   "filter_volume_rolling_window": 10,
                   "n_positions": 0,
                   "total_wallet_exposure_limit": 0,
                   "unstuck_close_pct": 0.005,
                   "unstuck_ema_dist": -0.1,
                   "unstuck_loss_allowance_pct": 0.01,
                   "unstuck_threshold": 0.7}},
 "coin_overrides": {},
 "disable_plotting": false,
 "live": {"approved_coins": {"long": ["HYPE"], "short": []},
          "auto_gs": true,
          "base_config_path": "",
          "empty_means_all_approved": false,
          "execution_delay_seconds": 2,
          "filter_by_min_effective_cost": true,
          "forced_mode_long": "",
          "forced_mode_short": "",
          "ignored_coins": {"long": [], "short": []},
          "leverage": 10,
          "market_orders_allowed": true,
          "max_n_cancellations_per_batch": 5,
          "max_n_creations_per_batch": 3,
          "max_n_restarts_per_day": 10,
          "mimic_backtest_1m_delay": false,
          "minimum_coin_age_days": 30,
          "ohlcvs_1m_rolling_window_days": 4,
          "ohlcvs_1m_update_after_minutes": 10,
          "pnls_max_lookback_days": 30,
          "price_distance_threshold": 0.002,
          "time_in_force": "good_till_cancelled",
          "user": "bybit_01"},
 "optimize": {"bounds": {"long_close_grid_markup_end": [0.001, 0.03],
                         "long_close_grid_markup_start": [0.001, 0.03],
                         "long_close_grid_qty_pct": [0.05, 0.4],
                         "long_close_trailing_grid_ratio": [-1, 1],
                         "long_close_trailing_qty_pct": [0.05, 0.25],
                         "long_close_trailing_retracement_pct": [0.003, 0.01],
                         "long_close_trailing_threshold_pct": [0.001, 0.005],
                         "long_ema_span_0": [1, 800],
                         "long_ema_span_1": [1, 800],
                         "long_entry_grid_double_down_factor": [0, 1.5],
                         "long_entry_grid_spacing_pct": [0.01, 0.12],