{
    "adg": 0.005723949667171491,
    "adg_per_exposure_long": 0.0019079832223904969,
    "adg_per_exposure_short": 0.0,
    "adg_w": 0.0021643184914204696,
    "adg_w_per_exposure_long": 0.0007214394971401566,
    "adg_w_per_exposure_short": 0.0,
    "calmar_ratio": 0.010294729824493231,
    "calmar_ratio_w": 0.00953368481189094,
    "drawdown_worst": 0.55600775977171,
    "drawdown_worst_mean_1pct": 0.22679992907340762,
    "equity_balance_diff_neg_max": 0.6283606019787747,
    "equity_balance_diff_neg_mean": 0.002979014442296388,
    "equity_balance_diff_pos_max": 0.46979289936905233,
    "equity_balance_diff_pos_mean": 0.0014015237087887848,
    "equity_choppiness": 1.4648556724087538,
    "equity_choppiness_w": 2.048919831813999,
    "equity_jerkiness": 0.009400013756019673,
    "equity_jerkiness_w": 0.00611589209641575,
    "expected_shortfall_1pct": 0.2080080302501022,
    "exponential_fit_error": 0.9792806283874314,
    "exponential_fit_error_w": 0.09974589843757938,
    "gain": 13479.31770030705,
    "gain_per_exposure_long": 4493.1059001023505,
    "gain_per_exposure_short": 0.0,
    "loss_profit_ratio": 0.1696002271168801,
    "loss_profit_ratio_long": 0.1696002271168801,
    "loss_profit_ratio_short": 1.0,
    "loss_profit_ratio_w": 0.2848047946926632,
    "mdg": 0.000838982467010505,
    "mdg_per_exposure_long": 0.000279660822336835,
    "mdg_per_exposure_short": 0.0,
    "mdg_w": 0.0004357161634374599,
    "mdg_w_per_exposure_long": 0.00014523872114581996,
    "mdg_w_per_exposure_short": 0.0,
    "omega_ratio": 19.224029413392156,
    "omega_ratio_w": 5.397526243041202,
    "pnl_ratio_long_short": 1.0,
    "position_held_hours_max": 73.28333333333333,
    "position_held_hours_mean": 1.0608677916612994,
    "position_held_hours_median": 0.26666666666666666,
    "position_unchanged_hours_max": 49.766666666666666,
    "positions_held_per_day": 4.659663865546219,
    "sharpe_ratio": 0.0838499496949549,
    "sharpe_ratio_w": 0.06089098595345179,
    "sortino_ratio": 0.12973869669996063,
    "sortino_ratio_w": 0.06759889063804204,
    "sterling_ratio": 0.02523788120462259,
    "sterling_ratio_w": 0.012373124866091803,
    "volume_pct_per_day_avg": 1.626124185217634,
    "volume_pct_per_day_avg_w": 1.164722448409927
}