{"analysis": {"adg": 0.005723949667171491,
              "adg_per_exposure_long": 0.0019079832223904969,
              "adg_per_exposure_short": 0.0,
              "adg_w": 0.0021643184914204696,
              "adg_w_per_exposure_long": 0.0007214394971401566,
              "adg_w_per_exposure_short": 0.0,
              "calmar_ratio": 0.010294729824493231,
              "calmar_ratio_w": 0.00953368481189094,
              "drawdown_worst": 0.55600775977171,
              "drawdown_worst_mean_1pct": 0.22679992907340762,
              "equity_balance_diff_neg_max": 0.6283606019787747,
              "equity_balance_diff_neg_mean": 0.002979014442296388,
              "equity_balance_diff_pos_max": 0.46979289936905233,
              "equity_balance_diff_pos_mean": 0.0014015237087887848,
              "equity_choppiness": 1.4648556724087538,
              "equity_choppiness_w": 2.048919831813999,
              "equity_jerkiness": 0.009400013756019673,
              "equity_jerkiness_w": 0.00611589209641575,
              "expected_shortfall_1pct": 0.2080080302501022,
              "exponential_fit_error": 0.9792806283874314,
              "exponential_fit_error_w": 0.09974589843757938,
              "gain": 13479.31770030705,
              "gain_per_exposure_long": 4493.1059001023505,
              "gain_per_exposure_short": 0.0,
              "loss_profit_ratio": 0.1696002271168801,
              "loss_profit_ratio_long": 0.1696002271168801,
              "loss_profit_ratio_short": 1.0,
              "loss_profit_ratio_w": 0.2848047946926632,
              "mdg": 0.000838982467010505,
              "mdg_per_exposure_long": 0.000279660822336835,
              "mdg_per_exposure_short": 0.0,
              "mdg_w": 0.0004357161634374599,
              "mdg_w_per_exposure_long": 0.00014523872114581996,
              "mdg_w_per_exposure_short": 0.0,
              "omega_ratio": 19.224029413392156,
              "omega_ratio_w": 5.397526243041202,
              "pnl_ratio_long_short": 1.0,
              "position_held_hours_max": 73.28333333333333,
              "position_held_hours_mean": 1.0608677916612994,
              "position_held_hours_median": 0.26666666666666666,
              "position_unchanged_hours_max": 49.766666666666666,
              "positions_held_per_day": 4.659663865546219,
              "sharpe_ratio": 0.0838499496949549,
              "sharpe_ratio_w": 0.06089098595345179,
              "sortino_ratio": 0.12973869669996063,
              "sortino_ratio_w": 0.06759889063804204,
              "sterling_ratio": 0.02523788120462259,
              "sterling_ratio_w": 0.012373124866091803,
              "volume_pct_per_day_avg": 1.626124185217634,
              "volume_pct_per_day_avg_w": 1.164722448409927},
 "backtest": {"base_dir": "backtests/pbgui/sol_sharp-adg_omega_100tr",
              "cache_dir": {"binance": "caches/hlcvs_data/684bc0c2191af55f"},
              "coins": {"binance": ["SOL"]},
              "combine_ohlcvs": false,
              "compress_cache": true,
              "end_date": "2025-05-07",
              "exchanges": ["binance", "bybit"],
              "gap_tolerance_ohlcvs_minutes": 120,
              "start_date": "2020-01-01",
              "starting_balance": 1000,
              "use_btc_collateral": false},
 "bot": {"long": {"close_grid_markup_range": 0,
                  "close_grid_min_markup": 0,
                  "close_grid_qty_pct": 0,
                  "close_trailing_grid_ratio": -1,
                  "close_trailing_qty_pct": 0.33315,
                  "close_trailing_retracement_pct": 0.004559,
                  "close_trailing_threshold_pct": 0.0044117,
                  "ema_span_0": 314.62,
                  "ema_span_1": 160.29,
                  "enforce_exposure_limit": true,
                  "entry_grid_double_down_factor": 0,
                  "entry_grid_spacing_pct": 0,
                  "entry_grid_spacing_weight": 0,
                  "entry_initial_ema_dist": 0.013357,
                  "entry_initial_qty_pct": 0.022902,
                  "entry_trailing_double_down_factor": 2.86,
                  "entry_trailing_grid_ratio": -1,
                  "entry_trailing_retracement_pct": 0.0049459,
                  "entry_trailing_threshold_pct": 0.035517,
                  "filter_noisiness_rolling_window": 60,
                  "filter_volume_drop_pct": 0,
                  "filter_volume_rolling_window": 60,
                  "n_positions": 1,
                  "total_wallet_exposure_limit": 3,
                  "unstuck_close_pct": 0.0050047,
                  "unstuck_ema_dist": -0.089006,
                  "unstuck_loss_allowance_pct": 0.087385,
                  "unstuck_threshold": 0.87162},
         "short": {"close_grid_markup_range": 0.01,
                   "close_grid_min_markup": 0.002,
                   "close_grid_qty_pct": 0.05,
                   "close_trailing_grid_ratio": 0,
                   "close_trailing_qty_pct": 0.05,
                   "close_trailing_retracement_pct": 0,
                   "close_trailing_threshold_pct": 0,
                   "ema_span_0": 200,
                   "ema_span_1": 200,
                   "enforce_exposure_limit": true,
                   "entry_grid_double_down_factor": 0.1,
                   "entry_grid_spacing_pct": 0.01,
                   "entry_grid_spacing_weight": 0.2,
                   "entry_initial_ema_dist": 0,
                   "entry_initial_qty_pct": 0.025,
                   "entry_trailing_double_down_factor": 0.1,
                   "entry_trailing_grid_ratio": 0,
                   "entry_trailing_retracement_pct": 0,
                   "entry_trailing_threshold_pct": 0,
                   "filter_noisiness_rolling_window": 10,
                   "filter_volume_drop_pct": 0,
                   "filter_volume_rolling_window": 10,
                   "n_positions": 0,
                   "total_wallet_exposure_limit": 0,
                   "unstuck_close_pct": 0.005,
                   "unstuck_ema_dist": 0,
                   "unstuck_loss_allowance_pct": 0.01,
                   "unstuck_threshold": 0.7}},
 "disable_plotting": false,
 "live": {"approved_coins": {"long": ["SOLUSDT"], "short": []},
          "auto_gs": true,
          "coin_flags": {},
          "empty_means_all_approved": false,
          "execution_delay_seconds": 2,
          "filter_by_min_effective_cost": true,
          "forced_mode_long": "",
          "forced_mode_short": "",
          "ignored_coins": {"long": [], "short": []},
          "leverage": 10,
          "market_orders_allowed": true,
          "max_n_cancellations_per_batch": 5,
          "max_n_creations_per_batch": 3,
          "max_n_restarts_per_day": 10,
          "minimum_coin_age_days": 30,
          "ohlcvs_1m_rolling_window_days": 4,
          "ohlcvs_1m_update_after_minutes": 10,
          "pnls_max_lookback_days": 30,
          "price_distance_threshold": 0.002,
          "time_in_force": "good_till_cancelled",
          "user": "bybit_01"},
 "optimize": {"bounds": {"long_close_grid_markup_range": [0, 0],
                         "long_close_grid_min_markup": [0, 0],
                         "long_close_grid_qty_pct": [0, 0],
                         "long_close_trailing_grid_ratio": [-1, -1],
                         "long_close_trailing_qty_pct": [0.05, 0.35],
                         "long_close_trailing_retracement_pct": [0.003, 0.01],
                         "long_close_trailing_threshold_pct": [0.001, 0.005],
                         "long_ema_span_0": [100, 800],
                         "long_ema_span_1": [100, 800],
                         "long_entry_grid_double_down_factor": [0, 0],
                         "long_entry_grid_spacing_pct": [0, 0],
                         "long_entry_grid_spacing_weight": [0, 0],
                         "long_entry_initial_ema_dist": [-0.001, 0.02],
                         "long_entry_initial_qty_pct": [0.01, 0.2],