{
    "adg": 0.03304975365187235,
    "adg_per_exposure_long": 0.006620941493253271,
    "adg_per_exposure_short": 0.0,
    "adg_w": 0.014557599406731403,
    "adg_w_per_exposure_long": 0.002916361040673799,
    "adg_w_per_exposure_short": 0.0,
    "calmar_ratio": 0.13249588951522462,
    "calmar_ratio_w": 0.10822502758109964,
    "drawdown_worst": 0.24943984128711194,
    "drawdown_worst_mean_1pct": 0.24831321673480689,
    "equity_balance_diff_neg_max": 0.6173652853147484,
    "equity_balance_diff_neg_mean": 0.01915079281133592,
    "equity_balance_diff_pos_max": 0.5662350776215128,
    "equity_balance_diff_pos_mean": 0.014810694386320858,
    "equity_choppiness": 1.0295069068591796,
    "equity_choppiness_w": 1.004846960817059,
    "equity_jerkiness": 0.04284916280123196,
    "equity_jerkiness_w": 0.02644011830147456,
    "expected_shortfall_1pct": 0.24831321673480689,
    "exponential_fit_error": 1.1071265714370895,
    "exponential_fit_error_w": 0.1135691747123172,
    "gain": 1658.220853926356,
    "gain_per_exposure_long": 332.19561550701286,
    "gain_per_exposure_short": 0.0,
    "loss_profit_ratio": 0.011945514626397546,
    "loss_profit_ratio_long": 0.011945514626397546,
    "loss_profit_ratio_short": 1.0,
    "loss_profit_ratio_w": 0.00745512449081399,
    "mdg": 0.001739145294043625,
    "mdg_per_exposure_long": 0.0003484074151178206,
    "mdg_per_exposure_short": 0.0,
    "mdg_w": 0.0009009359064846357,
    "mdg_w_per_exposure_long": 0.00018048678936727683,
    "mdg_w_per_exposure_short": 0.0,
    "omega_ratio": 33.80738249398861,
    "omega_ratio_w": 1238.6718530771054,
    "pnl_ratio_long_short": 1.0,
    "position_held_hours_max": 3.066666666666667,
    "position_held_hours_mean": 0.12625236934741402,
    "position_held_hours_median": 0.06666666666666667,
    "position_unchanged_hours_max": 2.5833333333333335,
    "positions_held_per_day": 5.399122807017544,
    "sharpe_ratio": 0.1486155567997755,
    "sharpe_ratio_w": 0.16490621699396782,
    "sortino_ratio": 0.4050245967794685,
    "sortino_ratio_w": 0.20527382115165388,
    "sterling_ratio": 0.13309703803309336,
    "sterling_ratio_w": 0.10828514243288652,
    "volume_pct_per_day_avg": 6.836573352596626,
    "volume_pct_per_day_avg_w": 4.5025642022485854
}