{"analysis": {"adg": 0.014909558308828785,
              "adg_per_exposure_long": 0.001656617589869865,
              "adg_per_exposure_short": 0.0,
              "adg_w": 0.009919143296342869,
              "adg_w_per_exposure_long": 0.0011021270329269854,
              "adg_w_per_exposure_short": 0.0,
              "calmar_ratio": 0.022459358450712952,
              "calmar_ratio_w": 0.04059047878333294,
              "drawdown_worst": 0.6638461353002492,
              "drawdown_worst_mean_1pct": 0.540593982806682,
              "equity_balance_diff_neg_max": 0.6718077740852192,
              "equity_balance_diff_neg_mean": 0.026398439153554738,
              "equity_balance_diff_pos_max": 0.32980672679005624,
              "equity_balance_diff_pos_mean": 0.005725177520120706,
              "equity_choppiness": 1.7451641872914743,
              "equity_choppiness_w": 1.6725140841956077,
              "equity_jerkiness": 0.030603561062732362,
              "equity_jerkiness_w": 0.02705234534896701,
              "expected_shortfall_1pct": 0.46405714123054265,
              "exponential_fit_error": 0.2346828790028952,
              "exponential_fit_error_w": 0.034423319065229774,
              "gain": 98638.22559184804,
              "gain_per_exposure_long": 10959.802843538671,
              "gain_per_exposure_short": 0.0,
              "loss_profit_ratio": 0.03734905948771549,
              "loss_profit_ratio_long": 0.03734905948771549,
              "loss_profit_ratio_short": 1.0,
              "loss_profit_ratio_w": 0.02292880570316859,
              "mdg": 0.002992072869393729,
              "mdg_per_exposure_long": 0.0003324525410437477,
              "mdg_per_exposure_short": 0.0,
              "mdg_w": 0.0017922391159245876,
              "mdg_w_per_exposure_long": 0.0001991376795471764,
              "mdg_w_per_exposure_short": 0.0,
              "omega_ratio": 6.7471721113535175,
              "omega_ratio_w": 4.808474613311034,
              "pnl_ratio_long_short": 1.0,
              "position_held_hours_max": 191.08333333333334,
              "position_held_hours_mean": 1.544330262225372,
              "position_held_hours_median": 0.2,
              "position_unchanged_hours_max": 136.26666666666668,
              "positions_held_per_day": 3.631917631917632,
              "sharpe_ratio": 0.08434370671715206,
              "sharpe_ratio_w": 0.12078010517903022,
              "sortino_ratio": 0.1531649957074126,
              "sortino_ratio_w": 0.18815420382432693,
              "sterling_ratio": 0.027579956090929125,
              "sterling_ratio_w": 0.04161668385543914,
              "volume_pct_per_day_avg": 3.317916139891874,
              "volume_pct_per_day_avg_w": 2.491684119150832},
 "backtest": {"base_dir": "backtests/pbgui/PEPE_adg_sharpe_omega_twe9_trgr_forced_55_75",
              "cache_dir": {"binance": "caches/hlcvs_data/44e9a343434d5ab2"},
              "coins": {"binance": ["PEPE"]},
              "combine_ohlcvs": false,
              "compress_cache": true,
              "end_date": "2025-07-04",
              "exchanges": ["binance", "bybit"],
              "gap_tolerance_ohlcvs_minutes": 120,
              "start_date": "2020-01-01",
              "starting_balance": 1000,
              "use_btc_collateral": false},
 "bot": {"long": {"close_grid_markup_end": 0.027958,
                  "close_grid_markup_start": 0.018082,
                  "close_grid_qty_pct": 0.36085,
                  "close_trailing_grid_ratio": 0.030031,
                  "close_trailing_qty_pct": 0.072636,
                  "close_trailing_retracement_pct": 0.0051058,
                  "close_trailing_threshold_pct": 0.0043324,
                  "ema_span_0": 111.08,
                  "ema_span_1": 101.34,
                  "enforce_exposure_limit": true,
                  "entry_grid_double_down_factor": 3.9499,
                  "entry_grid_spacing_pct": 0.057592,
                  "entry_grid_spacing_weight": 0.63242,
                  "entry_initial_ema_dist": 0.017614,
                  "entry_initial_qty_pct": 0.027739,
                  "entry_trailing_double_down_factor": 4.9358,
                  "entry_trailing_grid_ratio": -0.74383,
                  "entry_trailing_retracement_pct": 0.11736,
                  "entry_trailing_threshold_pct": 0.057342,
                  "filter_noisiness_rolling_window": 60,
                  "filter_volume_drop_pct": 0,
                  "filter_volume_rolling_window": 60,
                  "n_positions": 1,
                  "total_wallet_exposure_limit": 9,
                  "unstuck_close_pct": 0.043244,
                  "unstuck_ema_dist": -0.040327,
                  "unstuck_loss_allowance_pct": 0.21219,
                  "unstuck_threshold": 0.8778},
         "short": {"close_grid_markup_end": 0.001,
                   "close_grid_markup_start": 0.001,
                   "close_grid_qty_pct": 0.1,
                   "close_trailing_grid_ratio": -1,
                   "close_trailing_qty_pct": 0.1,
                   "close_trailing_retracement_pct": 0.003,
                   "close_trailing_threshold_pct": -0.001,
                   "ema_span_0": 200,
                   "ema_span_1": 200,
                   "enforce_exposure_limit": true,
                   "entry_grid_double_down_factor": 0.6,
                   "entry_grid_spacing_pct": 0.01,
                   "entry_grid_spacing_weight": 0.2,
                   "entry_initial_ema_dist": -0.001,
                   "entry_initial_qty_pct": 0.025,
                   "entry_trailing_double_down_factor": 0.1,
                   "entry_trailing_grid_ratio": -1,
                   "entry_trailing_retracement_pct": 0,
                   "entry_trailing_threshold_pct": -0.1,
                   "filter_noisiness_rolling_window": 60,
                   "filter_volume_drop_pct": 0.53,
                   "filter_volume_rolling_window": 60,
                   "n_positions": 0,
                   "total_wallet_exposure_limit": 0,
                   "unstuck_close_pct": 0.005,
                   "unstuck_ema_dist": -0.1,
                   "unstuck_loss_allowance_pct": 0.01,
                   "unstuck_threshold": 0.55}},
 "disable_plotting": false,
 "live": {"approved_coins": {"long": ["1000PEPEUSDT"], "short": []},
          "auto_gs": true,
          "coin_flags": {},
          "empty_means_all_approved": false,
          "execution_delay_seconds": 2,
          "filter_by_min_effective_cost": true,
          "forced_mode_long": "",
          "forced_mode_short": "",
          "ignored_coins": {"long": [], "short": []},
          "leverage": 10,
          "market_orders_allowed": true,
          "max_n_cancellations_per_batch": 5,
          "max_n_creations_per_batch": 3,
          "max_n_restarts_per_day": 10,
          "mimic_backtest_1m_delay": false,
          "minimum_coin_age_days": 30,
          "ohlcvs_1m_rolling_window_days": 4,
          "ohlcvs_1m_update_after_minutes": 10,
          "pnls_max_lookback_days": 30,
          "price_distance_threshold": 0.002,
          "time_in_force": "good_till_cancelled",
          "user": "bybit_01"},
 "optimize": {"bounds": {"long_close_grid_markup_end": [0.001, 0.03],
                         "long_close_grid_markup_start": [0.001, 0.03],
                         "long_close_grid_qty_pct": [0.05, 0.4],
                         "long_close_trailing_grid_ratio": [-1, 1],
                         "long_close_trailing_qty_pct": [0.05, 0.25],
                         "long_close_trailing_retracement_pct": [0.003, 0.01],
                         "long_close_trailing_threshold_pct": [0.001, 0.005],
                         "long_ema_span_0": [100, 800],
                         "long_ema_span_1": [100, 800],
                         "long_entry_grid_double_down_factor": [0.4, 10],
                         "long_entry_grid_spacing_pct": [0.01, 0.12],