{"analysis": {"adg": 0.005046023302377911,
              "adg_per_exposure_long": 0.0012615058255944778,
              "adg_per_exposure_short": 0.0,
              "adg_w": 0.004133133559848035,
              "adg_w_per_exposure_long": 0.0010332833899620087,
              "adg_w_per_exposure_short": 0.0,
              "calmar_ratio": 0.01207654775854222,
              "calmar_ratio_w": 0.013486844324858322,
              "drawdown_worst": 0.4178365707872648,
              "drawdown_worst_mean_1pct": 0.3123593921591323,
              "equity_balance_diff_neg_max": 0.45351001685304154,
              "equity_balance_diff_neg_mean": 0.011137320658472857,
              "equity_balance_diff_pos_max": 1.1136926170873334,
              "equity_balance_diff_pos_mean": 0.005907536888049513,
              "equity_choppiness": 1.7150259260575837,
              "equity_choppiness_w": 2.013619386887729,
              "equity_jerkiness": 0.013794934506976183,
              "equity_jerkiness_w": 0.01397915250462059,
              "expected_shortfall_1pct": 0.24077297389192287,
              "exponential_fit_error": 0.20863217593720798,
              "exponential_fit_error_w": 0.03641051831006521,
              "gain": 963.4320803762164,
              "gain_per_exposure_long": 240.8580200940541,
              "gain_per_exposure_short": 0.0,
              "loss_profit_ratio": 0.028443334680709184,
              "loss_profit_ratio_long": 0.028443334680709184,
              "loss_profit_ratio_short": 1.0,
              "loss_profit_ratio_w": 0.022020753265387,
              "mdg": 0.0006349916244662003,
              "mdg_per_exposure_long": 0.00015874790611655008,
              "mdg_per_exposure_short": 0.0,
              "mdg_w": 0.00043111678115366947,
              "mdg_w_per_exposure_long": 0.00010777919528841737,
              "mdg_w_per_exposure_short": 0.0,
              "omega_ratio": 4.78353813835359,
              "omega_ratio_w": 3.6683636169708924,
              "pnl_ratio_long_short": 1.0,
              "position_held_hours_max": 488.1333333333333,
              "position_held_hours_mean": 10.533979933110368,
              "position_held_hours_median": 1.0666666666666667,
              "position_unchanged_hours_max": 256.71666666666664,
              "positions_held_per_day": 1.0953891180560609,
              "sharpe_ratio": 0.05079960195580005,
              "sharpe_ratio_w": 0.050449941283506286,
              "sortino_ratio": 0.11492309918046953,
              "sortino_ratio_w": 0.09117721590042946,
              "sterling_ratio": 0.016154543225027157,
              "sterling_ratio_w": 0.01446440757241138,
              "volume_pct_per_day_avg": 0.6154013975572336,
              "volume_pct_per_day_avg_w": 0.6198742635391843},
 "backtest": {"base_dir": "backtests/pbgui/NEAR_adg_sharpe_omega_new_markup_grtr_TWE9",
              "cache_dir": {"bybit": "caches/hlcvs_data/e4d2149243efcaf5"},
              "coins": {"bybit": ["NEAR"]},
              "combine_ohlcvs": false,
              "compress_cache": true,
              "end_date": "2025-07-07",
              "exchanges": ["bybit", "binance"],
              "gap_tolerance_ohlcvs_minutes": 120,
              "start_date": "2020-01-01",
              "starting_balance": 1000,
              "use_btc_collateral": false},
 "bot": {"long": {"close_grid_markup_end": 0.023618,
                  "close_grid_markup_start": 0.0099346,
                  "close_grid_qty_pct": 0.085853,
                  "close_trailing_grid_ratio": -0.69121,
                  "close_trailing_qty_pct": 0.0559,
                  "close_trailing_retracement_pct": 0.0097086,
                  "close_trailing_threshold_pct": 0.0042919,
                  "ema_span_0": 497.34,
                  "ema_span_1": 700.23,
                  "enforce_exposure_limit": true,
                  "entry_grid_double_down_factor": 5.4631,
                  "entry_grid_spacing_pct": 0.10948,
                  "entry_grid_spacing_weight": 0.75765,
                  "entry_initial_ema_dist": 0.01861,
                  "entry_initial_qty_pct": 0.016039,
                  "entry_trailing_double_down_factor": 8.6996,
                  "entry_trailing_grid_ratio": -0.34254,
                  "entry_trailing_retracement_pct": 0.005163,
                  "entry_trailing_threshold_pct": -0.02138,
                  "filter_noisiness_rolling_window": 60,
                  "filter_volume_drop_pct": 0,
                  "filter_volume_rolling_window": 60,
                  "n_positions": 1,
                  "total_wallet_exposure_limit": 4,
                  "unstuck_close_pct": 0.017793,
                  "unstuck_ema_dist": -0.083231,
                  "unstuck_loss_allowance_pct": 0.21418,
                  "unstuck_threshold": 0.65367},
         "short": {"close_grid_markup_end": 0.001,
                   "close_grid_markup_start": 0.001,
                   "close_grid_qty_pct": 0.05,
                   "close_trailing_grid_ratio": -1,
                   "close_trailing_qty_pct": 0.05,
                   "close_trailing_retracement_pct": 0,
                   "close_trailing_threshold_pct": -0.1,
                   "ema_span_0": 200,
                   "ema_span_1": 200,
                   "enforce_exposure_limit": true,
                   "entry_grid_double_down_factor": 0.1,
                   "entry_grid_spacing_pct": 0.01,
                   "entry_grid_spacing_weight": 0.2,
                   "entry_initial_ema_dist": -0.1,
                   "entry_initial_qty_pct": 0.025,
                   "entry_trailing_double_down_factor": 0.1,
                   "entry_trailing_grid_ratio": -1,
                   "entry_trailing_retracement_pct": 0,
                   "entry_trailing_threshold_pct": -0.1,
                   "filter_noisiness_rolling_window": 10,
                   "filter_volume_drop_pct": 0,
                   "filter_volume_rolling_window": 10,
                   "n_positions": 0,
                   "total_wallet_exposure_limit": 0,
                   "unstuck_close_pct": 0.005,
                   "unstuck_ema_dist": -0.1,
                   "unstuck_loss_allowance_pct": 0.01,
                   "unstuck_threshold": 0.7}},
 "disable_plotting": false,
 "live": {"approved_coins": {"long": ["NEARUSDT"], "short": []},
          "auto_gs": true,
          "coin_flags": {},
          "empty_means_all_approved": false,
          "execution_delay_seconds": 2,
          "filter_by_min_effective_cost": true,
          "forced_mode_long": "",
          "forced_mode_short": "",
          "ignored_coins": {"long": [], "short": []},
          "leverage": 10,
          "market_orders_allowed": true,
          "max_n_cancellations_per_batch": 5,
          "max_n_creations_per_batch": 3,
          "max_n_restarts_per_day": 10,
          "mimic_backtest_1m_delay": false,
          "minimum_coin_age_days": 30,
          "ohlcvs_1m_rolling_window_days": 4,
          "ohlcvs_1m_update_after_minutes": 10,
          "pnls_max_lookback_days": 30,
          "price_distance_threshold": 0.002,
          "time_in_force": "good_till_cancelled",
          "user": "bybit_01"},
 "optimize": {"bounds": {"long_close_grid_markup_end": [0.001, 0.03],
                         "long_close_grid_markup_start": [0.001, 0.03],
                         "long_close_grid_qty_pct": [0.05, 0.4],
                         "long_close_trailing_grid_ratio": [-1, 1],
                         "long_close_trailing_qty_pct": [0.05, 0.25],
                         "long_close_trailing_retracement_pct": [0.003, 0.01],
                         "long_close_trailing_threshold_pct": [0.001, 0.005],
                         "long_ema_span_0": [100, 800],
                         "long_ema_span_1": [100, 800],
                         "long_entry_grid_double_down_factor": [0.4, 10],
                         "long_entry_grid_spacing_pct": [0.01, 0.12],