{
    "adg": 0.077379533984137,
    "adg_per_exposure_long": 0.00309518135936548,
    "adg_per_exposure_short": 0.0,
    "adg_w": 0.05557964774187947,
    "adg_w_per_exposure_long": 0.002223185909675179,
    "adg_w_per_exposure_short": 0.0,
    "calmar_ratio": 0.12704808749885818,
    "calmar_ratio_w": 0.10303918225958435,
    "drawdown_worst": 0.6090570547536375,
    "drawdown_worst_mean_1pct": 0.6090570547536375,
    "equity_balance_diff_neg_max": 0.6455764058745347,
    "equity_balance_diff_neg_mean": 0.05123353230434871,
    "equity_balance_diff_pos_max": 1.914371867906359,
    "equity_balance_diff_pos_mean": 0.01262990047202061,
    "equity_choppiness": 1.5607179325030773,
    "equity_choppiness_w": 1.3117280353612784,
    "equity_jerkiness": 0.1283349622684618,
    "equity_jerkiness_w": 0.08990954109302626,
    "expected_shortfall_1pct": 0.6090570547536375,
    "exponential_fit_error": 0.6425204376755134,
    "exponential_fit_error_w": 0.09244555619876103,
    "gain": 722334.8534510237,
    "gain_per_exposure_long": 28893.39413804095,
    "gain_per_exposure_short": 0.0,
    "loss_profit_ratio": 0.0009323495604287699,
    "loss_profit_ratio_long": 0.0009323495604287699,
    "loss_profit_ratio_short": 1.0,
    "loss_profit_ratio_w": 0.0009062313508184476,
    "mdg": 0.0386288109177982,
    "mdg_per_exposure_long": 0.0015451524367119278,
    "mdg_per_exposure_short": 0.0,
    "mdg_w": 0.029409136501757298,
    "mdg_w_per_exposure_long": 0.001176365460070292,
    "mdg_w_per_exposure_short": 0.0,
    "omega_ratio": 11.155663258718713,
    "omega_ratio_w": 11.9582518676462,
    "pnl_ratio_long_short": 1.0,
    "position_held_hours_max": 65.03333333333333,
    "position_held_hours_mean": 1.6638349514563107,
    "position_held_hours_median": 0.13333333333333333,
    "position_unchanged_hours_max": 65.03333333333333,
    "positions_held_per_day": 4.552486187845304,
    "sharpe_ratio": 0.14320804658055084,
    "sharpe_ratio_w": 0.1331294184165424,
    "sortino_ratio": 0.35725635837593495,
    "sortino_ratio_w": 0.27259499202003246,
    "sterling_ratio": 0.12704808749885818,
    "sterling_ratio_w": 0.10303918225958435,
    "volume_pct_per_day_avg": 25.158742440486154,
    "volume_pct_per_day_avg_w": 17.441613905542006
}