{
    "adg": 0.0037682507527290188,
    "adg_per_exposure_long": 0.0009065922657834761,
    "adg_per_exposure_short": 0.0,
    "adg_w": 0.0029248848652861257,
    "adg_w_per_exposure_long": 0.0007036893697308133,
    "adg_w_per_exposure_short": 0.0,
    "calmar_ratio": 0.009921561203943573,
    "calmar_ratio_w": 0.016501939999621407,
    "drawdown_worst": 0.3798042137996622,
    "drawdown_worst_mean_1pct": 0.20736190448387146,
    "equity_balance_diff_neg_max": 0.48816534783803045,
    "equity_balance_diff_neg_mean": 0.0034439979746597594,
    "equity_balance_diff_pos_max": 0.21708405662194802,
    "equity_balance_diff_pos_mean": 0.0008442374393940658,
    "equity_choppiness": 1.3201461140288344,
    "equity_choppiness_w": 1.351395625922937,
    "equity_jerkiness": 0.006858088526756257,
    "equity_jerkiness_w": 0.00623643272547641,
    "expected_shortfall_1pct": 0.20420566683307637,
    "exponential_fit_error": 0.04132272267506499,
    "exponential_fit_error_w": 0.008658635794938157,
    "gain": 263.4996358952425,
    "gain_per_exposure_long": 63.39459542770178,
    "gain_per_exposure_short": 0.0,
    "loss_profit_ratio": 0.005895257518928609,
    "loss_profit_ratio_long": 0.005895257518928609,
    "loss_profit_ratio_short": 1.0,
    "loss_profit_ratio_w": 0.00916055834714596,
    "mdg": 0.0003554330656671516,
    "mdg_per_exposure_long": 8.551258647110588e-05,
    "mdg_per_exposure_short": 0.0,
    "mdg_w": 0.00022203752521807722,
    "mdg_w_per_exposure_long": 5.3419349264544015e-05,
    "mdg_w_per_exposure_short": 0.0,
    "omega_ratio": 21.191559994047726,
    "omega_ratio_w": 12.562716346347132,
    "pnl_ratio_long_short": 1.0,
    "position_held_hours_max": 53.31666666666667,
    "position_held_hours_mean": 0.5264140033641715,
    "position_held_hours_median": 0.2,
    "position_unchanged_hours_max": 20.983333333333334,
    "positions_held_per_day": 6.420291023494495,
    "sharpe_ratio": 0.05835981510429278,
    "sharpe_ratio_w": 0.07673658907387756,
    "sortino_ratio": 0.09093430597657864,
    "sortino_ratio_w": 0.09657516094817106,
    "sterling_ratio": 0.018172338656458047,
    "sterling_ratio_w": 0.018815535945482537,
    "volume_pct_per_day_avg": 1.154102109698629,
    "volume_pct_per_day_avg_w": 1.057666411132081
}