{
    "adg": 0.04932562525997697,
    "adg_per_exposure_long": 0.0049325625259976965,
    "adg_per_exposure_short": 0.0,
    "adg_w": 0.025032263194372618,
    "adg_w_per_exposure_long": 0.0025032263194372617,
    "adg_w_per_exposure_short": 0.0,
    "calmar_ratio": 0.11427153944017295,
    "calmar_ratio_w": 0.11062662470620162,
    "drawdown_worst": 0.43165275887266297,
    "drawdown_worst_mean_1pct": 0.43165275887266297,
    "equity_balance_diff_neg_max": 0.4958831626949063,
    "equity_balance_diff_neg_mean": 0.047731480703324,
    "equity_balance_diff_pos_max": 0.5564338995673724,
    "equity_balance_diff_pos_mean": 0.015183550682135342,
    "equity_choppiness": 1.5533076955847473,
    "equity_choppiness_w": 1.5278567321615002,
    "equity_jerkiness": 0.1229197905595979,
    "equity_jerkiness_w": 0.07069578002287889,
    "expected_shortfall_1pct": 0.43165275887266297,
    "exponential_fit_error": 0.44722692435792794,
    "exponential_fit_error_w": 0.05300350496788283,
    "gain": 1660.2860915029817,
    "gain_per_exposure_long": 166.02860915029817,
    "gain_per_exposure_short": 0.0,
    "loss_profit_ratio": 0.04200885491213834,
    "loss_profit_ratio_long": 0.04200885491213834,
    "loss_profit_ratio_short": 1.0,
    "loss_profit_ratio_w": 0.03832321809270573,
    "mdg": 0.012818585279342527,
    "mdg_per_exposure_long": 0.0012818585279342526,
    "mdg_per_exposure_short": 0.0,
    "mdg_w": 0.008569862604786522,
    "mdg_w_per_exposure_long": 0.0008569862604786522,
    "mdg_w_per_exposure_short": 0.0,
    "omega_ratio": 6.1066984885761295,
    "omega_ratio_w": 5.832477938631415,
    "pnl_ratio_long_short": 1.0,
    "position_held_hours_max": 129.31666666666666,
    "position_held_hours_mean": 1.4901278620279512,
    "position_held_hours_median": 0.2,
    "position_unchanged_hours_max": 74.23333333333333,
    "positions_held_per_day": 7.279220779220779,
    "sharpe_ratio": 0.15897572377770575,
    "sharpe_ratio_w": 0.15641423345927769,
    "sortino_ratio": 0.39350017486877625,
    "sortino_ratio_w": 0.35719779371647126,
    "sterling_ratio": 0.11427153944017295,
    "sterling_ratio_w": 0.11062662470620162,
    "volume_pct_per_day_avg": 10.938298274918221,
    "volume_pct_per_day_avg_w": 6.154797842115353
}