{"analysis": {"adg": 0.07372147111992566,
              "adg_per_exposure_long": 0.003686073555996283,
              "adg_per_exposure_short": 0.0,
              "adg_w": 0.04147005634784784,
              "adg_w_per_exposure_long": 0.002073502817392392,
              "adg_w_per_exposure_short": 0.0,
              "calmar_ratio": 0.11300543347567525,
              "calmar_ratio_w": 0.10404161145983053,
              "drawdown_worst": 0.6523710307769797,
              "drawdown_worst_mean_1pct": 0.6523710307769797,
              "equity_balance_diff_neg_max": 0.709152906634404,
              "equity_balance_diff_neg_mean": 0.027812309758213034,
              "equity_balance_diff_pos_max": 1.190684354858427,
              "equity_balance_diff_pos_mean": 0.014142453553532365,
              "equity_choppiness": 1.1615052415526907,
              "equity_choppiness_w": 1.1069609048098996,
              "equity_jerkiness": 0.11962928439607982,
              "equity_jerkiness_w": 0.07520429947055252,
              "expected_shortfall_1pct": 0.5939021448614012,
              "exponential_fit_error": 1.1365686027911832,
              "exponential_fit_error_w": 0.12954030552147078,
              "gain": 154808.62083028117,
              "gain_per_exposure_long": 7740.431041514059,
              "gain_per_exposure_short": 0.0,
              "loss_profit_ratio": 0.05363336268052221,
              "loss_profit_ratio_long": 0.05363336268052221,
              "loss_profit_ratio_short": 1.0,
              "loss_profit_ratio_w": 0.06217899106033309,
              "mdg": 0.025807595303773488,
              "mdg_per_exposure_long": 0.0012903797651886745,
              "mdg_per_exposure_short": 0.0,
              "mdg_w": 0.01849930802663783,
              "mdg_w_per_exposure_long": 0.0009249654013318915,
              "mdg_w_per_exposure_short": 0.0,
              "omega_ratio": 15.37603278435382,
              "omega_ratio_w": 20.819181838644642,
              "pnl_ratio_long_short": 1.0,
              "position_held_hours_max": 73.23333333333333,
              "position_held_hours_mean": 3.5665618448637315,
              "position_held_hours_median": 0.8666666666666667,
              "position_unchanged_hours_max": 67.95,
              "positions_held_per_day": 2.8392857142857144,
              "sharpe_ratio": 0.12841087442081975,
              "sharpe_ratio_w": 0.13084358192299433,
              "sortino_ratio": 0.32998621899625424,
              "sortino_ratio_w": 0.21927599365916145,
              "sterling_ratio": 0.11300543347567525,
              "sterling_ratio_w": 0.10404161145983053,
              "volume_pct_per_day_avg": 11.853707532244847,
              "volume_pct_per_day_avg_w": 7.524912628413034},
 "backtest": {"base_dir": "backtests/pbgui/HYPE_adg_sharpe_omega_twe9_50tr_close",
              "cache_dir": {"bybit": "caches/hlcvs_data/6d4dcf4311d45290"},
              "coins": {"bybit": ["HYPE"]},
              "combine_ohlcvs": false,
              "compress_cache": true,
              "end_date": "2025-06-21",
              "exchanges": ["binance", "bybit"],
              "gap_tolerance_ohlcvs_minutes": 120,
              "start_date": "2020-01-01",
              "starting_balance": 1000,
              "use_btc_collateral": false},
 "bot": {"long": {"close_grid_markup_end": 0.028691,
                  "close_grid_markup_start": 0.011281,
                  "close_grid_qty_pct": 0.36476,
                  "close_trailing_grid_ratio": -0.75042,
                  "close_trailing_qty_pct": 0.059034,
                  "close_trailing_retracement_pct": 0.00525,
                  "close_trailing_threshold_pct": 0.0046809,
                  "ema_span_0": 700.83,
                  "ema_span_1": 760.73,
                  "enforce_exposure_limit": true,
                  "entry_grid_double_down_factor": 6.3661,
                  "entry_grid_spacing_pct": 0.11605,
                  "entry_grid_spacing_weight": 1.4239,
                  "entry_initial_ema_dist": 0.015582,
                  "entry_initial_qty_pct": 0.036917,
                  "entry_trailing_double_down_factor": 6.7838,
                  "entry_trailing_grid_ratio": -1,
                  "entry_trailing_retracement_pct": 2.8702e-05,
                  "entry_trailing_threshold_pct": 0.06387,
                  "filter_noisiness_rolling_window": 60,
                  "filter_volume_drop_pct": 0,
                  "filter_volume_rolling_window": 60,
                  "n_positions": 1,
                  "total_wallet_exposure_limit": 20,
                  "unstuck_close_pct": 0.020302,
                  "unstuck_ema_dist": -0.07434,
                  "unstuck_loss_allowance_pct": 0.16299,
                  "unstuck_threshold": 0.83805},
         "short": {"close_grid_markup_end": 0.001,
                   "close_grid_markup_start": 0.001,
                   "close_grid_qty_pct": 0.1,
                   "close_trailing_grid_ratio": -1,
                   "close_trailing_qty_pct": 0.1,
                   "close_trailing_retracement_pct": 0.003,
                   "close_trailing_threshold_pct": -0.001,
                   "ema_span_0": 200,
                   "ema_span_1": 200,
                   "enforce_exposure_limit": true,
                   "entry_grid_double_down_factor": 0.6,
                   "entry_grid_spacing_pct": 0.01,
                   "entry_grid_spacing_weight": 0.2,
                   "entry_initial_ema_dist": -0.001,
                   "entry_initial_qty_pct": 0.025,
                   "entry_trailing_double_down_factor": 0.1,
                   "entry_trailing_grid_ratio": -1,
                   "entry_trailing_retracement_pct": 0,
                   "entry_trailing_threshold_pct": -0.1,
                   "filter_noisiness_rolling_window": 60,
                   "filter_volume_drop_pct": 0.53,
                   "filter_volume_rolling_window": 60,
                   "n_positions": 0,
                   "total_wallet_exposure_limit": 0,
                   "unstuck_close_pct": 0.005,
                   "unstuck_ema_dist": -0.1,
                   "unstuck_loss_allowance_pct": 0.01,
                   "unstuck_threshold": 0.55}},
 "disable_plotting": false,
 "live": {"approved_coins": {"long": ["HYPEUSDT"], "short": []},
          "auto_gs": true,
          "coin_flags": {},
          "empty_means_all_approved": false,
          "execution_delay_seconds": 2,
          "filter_by_min_effective_cost": true,
          "forced_mode_long": "",
          "forced_mode_short": "",
          "ignored_coins": {"long": [], "short": []},
          "leverage": 10,
          "market_orders_allowed": true,
          "max_n_cancellations_per_batch": 5,
          "max_n_creations_per_batch": 3,
          "max_n_restarts_per_day": 10,
          "mimic_backtest_1m_delay": false,
          "minimum_coin_age_days": 30,
          "ohlcvs_1m_rolling_window_days": 4,
          "ohlcvs_1m_update_after_minutes": 10,
          "pnls_max_lookback_days": 30,
          "price_distance_threshold": 0.002,
          "time_in_force": "good_till_cancelled",
          "user": "bybit_01"},
 "optimize": {"bounds": {"long_close_grid_markup_end": [0.001, 0.03],
                         "long_close_grid_markup_start": [0.001, 0.03],
                         "long_close_grid_qty_pct": [0.05, 0.4],
                         "long_close_trailing_grid_ratio": [-1, -0.5],
                         "long_close_trailing_qty_pct": [0.05, 0.25],
                         "long_close_trailing_retracement_pct": [0.003, 0.01],
                         "long_close_trailing_threshold_pct": [0.001, 0.005],
                         "long_ema_span_0": [100, 800],
                         "long_ema_span_1": [100, 800],
                         "long_entry_grid_double_down_factor": [0.4, 10],
                         "long_entry_grid_spacing_pct": [0.01, 0.12],
                         "long_entry_grid_spacing_weight": [0.2, 2],