{
    "adg_btc": 0.0036796666790666066,
    "adg_per_exposure_long_btc": 0.001847912413894037,
    "adg_per_exposure_long_usd": 0.0018693377470092852,
    "adg_per_exposure_short_btc": 0.0,
    "adg_per_exposure_short_usd": 0.0,
    "adg_pnl": 0.0039384177695491965,
    "adg_pnl_w": 0.0024693509216601292,
    "adg_strategy_eq": 0.0037223300021544947,
    "adg_strategy_eq_w": 0.0022431183207954676,
    "adg_usd": 0.0037223300021544947,
    "adg_w_btc": 0.0033328368802730602,
    "adg_w_per_exposure_long_btc": 0.0016737360151606766,
    "adg_w_per_exposure_long_usd": 0.0011264841498856797,
    "adg_w_per_exposure_short_btc": 0.0,
    "adg_w_per_exposure_short_usd": 0.0,
    "adg_w_usd": 0.002243118320795423,
    "backtest_completion_ratio": 1.0,
    "calmar_ratio_btc": 0.004335940312677859,
    "calmar_ratio_strategy_eq": 0.004503217061113626,
    "calmar_ratio_strategy_eq_w": 0.0051032717121496955,
    "calmar_ratio_usd": 0.004503217061113649,
    "calmar_ratio_w_btc": 0.007167743694625618,
    "calmar_ratio_w_usd": 0.005103271712149527,
    "drawdown_worst_btc": 0.8486432961975113,
    "drawdown_worst_ema_strategy_eq": 0.0,
    "drawdown_worst_ema_strategy_eq_long": 0.0,
    "drawdown_worst_ema_strategy_eq_short": 0.0,
    "drawdown_worst_mean_1pct_btc": 0.43743549698054845,
    "drawdown_worst_mean_1pct_ema_strategy_eq": 0.0,
    "drawdown_worst_mean_1pct_ema_strategy_eq_long": 0.0,
    "drawdown_worst_mean_1pct_ema_strategy_eq_short": 0.0,
    "drawdown_worst_mean_1pct_strategy_eq": 0.32032223065782217,
    "drawdown_worst_mean_1pct_strategy_eq_long": 0.0,
    "drawdown_worst_mean_1pct_strategy_eq_short": 0.0,
    "drawdown_worst_mean_1pct_usd": 0.32032223065782206,
    "drawdown_worst_strategy_eq": 0.8265935111806444,
    "drawdown_worst_strategy_eq_long": 0.0,
    "drawdown_worst_strategy_eq_short": 0.0,
    "drawdown_worst_usd": 0.8265935111806402,
    "entry_initial_balance_pct_long": 0.05175935798611462,
    "entry_initial_balance_pct_short": 0.0,
    "entry_interval_hours_max": 15739.933333333332,
    "entry_interval_hours_mean": 318.08105751099936,
    "entry_interval_hours_median": 48.575,
    "entry_interval_hours_p95": 1488.4941666666612,
    "entry_interval_hours_p99": 4596.99549999999,
    "equity_balance_diff_neg_max_btc": 0.7943433405568934,
    "equity_balance_diff_neg_max_usd": 0.8213131236568324,
    "equity_balance_diff_neg_mean_btc": 0.08907621009259628,
    "equity_balance_diff_neg_mean_usd": 0.04169764631772569,
    "equity_balance_diff_pos_max_btc": 1.6879922430576357,
    "equity_balance_diff_pos_max_usd": 0.9758477168173155,
    "equity_balance_diff_pos_mean_btc": 0.21096179677815588,
    "equity_balance_diff_pos_mean_usd": 0.12981901095098494,
    "equity_choppiness_btc": 6.264019124800965,
    "equity_choppiness_usd": 2.265092647033706,
    "equity_choppiness_w_btc": 5.135710410059987,
    "equity_choppiness_w_usd": 2.4241453900628716,
    "equity_jerkiness_btc": 0.03107037235012717,
    "equity_jerkiness_usd": 0.008425786744327065,
    "equity_jerkiness_w_btc": 0.026019120523636342,
    "equity_jerkiness_w_usd": 0.006843568388048641,
    "expected_shortfall_1pct_btc": 0.21614524862370832,
    "expected_shortfall_1pct_strategy_eq": 0.2552426507799547,
    "expected_shortfall_1pct_usd": 0.2552426507799546,
    "exponential_fit_error_btc": 0.24532407245783547,
    "exponential_fit_error_usd": 0.06465602928376979,
    "exponential_fit_error_w_btc": 0.051739252763181885,
    "exponential_fit_error_w_usd": 0.016132002427124852,
    "exposure_mean_ratio_btc": 0.06656725556929761,
    "exposure_mean_ratio_usd": 0.06733905926216562,
    "exposure_mean_ratio_w_btc": 0.05627357603689252,
    "exposure_mean_ratio_w_usd": 0.03857140366600075,
    "exposure_ratio_btc": 0.001825251029523728,
    "exposure_ratio_usd": 0.0018464136187419514,
    "exposure_ratio_w_btc": 0.0018071068019654972,
    "exposure_ratio_w_usd": 0.0011727849908593716,
    "gain_btc": 1097.2613666421898,
    "gain_per_exposure_long_btc": 551.0398298409941,
    "gain_per_exposure_long_usd": 597.5413850363569,
    "gain_per_exposure_short_btc": 0.0,
    "gain_per_exposure_short_usd": 0.0,
    "gain_strategy_eq": 1189.8578673695072,
    "gain_usd": 1189.8578673695044,
    "hard_stop_duration_minutes_max": 0.0,
    "hard_stop_duration_minutes_mean": 0.0,
    "hard_stop_flatten_time_minutes_mean": 0.0,
    "hard_stop_halt_to_restart_equity_loss_pct": 0.0,
    "hard_stop_panic_close_loss_max": 0.0,
    "hard_stop_panic_close_loss_sum": 0.0,
    "hard_stop_post_restart_retrigger_pct": 0.0,
    "hard_stop_restarts": 0,
    "hard_stop_restarts_long": 0,
    "hard_stop_restarts_per_year": 0.0,
    "hard_stop_restarts_per_year_long": 0.0,
    "hard_stop_restarts_per_year_short": 0.0,
    "hard_stop_restarts_short": 0,
    "hard_stop_time_in_orange_pct": 0.0,
    "hard_stop_time_in_red_pct": 0.0,
    "hard_stop_time_in_yellow_pct": 0.0,
    "hard_stop_trigger_drawdown_mean": 0.0,
    "hard_stop_triggers": 0,
    "hard_stop_triggers_long": 0,
    "hard_stop_triggers_per_year": 0.0,
    "hard_stop_triggers_short": 0,
    "high_exposure_days_max_long": 6.684027777777778,
    "high_exposure_days_max_short": 0.0,
    "high_exposure_days_mean_long": 0.07690421517319947,
    "high_exposure_days_mean_short": 0.0,
    "high_exposure_hours_max_long": 160.41666666666666,
    "high_exposure_hours_max_short": 0.0,
    "high_exposure_hours_mean_long": 1.8457011641567873,
    "high_exposure_hours_mean_short": 0.0,
    "liquidated": false,
    "long_short_profit_ratio": 1.0,
    "loss_profit_ratio": 0.4910770672838768,
    "loss_profit_ratio_long": 0.4910770672838768,
    "loss_profit_ratio_short": 1.0,
    "loss_profit_ratio_w": 0.5061733363515424,
    "mdg_btc": 0.0004664803693432051,
    "mdg_per_exposure_long_btc": 0.00023426438874236426,
    "mdg_per_exposure_long_usd": 0.0010062447451271498,
    "mdg_per_exposure_short_btc": 0.0,
    "mdg_per_exposure_short_usd": 0.0,
    "mdg_pnl": 0.0022877206695193497,
    "mdg_pnl_w": 0.0016184851466466772,
    "mdg_strategy_eq": 0.0020036908848008695,
    "mdg_strategy_eq_w": 0.0011913905784372764,
    "mdg_usd": 0.0020036908848010803,
    "mdg_w_btc": 0.00041588857779981537,
    "mdg_w_per_exposure_long_btc": 0.00020885741365790256,
    "mdg_w_per_exposure_long_usd": 0.0005983111057899312,
    "mdg_w_per_exposure_short_btc": 0.0,
    "mdg_w_per_exposure_short_usd": 0.0,
    "mdg_w_usd": 0.0011913905784373116,
    "omega_ratio_btc": 1.512646751491719,
    "omega_ratio_strategy_eq": 3.574084450579515,
    "omega_ratio_strategy_eq_w": 2.8395110881828103,
    "omega_ratio_usd": 3.574084450579526,
    "omega_ratio_w_btc": 1.5833792168984286,
    "omega_ratio_w_usd": 2.839511088182788,
    "paper_loss_mean_ratio_btc": 0.04130919664455334,
    "paper_loss_mean_ratio_usd": 0.08926954710563915,
    "paper_loss_mean_ratio_w_btc": 0.1762638187323648,
    "paper_loss_mean_ratio_w_usd": 1.7639942060771632,
    "paper_loss_ratio_btc": 0.004632337795501487,
    "paper_loss_ratio_usd": 0.004532169150763246,
    "paper_loss_ratio_w_btc": 0.018152180725790307,
    "paper_loss_ratio_w_usd": 0.03941531738107807,
    "peak_recovery_days_equity_btc": 251.51180555555558,
    "peak_recovery_days_equity_usd": 116.92152777777778,
    "peak_recovery_days_pnl": 111.46249999999999,
    "peak_recovery_days_strategy_eq": 116.92152777777778,
    "peak_recovery_days_strategy_eq_long": 0.0,
    "peak_recovery_days_strategy_eq_short": 0.0,
    "peak_recovery_hours_equity_btc": 6036.283333333334,
    "peak_recovery_hours_equity_usd": 2806.116666666667,
    "peak_recovery_hours_pnl": 2675.1,
    "peak_recovery_hours_strategy_eq": 2806.116666666667,
    "peak_recovery_hours_strategy_eq_long": 0.0,
    "peak_recovery_hours_strategy_eq_short": 0.0,
    "pnl_ratio_long_short": 1.0,
    "position_held_days_max": 74.55208333333333,
    "position_held_days_mean": 1.022463482079688,
    "position_held_days_median": 0.2826388888888889,
    "position_held_hours_max": 1789.25,