{"analysis": {"adg": 0.0034817989751179113,
              "adg_per_exposure_long": 0.0006963597950235823,
              "adg_per_exposure_short": 0.0,
              "adg_w": 0.0022061618078529355,
              "adg_w_per_exposure_long": 0.0004412323615705871,
              "adg_w_per_exposure_short": 0.0,
              "calmar_ratio": 0.009281571182179047,
              "calmar_ratio_w": 0.00845987865226381,
              "drawdown_worst": 0.3751303423501283,
              "drawdown_worst_mean_1pct": 0.2554439633485079,
              "equity_balance_diff_neg_max": 0.41347684665292506,
              "equity_balance_diff_neg_mean": 0.005753151319681811,
              "equity_balance_diff_pos_max": 0.29899244333332436,
              "equity_balance_diff_pos_mean": 0.0020506477212903014,
              "equity_choppiness": 1.300265150018885,
              "equity_choppiness_w": 1.6122687595567542,
              "equity_jerkiness": 0.006674529229653503,
              "equity_jerkiness_w": 0.004964507672398783,
              "expected_shortfall_1pct": 0.18984725803747335,
              "exponential_fit_error": 0.034720145729524886,
              "exponential_fit_error_w": 0.010689753583384594,
              "gain": 208.2531433601582,
              "gain_per_exposure_long": 41.65062867203164,
              "gain_per_exposure_short": 0.0,
              "loss_profit_ratio": 0.04554307150598179,
              "loss_profit_ratio_long": 0.04554307150598179,
              "loss_profit_ratio_short": 1.0,
              "loss_profit_ratio_w": 0.0720000728244697,
              "mdg": 0.0007813342921902499,
              "mdg_per_exposure_long": 0.00015626685843804998,
              "mdg_per_exposure_short": 0.0,
              "mdg_w": 0.0004190510342437677,
              "mdg_w_per_exposure_long": 8.381020684875354e-05,
              "mdg_w_per_exposure_short": 0.0,
              "omega_ratio": 9.137172532382198,
              "omega_ratio_w": 7.509672014070584,
              "pnl_ratio_long_short": 1.0,
              "position_held_hours_max": 178.35,
              "position_held_hours_mean": 0.7144393547102171,
              "position_held_hours_median": 0.05,
              "position_unchanged_hours_max": 42.2,
              "positions_held_per_day": 9.809496761028873,
              "sharpe_ratio": 0.06136427261205487,
              "sharpe_ratio_w": 0.05906283282926868,
              "sortino_ratio": 0.08401059773983942,
              "sortino_ratio_w": 0.06614350327858068,
              "sterling_ratio": 0.01363038268540962,
              "sterling_ratio_w": 0.01233695039451203,
              "volume_pct_per_day_avg": 1.4801966824081307,
              "volume_pct_per_day_avg_w": 1.118448771643428},
 "backtest": {"base_dir": "backtests/pbgui/4coin_adg_w_sharpe_gain_dd25_TWE3_fix",
              "cache_dir": {"bybit": "caches/hlcvs_data/5c1b621864442a3e"},
              "coins": {"bybit": ["DOGE", "ICP", "SOL", "VET"]},
              "combine_ohlcvs": false,
              "compress_cache": true,
              "end_date": "2025-08-16",
              "exchanges": ["bybit", "binance"],
              "gap_tolerance_ohlcvs_minutes": 120,
              "start_date": "2020-01-01",
              "starting_balance": 1000,
              "use_btc_collateral": false},
 "bot": {"long": {"close_grid_markup_end": 0.0094886,
                  "close_grid_markup_start": 0.0036912,
                  "close_grid_qty_pct": 0.3171,
                  "close_trailing_grid_ratio": -0.32118,
                  "close_trailing_qty_pct": 0.078871,
                  "close_trailing_retracement_pct": 0.0050889,
                  "close_trailing_threshold_pct": 0.0029,
                  "ema_span_0": 86,
                  "ema_span_1": 81.485,
                  "enforce_exposure_limit": true,
                  "entry_grid_double_down_factor": 0.41133,
                  "entry_grid_spacing_pct": 0.029474,
                  "entry_grid_spacing_weight": 0.85769,
                  "entry_initial_ema_dist": 0.016975,
                  "entry_initial_qty_pct": 0.028776,
                  "entry_trailing_double_down_factor": 5.9194,
                  "entry_trailing_grid_ratio": -0.45108,
                  "entry_trailing_retracement_pct": 0.0095243,
                  "entry_trailing_threshold_pct": -0.089992,
                  "filter_noisiness_rolling_window": 60,
                  "filter_volume_drop_pct": 0,
                  "filter_volume_rolling_window": 60,
                  "n_positions": 4,
                  "total_wallet_exposure_limit": 5,
                  "unstuck_close_pct": 0.01686,
                  "unstuck_ema_dist": 0.0064501,
                  "unstuck_loss_allowance_pct": 0.24646,
                  "unstuck_threshold": 0.63307},
         "short": {"close_grid_markup_end": 0.001,
                   "close_grid_markup_start": 0.001,
                   "close_grid_qty_pct": 0.1,
                   "close_trailing_grid_ratio": -1,
                   "close_trailing_qty_pct": 0.1,
                   "close_trailing_retracement_pct": 0.003,
                   "close_trailing_threshold_pct": -0.001,
                   "ema_span_0": 200,
                   "ema_span_1": 200,
                   "enforce_exposure_limit": true,
                   "entry_grid_double_down_factor": 0.6,
                   "entry_grid_spacing_pct": 0.01,
                   "entry_grid_spacing_weight": 0.2,
                   "entry_initial_ema_dist": -0.001,
                   "entry_initial_qty_pct": 0.025,
                   "entry_trailing_double_down_factor": 0.1,
                   "entry_trailing_grid_ratio": -1,
                   "entry_trailing_retracement_pct": 0,
                   "entry_trailing_threshold_pct": -0.1,
                   "filter_noisiness_rolling_window": 60,
                   "filter_volume_drop_pct": 0.53,
                   "filter_volume_rolling_window": 60,
                   "n_positions": 0,
                   "total_wallet_exposure_limit": 0,
                   "unstuck_close_pct": 0.005,
                   "unstuck_ema_dist": -0.1,
                   "unstuck_loss_allowance_pct": 0.01,
                   "unstuck_threshold": 0.55}},
 "coin_overrides": {},
 "disable_plotting": false,
 "live": {"approved_coins": {"long": ["DOGE", "SOL", "ICP", "VET"],
                             "short": []},
          "auto_gs": true,
          "base_config_path": "",
          "empty_means_all_approved": false,
          "execution_delay_seconds": 2,
          "filter_by_min_effective_cost": true,
          "forced_mode_long": "",
          "forced_mode_short": "",
          "ignored_coins": {"long": [], "short": []},
          "leverage": 10,
          "market_orders_allowed": true,
          "max_n_cancellations_per_batch": 5,
          "max_n_creations_per_batch": 3,
          "max_n_restarts_per_day": 10,
          "mimic_backtest_1m_delay": false,
          "minimum_coin_age_days": 30,
          "ohlcvs_1m_rolling_window_days": 4,
          "ohlcvs_1m_update_after_minutes": 10,
          "pnls_max_lookback_days": 30,
          "price_distance_threshold": 0.002,
          "time_in_force": "good_till_cancelled",
          "user": "bybit_01"},
 "optimize": {"bounds": {"long_close_grid_markup_end": [0.001, 0.03],
                         "long_close_grid_markup_start": [0.001, 0.03],
                         "long_close_grid_qty_pct": [0.05, 0.4],
                         "long_close_trailing_grid_ratio": [-1, 1],
                         "long_close_trailing_qty_pct": [0.05, 0.25],
                         "long_close_trailing_retracement_pct": [0.003, 0.01],
                         "long_close_trailing_threshold_pct": [0.001, 0.005],
                         "long_ema_span_0": [1, 800],
                         "long_ema_span_1": [1, 800],
                         "long_entry_grid_double_down_factor": [0.4, 10],
                         "long_entry_grid_spacing_pct": [0.01, 0.12],