{
    "adg": 0.012020628826800994,
    "adg_per_exposure_long": 0.0037445108799454845,
    "adg_per_exposure_short": 0.0,
    "adg_w": 0.003306058419758351,
    "adg_w_per_exposure_long": 0.0010298605755897923,
    "adg_w_per_exposure_short": 0.0,
    "calmar_ratio": 0.02558437214636356,
    "calmar_ratio_w": 0.010210645303233689,
    "drawdown_worst": 0.4698426351068204,
    "drawdown_worst_mean_1pct": 0.2817124707818705,
    "equity_balance_diff_neg_max": 0.5353928564659429,
    "equity_balance_diff_neg_mean": 0.006483716298692458,
    "equity_balance_diff_pos_max": 0.2698815595489517,
    "equity_balance_diff_pos_mean": 0.003438940101809013,
    "equity_choppiness": 1.0607662907045323,
    "equity_choppiness_w": 2.8969944078538994,
    "equity_jerkiness": 0.017779991121226916,
    "equity_jerkiness_w": 0.009541648292687256,
    "expected_shortfall_1pct": 0.27932936029526145,
    "exponential_fit_error": 0.2721865724821235,
    "exponential_fit_error_w": 0.037215977611878164,
    "gain": 626.7117317503028,
    "gain_per_exposure_long": 195.22513605080766,
    "gain_per_exposure_short": 0.0,
    "loss_profit_ratio": 0.10098095420835605,
    "loss_profit_ratio_long": 0.10098095420835605,
    "loss_profit_ratio_short": 1.0,
    "loss_profit_ratio_w": 0.25727395222053406,
    "mdg": 0.0006314987289038382,
    "mdg_per_exposure_long": 0.00019671631951399856,
    "mdg_per_exposure_short": 0.0,
    "mdg_w": 0.0003875535984128678,
    "mdg_w_per_exposure_long": 0.00012072568637868912,
    "mdg_w_per_exposure_short": 0.0,
    "omega_ratio": 54.679283580356106,
    "omega_ratio_w": 9.392676841068992,
    "pnl_ratio_long_short": 1.0,
    "position_held_hours_max": 53.516666666666666,
    "position_held_hours_mean": 0.42722046413502107,
    "position_held_hours_median": 0.13333333333333333,
    "position_unchanged_hours_max": 27.95,
    "positions_held_per_day": 11.725417439703154,
    "sharpe_ratio": 0.12279274119409792,
    "sharpe_ratio_w": 0.0584537214918258,
    "sortino_ratio": 0.21797959055336236,
    "sortino_ratio_w": 0.06983943097257614,
    "sterling_ratio": 0.0426698498417152,
    "sterling_ratio_w": 0.012658753617844512,
    "volume_pct_per_day_avg": 2.4641986513102063,
    "volume_pct_per_day_avg_w": 1.5679187125785774
}