{"analysis": {"adg": 0.00955349909075287,
              "adg_per_exposure_long": 0.002449615151475095,
              "adg_per_exposure_short": 0.0,
              "adg_w": 0.004184022804012044,
              "adg_w_per_exposure_long": 0.0010728263600030884,
              "adg_w_per_exposure_short": 0.0,
              "calmar_ratio": 0.015128269404403257,
              "calmar_ratio_w": 0.010578028126490264,
              "drawdown_worst": 0.6314997991754572,
              "drawdown_worst_mean_1pct": 0.3453527458409281,
              "equity_balance_diff_neg_max": 0.7278872642829463,
              "equity_balance_diff_neg_mean": 0.0392365637255331,
              "equity_balance_diff_pos_max": 0.8134074814766694,
              "equity_balance_diff_pos_mean": 0.0073229667262778705,
              "equity_choppiness": 1.1592956175781735,
              "equity_choppiness_w": 1.419923254638958,
              "equity_jerkiness": 0.013078552835473245,
              "equity_jerkiness_w": 0.00888534827524287,
              "expected_shortfall_1pct": 0.3288381530893378,
              "exponential_fit_error": 5.330604532799702,
              "exponential_fit_error_w": 0.5471468720242065,
              "gain": 18170918.180327397,
              "gain_per_exposure_long": 4659209.789827538,
              "gain_per_exposure_short": 0.0,
              "loss_profit_ratio": 0.04297154580276164,
              "loss_profit_ratio_long": 0.04297154580276164,
              "loss_profit_ratio_short": 1.0,
              "loss_profit_ratio_w": 0.049766136468493094,
              "mdg": 0.0,
              "mdg_per_exposure_long": 0.0,
              "mdg_per_exposure_short": 0.0,
              "mdg_w": 0.0,
              "mdg_w_per_exposure_long": 0.0,
              "mdg_w_per_exposure_short": 0.0,
              "omega_ratio": 53.375826572814866,
              "omega_ratio_w": 14.500143889167395,
              "pnl_ratio_long_short": 1.0,
              "position_held_hours_max": 40.06666666666667,
              "position_held_hours_mean": 0.362952628968254,
              "position_held_hours_median": 0.1,
              "position_unchanged_hours_max": 30.866666666666667,
              "positions_held_per_day": 1.52901023890785,
              "sharpe_ratio": 0.06780881308928047,
              "sharpe_ratio_w": 0.06490640481252592,
              "sortino_ratio": 0.0942469096848646,
              "sortino_ratio_w": 0.05478793221982754,
              "sterling_ratio": 0.027663017612586983,
              "sterling_ratio_w": 0.014124933028523074,
              "volume_pct_per_day_avg": 5.755463656200005,
              "volume_pct_per_day_avg_w": 3.8942859099808893},
 "backtest": {"base_dir": "backtests/pbgui/DOGE_adg_omega_sharpe_twe10",
              "cache_dir": {"binance": "caches/hlcvs_data/79e3d0f36302a435"},
              "coins": {"binance": ["DOGE"]},
              "combine_ohlcvs": false,
              "compress_cache": true,
              "end_date": "2025-05-31",
              "exchanges": ["bybit", "binance"],
              "gap_tolerance_ohlcvs_minutes": 120,
              "start_date": "2020-01-01",
              "starting_balance": 1000,
              "use_btc_collateral": false},
 "bot": {"long": {"close_grid_markup_end": 0.012839,
                  "close_grid_markup_start": 0.014436599999999999,
                  "close_grid_qty_pct": 0.13093,
                  "close_trailing_grid_ratio": -1,
                  "close_trailing_qty_pct": 0.15405,
                  "close_trailing_retracement_pct": 0.0049784,
                  "close_trailing_threshold_pct": 0.0047278,
                  "ema_span_0": 116.42,
                  "ema_span_1": 107.38,
                  "enforce_exposure_limit": true,
                  "entry_grid_double_down_factor": 4.0097,
                  "entry_grid_spacing_pct": 0.027304,
                  "entry_grid_spacing_weight": 0.67455,
                  "entry_initial_ema_dist": 0.029378,
                  "entry_initial_qty_pct": 0.070686,
                  "entry_trailing_double_down_factor": 4.2909,
                  "entry_trailing_grid_ratio": -0.51016,
                  "entry_trailing_retracement_pct": 0.11691,
                  "entry_trailing_threshold_pct": 0.092462,
                  "filter_noisiness_rolling_window": 60,
                  "filter_volume_drop_pct": 0,
                  "filter_volume_rolling_window": 60,
                  "n_positions": 1,
                  "total_wallet_exposure_limit": 3.9,
                  "unstuck_close_pct": 0.048003,
                  "unstuck_ema_dist": -0.040342,
                  "unstuck_loss_allowance_pct": 0.15727,
                  "unstuck_threshold": 0.74567},
         "short": {"close_grid_markup_end": 0.013899,
                   "close_grid_markup_start": 0.042165,
                   "close_grid_qty_pct": 0.1,
                   "close_trailing_grid_ratio": -1,
                   "close_trailing_qty_pct": 0.1,
                   "close_trailing_retracement_pct": 0.003,
                   "close_trailing_threshold_pct": -0.001,
                   "ema_span_0": 200,
                   "ema_span_1": 200,
                   "enforce_exposure_limit": true,
                   "entry_grid_double_down_factor": 0.6,
                   "entry_grid_spacing_pct": 0.01,
                   "entry_grid_spacing_weight": 0.2,
                   "entry_initial_ema_dist": -0.001,
                   "entry_initial_qty_pct": 0.025,
                   "entry_trailing_double_down_factor": 0.1,
                   "entry_trailing_grid_ratio": -1,
                   "entry_trailing_retracement_pct": 0,
                   "entry_trailing_threshold_pct": -0.1,
                   "filter_noisiness_rolling_window": 60,
                   "filter_volume_drop_pct": 0.53,
                   "filter_volume_rolling_window": 60,
                   "n_positions": 0,
                   "total_wallet_exposure_limit": 0,
                   "unstuck_close_pct": 0.005,
                   "unstuck_ema_dist": -0.1,
                   "unstuck_loss_allowance_pct": 0.01,
                   "unstuck_threshold": 0.55}},
 "disable_plotting": false,
 "live": {"approved_coins": {"long": ["DOGEUSDT"], "short": []},
          "auto_gs": true,
          "coin_flags": {},
          "empty_means_all_approved": false,
          "execution_delay_seconds": 2,
          "filter_by_min_effective_cost": true,
          "forced_mode_long": "",
          "forced_mode_short": "",
          "ignored_coins": {"long": [], "short": []},
          "leverage": 10,
          "market_orders_allowed": true,
          "max_n_cancellations_per_batch": 5,
          "max_n_creations_per_batch": 3,
          "max_n_restarts_per_day": 10,
          "mimic_backtest_1m_delay": false,
          "minimum_coin_age_days": 30,
          "ohlcvs_1m_rolling_window_days": 4,
          "ohlcvs_1m_update_after_minutes": 10,
          "pnls_max_lookback_days": 30,
          "price_distance_threshold": 0.002,
          "time_in_force": "good_till_cancelled",
          "user": "bybit_01"},
 "optimize": {"bounds": {"long_close_grid_markup_end": [0.001, 0.03],
                         "long_close_grid_markup_start": [0.001, 0.03],
                         "long_close_grid_qty_pct": [0, 0.4],
                         "long_close_trailing_grid_ratio": [-1, -1],
                         "long_close_trailing_qty_pct": [0.1, 0.25],
                         "long_close_trailing_retracement_pct": [0.003, 0.01],
                         "long_close_trailing_threshold_pct": [0.001, 0.005],
                         "long_ema_span_0": [100, 800],
                         "long_ema_span_1": [100, 800],
                         "long_entry_grid_double_down_factor": [0.5, 10],
                         "long_entry_grid_spacing_pct": [0.01, 0.12],
                         "long_entry_grid_spacing_weight": [0.2, 2],
                         "long_entry_initial_ema_dist": [-0.001, 0.05],