{
    "adg": 0.008152393718138473,
    "adg_per_exposure_long": 0.0035339172561179386,
    "adg_per_exposure_short": 0.0,
    "adg_w": 0.006186116230637584,
    "adg_w_per_exposure_long": 0.0026815710393331238,
    "adg_w_per_exposure_short": 0.0,
    "calmar_ratio": 0.020403992971256432,
    "calmar_ratio_w": 0.028636607334524177,
    "drawdown_worst": 0.39954893778011663,
    "drawdown_worst_mean_1pct": 0.3073061912579204,
    "equity_balance_diff_neg_max": 0.4715802602879364,
    "equity_balance_diff_neg_mean": 0.021245298234828278,
    "equity_balance_diff_pos_max": 0.1564613009548855,
    "equity_balance_diff_pos_mean": 0.007567939289768928,
    "equity_choppiness": 1.6177940500633032,
    "equity_choppiness_w": 1.8231542281247304,
    "equity_jerkiness": 0.01947845975999633,
    "equity_jerkiness_w": 0.0197762180066612,
    "expected_shortfall_1pct": 0.25354749463919174,
    "exponential_fit_error": 0.03700963242688269,
    "exponential_fit_error_w": 0.00962286962394345,
    "gain": 741.8482945409346,
    "gain_per_exposure_long": 321.578002748682,
    "gain_per_exposure_short": 0.0,
    "loss_profit_ratio": 0.03898922137574702,
    "loss_profit_ratio_long": 0.03898922137574702,
    "loss_profit_ratio_short": 1.0,
    "loss_profit_ratio_w": 0.032394329732736725,
    "mdg": 0.0008123624138348998,
    "mdg_per_exposure_long": 0.0003521446156464952,
    "mdg_per_exposure_short": 0.0,
    "mdg_w": 0.00021404626433300898,
    "mdg_w_per_exposure_long": 9.278523747583725e-05,
    "mdg_w_per_exposure_short": 0.0,
    "omega_ratio": 5.273596999151223,
    "omega_ratio_w": 3.6557235485569883,
    "pnl_ratio_long_short": 1.0,
    "position_held_hours_max": 192.35,
    "position_held_hours_mean": 2.137314906219151,
    "position_held_hours_median": 0.275,
    "position_unchanged_hours_max": 72.18333333333334,
    "positions_held_per_day": 2.488943488943489,
    "sharpe_ratio": 0.12325241068350651,
    "sharpe_ratio_w": 0.11629550221081544,
    "sortino_ratio": 0.14919473244413972,
    "sortino_ratio_w": 0.14458496846481644,
    "sterling_ratio": 0.02652856971337819,
    "sterling_ratio_w": 0.030831518006341013,
    "volume_pct_per_day_avg": 1.433599360222825,
    "volume_pct_per_day_avg_w": 1.1422001111659732
}