{
    "adg_btc": 0.0026889154283264993,
    "adg_per_exposure_long_btc": 0.00014527610504762545,
    "adg_per_exposure_long_usd": 0.00018341335979437854,
    "adg_per_exposure_short_btc": 0.0,
    "adg_per_exposure_short_usd": 0.0,
    "adg_pnl": 0.015003423226740696,
    "adg_pnl_w": 0.010927969483813891,
    "adg_strategy_eq": 0.0033947978764341524,
    "adg_strategy_eq_w": 0.001244273762570014,
    "adg_usd": 0.0033947978764341524,
    "adg_w_btc": 0.0022655743163627175,
    "adg_w_per_exposure_long_btc": 0.00012240392870294006,
    "adg_w_per_exposure_long_usd": 6.722533700199979e-05,
    "adg_w_per_exposure_short_btc": 0.0,
    "adg_w_per_exposure_short_usd": 0.0,
    "adg_w_usd": 0.001244273762570014,
    "backtest_completion_ratio": 1.0,
    "calmar_ratio_btc": 0.0031574870910607983,
    "calmar_ratio_strategy_eq": 0.004843525672648105,
    "calmar_ratio_strategy_eq_w": 0.0032496871440085414,
    "calmar_ratio_usd": 0.004843525672648102,
    "calmar_ratio_w_btc": 0.008085104994532388,
    "calmar_ratio_w_usd": 0.0032496871440085362,
    "drawdown_worst_btc": 0.8515998168097415,
    "drawdown_worst_ema_strategy_eq": 0.0,
    "drawdown_worst_ema_strategy_eq_long": 0.0,
    "drawdown_worst_ema_strategy_eq_short": 0.0,
    "drawdown_worst_mean_1pct_btc": 0.6415839598693671,
    "drawdown_worst_mean_1pct_ema_strategy_eq": 0.0,
    "drawdown_worst_mean_1pct_ema_strategy_eq_long": 0.0,
    "drawdown_worst_mean_1pct_ema_strategy_eq_short": 0.0,
    "drawdown_worst_mean_1pct_strategy_eq": 0.4030448970087086,
    "drawdown_worst_mean_1pct_strategy_eq_long": 0.0,
    "drawdown_worst_mean_1pct_strategy_eq_short": 0.0,
    "drawdown_worst_mean_1pct_usd": 0.4030448970087089,
    "drawdown_worst_strategy_eq": 0.700893957392428,
    "drawdown_worst_strategy_eq_long": 0.0,
    "drawdown_worst_strategy_eq_short": 0.0,
    "drawdown_worst_usd": 0.7008939573924285,
    "entry_initial_balance_pct_long": 0.46514967900000004,
    "entry_initial_balance_pct_short": 0.0,
    "entry_interval_hours_max": 1992.3,
    "entry_interval_hours_mean": 74.51638330757342,
    "entry_interval_hours_median": 12.333333333333334,
    "entry_interval_hours_p95": 341.9149999999999,
    "entry_interval_hours_p99": 725.7196666666647,
    "equity_balance_diff_neg_max_btc": 0.6936209263426731,
    "equity_balance_diff_neg_max_usd": 0.6800431705552498,
    "equity_balance_diff_neg_mean_btc": 0.1220448913454574,
    "equity_balance_diff_neg_mean_usd": 0.05098557604949169,
    "equity_balance_diff_pos_max_btc": 3.281184019992596,
    "equity_balance_diff_pos_max_usd": 1.66518359819645,
    "equity_balance_diff_pos_mean_btc": 0.3035021185446414,
    "equity_balance_diff_pos_mean_usd": 0.12299835981365298,
    "equity_choppiness_btc": 8.461547131434163,
    "equity_choppiness_usd": 2.079932226977374,
    "equity_choppiness_w_btc": 4.8990857677491295,
    "equity_choppiness_w_usd": 1.74780266474245,
    "equity_jerkiness_btc": 0.026167716455679293,
    "equity_jerkiness_usd": 0.010625481515905668,
    "equity_jerkiness_w_btc": 0.012562725437958309,
    "equity_jerkiness_w_usd": 0.0037450813703844934,
    "expected_shortfall_1pct_btc": 0.28731597166227496,
    "expected_shortfall_1pct_strategy_eq": 0.2510150374963537,
    "expected_shortfall_1pct_usd": 0.2510150374963539,
    "exponential_fit_error_btc": 1.2716435602928147,
    "exponential_fit_error_usd": 0.680803421760352,
    "exponential_fit_error_w_btc": 0.15644521789550167,
    "exponential_fit_error_w_usd": 0.07180449684494762,
    "exposure_mean_ratio_btc": 0.01889903062059071,
    "exposure_mean_ratio_usd": 0.023860322396742555,
    "exposure_mean_ratio_w_btc": 0.04882686895972038,
    "exposure_mean_ratio_w_usd": 0.023250467013747736,
    "exposure_ratio_btc": 0.00014496089463054038,
    "exposure_ratio_usd": 0.00018301540170195305,
    "exposure_ratio_w_btc": 0.0001617082606394617,
    "exposure_ratio_w_usd": 8.501049234348315e-05,
    "gain_btc": 229.92339644402284,
    "gain_per_exposure_long_btc": 12.422248443677283,
    "gain_per_exposure_long_usd": 51.6539273421893,
    "gain_per_exposure_short_btc": 0.0,
    "gain_per_exposure_short_usd": 0.0,
    "gain_strategy_eq": 956.0625411765827,
    "gain_usd": 956.0625411765817,
    "hard_stop_duration_minutes_max": 0.0,
    "hard_stop_duration_minutes_mean": 0.0,
    "hard_stop_flatten_time_minutes_mean": 0.0,
    "hard_stop_halt_to_restart_equity_loss_pct": 0.0,
    "hard_stop_panic_close_loss_max": 0.0,
    "hard_stop_panic_close_loss_sum": 0.0,
    "hard_stop_post_restart_retrigger_pct": 0.0,
    "hard_stop_restarts": 0,
    "hard_stop_restarts_long": 0,
    "hard_stop_restarts_per_year": 0.0,
    "hard_stop_restarts_per_year_long": 0.0,
    "hard_stop_restarts_per_year_short": 0.0,
    "hard_stop_restarts_short": 0,
    "hard_stop_time_in_orange_pct": 0.0,
    "hard_stop_time_in_red_pct": 0.0,
    "hard_stop_time_in_yellow_pct": 0.0,
    "hard_stop_trigger_drawdown_mean": 0.0,
    "hard_stop_triggers": 0,
    "hard_stop_triggers_long": 0,
    "hard_stop_triggers_per_year": 0.0,
    "hard_stop_triggers_short": 0,
    "high_exposure_days_max_long": 23.693749999999998,
    "high_exposure_days_max_short": 0.0,
    "high_exposure_days_mean_long": 0.29984912686183873,
    "high_exposure_days_mean_short": 0.0,
    "high_exposure_hours_max_long": 568.65,
    "high_exposure_hours_max_short": 0.0,
    "high_exposure_hours_mean_long": 7.19637904468413,
    "high_exposure_hours_mean_short": 0.0,
    "liquidated": false,
    "long_short_profit_ratio": 1.0,
    "loss_profit_ratio": 0.006118780881432176,
    "loss_profit_ratio_long": 0.006118780881432176,
    "loss_profit_ratio_short": 1.0,
    "loss_profit_ratio_w": 0.015010163284599804,
    "mdg_btc": 0.0,
    "mdg_per_exposure_long_btc": 0.0,
    "mdg_per_exposure_long_usd": 0.0,
    "mdg_per_exposure_short_btc": 0.0,
    "mdg_per_exposure_short_usd": 0.0,
    "mdg_pnl": 0.0037229875538391196,
    "mdg_pnl_w": 0.0037206212656812716,
    "mdg_strategy_eq": 0.0,
    "mdg_strategy_eq_w": 0.0,
    "mdg_usd": 0.0,
    "mdg_w_btc": 0.0,
    "mdg_w_per_exposure_long_btc": 0.0,
    "mdg_w_per_exposure_long_usd": 0.0,
    "mdg_w_per_exposure_short_btc": 0.0,
    "mdg_w_per_exposure_short_usd": 0.0,
    "mdg_w_usd": 0.0,
    "omega_ratio_btc": 1.7628898367795456,
    "omega_ratio_strategy_eq": 4.38976341652883,
    "omega_ratio_strategy_eq_w": 3.864107808437847,
    "omega_ratio_usd": 4.389763416528829,
    "omega_ratio_w_btc": 2.687853155971066,
    "omega_ratio_w_usd": 3.8641078084378426,
    "paper_loss_mean_ratio_btc": 0.022032183393201756,
    "paper_loss_mean_ratio_usd": 0.066583495558407,
    "paper_loss_mean_ratio_w_btc": 0.18774175350348318,
    "paper_loss_mean_ratio_w_usd": 0.056482446267647556,
    "paper_loss_ratio_btc": 0.0038766353871481675,
    "paper_loss_ratio_usd": 0.004992032893532814,
    "paper_loss_ratio_w_btc": 0.08724928118793258,
    "paper_loss_ratio_w_usd": 0.004331926440473531,
    "peak_recovery_days_equity_btc": 1290.1743055555555,
    "peak_recovery_days_equity_usd": 103.19305555555555,
    "peak_recovery_days_pnl": 83.00625000000001,
    "peak_recovery_days_strategy_eq": 136.11805555555554,
    "peak_recovery_days_strategy_eq_long": 0.0,
    "peak_recovery_days_strategy_eq_short": 0.0,
    "peak_recovery_hours_equity_btc": 30964.183333333334,
    "peak_recovery_hours_equity_usd": 2476.633333333333,
    "peak_recovery_hours_pnl": 1992.15,
    "peak_recovery_hours_strategy_eq": 3266.833333333333,
    "peak_recovery_hours_strategy_eq_long": 0.0,
    "peak_recovery_hours_strategy_eq_short": 0.0,
    "pnl_ratio_long_short": 1.0,
    "position_held_days_max": 23.693749999999998,
    "position_held_days_mean": 0.29984912686183873,
    "position_held_days_median": 0.009027777777777779,
    "position_held_hours_max": 568.65,
    "position_held_hours_mean": 7.19637904468413,
    "position_held_hours_median": 0.21666666666666667,
    "position_unchanged_days_max": 23.693749999999998,
    "position_unchanged_hours_max": 568.65,