{"analysis": {"adg": 0.05790762059477439,
              "adg_per_exposure_long": 0.005790762059477439,
              "adg_per_exposure_short": 0.0,
              "adg_w": 0.013123869718394788,
              "adg_w_per_exposure_long": 0.0013123869718394787,
              "adg_w_per_exposure_short": 0.0,
              "calmar_ratio": 0.08553262011314783,
              "calmar_ratio_w": 0.03203120828476057,
              "drawdown_worst": 0.677023812881806,
              "drawdown_worst_mean_1pct": 0.677023812881806,
              "equity_balance_diff_neg_max": 0.7416003502503493,
              "equity_balance_diff_neg_mean": 0.10101840139941534,
              "equity_balance_diff_pos_max": 0.9407977039274065,
              "equity_balance_diff_pos_mean": 0.01986418633630667,
              "equity_choppiness": 1.6655656674250972,
              "equity_choppiness_w": 2.51056703113827,
              "equity_jerkiness": 0.15741695130973676,
              "equity_jerkiness_w": 0.05126632056505923,
              "expected_shortfall_1pct": 0.5946704833538329,
              "exponential_fit_error": 1.3928655964299785,
              "exponential_fit_error_w": 0.14707486103921646,
              "gain": 7712.435498067497,
              "gain_per_exposure_long": 771.2435498067497,
              "gain_per_exposure_short": 0.0,
              "loss_profit_ratio": 0.12752585935154284,
              "loss_profit_ratio_long": 0.12752585935154284,
              "loss_profit_ratio_short": 1.0,
              "loss_profit_ratio_w": 0.12492907573525003,
              "mdg": 0.01224358637457408,
              "mdg_per_exposure_long": 0.001224358637457408,
              "mdg_per_exposure_short": 0.0,
              "mdg_w": 0.002950680769391438,
              "mdg_w_per_exposure_long": 0.0002950680769391438,
              "mdg_w_per_exposure_short": 0.0,
              "omega_ratio": 5.341922997040496,
              "omega_ratio_w": 3.333578047879102,
              "pnl_ratio_long_short": 1.0,
              "position_held_hours_max": 60.81666666666667,
              "position_held_hours_mean": 1.2147291419533413,
              "position_held_hours_median": 0.16666666666666666,
              "position_unchanged_hours_max": 18.116666666666667,
              "positions_held_per_day": 5.30188679245283,
              "sharpe_ratio": 0.11435811956984633,
              "sharpe_ratio_w": 0.07127593536981265,
              "sortino_ratio": 0.30569101142595745,
              "sortino_ratio_w": 0.11828026588642589,
              "sterling_ratio": 0.08553262011314783,
              "sterling_ratio_w": 0.03203120828476057,
              "volume_pct_per_day_avg": 14.74741589693913,
              "volume_pct_per_day_avg_w": 7.2724616271052245},
 "backtest": {"base_dir": "backtests/pbgui/FART_adg_sharpe_omega_twe20",
              "cache_dir": {"bybit": "caches/hlcvs_data/eb4a1b819776b0ae"},
              "coins": {"bybit": ["FARTCOIN"]},
              "combine_ohlcvs": false,
              "compress_cache": true,
              "end_date": "2025-06-08",
              "exchanges": ["binance", "bybit"],
              "gap_tolerance_ohlcvs_minutes": 120,
              "start_date": "2020-01-01",
              "starting_balance": 1000,
              "use_btc_collateral": false},
 "bot": {"long": {"close_grid_markup_end": 0.0071724,
                  "close_grid_markup_start": 0.02957,
                  "close_grid_qty_pct": 0.023916,
                  "close_trailing_grid_ratio": -1,
                  "close_trailing_qty_pct": 0.10217,
                  "close_trailing_retracement_pct": 0.0085545,
                  "close_trailing_threshold_pct": 0.0046696,
                  "ema_span_0": 107.34,
                  "ema_span_1": 151.75,
                  "enforce_exposure_limit": true,
                  "entry_grid_double_down_factor": 9.7333,
                  "entry_grid_spacing_pct": 0.10278,
                  "entry_grid_spacing_weight": 0.51557,
                  "entry_initial_ema_dist": 0.027233,
                  "entry_initial_qty_pct": 0.087996,
                  "entry_trailing_double_down_factor": 0.90952,
                  "entry_trailing_grid_ratio": 0.89428,
                  "entry_trailing_retracement_pct": 0.064097,
                  "entry_trailing_threshold_pct": -0.043615,
                  "filter_noisiness_rolling_window": 60,
                  "filter_volume_drop_pct": 0,
                  "filter_volume_rolling_window": 60,
                  "n_positions": 1,
                  "total_wallet_exposure_limit": 10,
                  "unstuck_close_pct": 0.0054075,
                  "unstuck_ema_dist": 0.0094251,
                  "unstuck_loss_allowance_pct": 0.075592,
                  "unstuck_threshold": 0.89425},
         "short": {"close_grid_markup_end": 0.001,
                   "close_grid_markup_start": 0.001,
                   "close_grid_qty_pct": 0.1,
                   "close_trailing_grid_ratio": -1,
                   "close_trailing_qty_pct": 0.1,
                   "close_trailing_retracement_pct": 0.003,
                   "close_trailing_threshold_pct": -0.001,
                   "ema_span_0": 200,
                   "ema_span_1": 200,
                   "enforce_exposure_limit": true,
                   "entry_grid_double_down_factor": 0.6,
                   "entry_grid_spacing_pct": 0.01,
                   "entry_grid_spacing_weight": 0.2,
                   "entry_initial_ema_dist": -0.001,
                   "entry_initial_qty_pct": 0.025,
                   "entry_trailing_double_down_factor": 0.1,
                   "entry_trailing_grid_ratio": -1,
                   "entry_trailing_retracement_pct": 0,
                   "entry_trailing_threshold_pct": -0.1,
                   "filter_noisiness_rolling_window": 60,
                   "filter_volume_drop_pct": 0.53,
                   "filter_volume_rolling_window": 60,
                   "n_positions": 0,
                   "total_wallet_exposure_limit": 0,
                   "unstuck_close_pct": 0.005,
                   "unstuck_ema_dist": -0.1,
                   "unstuck_loss_allowance_pct": 0.01,
                   "unstuck_threshold": 0.55}},
 "disable_plotting": false,
 "live": {"approved_coins": {"long": ["FARTCOINUSDT"], "short": []},
          "auto_gs": true,
          "coin_flags": {},
          "empty_means_all_approved": false,
          "execution_delay_seconds": 2,
          "filter_by_min_effective_cost": true,
          "forced_mode_long": "",
          "forced_mode_short": "",
          "ignored_coins": {"long": [], "short": []},
          "leverage": 10,
          "market_orders_allowed": true,
          "max_n_cancellations_per_batch": 5,
          "max_n_creations_per_batch": 3,
          "max_n_restarts_per_day": 10,
          "mimic_backtest_1m_delay": false,
          "minimum_coin_age_days": 30,
          "ohlcvs_1m_rolling_window_days": 4,
          "ohlcvs_1m_update_after_minutes": 10,
          "pnls_max_lookback_days": 30,
          "price_distance_threshold": 0.002,
          "time_in_force": "good_till_cancelled",
          "user": "bybit_01"},
 "optimize": {"bounds": {"long_close_grid_markup_end": [0.001, 0.03],
                         "long_close_grid_markup_start": [0.001, 0.03],
                         "long_close_grid_qty_pct": [0, 0.4],
                         "long_close_trailing_grid_ratio": [-1, -1],
                         "long_close_trailing_qty_pct": [0.1, 0.25],
                         "long_close_trailing_retracement_pct": [0.003, 0.01],
                         "long_close_trailing_threshold_pct": [0.001, 0.005],
                         "long_ema_span_0": [100, 800],
                         "long_ema_span_1": [100, 800],
                         "long_entry_grid_double_down_factor": [0.5, 10],
                         "long_entry_grid_spacing_pct": [0.01, 0.12],
                         "long_entry_grid_spacing_weight": [0.2, 2],