{
    "adg": 0.005037524792148584,
    "adg_per_exposure_long": 0.0008675814260382654,
    "adg_per_exposure_short": 0.0,
    "adg_w": 0.00365390776192247,
    "adg_w_per_exposure_long": 0.0006292897082396098,
    "adg_w_per_exposure_short": 0.0,
    "calmar_ratio": 0.009352358303492535,
    "calmar_ratio_w": 0.006815540780743383,
    "drawdown_worst": 0.5386368473786314,
    "drawdown_worst_mean_1pct": 0.38317124963717947,
    "equity_balance_diff_neg_max": 0.5715829976994866,
    "equity_balance_diff_neg_mean": 0.0560873838251637,
    "equity_balance_diff_pos_max": 0.08655786091647653,
    "equity_balance_diff_pos_mean": 0.004632614220390307,
    "equity_choppiness": 1.8495495412204104,
    "equity_choppiness_w": 1.9352095244309464,
    "equity_jerkiness": 0.01178561234627874,
    "equity_jerkiness_w": 0.012665872492376277,
    "expected_shortfall_1pct": 0.34871587994340336,
    "exponential_fit_error": 0.5673370180778801,
    "exponential_fit_error_w": 0.06290061256561105,
    "gain": 5813.372402941157,
    "gain_per_exposure_long": 1001.2008134026518,
    "gain_per_exposure_short": 0.0,
    "loss_profit_ratio": 0.029982990808371687,
    "loss_profit_ratio_long": 0.029982990808371687,
    "loss_profit_ratio_short": 1.0,
    "loss_profit_ratio_w": 0.03542417227279438,
    "mdg": 0.0,
    "mdg_per_exposure_long": 0.0,
    "mdg_per_exposure_short": 0.0,
    "mdg_w": 0.0,
    "mdg_w_per_exposure_long": 0.0,
    "mdg_w_per_exposure_short": 0.0,
    "omega_ratio": 6.176161504566734,
    "omega_ratio_w": 3.479922501353254,
    "pnl_ratio_long_short": 1.0,
    "position_held_hours_max": 191.96666666666667,
    "position_held_hours_mean": 0.8936173685928828,
    "position_held_hours_median": 0.13333333333333333,
    "position_unchanged_hours_max": 145.2,
    "positions_held_per_day": 1.1840364784772073,
    "sharpe_ratio": 0.04977388613417199,
    "sharpe_ratio_w": 0.032452633321709716,
    "sortino_ratio": 0.05528931525908294,
    "sortino_ratio_w": 0.03288493916117328,
    "sterling_ratio": 0.013146927899518974,
    "sterling_ratio_w": 0.007571775922081003,
    "volume_pct_per_day_avg": 3.080319555169496,
    "volume_pct_per_day_avg_w": 2.681359490515422
}