{"analysis": {"adg": 0.005037524792148584,
              "adg_per_exposure_long": 0.0008675814260382654,
              "adg_per_exposure_short": 0.0,
              "adg_w": 0.00365390776192247,
              "adg_w_per_exposure_long": 0.0006292897082396098,
              "adg_w_per_exposure_short": 0.0,
              "calmar_ratio": 0.009352358303492535,
              "calmar_ratio_w": 0.006815540780743383,
              "drawdown_worst": 0.5386368473786314,
              "drawdown_worst_mean_1pct": 0.38317124963717947,
              "equity_balance_diff_neg_max": 0.5715829976994866,
              "equity_balance_diff_neg_mean": 0.0560873838251637,
              "equity_balance_diff_pos_max": 0.08655786091647653,
              "equity_balance_diff_pos_mean": 0.004632614220390307,
              "equity_choppiness": 1.8495495412204104,
              "equity_choppiness_w": 1.9352095244309464,
              "equity_jerkiness": 0.01178561234627874,
              "equity_jerkiness_w": 0.012665872492376277,
              "expected_shortfall_1pct": 0.34871587994340336,
              "exponential_fit_error": 0.5673370180778801,
              "exponential_fit_error_w": 0.06290061256561105,
              "gain": 5813.372402941157,
              "gain_per_exposure_long": 1001.2008134026518,
              "gain_per_exposure_short": 0.0,
              "loss_profit_ratio": 0.029982990808371687,
              "loss_profit_ratio_long": 0.029982990808371687,
              "loss_profit_ratio_short": 1.0,
              "loss_profit_ratio_w": 0.03542417227279438,
              "mdg": 0.0,
              "mdg_per_exposure_long": 0.0,
              "mdg_per_exposure_short": 0.0,
              "mdg_w": 0.0,
              "mdg_w_per_exposure_long": 0.0,
              "mdg_w_per_exposure_short": 0.0,
              "omega_ratio": 6.176161504566734,
              "omega_ratio_w": 3.479922501353254,
              "pnl_ratio_long_short": 1.0,
              "position_held_hours_max": 191.96666666666667,
              "position_held_hours_mean": 0.8936173685928828,
              "position_held_hours_median": 0.13333333333333333,
              "position_unchanged_hours_max": 145.2,
              "positions_held_per_day": 1.1840364784772073,
              "sharpe_ratio": 0.04977388613417199,
              "sharpe_ratio_w": 0.032452633321709716,
              "sortino_ratio": 0.05528931525908294,
              "sortino_ratio_w": 0.03288493916117328,
              "sterling_ratio": 0.013146927899518974,
              "sterling_ratio_w": 0.007571775922081003,
              "volume_pct_per_day_avg": 3.080319555169496,
              "volume_pct_per_day_avg_w": 2.681359490515422},
 "backtest": {"base_dir": "backtests/pbgui/ETH_cpt_adg_omega_sharpe_grtr_maxdd75_eema2_dd65_ftwe25",
              "cache_dir": {"bybit": "caches/hlcvs_data/34358e709a94b23c"},
              "coins": {"bybit": ["ETH"]},
              "combine_ohlcvs": false,
              "compress_cache": true,
              "end_date": "2025-07-12",
              "exchanges": ["bybit", "binance"],
              "gap_tolerance_ohlcvs_minutes": 120,
              "start_date": "2020-01-01",
              "starting_balance": 1000,
              "use_btc_collateral": false},
 "bot": {"long": {"close_grid_markup_end": 0.0062618,
                  "close_grid_markup_start": 0.017153,
                  "close_grid_qty_pct": 0.36526,
                  "close_trailing_grid_ratio": 0.11932,
                  "close_trailing_qty_pct": 0.16967,
                  "close_trailing_retracement_pct": 0.0043797,
                  "close_trailing_threshold_pct": 0.003867,
                  "ema_span_0": 51.052,
                  "ema_span_1": 213.2,
                  "enforce_exposure_limit": true,
                  "entry_grid_double_down_factor": 1.5404,
                  "entry_grid_spacing_pct": 0.01581,
                  "entry_grid_spacing_weight": 1.6053,
                  "entry_initial_ema_dist": 0.017594,
                  "entry_initial_qty_pct": 0.039184,
                  "entry_trailing_double_down_factor": 0.70723,
                  "entry_trailing_grid_ratio": -0.41047,
                  "entry_trailing_retracement_pct": 0.058044,
                  "entry_trailing_threshold_pct": 0.097783,
                  "filter_noisiness_rolling_window": 60,
                  "filter_volume_drop_pct": 0,
                  "filter_volume_rolling_window": 60,
                  "n_positions": 1,
                  "total_wallet_exposure_limit": 5.8064,
                  "unstuck_close_pct": 0.026961,
                  "unstuck_ema_dist": -0.00045073,
                  "unstuck_loss_allowance_pct": 0.24534,
                  "unstuck_threshold": 0.94448},
         "short": {"close_grid_markup_end": 0.001,
                   "close_grid_markup_start": 0.001,
                   "close_grid_qty_pct": 0.1,
                   "close_trailing_grid_ratio": -1,
                   "close_trailing_qty_pct": 0.1,
                   "close_trailing_retracement_pct": 0.003,
                   "close_trailing_threshold_pct": -0.001,
                   "ema_span_0": 200,
                   "ema_span_1": 200,
                   "enforce_exposure_limit": true,
                   "entry_grid_double_down_factor": 0.6,
                   "entry_grid_spacing_pct": 0.01,
                   "entry_grid_spacing_weight": 0.2,
                   "entry_initial_ema_dist": -0.001,
                   "entry_initial_qty_pct": 0.025,
                   "entry_trailing_double_down_factor": 0.1,
                   "entry_trailing_grid_ratio": -1,
                   "entry_trailing_retracement_pct": 0,
                   "entry_trailing_threshold_pct": -0.1,
                   "filter_noisiness_rolling_window": 60,
                   "filter_volume_drop_pct": 0.53,
                   "filter_volume_rolling_window": 60,
                   "n_positions": 0,
                   "total_wallet_exposure_limit": 0,
                   "unstuck_close_pct": 0.005,
                   "unstuck_ema_dist": -0.1,
                   "unstuck_loss_allowance_pct": 0.01,
                   "unstuck_threshold": 0.55}},
 "disable_plotting": false,
 "live": {"approved_coins": {"long": ["ETHUSDT"], "short": []},
          "auto_gs": true,
          "coin_flags": {},
          "empty_means_all_approved": false,
          "execution_delay_seconds": 2,
          "filter_by_min_effective_cost": true,
          "forced_mode_long": "",
          "forced_mode_short": "",
          "ignored_coins": {"long": [], "short": []},
          "leverage": 10,
          "market_orders_allowed": true,
          "max_n_cancellations_per_batch": 5,
          "max_n_creations_per_batch": 3,
          "max_n_restarts_per_day": 10,
          "mimic_backtest_1m_delay": false,
          "minimum_coin_age_days": 30,
          "ohlcvs_1m_rolling_window_days": 4,
          "ohlcvs_1m_update_after_minutes": 10,
          "pnls_max_lookback_days": 30,
          "price_distance_threshold": 0.002,
          "time_in_force": "good_till_cancelled",
          "user": "bybit_01"},
 "optimize": {"bounds": {"long_close_grid_markup_end": [0.001, 0.03],
                         "long_close_grid_markup_start": [0.001, 0.03],
                         "long_close_grid_qty_pct": [0.05, 0.4],
                         "long_close_trailing_grid_ratio": [-1, 1],
                         "long_close_trailing_qty_pct": [0.05, 0.25],
                         "long_close_trailing_retracement_pct": [0.003, 0.01],
                         "long_close_trailing_threshold_pct": [0.001, 0.005],
                         "long_ema_span_0": [50, 800],
                         "long_ema_span_1": [50, 800],
                         "long_entry_grid_double_down_factor": [0.4, 10],
                         "long_entry_grid_spacing_pct": [0.01, 0.12],
                         "long_entry_grid_spacing_weight": [0.2, 2],