{
    "adg": 0.047810592019344345,
    "adg_per_exposure_long": 0.004781059201934434,
    "adg_per_exposure_short": 0.0,
    "adg_w": 0.011776441573463737,
    "adg_w_per_exposure_long": 0.0011776441573463736,
    "adg_w_per_exposure_short": 0.0,
    "calmar_ratio": 0.08289916176452906,
    "calmar_ratio_w": 0.03471658105216915,
    "drawdown_worst": 0.5767319114172462,
    "drawdown_worst_mean_1pct": 0.5767319114172462,
    "equity_balance_diff_neg_max": 0.6419332282416735,
    "equity_balance_diff_neg_mean": 0.09069431704987972,
    "equity_balance_diff_pos_max": 1.0743622073775458,
    "equity_balance_diff_pos_mean": 0.01633948240757418,
    "equity_choppiness": 1.7311249293140636,
    "equity_choppiness_w": 2.381153408853317,
    "equity_jerkiness": 0.14107447958039043,
    "equity_jerkiness_w": 0.04599650951354422,
    "expected_shortfall_1pct": 0.5598286572761856,
    "exponential_fit_error": 0.8184761725025077,
    "exponential_fit_error_w": 0.08771471409748634,
    "gain": 1678.6598481773212,
    "gain_per_exposure_long": 167.8659848177321,
    "gain_per_exposure_short": 0.0,
    "loss_profit_ratio": 0.11857151830279726,
    "loss_profit_ratio_long": 0.11857151830279726,
    "loss_profit_ratio_short": 1.0,
    "loss_profit_ratio_w": 0.12219325173500488,
    "mdg": 0.01070015118828982,
    "mdg_per_exposure_long": 0.001070015118828982,
    "mdg_per_exposure_short": 0.0,
    "mdg_w": 0.0030167412482683437,
    "mdg_w_per_exposure_long": 0.00030167412482683435,
    "mdg_w_per_exposure_short": 0.0,
    "omega_ratio": 4.523402267075353,
    "omega_ratio_w": 3.33590501525014,
    "pnl_ratio_long_short": 1.0,
    "position_held_hours_max": 32.81666666666667,
    "position_held_hours_mean": 1.1748343079922028,
    "position_held_hours_median": 0.16666666666666666,
    "position_unchanged_hours_max": 18.7,
    "positions_held_per_day": 5.377358490566038,
    "sharpe_ratio": 0.1435167965654878,
    "sharpe_ratio_w": 0.0845457758300624,
    "sortino_ratio": 0.2941036286680345,
    "sortino_ratio_w": 0.12576227476082583,
    "sterling_ratio": 0.08289916176452906,
    "sterling_ratio_w": 0.03471658105216915,
    "volume_pct_per_day_avg": 13.058689046913837,
    "volume_pct_per_day_avg_w": 6.6291524528856245
}