{"analysis": {"adg": 0.016438966574287006,
              "adg_per_exposure_long": 0.003290491517902081,
              "adg_per_exposure_short": 0.0,
              "adg_w": 0.02239435643340413,
              "adg_w_per_exposure_long": 0.00448254697520049,
              "adg_w_per_exposure_short": 0.0,
              "calmar_ratio": 0.04174972388365825,
              "calmar_ratio_w": 0.05691883785319959,
              "drawdown_worst": 0.39375030647140574,
              "drawdown_worst_mean_1pct": 0.36274762043993986,
              "equity_balance_diff_neg_max": 0.4318268717616635,
              "equity_balance_diff_neg_mean": 0.003625638576821858,
              "equity_balance_diff_pos_max": 0.8571420611770174,
              "equity_balance_diff_pos_mean": 0.0035262461735592445,
              "equity_choppiness": 1.1027820664497006,
              "equity_choppiness_w": 1.0508188513629837,
              "equity_jerkiness": 0.02967453511563214,
              "equity_jerkiness_w": 0.03867953094061862,
              "expected_shortfall_1pct": 0.3423993158429741,
              "exponential_fit_error": 0.13838032285730728,
              "exponential_fit_error_w": 0.07068578464963489,
              "flat_btc_balance_hours": 0.0,
              "gain": 120.75467540167578,
              "gain_per_exposure_long": 24.17075509951676,
              "gain_per_exposure_short": 0.0,
              "loss_profit_ratio": 0.004075718608629251,
              "loss_profit_ratio_long": 0.004075718608629251,
              "loss_profit_ratio_short": 1.0,
              "loss_profit_ratio_w": 0.0005422385907689005,
              "mdg": 0.002061781352575783,
              "mdg_per_exposure_long": 0.000412694680152882,
              "mdg_per_exposure_short": 0.0,
              "mdg_w": 0.0014251166911414493,
              "mdg_w_per_exposure_long": 0.00028525724917261144,
              "mdg_w_per_exposure_short": 0.0,
              "omega_ratio": 14.679543899843395,
              "omega_ratio_w": 132.65299159754602,
              "pnl_ratio_long_short": 1.0,
              "position_held_hours_max": 30.983333333333334,
              "position_held_hours_mean": 1.1152881654201496,
              "position_held_hours_median": 0.35,
              "position_unchanged_hours_max": 13.3,
              "positions_held_per_day": 7.7312925170068025,
              "sharpe_ratio": 0.08453016071999381,
              "sharpe_ratio_w": 0.06050715307402923,
              "sortino_ratio": 0.19636321234062387,
              "sortino_ratio_w": 0.24659061854788217,
              "sterling_ratio": 0.045317917053046,
              "sterling_ratio_w": 0.05727565717013836,
              "volume_pct_per_day_avg": 3.1848924158999568,
              "volume_pct_per_day_avg_w": 2.5480615612708375},
 "backtest": {"base_dir": "backtests/pbgui/HYPE_adg_w_sharpe_gain_ddw_eema150_tr_twe2-5",
              "cache_dir": {"bybit": "caches/hlcvs_data/2725cc9aa90dd2b0"},
              "coins": {"bybit": ["HYPE"]},
              "combine_ohlcvs": false,
              "compress_cache": true,
              "end_date": "2025-10-25",
              "exchanges": ["bybit", "binance"],
              "gap_tolerance_ohlcvs_minutes": 120,
              "start_date": "2020-01-01",
              "starting_balance": 1000,
              "use_btc_collateral": false},
 "bot": {"long": {"close_grid_markup_end": 0.023217,
                  "close_grid_markup_start": 0.020877,
                  "close_grid_qty_pct": 0.34432,
                  "close_trailing_grid_ratio": -1,
                  "close_trailing_qty_pct": 0.056645,
                  "close_trailing_retracement_pct": 0.0033403,
                  "close_trailing_threshold_pct": 0.0049135,
                  "ema_span_0": 783.38,
                  "ema_span_1": 796.5,
                  "enforce_exposure_limit": true,
                  "entry_grid_double_down_factor": 1.3929,
                  "entry_grid_spacing_log_span_hours": 209.12,
                  "entry_grid_spacing_log_weight": 218.04,
                  "entry_grid_spacing_pct": 0.038286,
                  "entry_grid_spacing_we_weight": 3.7006,
                  "entry_initial_ema_dist": 0.010481,
                  "entry_initial_qty_pct": 0.011281,
                  "entry_trailing_double_down_factor": 1.4017,
                  "entry_trailing_grid_ratio": -1,
                  "entry_trailing_retracement_pct": 0.00015504,
                  "entry_trailing_threshold_pct": 0.023007,
                  "filter_log_range_ema_span": 60,
                  "filter_volume_drop_pct": 0,
                  "filter_volume_ema_span": 111.7,
                  "n_positions": 1,
                  "total_wallet_exposure_limit": 4.9959,
                  "unstuck_close_pct": 0.005114,
                  "unstuck_ema_dist": -0.026417,
                  "unstuck_loss_allowance_pct": 0.10907,
                  "unstuck_threshold": 0.62673},
         "short": {"close_grid_markup_end": 0.001,
                   "close_grid_markup_start": 0.001,
                   "close_grid_qty_pct": 0.05,
                   "close_trailing_grid_ratio": -1,
                   "close_trailing_qty_pct": 0.05,
                   "close_trailing_retracement_pct": 0,
                   "close_trailing_threshold_pct": -0.1,
                   "ema_span_0": 200,
                   "ema_span_1": 200,
                   "enforce_exposure_limit": true,
                   "entry_grid_double_down_factor": 0.1,
                   "entry_grid_spacing_log_span_hours": 24,
                   "entry_grid_spacing_log_weight": 0,
                   "entry_grid_spacing_pct": 0.01,
                   "entry_grid_spacing_we_weight": 0,
                   "entry_initial_ema_dist": -0.1,
                   "entry_initial_qty_pct": 0.025,
                   "entry_trailing_double_down_factor": 0.1,
                   "entry_trailing_grid_ratio": -1,
                   "entry_trailing_retracement_pct": 0,
                   "entry_trailing_threshold_pct": -0.1,
                   "filter_log_range_ema_span": 10,
                   "filter_volume_drop_pct": 0,
                   "filter_volume_ema_span": 10,
                   "n_positions": 0,
                   "total_wallet_exposure_limit": 0,
                   "unstuck_close_pct": 0.005,
                   "unstuck_ema_dist": -0.1,
                   "unstuck_loss_allowance_pct": 0.01,
                   "unstuck_threshold": 0.7}},
 "coin_overrides": {},
 "disable_plotting": false,
 "live": {"approved_coins": {"long": ["HYPE"], "short": []},
          "auto_gs": true,
          "base_config_path": "/home/mani/software/pb7/optimize_results/2025-10-28T05_24_47_bybit_binance_2124days_HYPE_ae4891b1/pareto/001.3462_2889463bd31f2533c87dd00a2c56621556b6d5932272fc2b1b0d641c5339b1d7.json",
          "empty_means_all_approved": false,
          "execution_delay_seconds": 2,
          "filter_by_min_effective_cost": true,
          "forced_mode_long": "",
          "forced_mode_short": "",
          "ignored_coins": {"long": [], "short": []},
          "inactive_coin_candle_ttl_minutes": 10,
          "leverage": 10,
          "market_orders_allowed": true,
          "max_disk_candles_per_symbol_per_tf": 2000000,
          "max_memory_candles_per_symbol": 20000,
          "max_n_cancellations_per_batch": 5,
          "max_n_creations_per_batch": 3,
          "max_n_restarts_per_day": 10,
          "max_warmup_minutes": 0,
          "memory_snapshot_interval_minutes": 30,
          "minimum_coin_age_days": 30,
          "pnls_max_lookback_days": 30,
          "price_distance_threshold": 0.002,
          "time_in_force": "good_till_cancelled",
          "user": "bybit_01",
          "warmup_ratio": 0.2},
 "logging": {"level": 1},
 "optimize": {"bounds": {"long_close_grid_markup_end": [0.001, 0.03],
                         "long_close_grid_markup_start": [0.001, 0.03],
                         "long_close_grid_qty_pct": [0.05, 0.4],