{"analysis": {"adg": 0.014197860972605891,
              "adg_per_exposure_long": 0.0015775401080673213,
              "adg_per_exposure_short": 0.0,
              "adg_w": 0.005628644989846543,
              "adg_w_per_exposure_long": 0.0006254049988718381,
              "adg_w_per_exposure_short": 0.0,
              "calmar_ratio": 0.02189631958382243,
              "calmar_ratio_w": 0.019887378132780586,
              "drawdown_worst": 0.6484131234134727,
              "drawdown_worst_mean_1pct": 0.42764573938101674,
              "equity_balance_diff_neg_max": 0.6501259928793386,
              "equity_balance_diff_neg_mean": 0.0048518793605841996,
              "equity_balance_diff_pos_max": 0.8494534176487945,
              "equity_balance_diff_pos_mean": 0.06431179855782956,
              "equity_choppiness": 1.054609243427721,
              "equity_choppiness_w": 1.14769858331807,
              "equity_jerkiness": 0.023300615982114106,
              "equity_jerkiness_w": 0.01006232002860456,
              "expected_shortfall_1pct": 0.42564330293907365,
              "exponential_fit_error": 0.7556581713440507,
              "exponential_fit_error_w": 0.12498755790524782,
              "gain": 48290.09291786935,
              "gain_per_exposure_long": 5365.56587976326,
              "gain_per_exposure_short": 0.0,
              "loss_profit_ratio": 0.0017085703973328584,
              "loss_profit_ratio_long": 0.0017085703973328584,
              "loss_profit_ratio_short": 1.0,
              "loss_profit_ratio_w": 0.0006057766731700987,
              "mdg": 0.0003703111570262324,
              "mdg_per_exposure_long": 4.1145684114025825e-05,
              "mdg_per_exposure_short": 0.0,
              "mdg_w": 0.0003552830710427537,
              "mdg_w_per_exposure_long": 3.9475896782528185e-05,
              "mdg_w_per_exposure_short": 0.0,
              "omega_ratio": 150.33755480184067,
              "omega_ratio_w": 51.835667978567145,
              "pnl_ratio_long_short": 1.0,
              "position_held_hours_max": 54.96666666666667,
              "position_held_hours_mean": 0.7184438305709024,
              "position_held_hours_median": 0.06666666666666667,
              "position_unchanged_hours_max": 54.96666666666667,
              "positions_held_per_day": 2.366013071895425,
              "sharpe_ratio": 0.04357461761762991,
              "sharpe_ratio_w": 0.057775717401983326,
              "sortino_ratio": 0.1729496642102622,
              "sortino_ratio_w": 0.12368409090745158,
              "sterling_ratio": 0.03320005243862868,
              "sterling_ratio_w": 0.023289303120030174,
              "volume_pct_per_day_avg": 2.476390703456178,
              "volume_pct_per_day_avg_w": 1.3397703392580242},
 "backtest": {"base_dir": "backtests/pbgui/SUI_adg_sharpe_omega_new_markup_grtr_TWE9",
              "cache_dir": {"bybit": "caches/hlcvs_data/203c8189ffd1debb"},
              "coins": {"bybit": ["SUI"]},
              "combine_ohlcvs": false,
              "compress_cache": true,
              "end_date": "2025-06-30",
              "exchanges": ["bybit", "binance"],
              "gap_tolerance_ohlcvs_minutes": 120,
              "start_date": "2020-01-01",
              "starting_balance": 1000,
              "use_btc_collateral": false},
 "bot": {"long": {"close_grid_markup_end": 0.016647,
                  "close_grid_markup_start": 0.0039892,
                  "close_grid_qty_pct": 0.2282,
                  "close_trailing_grid_ratio": -0.82734,
                  "close_trailing_qty_pct": 0.08529,
                  "close_trailing_retracement_pct": 0.007726,
                  "close_trailing_threshold_pct": 0.0046375,
                  "ema_span_0": 303.08,
                  "ema_span_1": 106.36,
                  "enforce_exposure_limit": true,
                  "entry_grid_double_down_factor": 2.496,
                  "entry_grid_spacing_pct": 0.037257,
                  "entry_grid_spacing_weight": 1.6617,
                  "entry_initial_ema_dist": 0.019283,
                  "entry_initial_qty_pct": 0.010462,
                  "entry_trailing_double_down_factor": 9.2661,
                  "entry_trailing_grid_ratio": -0.22106,
                  "entry_trailing_retracement_pct": 0.0011004,
                  "entry_trailing_threshold_pct": -0.098843,
                  "filter_noisiness_rolling_window": 60,
                  "filter_volume_drop_pct": 0,
                  "filter_volume_rolling_window": 60,
                  "n_positions": 1,
                  "total_wallet_exposure_limit": 9,
                  "unstuck_close_pct": 0.0061357,
                  "unstuck_ema_dist": 0.0096574,
                  "unstuck_loss_allowance_pct": 0.067935,
                  "unstuck_threshold": 0.57081},
         "short": {"close_grid_markup_end": 0.001,
                   "close_grid_markup_start": 0.001,
                   "close_grid_qty_pct": 0.05,
                   "close_trailing_grid_ratio": -1,
                   "close_trailing_qty_pct": 0.05,
                   "close_trailing_retracement_pct": 0,
                   "close_trailing_threshold_pct": -0.1,
                   "ema_span_0": 200,
                   "ema_span_1": 200,
                   "enforce_exposure_limit": true,
                   "entry_grid_double_down_factor": 0.1,
                   "entry_grid_spacing_pct": 0.01,
                   "entry_grid_spacing_weight": 0.2,
                   "entry_initial_ema_dist": -0.1,
                   "entry_initial_qty_pct": 0.025,
                   "entry_trailing_double_down_factor": 0.1,
                   "entry_trailing_grid_ratio": -1,
                   "entry_trailing_retracement_pct": 0,
                   "entry_trailing_threshold_pct": -0.1,
                   "filter_noisiness_rolling_window": 10,
                   "filter_volume_drop_pct": 0,
                   "filter_volume_rolling_window": 10,
                   "n_positions": 0,
                   "total_wallet_exposure_limit": 0,
                   "unstuck_close_pct": 0.005,
                   "unstuck_ema_dist": -0.1,
                   "unstuck_loss_allowance_pct": 0.01,
                   "unstuck_threshold": 0.7}},
 "disable_plotting": false,
 "live": {"approved_coins": {"long": ["SUIUSDT"], "short": []},
          "auto_gs": true,
          "coin_flags": {},
          "empty_means_all_approved": false,
          "execution_delay_seconds": 2,
          "filter_by_min_effective_cost": true,
          "forced_mode_long": "",
          "forced_mode_short": "",
          "ignored_coins": {"long": [], "short": []},
          "leverage": 10,
          "market_orders_allowed": true,
          "max_n_cancellations_per_batch": 5,
          "max_n_creations_per_batch": 3,
          "max_n_restarts_per_day": 10,
          "mimic_backtest_1m_delay": false,
          "minimum_coin_age_days": 30,
          "ohlcvs_1m_rolling_window_days": 4,
          "ohlcvs_1m_update_after_minutes": 10,
          "pnls_max_lookback_days": 30,
          "price_distance_threshold": 0.002,
          "time_in_force": "good_till_cancelled",
          "user": "bybit_01"},
 "optimize": {"bounds": {"long_close_grid_markup_end": [0.001, 0.03],
                         "long_close_grid_markup_start": [0.001, 0.03],
                         "long_close_grid_qty_pct": [0.05, 0.4],
                         "long_close_trailing_grid_ratio": [-1, 1],
                         "long_close_trailing_qty_pct": [0.05, 0.25],
                         "long_close_trailing_retracement_pct": [0.003, 0.01],
                         "long_close_trailing_threshold_pct": [0.001, 0.005],
                         "long_ema_span_0": [100, 800],
                         "long_ema_span_1": [100, 800],
                         "long_entry_grid_double_down_factor": [0.4, 10],
                         "long_entry_grid_spacing_pct": [0.01, 0.12],