{"analysis": {"adg": 0.03426249257542846,
              "adg_per_exposure_long": 0.0057104154292380764,
              "adg_per_exposure_short": 0.0,
              "adg_w": 0.013216411039573828,
              "adg_w_per_exposure_long": 0.0022027351732623046,
              "adg_w_per_exposure_short": 0.0,
              "calmar_ratio": 0.13957747690905206,
              "calmar_ratio_w": 0.09235140583170091,
              "drawdown_worst": 0.24547293255453898,
              "drawdown_worst_mean_1pct": 0.24038696805926052,
              "equity_balance_diff_neg_max": 0.5994524223089573,
              "equity_balance_diff_neg_mean": 0.04746778091825598,
              "equity_balance_diff_pos_max": 0.6302166124157417,
              "equity_balance_diff_pos_mean": 0.010582263638728254,
              "equity_choppiness": 1.0340772668545906,
              "equity_choppiness_w": 1.0037890052537417,
              "equity_jerkiness": 0.04891300619870616,
              "equity_jerkiness_w": 0.02488336630845434,
              "expected_shortfall_1pct": 0.24038696805926052,
              "exponential_fit_error": 1.441030340747938,
              "exponential_fit_error_w": 0.14562649383555343,
              "gain": 2166.789757114359,
              "gain_per_exposure_long": 361.1316261857265,
              "gain_per_exposure_short": 0.0,
              "loss_profit_ratio": 0.0,
              "loss_profit_ratio_long": 0.0,
              "loss_profit_ratio_short": 1.0,
              "loss_profit_ratio_w": 0.0,
              "mdg": 0.00234363063321747,
              "mdg_per_exposure_long": 0.000390605105536245,
              "mdg_per_exposure_short": 0.0,
              "mdg_w": 0.0007958710762270896,
              "mdg_w_per_exposure_long": 0.0001326451793711816,
              "mdg_w_per_exposure_short": 0.0,
              "omega_ratio": 29.285063293131707,
              "omega_ratio_w": null,
              "pnl_ratio_long_short": 1.0,
              "position_held_hours_max": 18.55,
              "position_held_hours_mean": 0.1552111012695601,
              "position_held_hours_median": 0.06666666666666667,
              "position_unchanged_hours_max": 14.683333333333334,
              "positions_held_per_day": 4.951754385964913,
              "sharpe_ratio": 0.16275359952999233,
              "sharpe_ratio_w": 0.1825548891385486,
              "sortino_ratio": 0.5234780500656743,
              "sortino_ratio_w": 0.2417234374292053,
              "sterling_ratio": 0.1425305741490197,
              "sterling_ratio_w": 0.09264671555569769,
              "volume_pct_per_day_avg": 7.391324875648139,
              "volume_pct_per_day_avg_w": 4.714809502566219},
 "backtest": {"base_dir": "backtests/pbgui/FART_adg_w_sharpe_omega_24_ema800_dd25_ddown2_twe6_lp30",
              "cache_dir": {"bybit": "caches/hlcvs_data/fa2f620319259953"},
              "coins": {"bybit": ["FARTCOIN"]},
              "combine_ohlcvs": false,
              "compress_cache": true,
              "end_date": "2025-08-16",
              "exchanges": ["bybit", "binance"],
              "gap_tolerance_ohlcvs_minutes": 120,
              "start_date": "2020-01-01",
              "starting_balance": 1000,
              "use_btc_collateral": false},
 "bot": {"long": {"close_grid_markup_end": 0.026077,
                  "close_grid_markup_start": 0.016998,
                  "close_grid_qty_pct": 0.1635,
                  "close_trailing_grid_ratio": 0.80704,
                  "close_trailing_qty_pct": 0.18171,
                  "close_trailing_retracement_pct": 0.0031093,
                  "close_trailing_threshold_pct": 0.0041143,
                  "ema_span_0": 355.02,
                  "ema_span_1": 19.651,
                  "enforce_exposure_limit": true,
                  "entry_grid_double_down_factor": 4.3104,
                  "entry_grid_spacing_pct": 0.020372,
                  "entry_grid_spacing_weight": 0.58638,
                  "entry_initial_ema_dist": 0.019933,
                  "entry_initial_qty_pct": 0.022099,
                  "entry_trailing_double_down_factor": 5.3836,
                  "entry_trailing_grid_ratio": -0.30714,
                  "entry_trailing_retracement_pct": 0.14616,
                  "entry_trailing_threshold_pct": -0.019825,
                  "filter_noisiness_rolling_window": 60,
                  "filter_volume_drop_pct": 0,
                  "filter_volume_rolling_window": 60,
                  "n_positions": 1,
                  "total_wallet_exposure_limit": 6,
                  "unstuck_close_pct": 0.04226,
                  "unstuck_ema_dist": -0.080115,
                  "unstuck_loss_allowance_pct": 0.085618,
                  "unstuck_threshold": 0.70556},
         "short": {"close_grid_markup_end": 0.001,
                   "close_grid_markup_start": 0.001,
                   "close_grid_qty_pct": 0.05,
                   "close_trailing_grid_ratio": -1,
                   "close_trailing_qty_pct": 0.05,
                   "close_trailing_retracement_pct": 0,
                   "close_trailing_threshold_pct": -0.1,
                   "ema_span_0": 200,
                   "ema_span_1": 200,
                   "enforce_exposure_limit": true,
                   "entry_grid_double_down_factor": 0.1,
                   "entry_grid_spacing_pct": 0.01,
                   "entry_grid_spacing_weight": 0.2,
                   "entry_initial_ema_dist": -0.1,
                   "entry_initial_qty_pct": 0.025,
                   "entry_trailing_double_down_factor": 0.1,
                   "entry_trailing_grid_ratio": -1,
                   "entry_trailing_retracement_pct": 0,
                   "entry_trailing_threshold_pct": -0.1,
                   "filter_noisiness_rolling_window": 10,
                   "filter_volume_drop_pct": 0,
                   "filter_volume_rolling_window": 10,
                   "n_positions": 0,
                   "total_wallet_exposure_limit": 0,
                   "unstuck_close_pct": 0.005,
                   "unstuck_ema_dist": -0.1,
                   "unstuck_loss_allowance_pct": 0.01,
                   "unstuck_threshold": 0.7}},
 "coin_overrides": {},
 "disable_plotting": false,
 "live": {"approved_coins": {"long": ["FARTCOIN"], "short": []},
          "auto_gs": true,
          "base_config_path": "",
          "empty_means_all_approved": false,
          "execution_delay_seconds": 2,
          "filter_by_min_effective_cost": true,
          "forced_mode_long": "",
          "forced_mode_short": "",
          "ignored_coins": {"long": [], "short": []},
          "leverage": 10,
          "market_orders_allowed": true,
          "max_n_cancellations_per_batch": 5,
          "max_n_creations_per_batch": 3,
          "max_n_restarts_per_day": 10,
          "mimic_backtest_1m_delay": false,
          "minimum_coin_age_days": 30,
          "ohlcvs_1m_rolling_window_days": 4,
          "ohlcvs_1m_update_after_minutes": 10,
          "pnls_max_lookback_days": 30,
          "price_distance_threshold": 0.002,
          "time_in_force": "good_till_cancelled",
          "user": "bybit_01"},
 "optimize": {"bounds": {"long_close_grid_markup_end": [0.001, 0.03],
                         "long_close_grid_markup_start": [0.001, 0.03],
                         "long_close_grid_qty_pct": [0.05, 0.4],
                         "long_close_trailing_grid_ratio": [-1, 1],
                         "long_close_trailing_qty_pct": [0.05, 0.25],
                         "long_close_trailing_retracement_pct": [0.003, 0.01],
                         "long_close_trailing_threshold_pct": [0.001, 0.005],
                         "long_ema_span_0": [1, 800],
                         "long_ema_span_1": [1, 800],
                         "long_entry_grid_double_down_factor": [0, 10],
                         "long_entry_grid_spacing_pct": [0.01, 0.12],
                         "long_entry_grid_spacing_weight": [0.2, 2],