{
    "adg": 0.012989708552985757,
    "adg_per_exposure_long": 0.0014433009503317508,
    "adg_per_exposure_short": 0.0,
    "adg_w": 0.008210030536648349,
    "adg_w_per_exposure_long": 0.0009122256151831499,
    "adg_w_per_exposure_short": 0.0,
    "calmar_ratio": 0.01844346649313507,
    "calmar_ratio_w": 0.02944707118413331,
    "drawdown_worst": 0.7042986500298476,
    "drawdown_worst_mean_1pct": 0.5445595910522786,
    "equity_balance_diff_neg_max": 0.7410682199306777,
    "equity_balance_diff_neg_mean": 0.03680022643444439,
    "equity_balance_diff_pos_max": 0.4265251073662193,
    "equity_balance_diff_pos_mean": 0.019367206138613494,
    "equity_choppiness": 1.2028209204603066,
    "equity_choppiness_w": 1.427265392148779,
    "equity_jerkiness": 0.02327152273709239,
    "equity_jerkiness_w": 0.01834173072537492,
    "expected_shortfall_1pct": 0.4906488878961257,
    "exponential_fit_error": 0.08604420331110472,
    "exponential_fit_error_w": 0.030914351796128642,
    "gain": 19402.173356236293,
    "gain_per_exposure_long": 2155.79703958181,
    "gain_per_exposure_short": 0.0,
    "loss_profit_ratio": 0.06557393842088502,
    "loss_profit_ratio_long": 0.06557393842088502,
    "loss_profit_ratio_short": 1.0,
    "loss_profit_ratio_w": 0.07805436292794413,
    "mdg": 0.00010951164904194287,
    "mdg_per_exposure_long": 1.2167961004660319e-05,
    "mdg_per_exposure_short": 0.0,
    "mdg_w": 5.3515878986882614e-05,
    "mdg_w_per_exposure_long": 5.946208776320291e-06,
    "mdg_w_per_exposure_short": 0.0,
    "omega_ratio": 20.565158480360946,
    "omega_ratio_w": 11.408130390944574,
    "pnl_ratio_long_short": 1.0,
    "position_held_hours_max": 50.983333333333334,
    "position_held_hours_mean": 1.1016547619047619,
    "position_held_hours_median": 0.3,
    "position_unchanged_hours_max": 37.03333333333333,
    "positions_held_per_day": 1.8300653594771241,
    "sharpe_ratio": 0.0566712889060003,
    "sharpe_ratio_w": 0.09045960638948122,
    "sortino_ratio": 0.11883255327388263,
    "sortino_ratio_w": 0.1352152120067303,
    "sterling_ratio": 0.023853603474112212,
    "sterling_ratio_w": 0.03071867914077401,
    "volume_pct_per_day_avg": 3.8369617261058746,
    "volume_pct_per_day_avg_w": 3.3136605364843925
}