{
    "adg": 0.02701622505902246,
    "adg_per_exposure_long": 0.005448137666173763,
    "adg_per_exposure_short": 0.0,
    "adg_w": 0.015446057942490609,
    "adg_w_per_exposure_long": 0.0031148781847403825,
    "adg_w_per_exposure_short": 0.0,
    "calmar_ratio": 0.12285897014059992,
    "calmar_ratio_w": 0.16975101123271907,
    "drawdown_worst": 0.21989623572544248,
    "drawdown_worst_mean_1pct": 0.21953401214912266,
    "equity_balance_diff_neg_max": 0.2005877771024286,
    "equity_balance_diff_neg_mean": 0.006579637014448364,
    "equity_balance_diff_pos_max": 0.6372386054751683,
    "equity_balance_diff_pos_mean": 0.0032361776158615968,
    "equity_choppiness": 1.4890130218366828,
    "equity_choppiness_w": 1.383518458161968,
    "equity_jerkiness": 0.0460587020194892,
    "equity_jerkiness_w": 0.024965193626254246,
    "expected_shortfall_1pct": 0.2195340121491226,
    "exponential_fit_error": 0.17399811718959923,
    "exponential_fit_error_w": 0.018598879913626833,
    "gain": 633.4433017279594,
    "gain_per_exposure_long": 127.74124823101543,
    "gain_per_exposure_short": 0.0,
    "loss_profit_ratio": 0.1938813806125705,
    "loss_profit_ratio_long": 0.1938813806125705,
    "loss_profit_ratio_short": 1.0,
    "loss_profit_ratio_w": 0.14720903427596016,
    "mdg": 0.0199972861334131,
    "mdg_per_exposure_long": 0.00403268656396973,
    "mdg_per_exposure_short": 0.0,
    "mdg_w": 0.013922343694282035,
    "mdg_w_per_exposure_long": 0.0028076033907965705,
    "mdg_w_per_exposure_short": 0.0,
    "omega_ratio": 6.586196155210662,
    "omega_ratio_w": 9.026231508634154,
    "pnl_ratio_long_short": 1.0,
    "position_held_hours_max": 71.71666666666667,
    "position_held_hours_mean": 7.286235011990407,
    "position_held_hours_median": 3.9166666666666665,
    "position_unchanged_hours_max": 35.53333333333333,
    "positions_held_per_day": 2.871900826446281,
    "sharpe_ratio": 0.25687888606058085,
    "sharpe_ratio_w": 0.402216951470909,
    "sortino_ratio": 0.3869053820191575,
    "sortino_ratio_w": 0.4565618483181309,
    "sterling_ratio": 0.12306168321959685,
    "sterling_ratio_w": 0.16977128254061877,
    "volume_pct_per_day_avg": 7.194253401810144,
    "volume_pct_per_day_avg_w": 4.012700103035621
}