{
    "adg": 0.025805896527038463,
    "adg_per_exposure_long": 0.0043009827545064105,
    "adg_per_exposure_short": 0.0,
    "adg_w": 0.009978380450178648,
    "adg_w_per_exposure_long": 0.001663063408363108,
    "adg_w_per_exposure_short": 0.0,
    "calmar_ratio": 0.1263219122742698,
    "calmar_ratio_w": 0.08464902046327354,
    "drawdown_worst": 0.2042867786153266,
    "drawdown_worst_mean_1pct": 0.1957089714403612,
    "equity_balance_diff_neg_max": 0.4994710302466669,
    "equity_balance_diff_neg_mean": 0.03224991254680764,
    "equity_balance_diff_pos_max": 0.3201115989372977,
    "equity_balance_diff_pos_mean": 0.0075495243657271015,
    "equity_choppiness": 1.0459294066842766,
    "equity_choppiness_w": 1.0049767600063109,
    "equity_jerkiness": 0.036320972942396675,
    "equity_jerkiness_w": 0.01854507005036159,
    "expected_shortfall_1pct": 0.1957089714403612,
    "exponential_fit_error": 0.8609806364797905,
    "exponential_fit_error_w": 0.08703058599429106,
    "gain": 333.3216943994459,
    "gain_per_exposure_long": 55.55361573324098,
    "gain_per_exposure_short": 0.0,
    "loss_profit_ratio": 0.0,
    "loss_profit_ratio_long": 0.0,
    "loss_profit_ratio_short": 1.0,
    "loss_profit_ratio_w": 0.0,
    "mdg": 0.0015306390265168008,
    "mdg_per_exposure_long": 0.0002551065044194668,
    "mdg_per_exposure_short": 0.0,
    "mdg_w": 0.0005675296272554275,
    "mdg_w_per_exposure_long": 9.458827120923791e-05,
    "mdg_w_per_exposure_short": 0.0,
    "omega_ratio": 32.54878970052551,
    "omega_ratio_w": null,
    "pnl_ratio_long_short": 1.0,
    "position_held_hours_max": 10.466666666666667,
    "position_held_hours_mean": 0.1466157532195268,
    "position_held_hours_median": 0.06666666666666667,
    "position_unchanged_hours_max": 9.8,
    "positions_held_per_day": 4.881578947368421,
    "sharpe_ratio": 0.17525476399623177,
    "sharpe_ratio_w": 0.1863954140547706,
    "sortino_ratio": 0.48784636387257607,
    "sortino_ratio_w": 0.22473890847193526,
    "sterling_ratio": 0.1318585261427443,
    "sterling_ratio_w": 0.085202681850121,
    "volume_pct_per_day_avg": 5.7203275198040116,
    "volume_pct_per_day_avg_w": 3.593270283869637
}