{
    "adg": 0.01367331839727215,
    "adg_per_exposure_long": 0.003355086223995718,
    "adg_per_exposure_short": 0.0,
    "adg_w": 0.004648058860661197,
    "adg_w_per_exposure_long": 0.0011405159887768555,
    "adg_w_per_exposure_short": 0.0,
    "calmar_ratio": 0.03330326822374503,
    "calmar_ratio_w": 0.029639941753009817,
    "drawdown_worst": 0.4105698667592977,
    "drawdown_worst_mean_1pct": 0.3142079513679258,
    "equity_balance_diff_neg_max": 0.4238237852202884,
    "equity_balance_diff_neg_mean": 0.015494862866708287,
    "equity_balance_diff_pos_max": 0.48810765070762235,
    "equity_balance_diff_pos_mean": 0.026554346155952285,
    "equity_choppiness": 1.4753858538842877,
    "equity_choppiness_w": 1.6822264816274726,
    "equity_jerkiness": 0.025325179269720416,
    "equity_jerkiness_w": 0.010264489386102893,
    "expected_shortfall_1pct": 0.28955320574600085,
    "exponential_fit_error": 0.9349039164665054,
    "exponential_fit_error_w": 0.11101141997888402,
    "gain": 59895.24894005686,
    "gain_per_exposure_long": 14696.77797027454,
    "gain_per_exposure_short": 0.0,
    "loss_profit_ratio": 0.15332098970685779,
    "loss_profit_ratio_long": 0.15332098970685779,
    "loss_profit_ratio_short": 1.0,
    "loss_profit_ratio_w": 0.10691437422308255,
    "mdg": 0.0016648448135959378,
    "mdg_per_exposure_long": 0.00040851077528486474,
    "mdg_per_exposure_short": 0.0,
    "mdg_w": 0.0005590204106492057,
    "mdg_w_per_exposure_long": 0.00013716945837198943,
    "mdg_w_per_exposure_short": 0.0,
    "omega_ratio": 11.285118569246498,
    "omega_ratio_w": 5.471169766417793,
    "pnl_ratio_long_short": 1.0,
    "position_held_hours_max": 192.33333333333334,
    "position_held_hours_mean": 1.2825907590759076,
    "position_held_hours_median": 0.16666666666666666,
    "position_unchanged_hours_max": 103.4,
    "positions_held_per_day": 2.9925925925925925,
    "sharpe_ratio": 0.09410457484374343,
    "sharpe_ratio_w": 0.10378125475449489,
    "sortino_ratio": 0.21825447419686786,
    "sortino_ratio_w": 0.14686715845560605,
    "sterling_ratio": 0.04351678032890136,
    "sterling_ratio_w": 0.03211519132692528,
    "volume_pct_per_day_avg": 4.3266390901880944,
    "volume_pct_per_day_avg_w": 2.2522864592265917
}