{
    "adg": 0.030890572828040863,
    "adg_per_exposure_long": 0.003432285869782318,
    "adg_per_exposure_short": 0.0,
    "adg_w": 0.020100850881192244,
    "adg_w_per_exposure_long": 0.002233427875688027,
    "adg_w_per_exposure_short": 0.0,
    "calmar_ratio": 0.1045629115514586,
    "calmar_ratio_w": 0.16787562087883404,
    "drawdown_worst": 0.2954257142394,
    "drawdown_worst_mean_1pct": 0.2954257142394,
    "equity_balance_diff_neg_max": 0.3133636490548794,
    "equity_balance_diff_neg_mean": 0.026750424160342394,
    "equity_balance_diff_pos_max": 0.4726404438387814,
    "equity_balance_diff_pos_mean": 0.006137592682388033,
    "equity_choppiness": 1.2848865636190119,
    "equity_choppiness_w": 1.1455910470753319,
    "equity_jerkiness": 0.052196651746432204,
    "equity_jerkiness_w": 0.028299968966258655,
    "expected_shortfall_1pct": 0.29024224271583515,
    "exponential_fit_error": 0.14708782446718158,
    "exponential_fit_error_w": 0.01878061372610961,
    "gain": 246.30591195850255,
    "gain_per_exposure_long": 27.36732355094473,
    "gain_per_exposure_short": 0.0,
    "loss_profit_ratio": 0.003898926634419762,
    "loss_profit_ratio_long": 0.003898926634419762,
    "loss_profit_ratio_short": 1.0,
    "loss_profit_ratio_w": 0.0003898926634419762,
    "mdg": 0.010188490768194874,
    "mdg_per_exposure_long": 0.0011320545297994304,
    "mdg_per_exposure_short": 0.0,
    "mdg_w": 0.006439388611610963,
    "mdg_w_per_exposure_long": 0.0007154876235123292,
    "mdg_w_per_exposure_short": 0.0,
    "omega_ratio": 11.179292398100669,
    "omega_ratio_w": 24.487567112238942,
    "pnl_ratio_long_short": 1.0,
    "position_held_hours_max": 32.88333333333333,
    "position_held_hours_mean": 2.0707964601769913,
    "position_held_hours_median": 0.49166666666666664,
    "position_unchanged_hours_max": 24.616666666666667,
    "positions_held_per_day": 2.4972375690607733,
    "sharpe_ratio": 0.1849711157726406,
    "sharpe_ratio_w": 0.30758258972763713,
    "sortino_ratio": 0.3060556958552248,
    "sortino_ratio_w": 0.4678688773014453,
    "sterling_ratio": 0.1045629115514586,
    "sterling_ratio_w": 0.16787562087883404,
    "volume_pct_per_day_avg": 10.94504253379726,
    "volume_pct_per_day_avg_w": 8.071287233117914
}