{"analysis": {"adg": 0.030890572828040863,
              "adg_per_exposure_long": 0.003432285869782318,
              "adg_per_exposure_short": 0.0,
              "adg_w": 0.020100850881192244,
              "adg_w_per_exposure_long": 0.002233427875688027,
              "adg_w_per_exposure_short": 0.0,
              "calmar_ratio": 0.1045629115514586,
              "calmar_ratio_w": 0.16787562087883404,
              "drawdown_worst": 0.2954257142394,
              "drawdown_worst_mean_1pct": 0.2954257142394,
              "equity_balance_diff_neg_max": 0.3133636490548794,
              "equity_balance_diff_neg_mean": 0.026750424160342394,
              "equity_balance_diff_pos_max": 0.4726404438387814,
              "equity_balance_diff_pos_mean": 0.006137592682388033,
              "equity_choppiness": 1.2848865636190119,
              "equity_choppiness_w": 1.1455910470753319,
              "equity_jerkiness": 0.052196651746432204,
              "equity_jerkiness_w": 0.028299968966258655,
              "expected_shortfall_1pct": 0.29024224271583515,
              "exponential_fit_error": 0.14708782446718158,
              "exponential_fit_error_w": 0.01878061372610961,
              "gain": 246.30591195850255,
              "gain_per_exposure_long": 27.36732355094473,
              "gain_per_exposure_short": 0.0,
              "loss_profit_ratio": 0.003898926634419762,
              "loss_profit_ratio_long": 0.003898926634419762,
              "loss_profit_ratio_short": 1.0,
              "loss_profit_ratio_w": 0.0003898926634419762,
              "mdg": 0.010188490768194874,
              "mdg_per_exposure_long": 0.0011320545297994304,
              "mdg_per_exposure_short": 0.0,
              "mdg_w": 0.006439388611610963,
              "mdg_w_per_exposure_long": 0.0007154876235123292,
              "mdg_w_per_exposure_short": 0.0,
              "omega_ratio": 11.179292398100669,
              "omega_ratio_w": 24.487567112238942,
              "pnl_ratio_long_short": 1.0,
              "position_held_hours_max": 32.88333333333333,
              "position_held_hours_mean": 2.0707964601769913,
              "position_held_hours_median": 0.49166666666666664,
              "position_unchanged_hours_max": 24.616666666666667,
              "positions_held_per_day": 2.4972375690607733,
              "sharpe_ratio": 0.1849711157726406,
              "sharpe_ratio_w": 0.30758258972763713,
              "sortino_ratio": 0.3060556958552248,
              "sortino_ratio_w": 0.4678688773014453,
              "sterling_ratio": 0.1045629115514586,
              "sterling_ratio_w": 0.16787562087883404,
              "volume_pct_per_day_avg": 10.94504253379726,
              "volume_pct_per_day_avg_w": 8.071287233117914},
 "backtest": {"base_dir": "backtests/pbgui/HYPE_cpt_adg_omega_sharpe_grtr_100tr",
              "cache_dir": {"bybit": "caches/hlcvs_data/60347e4d92303158"},
              "coins": {"bybit": ["HYPE"]},
              "combine_ohlcvs": false,
              "compress_cache": true,
              "end_date": "2025-07-04",
              "exchanges": ["bybit", "binance"],
              "gap_tolerance_ohlcvs_minutes": 120,
              "start_date": "2020-01-01",
              "starting_balance": 1000,
              "use_btc_collateral": false},
 "bot": {"long": {"close_grid_markup_end": 0.012149,
                  "close_grid_markup_start": 0.0029143,
                  "close_grid_qty_pct": 0.18932,
                  "close_trailing_grid_ratio": -1,
                  "close_trailing_qty_pct": 0.075313,
                  "close_trailing_retracement_pct": 0.00305,
                  "close_trailing_threshold_pct": 0.0049023,
                  "ema_span_0": 691.15,
                  "ema_span_1": 737.58,
                  "enforce_exposure_limit": true,
                  "entry_grid_double_down_factor": 9.2149,
                  "entry_grid_spacing_pct": 0.02045,
                  "entry_grid_spacing_weight": 0.49673,
                  "entry_initial_ema_dist": 0.02475,
                  "entry_initial_qty_pct": 0.1001,
                  "entry_trailing_double_down_factor": 4.2922,
                  "entry_trailing_grid_ratio": -1,
                  "entry_trailing_retracement_pct": 0.00083205,
                  "entry_trailing_threshold_pct": 0.069331,
                  "filter_noisiness_rolling_window": 60,
                  "filter_volume_drop_pct": 0,
                  "filter_volume_rolling_window": 60,
                  "n_positions": 1,
                  "total_wallet_exposure_limit": 9,
                  "unstuck_close_pct": 0.0064998,
                  "unstuck_ema_dist": -0.096913,
                  "unstuck_loss_allowance_pct": 0.20688,
                  "unstuck_threshold": 0.62489},
         "short": {"close_grid_markup_end": 0.001,
                   "close_grid_markup_start": 0.001,
                   "close_grid_qty_pct": 0.1,
                   "close_trailing_grid_ratio": -1,
                   "close_trailing_qty_pct": 0.1,
                   "close_trailing_retracement_pct": 0.003,
                   "close_trailing_threshold_pct": -0.001,
                   "ema_span_0": 200,
                   "ema_span_1": 200,
                   "enforce_exposure_limit": true,
                   "entry_grid_double_down_factor": 0.6,
                   "entry_grid_spacing_pct": 0.01,
                   "entry_grid_spacing_weight": 0.2,
                   "entry_initial_ema_dist": -0.001,
                   "entry_initial_qty_pct": 0.025,
                   "entry_trailing_double_down_factor": 0.1,
                   "entry_trailing_grid_ratio": -1,
                   "entry_trailing_retracement_pct": 0,
                   "entry_trailing_threshold_pct": -0.1,
                   "filter_noisiness_rolling_window": 60,
                   "filter_volume_drop_pct": 0.53,
                   "filter_volume_rolling_window": 60,
                   "n_positions": 0,
                   "total_wallet_exposure_limit": 0,
                   "unstuck_close_pct": 0.005,
                   "unstuck_ema_dist": -0.1,
                   "unstuck_loss_allowance_pct": 0.01,
                   "unstuck_threshold": 0.55}},
 "disable_plotting": false,
 "live": {"approved_coins": {"long": ["HYPEUSDT"], "short": []},
          "auto_gs": true,
          "coin_flags": {},
          "empty_means_all_approved": false,
          "execution_delay_seconds": 2,
          "filter_by_min_effective_cost": true,
          "forced_mode_long": "",
          "forced_mode_short": "",
          "ignored_coins": {"long": [], "short": []},
          "leverage": 10,
          "market_orders_allowed": true,
          "max_n_cancellations_per_batch": 5,
          "max_n_creations_per_batch": 3,
          "max_n_restarts_per_day": 10,
          "mimic_backtest_1m_delay": false,
          "minimum_coin_age_days": 30,
          "ohlcvs_1m_rolling_window_days": 4,
          "ohlcvs_1m_update_after_minutes": 10,
          "pnls_max_lookback_days": 30,
          "price_distance_threshold": 0.002,
          "time_in_force": "good_till_cancelled",
          "user": "bybit_01"},
 "optimize": {"bounds": {"long_close_grid_markup_end": [0.001, 0.03],
                         "long_close_grid_markup_start": [0.001, 0.03],
                         "long_close_grid_qty_pct": [0.05, 0.4],
                         "long_close_trailing_grid_ratio": [-1, -1],
                         "long_close_trailing_qty_pct": [0.05, 0.25],
                         "long_close_trailing_retracement_pct": [0.003, 0.01],
                         "long_close_trailing_threshold_pct": [0.001, 0.005],
                         "long_ema_span_0": [50, 800],
                         "long_ema_span_1": [50, 800],
                         "long_entry_grid_double_down_factor": [0.4, 10],
                         "long_entry_grid_spacing_pct": [0.01, 0.12],
                         "long_entry_grid_spacing_weight": [0.2, 2],