{
    "adg": 0.037604322242955845,
    "adg_per_exposure_long": 0.004192512569732183,
    "adg_per_exposure_short": 0.0,
    "adg_w": 0.0171935051893481,
    "adg_w_per_exposure_long": 0.0019169069491100966,
    "adg_w_per_exposure_short": 0.0,
    "calmar_ratio": 0.08334227680095399,
    "calmar_ratio_w": 0.039405174665839836,
    "drawdown_worst": 0.4512034430348728,
    "drawdown_worst_mean_1pct": 0.4487537644114605,
    "equity_balance_diff_neg_max": 0.5575018944303693,
    "equity_balance_diff_neg_mean": 0.016109409033919702,
    "equity_balance_diff_pos_max": 0.8458553686290867,
    "equity_balance_diff_pos_mean": 0.008822721872518136,
    "equity_choppiness": 1.681974611809762,
    "equity_choppiness_w": 2.1705623439072697,
    "equity_jerkiness": 0.06706143199667108,
    "equity_jerkiness_w": 0.05912870984233083,
    "expected_shortfall_1pct": 0.406539274566427,
    "exponential_fit_error": 1.7922446516332518,
    "exponential_fit_error_w": 0.1911597209702622,
    "gain": 22942.56822906293,
    "gain_per_exposure_long": 2557.8710091046146,
    "gain_per_exposure_short": 0.0,
    "loss_profit_ratio": 0.04282353887055266,
    "loss_profit_ratio_long": 0.04282353887055266,
    "loss_profit_ratio_short": 1.0,
    "loss_profit_ratio_w": 0.07322192581938704,
    "mdg": 0.007874729258488132,
    "mdg_per_exposure_long": 0.0008779549644890553,
    "mdg_per_exposure_short": 0.0,
    "mdg_w": 0.003601513856832622,
    "mdg_w_per_exposure_long": 0.0004015334199425404,
    "mdg_w_per_exposure_short": 0.0,
    "omega_ratio": 12.656103144940088,
    "omega_ratio_w": 4.310745046297745,
    "pnl_ratio_long_short": 1.0,
    "position_held_hours_max": 168.81666666666666,
    "position_held_hours_mean": 3.293946692357097,
    "position_held_hours_median": 0.4166666666666667,
    "position_unchanged_hours_max": 105.38333333333334,
    "positions_held_per_day": 3.816186213710717,
    "sharpe_ratio": 0.1391288213704599,
    "sharpe_ratio_w": 0.07869134865006362,
    "sortino_ratio": 0.36621857220679394,
    "sortino_ratio_w": 0.15308797123350434,
    "sterling_ratio": 0.08379722962831036,
    "sterling_ratio_w": 0.039450669948575476,
    "volume_pct_per_day_avg": 4.391509171932112,
    "volume_pct_per_day_avg_w": 2.9481545228445825
}