{
    "adg": 0.002312471900427271,
    "adg_w": 0.0016579849732725638,
    "calmar_ratio": 0.006440086906660598,
    "calmar_ratio_w": 0.009227452747122195,
    "drawdown_worst": 0.359074641995222,
    "drawdown_worst_mean_1pct": 0.2874506417677284,
    "equity_balance_diff_neg_max": 0.3790216515934142,
    "equity_balance_diff_neg_mean": 0.04969269081823975,
    "equity_balance_diff_pos_max": 0.08471644914964899,
    "equity_balance_diff_pos_mean": 0.0004966337954985752,
    "equity_choppiness": 2.756717357790027,
    "equity_choppiness_w": 1.987372637010155,
    "equity_jerkiness": 0.009248859123987083,
    "equity_jerkiness_w": 0.005712394986788499,
    "expected_shortfall_1pct": 0.18181828159744615,
    "exponential_fit_error": 0.17486754212343417,
    "exponential_fit_error_w": 0.01865912463502684,
    "gain": 73.08422801812078,
    "loss_profit_ratio": 0.10392318390777172,
    "loss_profit_ratio_long": 0.10392318390777172,
    "loss_profit_ratio_short": 1.0,
    "loss_profit_ratio_w": 0.062362302658362546,
    "mdg": 0.00024140487145244376,
    "mdg_w": 0.00018365303509349713,
    "omega_ratio": 2.381663905041545,
    "omega_ratio_w": 3.460003590324964,
    "pnl_ratio_long_short": 1.0,
    "position_held_hours_max": 2109.3333333333335,
    "position_held_hours_mean": 220.03957219251336,
    "position_held_hours_median": 132.95,
    "position_unchanged_hours_max": 552.4333333333333,
    "positions_held_per_day": 0.10066978605427375,
    "sharpe_ratio": 0.062435870067741164,
    "sharpe_ratio_w": 0.06806533928631062,
    "sortino_ratio": 0.06215521459444437,
    "sortino_ratio_w": 0.06771727612403418,
    "sterling_ratio": 0.00804476165440549,
    "sterling_ratio_w": 0.010360333594656365
}