{
    "adg": 0.008750288722216615,
    "adg_per_exposure_long": 0.0021875721805541537,
    "adg_per_exposure_short": 0.0,
    "adg_w": 0.003922660568688396,
    "adg_w_per_exposure_long": 0.000980665142172099,
    "adg_w_per_exposure_short": 0.0,
    "calmar_ratio": 0.014472266109834993,
    "calmar_ratio_w": 0.019365107856826286,
    "drawdown_worst": 0.6046246424580416,
    "drawdown_worst_mean_1pct": 0.30558314285251587,
    "equity_balance_diff_neg_max": 0.7306401548134227,
    "equity_balance_diff_neg_mean": 0.002099570929259989,
    "equity_balance_diff_pos_max": 0.741746626868394,
    "equity_balance_diff_pos_mean": 0.002213504033213893,
    "equity_choppiness": 1.405300136287846,
    "equity_choppiness_w": 1.4580432305453976,
    "equity_jerkiness": 0.017213022831952893,
    "equity_jerkiness_w": 0.008995622737309346,
    "expected_shortfall_1pct": 0.2925200229848925,
    "exponential_fit_error": 3.174147183156732,
    "exponential_fit_error_w": 0.3295415055000367,
    "gain": 5624331.454780178,
    "gain_per_exposure_long": 1406082.8636950445,
    "gain_per_exposure_short": 0.0,
    "loss_profit_ratio": 0.01952308855803617,
    "loss_profit_ratio_long": 0.01952308855803617,
    "loss_profit_ratio_short": 1.0,
    "loss_profit_ratio_w": 0.022472050002087712,
    "mdg": 0.0005183707242456424,
    "mdg_per_exposure_long": 0.0001295926810614106,
    "mdg_per_exposure_short": 0.0,
    "mdg_w": 0.0004130712882920213,
    "mdg_w_per_exposure_long": 0.00010326782207300533,
    "mdg_w_per_exposure_short": 0.0,
    "omega_ratio": 16.617672564608483,
    "omega_ratio_w": 7.828627564835173,
    "pnl_ratio_long_short": 1.0,
    "position_held_hours_max": 388.81666666666666,
    "position_held_hours_mean": 2.430831787977129,
    "position_held_hours_median": 0.23333333333333334,
    "position_unchanged_hours_max": 388.15,
    "positions_held_per_day": 4.836322869955157,
    "sharpe_ratio": 0.03852271431745476,
    "sharpe_ratio_w": 0.07630782341507136,
    "sortino_ratio": 0.16074085655112808,
    "sortino_ratio_w": 0.1382644895408684,
    "sterling_ratio": 0.02863472323942876,
    "sterling_ratio_w": 0.023260509523752738,
    "volume_pct_per_day_avg": 1.145369744911611,
    "volume_pct_per_day_avg_w": 0.8485312624479372
}