{"analysis": {"adg": 0.008750288722216615,
              "adg_per_exposure_long": 0.0021875721805541537,
              "adg_per_exposure_short": 0.0,
              "adg_w": 0.003922660568688396,
              "adg_w_per_exposure_long": 0.000980665142172099,
              "adg_w_per_exposure_short": 0.0,
              "calmar_ratio": 0.014472266109834993,
              "calmar_ratio_w": 0.019365107856826286,
              "drawdown_worst": 0.6046246424580416,
              "drawdown_worst_mean_1pct": 0.30558314285251587,
              "equity_balance_diff_neg_max": 0.7306401548134227,
              "equity_balance_diff_neg_mean": 0.002099570929259989,
              "equity_balance_diff_pos_max": 0.741746626868394,
              "equity_balance_diff_pos_mean": 0.002213504033213893,
              "equity_choppiness": 1.405300136287846,
              "equity_choppiness_w": 1.4580432305453976,
              "equity_jerkiness": 0.017213022831952893,
              "equity_jerkiness_w": 0.008995622737309346,
              "expected_shortfall_1pct": 0.2925200229848925,
              "exponential_fit_error": 3.174147183156732,
              "exponential_fit_error_w": 0.3295415055000367,
              "gain": 5624331.454780178,
              "gain_per_exposure_long": 1406082.8636950445,
              "gain_per_exposure_short": 0.0,
              "loss_profit_ratio": 0.01952308855803617,
              "loss_profit_ratio_long": 0.01952308855803617,
              "loss_profit_ratio_short": 1.0,
              "loss_profit_ratio_w": 0.022472050002087712,
              "mdg": 0.0005183707242456424,
              "mdg_per_exposure_long": 0.0001295926810614106,
              "mdg_per_exposure_short": 0.0,
              "mdg_w": 0.0004130712882920213,
              "mdg_w_per_exposure_long": 0.00010326782207300533,
              "mdg_w_per_exposure_short": 0.0,
              "omega_ratio": 16.617672564608483,
              "omega_ratio_w": 7.828627564835173,
              "pnl_ratio_long_short": 1.0,
              "position_held_hours_max": 388.81666666666666,
              "position_held_hours_mean": 2.430831787977129,
              "position_held_hours_median": 0.23333333333333334,
              "position_unchanged_hours_max": 388.15,
              "positions_held_per_day": 4.836322869955157,
              "sharpe_ratio": 0.03852271431745476,
              "sharpe_ratio_w": 0.07630782341507136,
              "sortino_ratio": 0.16074085655112808,
              "sortino_ratio_w": 0.1382644895408684,
              "sterling_ratio": 0.02863472323942876,
              "sterling_ratio_w": 0.023260509523752738,
              "volume_pct_per_day_avg": 1.145369744911611,
              "volume_pct_per_day_avg_w": 0.8485312624479372},
 "backtest": {"base_dir": "backtests/pbgui/HYPE_adg_sharpe_omega_new_markup_grtr_TWE9",
              "cache_dir": {"binance": "caches/hlcvs_data/5a3449d824db36a2"},
              "coins": {"binance": ["DOGE", "SOL"]},
              "combine_ohlcvs": false,
              "compress_cache": true,
              "end_date": "2025-06-26",
              "exchanges": ["bybit", "binance"],
              "gap_tolerance_ohlcvs_minutes": 120,
              "start_date": "2020-01-01",
              "starting_balance": 1000,
              "use_btc_collateral": false},
 "bot": {"long": {"close_grid_markup_end": 0.028315,
                  "close_grid_markup_start": 0.029208,
                  "close_grid_qty_pct": 0.1765,
                  "close_trailing_grid_ratio": 0.65481,
                  "close_trailing_qty_pct": 0.059771,
                  "close_trailing_retracement_pct": 0.003463,
                  "close_trailing_threshold_pct": 0.0039454,
                  "ema_span_0": 414.91,
                  "ema_span_1": 541.18,
                  "enforce_exposure_limit": true,
                  "entry_grid_double_down_factor": 6.0799,
                  "entry_grid_spacing_pct": 0.078757,
                  "entry_grid_spacing_weight": 0.92778,
                  "entry_initial_ema_dist": 0.0095669,
                  "entry_initial_qty_pct": 0.010072,
                  "entry_trailing_double_down_factor": 4.4296,
                  "entry_trailing_grid_ratio": -0.16555,
                  "entry_trailing_retracement_pct": 0.010576,
                  "entry_trailing_threshold_pct": -0.0033816,
                  "filter_noisiness_rolling_window": 60,
                  "filter_volume_drop_pct": 0,
                  "filter_volume_rolling_window": 60,
                  "n_positions": 1,
                  "total_wallet_exposure_limit": 4,
                  "unstuck_close_pct": 0.046403,
                  "unstuck_ema_dist": -0.033624,
                  "unstuck_loss_allowance_pct": 0.23443,
                  "unstuck_threshold": 0.63368},
         "short": {"close_grid_markup_end": 0.001,
                   "close_grid_markup_start": 0.001,
                   "close_grid_qty_pct": 0.05,
                   "close_trailing_grid_ratio": -1,
                   "close_trailing_qty_pct": 0.05,
                   "close_trailing_retracement_pct": 0,
                   "close_trailing_threshold_pct": -0.1,
                   "ema_span_0": 200,
                   "ema_span_1": 200,
                   "enforce_exposure_limit": true,
                   "entry_grid_double_down_factor": 0.1,
                   "entry_grid_spacing_pct": 0.01,
                   "entry_grid_spacing_weight": 0.2,
                   "entry_initial_ema_dist": -0.1,
                   "entry_initial_qty_pct": 0.025,
                   "entry_trailing_double_down_factor": 0.1,
                   "entry_trailing_grid_ratio": -1,
                   "entry_trailing_retracement_pct": 0,
                   "entry_trailing_threshold_pct": -0.1,
                   "filter_noisiness_rolling_window": 10,
                   "filter_volume_drop_pct": 0,
                   "filter_volume_rolling_window": 10,
                   "n_positions": 0,
                   "total_wallet_exposure_limit": 0,
                   "unstuck_close_pct": 0.005,
                   "unstuck_ema_dist": -0.1,
                   "unstuck_loss_allowance_pct": 0.01,
                   "unstuck_threshold": 0.7}},
 "disable_plotting": false,
 "live": {"approved_coins": {"long": ["DOGEUSDT", "SOLUSDT"], "short": []},
          "auto_gs": true,
          "coin_flags": {},
          "empty_means_all_approved": false,
          "execution_delay_seconds": 2,
          "filter_by_min_effective_cost": true,
          "forced_mode_long": "",
          "forced_mode_short": "",
          "ignored_coins": {"long": [], "short": []},
          "leverage": 10,
          "market_orders_allowed": true,
          "max_n_cancellations_per_batch": 5,
          "max_n_creations_per_batch": 3,
          "max_n_restarts_per_day": 10,
          "mimic_backtest_1m_delay": false,
          "minimum_coin_age_days": 30,
          "ohlcvs_1m_rolling_window_days": 4,
          "ohlcvs_1m_update_after_minutes": 10,
          "pnls_max_lookback_days": 30,
          "price_distance_threshold": 0.002,
          "time_in_force": "good_till_cancelled",
          "user": "bybit_01"},
 "optimize": {"bounds": {"long_close_grid_markup_end": [0.001, 0.03],
                         "long_close_grid_markup_start": [0.001, 0.03],
                         "long_close_grid_qty_pct": [0.05, 0.4],
                         "long_close_trailing_grid_ratio": [-1, 1],
                         "long_close_trailing_qty_pct": [0.05, 0.25],
                         "long_close_trailing_retracement_pct": [0.003, 0.01],
                         "long_close_trailing_threshold_pct": [0.001, 0.005],
                         "long_ema_span_0": [100, 800],
                         "long_ema_span_1": [100, 800],
                         "long_entry_grid_double_down_factor": [0.4, 10],
                         "long_entry_grid_spacing_pct": [0.01, 0.12],