{
    "adg_btc": 0.0010258273014793762,
    "adg_per_exposure_long_btc": 0.00025645682536984404,
    "adg_per_exposure_long_usd": 0.00034558426454323055,
    "adg_per_exposure_short_btc": 0.0,
    "adg_per_exposure_short_usd": 0.0,
    "adg_pnl": 0.0037762862051063015,
    "adg_pnl_w": 0.001221532783085015,
    "adg_strategy_eq": 0.0013823370581729222,
    "adg_strategy_eq_w": 0.00036191474024553915,
    "adg_usd": 0.0013823370581729222,
    "adg_w_btc": 0.0013517867028967178,
    "adg_w_per_exposure_long_btc": 0.00033794667572417946,
    "adg_w_per_exposure_long_usd": 9.047868506138479e-05,
    "adg_w_per_exposure_short_btc": 0.0,
    "adg_w_per_exposure_short_usd": 0.0,
    "adg_w_usd": 0.00036191474024553915,
    "backtest_completion_ratio": 1.0,
    "calmar_ratio_btc": 0.0014458903276180443,
    "calmar_ratio_strategy_eq": 0.004710666857610111,
    "calmar_ratio_strategy_eq_w": 0.0028279150997740222,
    "calmar_ratio_usd": 0.004710666857610113,
    "calmar_ratio_w_btc": 0.005509596084257244,
    "calmar_ratio_w_usd": 0.003549102847410284,
    "drawdown_worst_btc": 0.7094779471755104,
    "drawdown_worst_ema_strategy_eq": 0.0,
    "drawdown_worst_ema_strategy_eq_long": 0.0,
    "drawdown_worst_ema_strategy_eq_short": 0.0,
    "drawdown_worst_mean_1pct_btc": 0.7033582071131871,
    "drawdown_worst_mean_1pct_ema_strategy_eq": 0.0,
    "drawdown_worst_mean_1pct_ema_strategy_eq_long": 0.0,
    "drawdown_worst_mean_1pct_ema_strategy_eq_short": 0.0,
    "drawdown_worst_mean_1pct_strategy_eq": 0.195980642697302,
    "drawdown_worst_mean_1pct_strategy_eq_long": 0.0,
    "drawdown_worst_mean_1pct_strategy_eq_short": 0.0,
    "drawdown_worst_mean_1pct_usd": 0.1959806426973028,
    "drawdown_worst_strategy_eq": 0.29344827387649974,
    "drawdown_worst_strategy_eq_long": 0.0,
    "drawdown_worst_strategy_eq_short": 0.0,
    "drawdown_worst_usd": 0.29344827387649963,
    "entry_initial_balance_pct_long": 0.047412,
    "entry_initial_balance_pct_short": 0.0,
    "entry_interval_hours_max": 1270.2166666666667,
    "entry_interval_hours_mean": 26.43010387157696,
    "entry_interval_hours_median": 1.6666666666666667,
    "entry_interval_hours_p95": 135.39,
    "entry_interval_hours_p99": 306.78533333333206,
    "equity_balance_diff_neg_max_btc": 0.41290414961877936,
    "equity_balance_diff_neg_max_usd": 0.23661546263217617,
    "equity_balance_diff_neg_mean_btc": 0.11633537598578297,
    "equity_balance_diff_neg_mean_usd": 0.03296646837117206,
    "equity_balance_diff_pos_max_btc": 3.104548133096298,
    "equity_balance_diff_pos_max_usd": 1.6184002046386545,
    "equity_balance_diff_pos_mean_btc": 0.2149562690545142,
    "equity_balance_diff_pos_mean_usd": 0.052780732979850135,
    "equity_choppiness_btc": 21.0326768258892,
    "equity_choppiness_usd": 1.493481665596582,
    "equity_choppiness_w_btc": 32.26169427373563,
    "equity_choppiness_w_usd": 1.6176158787025892,
    "equity_jerkiness_btc": 0.023043400597404954,
    "equity_jerkiness_usd": 0.0032048726811005727,
    "equity_jerkiness_w_btc": 0.015005153390988193,
    "equity_jerkiness_w_usd": 0.000900625049895408,
    "expected_shortfall_1pct_btc": 0.18307029497175434,
    "expected_shortfall_1pct_strategy_eq": 0.07684350466827428,
    "expected_shortfall_1pct_usd": 0.07684350466827426,
    "exponential_fit_error_btc": 0.2789971604358919,
    "exponential_fit_error_usd": 0.0566470730006874,
    "exponential_fit_error_w_btc": 0.04419748433261471,
    "exponential_fit_error_w_usd": 0.006816555963101078,
    "exposure_mean_ratio_btc": 0.052173385536885726,
    "exposure_mean_ratio_usd": 0.07030540537766168,
    "exposure_mean_ratio_w_btc": 0.13954831879705468,
    "exposure_mean_ratio_w_usd": 0.03077757294566442,
    "exposure_ratio_btc": 0.0002473531876463969,
    "exposure_ratio_usd": 0.00033331680415184326,
    "exposure_ratio_w_btc": 0.0006489442892003594,
    "exposure_ratio_w_usd": 0.00012167173869590334,
    "gain_btc": 7.361487519216775,
    "gain_per_exposure_long_btc": 1.8403718798041937,
    "gain_per_exposure_long_usd": 3.6812684695518634,
    "gain_per_exposure_short_btc": 0.0,
    "gain_per_exposure_short_usd": 0.0,
    "gain_strategy_eq": 14.72507387820749,
    "gain_usd": 14.725073878207454,
    "hard_stop_duration_minutes_max": 0.0,
    "hard_stop_duration_minutes_mean": 0.0,
    "hard_stop_flatten_time_minutes_mean": 0.0,
    "hard_stop_halt_to_restart_equity_loss_pct": 0.0,
    "hard_stop_panic_close_loss_max": 0.0,
    "hard_stop_panic_close_loss_sum": 0.0,
    "hard_stop_post_restart_retrigger_pct": 0.0,
    "hard_stop_restarts": 0,
    "hard_stop_restarts_long": 0,
    "hard_stop_restarts_per_year": 0.0,
    "hard_stop_restarts_per_year_long": 0.0,
    "hard_stop_restarts_per_year_short": 0.0,
    "hard_stop_restarts_short": 0,
    "hard_stop_time_in_orange_pct": 0.0,
    "hard_stop_time_in_red_pct": 0.0,
    "hard_stop_time_in_yellow_pct": 0.0,
    "hard_stop_trigger_drawdown_mean": 0.0,
    "hard_stop_triggers": 0,
    "hard_stop_triggers_long": 0,
    "hard_stop_triggers_per_year": 0.0,
    "hard_stop_triggers_short": 0,
    "high_exposure_days_max_long": 3.536111111111111,
    "high_exposure_days_max_short": 0.0,
    "high_exposure_days_mean_long": 0.10396096263301163,
    "high_exposure_days_mean_short": 0.0,
    "high_exposure_hours_max_long": 84.86666666666666,
    "high_exposure_hours_max_short": 0.0,
    "high_exposure_hours_mean_long": 2.495063103192279,
    "high_exposure_hours_mean_short": 0.0,
    "liquidated": false,
    "long_short_profit_ratio": 1.0,
    "loss_profit_ratio": 0.15829608343956825,
    "loss_profit_ratio_long": 0.15829608343956825,
    "loss_profit_ratio_short": 1.0,
    "loss_profit_ratio_w": 0.22516430037391225,
    "mdg_btc": 0.0,
    "mdg_per_exposure_long_btc": 0.0,
    "mdg_per_exposure_long_usd": 0.0,
    "mdg_per_exposure_short_btc": 0.0,
    "mdg_per_exposure_short_usd": 0.0,
    "mdg_pnl": 0.0002714662900013551,
    "mdg_pnl_w": 0.0001801800038245933,
    "mdg_strategy_eq": 0.0,
    "mdg_strategy_eq_w": 0.0,
    "mdg_usd": 0.0,
    "mdg_w_btc": 0.0,
    "mdg_w_per_exposure_long_btc": 0.0,
    "mdg_w_per_exposure_long_usd": 0.0,
    "mdg_w_per_exposure_short_btc": 0.0,
    "mdg_w_per_exposure_short_usd": 0.0,
    "mdg_w_usd": 0.0,
    "omega_ratio_btc": 1.3009638947244728,
    "omega_ratio_strategy_eq": 7.039113256949207,
    "omega_ratio_strategy_eq_w": 5.276995899313563,
    "omega_ratio_usd": 7.03911325694916,
    "omega_ratio_w_btc": 1.5148528929657399,
    "omega_ratio_w_usd": 5.276995899313459,
    "paper_loss_mean_ratio_btc": 0.008817844897022035,
    "paper_loss_mean_ratio_usd": 0.04193160888843417,
    "paper_loss_mean_ratio_w_btc": 0.20962629849965547,
    "paper_loss_mean_ratio_w_usd": 0.14169460786606788,
    "paper_loss_ratio_btc": 0.0024844199372335888,
    "paper_loss_ratio_usd": 0.0058421247825286675,
    "paper_loss_ratio_w_btc": 0.0563473249041328,
    "paper_loss_ratio_w_usd": 0.009636609059871789,
    "peak_recovery_days_equity_btc": 142.94444444444443,
    "peak_recovery_days_equity_usd": 432.21875,
    "peak_recovery_days_pnl": 383.11944444444447,
    "peak_recovery_days_strategy_eq": 432.21875,
    "peak_recovery_days_strategy_eq_long": 0.0,
    "peak_recovery_days_strategy_eq_short": 0.0,
    "peak_recovery_hours_equity_btc": 3430.6666666666665,
    "peak_recovery_hours_equity_usd": 10373.25,
    "peak_recovery_hours_pnl": 9194.866666666667,
    "peak_recovery_hours_strategy_eq": 10373.25,
    "peak_recovery_hours_strategy_eq_long": 0.0,
    "peak_recovery_hours_strategy_eq_short": 0.0,
    "pnl_ratio_long_short": 1.0,
    "position_held_days_max": 3.738888888888889,
    "position_held_days_mean": 0.07461733095193332,
    "position_held_days_median": 0.015972222222222224,
    "position_held_hours_max": 89.73333333333333,
    "position_held_hours_mean": 1.7908159428463997,
    "position_held_hours_median": 0.38333333333333336,
    "position_unchanged_days_max": 3.0083333333333333,
    "position_unchanged_hours_max": 72.2,