{
    "adg": 0.0028730617428218697,
    "adg_per_exposure_long": 0.0003564902339932587,
    "adg_per_exposure_short": 0.0,
    "adg_w": 0.0028614828865538787,
    "adg_w_per_exposure_long": 0.00035505352655365585,
    "adg_w_per_exposure_short": 0.0,
    "calmar_ratio": 0.006263752186031984,
    "calmar_ratio_w": 0.009689181533713887,
    "drawdown_worst": 0.45868062105469753,
    "drawdown_worst_mean_1pct": 0.24447539896776982,
    "equity_balance_diff_neg_max": 0.4752771799770282,
    "equity_balance_diff_neg_mean": 0.011142558691873881,
    "equity_balance_diff_pos_max": 0.1767339117397966,
    "equity_balance_diff_pos_mean": 0.0022267482655042993,
    "equity_choppiness": 1.27167020943047,
    "equity_choppiness_w": 1.1839036669532326,
    "equity_jerkiness": 0.005639873666946988,
    "equity_jerkiness_w": 0.005679452082066419,
    "expected_shortfall_1pct": 0.2276617269415556,
    "exponential_fit_error": 0.03937670922209943,
    "exponential_fit_error_w": 0.010250742875104125,
    "gain": 230.33039308537934,
    "gain_per_exposure_long": 28.579453933391154,
    "gain_per_exposure_short": 0.0,
    "loss_profit_ratio": 0.026368420854249657,
    "loss_profit_ratio_long": 0.026368420854249657,
    "loss_profit_ratio_short": 1.0,
    "loss_profit_ratio_w": 0.032921738012782295,
    "mdg": 0.0,
    "mdg_per_exposure_long": 0.0,
    "mdg_per_exposure_short": 0.0,
    "mdg_w": 0.0,
    "mdg_w_per_exposure_long": 0.0,
    "mdg_w_per_exposure_short": 0.0,
    "omega_ratio": 11.714711792234501,
    "omega_ratio_w": 14.704441503019655,
    "pnl_ratio_long_short": 1.0,
    "position_held_hours_max": 305.73333333333335,
    "position_held_hours_mean": 1.8056502379855672,
    "position_held_hours_median": 0.16666666666666666,
    "position_unchanged_hours_max": 161.93333333333334,
    "positions_held_per_day": 1.1453089898754545,
    "sharpe_ratio": 0.04322510420277491,
    "sharpe_ratio_w": 0.05517848980777042,
    "sortino_ratio": 0.0401273313048098,
    "sortino_ratio_w": 0.04427748276299236,
    "sterling_ratio": 0.011751946228342742,
    "sterling_ratio_w": 0.01170654316859981,
    "volume_pct_per_day_avg": 2.5506131292786636,
    "volume_pct_per_day_avg_w": 2.926419744089274
}