{
    "adg": 0.012074065886438223,
    "adg_per_exposure_long": 0.0025575771328429373,
    "adg_per_exposure_short": 0.0,
    "adg_w": 0.0076212209157897615,
    "adg_w_per_exposure_long": 0.0016143576258318881,
    "adg_w_per_exposure_short": 0.0,
    "calmar_ratio": 0.028471027491927647,
    "calmar_ratio_w": 0.027884969325368558,
    "drawdown_worst": 0.42408254812235235,
    "drawdown_worst_mean_1pct": 0.29346646566157686,
    "equity_balance_diff_neg_max": 0.4264617726204062,
    "equity_balance_diff_neg_mean": 0.022094264560194525,
    "equity_balance_diff_pos_max": 0.5276167260669111,
    "equity_balance_diff_pos_mean": 0.006567363753743904,
    "equity_choppiness": 2.0993794015695677,
    "equity_choppiness_w": 2.6398097005252708,
    "equity_jerkiness": 0.028287814568221343,
    "equity_jerkiness_w": 0.028081420364910563,
    "expected_shortfall_1pct": 0.24963346266068714,
    "exponential_fit_error": 0.25635783712063376,
    "exponential_fit_error_w": 0.03994230767512191,
    "gain": 8411.222743144215,
    "gain_per_exposure_long": 1781.6989860289807,
    "gain_per_exposure_short": 0.0,
    "loss_profit_ratio": 0.03813702744227042,
    "loss_profit_ratio_long": 0.03813702744227042,
    "loss_profit_ratio_short": 1.0,
    "loss_profit_ratio_w": 0.044911065181403594,
    "mdg": 0.00348098618761197,
    "mdg_per_exposure_long": 0.0007373564760134656,
    "mdg_per_exposure_short": 0.0,
    "mdg_w": 0.0018388082118134977,
    "mdg_w_per_exposure_long": 0.0003895037411962756,
    "mdg_w_per_exposure_short": 0.0,
    "omega_ratio": 5.019486341333791,
    "omega_ratio_w": 2.857156383484853,
    "pnl_ratio_long_short": 1.0,
    "position_held_hours_max": 230.31666666666666,
    "position_held_hours_mean": 4.4264712413946254,
    "position_held_hours_median": 0.7833333333333333,
    "position_unchanged_hours_max": 169.78333333333333,
    "positions_held_per_day": 1.9933598937583001,
    "sharpe_ratio": 0.11401801503211109,
    "sharpe_ratio_w": 0.10091501347689406,
    "sortino_ratio": 0.21700756021693507,
    "sortino_ratio_w": 0.14363077861766987,
    "sterling_ratio": 0.04114291511712939,
    "sterling_ratio_w": 0.029901356113263673,
    "volume_pct_per_day_avg": 3.033954510761898,
    "volume_pct_per_day_avg_w": 2.3403839187421527
}