{"analysis": {"adg": 0.056827855971149255,
              "adg_per_exposure_long": 0.006314206219016584,
              "adg_per_exposure_short": 0.0,
              "adg_w": 0.03619327137833692,
              "adg_w_per_exposure_long": 0.004021474597592991,
              "adg_w_per_exposure_short": 0.0,
              "calmar_ratio": 0.11675464604645351,
              "calmar_ratio_w": 0.17430159044675014,
              "drawdown_worst": 0.48672886172374663,
              "drawdown_worst_mean_1pct": 0.48672886172374663,
              "equity_balance_diff_neg_max": 0.5324174864001336,
              "equity_balance_diff_neg_mean": 0.026573122325434226,
              "equity_balance_diff_pos_max": 0.9874048689782001,
              "equity_balance_diff_pos_mean": 0.025473865476636173,
              "equity_choppiness": 1.2730760686963494,
              "equity_choppiness_w": 1.0839099794407572,
              "equity_jerkiness": 0.09973530398533356,
              "equity_jerkiness_w": 0.053419964371026175,
              "expected_shortfall_1pct": 0.4867288617237466,
              "exponential_fit_error": 0.6315007185096787,
              "exponential_fit_error_w": 0.08139939237695895,
              "gain": 22119.209394460937,
              "gain_per_exposure_long": 2457.6899327178817,
              "gain_per_exposure_short": 0.0,
              "loss_profit_ratio": 0.0044919771124492715,
              "loss_profit_ratio_long": 0.0044919771124492715,
              "loss_profit_ratio_short": 1.0,
              "loss_profit_ratio_w": 0.0007408562599943243,
              "mdg": 0.010754851514954313,
              "mdg_per_exposure_long": 0.0011949835016615902,
              "mdg_per_exposure_short": 0.0,
              "mdg_w": 0.0069794057390179035,
              "mdg_w_per_exposure_long": 0.0007754895265575448,
              "mdg_w_per_exposure_short": 0.0,
              "omega_ratio": 20.199684097338945,
              "omega_ratio_w": 50.23373547432571,
              "pnl_ratio_long_short": 1.0,
              "position_held_hours_max": 58.71666666666667,
              "position_held_hours_mean": 1.6589254766031196,
              "position_held_hours_median": 0.25,
              "position_unchanged_hours_max": 58.71666666666667,
              "positions_held_per_day": 3.1878453038674035,
              "sharpe_ratio": 0.16156960288893724,
              "sharpe_ratio_w": 0.24457028486990487,
              "sortino_ratio": 0.399197316137109,
              "sortino_ratio_w": 0.46113845758737115,
              "sterling_ratio": 0.11675464604645351,
              "sterling_ratio_w": 0.17430159044675014,
              "volume_pct_per_day_avg": 14.072492232884768,
              "volume_pct_per_day_avg_w": 8.21405451704425},
 "backtest": {"base_dir": "backtests/pbgui/HYPE_cpt_adg_omega_sharpe_grtr_maxdd75",
              "cache_dir": {"bybit": "caches/hlcvs_data/60347e4d92303158"},
              "coins": {"bybit": ["HYPE"]},
              "combine_ohlcvs": false,
              "compress_cache": true,
              "end_date": "2025-07-04",
              "exchanges": ["bybit", "binance"],
              "gap_tolerance_ohlcvs_minutes": 120,
              "start_date": "2020-01-01",
              "starting_balance": 1000,
              "use_btc_collateral": false},
 "bot": {"long": {"close_grid_markup_end": 0.029342,
                  "close_grid_markup_start": 0.0054216,
                  "close_grid_qty_pct": 0.30215,
                  "close_trailing_grid_ratio": -0.51936,
                  "close_trailing_qty_pct": 0.16598,
                  "close_trailing_retracement_pct": 0.0054476,
                  "close_trailing_threshold_pct": 0.0046651,
                  "ema_span_0": 765.26,
                  "ema_span_1": 686.62,
                  "enforce_exposure_limit": true,
                  "entry_grid_double_down_factor": 5.8913,
                  "entry_grid_spacing_pct": 0.056642,
                  "entry_grid_spacing_weight": 1.2089,
                  "entry_initial_ema_dist": 0.024987,
                  "entry_initial_qty_pct": 0.084242,
                  "entry_trailing_double_down_factor": 7.1412,
                  "entry_trailing_grid_ratio": -0.7229,
                  "entry_trailing_retracement_pct": 0.018429,
                  "entry_trailing_threshold_pct": -0.08846,
                  "filter_noisiness_rolling_window": 60,
                  "filter_volume_drop_pct": 0,
                  "filter_volume_rolling_window": 60,
                  "n_positions": 1,
                  "total_wallet_exposure_limit": 9,
                  "unstuck_close_pct": 0.0090164,
                  "unstuck_ema_dist": -0.021185,
                  "unstuck_loss_allowance_pct": 0.1395,
                  "unstuck_threshold": 0.57927},
         "short": {"close_grid_markup_end": 0.001,
                   "close_grid_markup_start": 0.001,
                   "close_grid_qty_pct": 0.1,
                   "close_trailing_grid_ratio": -1,
                   "close_trailing_qty_pct": 0.1,
                   "close_trailing_retracement_pct": 0.003,
                   "close_trailing_threshold_pct": -0.001,
                   "ema_span_0": 200,
                   "ema_span_1": 200,
                   "enforce_exposure_limit": true,
                   "entry_grid_double_down_factor": 0.6,
                   "entry_grid_spacing_pct": 0.01,
                   "entry_grid_spacing_weight": 0.2,
                   "entry_initial_ema_dist": -0.001,
                   "entry_initial_qty_pct": 0.025,
                   "entry_trailing_double_down_factor": 0.1,
                   "entry_trailing_grid_ratio": -1,
                   "entry_trailing_retracement_pct": 0,
                   "entry_trailing_threshold_pct": -0.1,
                   "filter_noisiness_rolling_window": 60,
                   "filter_volume_drop_pct": 0.53,
                   "filter_volume_rolling_window": 60,
                   "n_positions": 0,
                   "total_wallet_exposure_limit": 0,
                   "unstuck_close_pct": 0.005,
                   "unstuck_ema_dist": -0.1,
                   "unstuck_loss_allowance_pct": 0.01,
                   "unstuck_threshold": 0.55}},
 "disable_plotting": false,
 "live": {"approved_coins": {"long": ["HYPEUSDT"], "short": []},
          "auto_gs": true,
          "coin_flags": {},
          "empty_means_all_approved": false,
          "execution_delay_seconds": 2,
          "filter_by_min_effective_cost": true,
          "forced_mode_long": "",
          "forced_mode_short": "",
          "ignored_coins": {"long": [], "short": []},
          "leverage": 10,
          "market_orders_allowed": true,
          "max_n_cancellations_per_batch": 5,
          "max_n_creations_per_batch": 3,
          "max_n_restarts_per_day": 10,
          "mimic_backtest_1m_delay": false,
          "minimum_coin_age_days": 30,
          "ohlcvs_1m_rolling_window_days": 4,
          "ohlcvs_1m_update_after_minutes": 10,
          "pnls_max_lookback_days": 30,
          "price_distance_threshold": 0.002,
          "time_in_force": "good_till_cancelled",
          "user": "bybit_01"},
 "optimize": {"bounds": {"long_close_grid_markup_end": [0.001, 0.03],
                         "long_close_grid_markup_start": [0.001, 0.03],
                         "long_close_grid_qty_pct": [0.05, 0.4],
                         "long_close_trailing_grid_ratio": [-1, 1],
                         "long_close_trailing_qty_pct": [0.05, 0.25],
                         "long_close_trailing_retracement_pct": [0.003, 0.01],
                         "long_close_trailing_threshold_pct": [0.001, 0.005],
                         "long_ema_span_0": [50, 800],
                         "long_ema_span_1": [50, 800],
                         "long_entry_grid_double_down_factor": [0.4, 10],
                         "long_entry_grid_spacing_pct": [0.01, 0.12],
                         "long_entry_grid_spacing_weight": [0.2, 2],