{
    "adg": 0.0058431158625738,
    "adg_per_exposure_long": 0.0008248910655147596,
    "adg_per_exposure_short": 0.0,
    "adg_w": 0.0025816025884884295,
    "adg_w_per_exposure_long": 0.0003644529665403303,
    "adg_w_per_exposure_short": 0.0,
    "calmar_ratio": 0.011733203134163157,
    "calmar_ratio_w": 0.008041548000010296,
    "drawdown_worst": 0.49799835524543196,
    "drawdown_worst_mean_1pct": 0.27490062805755267,
    "equity_balance_diff_neg_max": 0.6433948478237601,
    "equity_balance_diff_neg_mean": 0.014518589931794945,
    "equity_balance_diff_pos_max": 1.5501102435516168,
    "equity_balance_diff_pos_mean": 0.00986253862577777,
    "equity_choppiness": 1.074857876256295,
    "equity_choppiness_w": 1.0111032245895584,
    "equity_jerkiness": 0.010078113812093897,
    "equity_jerkiness_w": 0.004838253985254708,
    "expected_shortfall_1pct": 0.24529468501314966,
    "exponential_fit_error": 2.1346955857716603,
    "exponential_fit_error_w": 0.21922392907200966,
    "gain": 143431.71679743179,
    "gain_per_exposure_long": 20248.707107705482,
    "gain_per_exposure_short": 0.0,
    "loss_profit_ratio": 0.031187142470679812,
    "loss_profit_ratio_long": 0.031187142470679812,
    "loss_profit_ratio_short": 1.0,
    "loss_profit_ratio_w": 0.011186955087109356,
    "mdg": 0.0,
    "mdg_per_exposure_long": 0.0,
    "mdg_per_exposure_short": 0.0,
    "mdg_w": 0.0,
    "mdg_w_per_exposure_long": 0.0,
    "mdg_w_per_exposure_short": 0.0,
    "omega_ratio": 43.993585579626526,
    "omega_ratio_w": 609.6781212078706,
    "pnl_ratio_long_short": 1.0,
    "position_held_hours_max": 73.35,
    "position_held_hours_mean": 0.23205360513401282,
    "position_held_hours_median": 0.08333333333333333,
    "position_unchanged_hours_max": 36.85,
    "positions_held_per_day": 2.1663395485770365,
    "sharpe_ratio": 0.03951642015060604,
    "sharpe_ratio_w": 0.043622401282412224,
    "sortino_ratio": 0.09495325653353284,
    "sortino_ratio_w": 0.05914405060719885,
    "sterling_ratio": 0.021255374728902026,
    "sterling_ratio_w": 0.016663438454352912,
    "volume_pct_per_day_avg": 1.7957653730418404,
    "volume_pct_per_day_avg_w": 1.2518384974421586
}