{"analysis": {"adg": 0.0064277572436552965,
              "adg_per_exposure_long": 0.0012855514487310593,
              "adg_per_exposure_short": 0.0,
              "adg_w": 0.002666424736759132,
              "adg_w_per_exposure_long": 0.0005332849473518264,
              "adg_w_per_exposure_short": 0.0,
              "calmar_ratio": 0.01600443978625417,
              "calmar_ratio_w": 0.008009955605936484,
              "drawdown_worst": 0.40162338260511576,
              "drawdown_worst_mean_1pct": 0.2702240269208652,
              "equity_balance_diff_neg_max": 0.4648044645550748,
              "equity_balance_diff_neg_mean": 0.0037769876975804286,
              "equity_balance_diff_pos_max": 0.4759774176912168,
              "equity_balance_diff_pos_mean": 0.0034955260812488138,
              "equity_choppiness": 1.2309533559979522,
              "equity_choppiness_w": 1.401161961597397,
              "equity_jerkiness": 0.010348769247181928,
              "equity_jerkiness_w": 0.00525618609369104,
              "expected_shortfall_1pct": 0.2528302088426325,
              "exponential_fit_error": 2.8325019029039495,
              "exponential_fit_error_w": 0.29038496820571574,
              "gain": 323266.0266643407,
              "gain_per_exposure_long": 64653.205332868136,
              "gain_per_exposure_short": 0.0,
              "loss_profit_ratio": 0.04132083109548379,
              "loss_profit_ratio_long": 0.04132083109548379,
              "loss_profit_ratio_short": 1.0,
              "loss_profit_ratio_w": 0.05929815374172529,
              "mdg": 0.0009127814055244921,
              "mdg_per_exposure_long": 0.00018255628110489842,
              "mdg_per_exposure_short": 0.0,
              "mdg_w": 0.0004817544340843352,
              "mdg_w_per_exposure_long": 9.635088681686704e-05,
              "mdg_w_per_exposure_short": 0.0,
              "omega_ratio": 18.50121620322514,
              "omega_ratio_w": 9.930803024653104,
              "pnl_ratio_long_short": 1.0,
              "position_held_hours_max": 99.81666666666666,
              "position_held_hours_mean": 0.49727564102564104,
              "position_held_hours_median": 0.03333333333333333,
              "position_unchanged_hours_max": 42.2,
              "positions_held_per_day": 12.290909090909091,
              "sharpe_ratio": 0.06045835849145191,
              "sharpe_ratio_w": 0.05176844171972902,
              "sortino_ratio": 0.12343223466229779,
              "sortino_ratio_w": 0.06568632693474806,
              "sterling_ratio": 0.023786771727510588,
              "sterling_ratio_w": 0.012944729826868446,
              "volume_pct_per_day_avg": 2.1497142211789257,
              "volume_pct_per_day_avg_w": 1.3263702738255236},
 "backtest": {"base_dir": "backtests/pbgui/4coin_adg_w_sharpe_gain_dd25_TWE3_fix",
              "cache_dir": {"binance": "caches/hlcvs_data/77875b96de8fe364"},
              "coins": {"binance": ["DOGE", "ICP", "SOL", "VET"]},
              "combine_ohlcvs": false,
              "compress_cache": true,
              "end_date": "2025-08-16",
              "exchanges": ["bybit", "binance"],
              "gap_tolerance_ohlcvs_minutes": 120,
              "start_date": "2020-01-01",
              "starting_balance": 1000,
              "use_btc_collateral": false},
 "bot": {"long": {"close_grid_markup_end": 0.0094886,
                  "close_grid_markup_start": 0.0036912,
                  "close_grid_qty_pct": 0.3171,
                  "close_trailing_grid_ratio": -0.32118,
                  "close_trailing_qty_pct": 0.078871,
                  "close_trailing_retracement_pct": 0.0050889,
                  "close_trailing_threshold_pct": 0.0029,
                  "ema_span_0": 86,
                  "ema_span_1": 81.485,
                  "enforce_exposure_limit": true,
                  "entry_grid_double_down_factor": 0.41133,
                  "entry_grid_spacing_pct": 0.029474,
                  "entry_grid_spacing_weight": 0.85769,
                  "entry_initial_ema_dist": 0.016975,
                  "entry_initial_qty_pct": 0.028776,
                  "entry_trailing_double_down_factor": 5.9194,
                  "entry_trailing_grid_ratio": -0.45108,
                  "entry_trailing_retracement_pct": 0.0095243,
                  "entry_trailing_threshold_pct": -0.089992,
                  "filter_noisiness_rolling_window": 60,
                  "filter_volume_drop_pct": 0,
                  "filter_volume_rolling_window": 60,
                  "n_positions": 4,
                  "total_wallet_exposure_limit": 5,
                  "unstuck_close_pct": 0.01686,
                  "unstuck_ema_dist": 0.0064501,
                  "unstuck_loss_allowance_pct": 0.24646,
                  "unstuck_threshold": 0.63307},
         "short": {"close_grid_markup_end": 0.001,
                   "close_grid_markup_start": 0.001,
                   "close_grid_qty_pct": 0.1,
                   "close_trailing_grid_ratio": -1,
                   "close_trailing_qty_pct": 0.1,
                   "close_trailing_retracement_pct": 0.003,
                   "close_trailing_threshold_pct": -0.001,
                   "ema_span_0": 200,
                   "ema_span_1": 200,
                   "enforce_exposure_limit": true,
                   "entry_grid_double_down_factor": 0.6,
                   "entry_grid_spacing_pct": 0.01,
                   "entry_grid_spacing_weight": 0.2,
                   "entry_initial_ema_dist": -0.001,
                   "entry_initial_qty_pct": 0.025,
                   "entry_trailing_double_down_factor": 0.1,
                   "entry_trailing_grid_ratio": -1,
                   "entry_trailing_retracement_pct": 0,
                   "entry_trailing_threshold_pct": -0.1,
                   "filter_noisiness_rolling_window": 60,
                   "filter_volume_drop_pct": 0.53,
                   "filter_volume_rolling_window": 60,
                   "n_positions": 0,
                   "total_wallet_exposure_limit": 0,
                   "unstuck_close_pct": 0.005,
                   "unstuck_ema_dist": -0.1,
                   "unstuck_loss_allowance_pct": 0.01,
                   "unstuck_threshold": 0.55}},
 "coin_overrides": {},
 "disable_plotting": false,
 "live": {"approved_coins": {"long": ["DOGE", "SOL", "ICP", "VET"],
                             "short": []},
          "auto_gs": true,
          "base_config_path": "",
          "empty_means_all_approved": false,
          "execution_delay_seconds": 2,
          "filter_by_min_effective_cost": true,
          "forced_mode_long": "",
          "forced_mode_short": "",
          "ignored_coins": {"long": [], "short": []},
          "leverage": 10,
          "market_orders_allowed": true,
          "max_n_cancellations_per_batch": 5,
          "max_n_creations_per_batch": 3,
          "max_n_restarts_per_day": 10,
          "mimic_backtest_1m_delay": false,
          "minimum_coin_age_days": 30,
          "ohlcvs_1m_rolling_window_days": 4,
          "ohlcvs_1m_update_after_minutes": 10,
          "pnls_max_lookback_days": 30,
          "price_distance_threshold": 0.002,
          "time_in_force": "good_till_cancelled",
          "user": "bybit_01"},
 "optimize": {"bounds": {"long_close_grid_markup_end": [0.001, 0.03],
                         "long_close_grid_markup_start": [0.001, 0.03],
                         "long_close_grid_qty_pct": [0.05, 0.4],
                         "long_close_trailing_grid_ratio": [-1, 1],
                         "long_close_trailing_qty_pct": [0.05, 0.25],
                         "long_close_trailing_retracement_pct": [0.003, 0.01],
                         "long_close_trailing_threshold_pct": [0.001, 0.005],
                         "long_ema_span_0": [1, 800],
                         "long_ema_span_1": [1, 800],
                         "long_entry_grid_double_down_factor": [0.4, 10],