{
    "adg": 0.016909375426763296,
    "adg_per_exposure_long": 0.0025625701553001084,
    "adg_per_exposure_short": 0.0,
    "adg_w": 0.006854845023718204,
    "adg_w_per_exposure_long": 0.0010388332409478076,
    "adg_w_per_exposure_short": 0.0,
    "calmar_ratio": 0.0397739934826468,
    "calmar_ratio_w": 0.026373207019667416,
    "drawdown_worst": 0.42513647602775356,
    "drawdown_worst_mean_1pct": 0.2924888950076712,
    "equity_balance_diff_neg_max": 0.46731158744793916,
    "equity_balance_diff_neg_mean": 0.011589394650952895,
    "equity_balance_diff_pos_max": 1.0216954280257151,
    "equity_balance_diff_pos_mean": 0.006150924204076177,
    "equity_choppiness": 1.549063879883825,
    "equity_choppiness_w": 1.9722626308408533,
    "equity_jerkiness": 0.03244838392737483,
    "equity_jerkiness_w": 0.021057280848520866,
    "expected_shortfall_1pct": 0.2745781847406629,
    "exponential_fit_error": 0.410275439419057,
    "exponential_fit_error_w": 0.05637557779763265,
    "gain": 4602.273520762369,
    "gain_per_exposure_long": 697.462116322003,
    "gain_per_exposure_short": 0.0,
    "loss_profit_ratio": 0.054096158719937865,
    "loss_profit_ratio_long": 0.054096158719937865,
    "loss_profit_ratio_short": 1.0,
    "loss_profit_ratio_w": 0.048923334353279294,
    "mdg": 0.00031340260450455465,
    "mdg_per_exposure_long": 4.7495317871147615e-05,
    "mdg_per_exposure_short": 0.0,
    "mdg_w": 3.134026045045547e-05,
    "mdg_w_per_exposure_long": 4.749531787114762e-06,
    "mdg_w_per_exposure_short": 0.0,
    "omega_ratio": 14.192333265057169,
    "omega_ratio_w": 4.648786618360688,
    "pnl_ratio_long_short": 1.0,
    "position_held_hours_max": 145.31666666666666,
    "position_held_hours_mean": 7.933640552995391,
    "position_held_hours_median": 2.325,
    "position_unchanged_hours_max": 92.26666666666667,
    "positions_held_per_day": 0.8628230616302187,
    "sharpe_ratio": 0.09886658527413633,
    "sharpe_ratio_w": 0.08374022793676535,
    "sortino_ratio": 0.270094345067915,
    "sortino_ratio_w": 0.12469532789547973,
    "sterling_ratio": 0.05781202539781829,
    "sterling_ratio_w": 0.02828592303179628,
    "volume_pct_per_day_avg": 1.8630833867206598,
    "volume_pct_per_day_avg_w": 1.4360837946388743
}