{
    "adg": 0.05799937550833789,
    "adg_per_exposure_long": 0.006444375056481988,
    "adg_per_exposure_short": 0.0,
    "adg_w": 0.03536338766919296,
    "adg_w_per_exposure_long": 0.003929265296576996,
    "adg_w_per_exposure_short": 0.0,
    "calmar_ratio": 0.11277478092966987,
    "calmar_ratio_w": 0.1091001360033367,
    "drawdown_worst": 0.5142938432707597,
    "drawdown_worst_mean_1pct": 0.5142938432707597,
    "equity_balance_diff_neg_max": 0.5409221169882121,
    "equity_balance_diff_neg_mean": 0.03736093549655677,
    "equity_balance_diff_pos_max": 0.4409404665965195,
    "equity_balance_diff_pos_mean": 0.01095004554911754,
    "equity_choppiness": 1.3432918131920377,
    "equity_choppiness_w": 1.2646300887838406,
    "equity_jerkiness": 0.09716172146848925,
    "equity_jerkiness_w": 0.05745924669755004,
    "expected_shortfall_1pct": 0.5142938432707597,
    "exponential_fit_error": 0.4412258074164451,
    "exponential_fit_error_w": 0.05494741981567166,
    "gain": 27030.834595439763,
    "gain_per_exposure_long": 3003.4260661599737,
    "gain_per_exposure_short": 0.0,
    "loss_profit_ratio": 0.009566279523054626,
    "loss_profit_ratio_long": 0.009566279523054626,
    "loss_profit_ratio_short": 1.0,
    "loss_profit_ratio_w": 0.00944973625232864,
    "mdg": 0.02193678569552222,
    "mdg_per_exposure_long": 0.002437420632835802,
    "mdg_per_exposure_short": 0.0,
    "mdg_w": 0.01678634559059673,
    "mdg_w_per_exposure_long": 0.0018651495100663032,
    "mdg_w_per_exposure_short": 0.0,
    "omega_ratio": 13.376577540807288,
    "omega_ratio_w": 11.70399472708923,
    "pnl_ratio_long_short": 1.0,
    "position_held_hours_max": 63.71666666666667,
    "position_held_hours_mean": 4.742052194543298,
    "position_held_hours_median": 1.5666666666666667,
    "position_unchanged_hours_max": 63.6,
    "positions_held_per_day": 1.5524861878453038,
    "sharpe_ratio": 0.132825928402301,
    "sharpe_ratio_w": 0.211530315482738,
    "sortino_ratio": 0.32885968812224836,
    "sortino_ratio_w": 0.29969256598140626,
    "sterling_ratio": 0.11277478092966987,
    "sterling_ratio_w": 0.1091001360033367,
    "volume_pct_per_day_avg": 9.1123725196859,
    "volume_pct_per_day_avg_w": 6.078668812069813
}