{"analysis": {"adg": 0.004246785977640277,
              "adg_per_exposure_long": 0.0009610287344739256,
              "adg_per_exposure_short": 0.0,
              "adg_w": 0.003925101880422876,
              "adg_w_per_exposure_long": 0.0008882330573484672,
              "adg_w_per_exposure_short": 0.0,
              "calmar_ratio": 0.007188580072172101,
              "calmar_ratio_w": 0.01044968729355129,
              "drawdown_worst": 0.5907684041915483,
              "drawdown_worst_mean_1pct": 0.34918886138907645,
              "equity_balance_diff_neg_max": 0.6319918890345214,
              "equity_balance_diff_neg_mean": 0.030966601023847292,
              "equity_balance_diff_pos_max": 0.17564205364109114,
              "equity_balance_diff_pos_mean": 0.005829728647998956,
              "equity_choppiness": 1.399160746503195,
              "equity_choppiness_w": 1.1847796348646593,
              "equity_jerkiness": 0.008515286527432962,
              "equity_jerkiness_w": 0.007872262621578882,
              "expected_shortfall_1pct": 0.3135752546967861,
              "exponential_fit_error": 0.03254347549305446,
              "exponential_fit_error_w": 0.01537456446472368,
              "gain": 484.4146235632039,
              "gain_per_exposure_long": 109.62086978121836,
              "gain_per_exposure_short": 0.0,
              "loss_profit_ratio": 0.0364648300823507,
              "loss_profit_ratio_long": 0.0364648300823507,
              "loss_profit_ratio_short": 1.0,
              "loss_profit_ratio_w": 0.02963323216545522,
              "mdg": 0.0,
              "mdg_per_exposure_long": 0.0,
              "mdg_per_exposure_short": 0.0,
              "mdg_w": 0.0,
              "mdg_w_per_exposure_long": 0.0,
              "mdg_w_per_exposure_short": 0.0,
              "omega_ratio": 11.451193727468342,
              "omega_ratio_w": 336.4374858032998,
              "pnl_ratio_long_short": 1.0,
              "position_held_hours_max": 49.75,
              "position_held_hours_mean": 0.3932832422586521,
              "position_held_hours_median": 0.1,
              "position_unchanged_hours_max": 21.866666666666667,
              "positions_held_per_day": 1.0037346761154036,
              "sharpe_ratio": 0.04453676774381768,
              "sharpe_ratio_w": 0.05839544661399003,
              "sortino_ratio": 0.04381411406991937,
              "sortino_ratio_w": 0.052847066157805746,
              "sterling_ratio": 0.012161859804881874,
              "sterling_ratio_w": 0.012953662229906428,
              "volume_pct_per_day_avg": 3.302013241851417,
              "volume_pct_per_day_avg_w": 3.512810641444792},
 "backtest": {"base_dir": "backtests/pbgui/DOGE_adg_omega_sharpe_twe10",
              "cache_dir": {"bybit": "caches/hlcvs_data/e09e0fbff60707e1"},
              "coins": {"bybit": ["DOGE"]},
              "combine_ohlcvs": false,
              "compress_cache": true,
              "end_date": "2025-05-31",
              "exchanges": ["bybit", "binance"],
              "gap_tolerance_ohlcvs_minutes": 120,
              "start_date": "2020-01-01",
              "starting_balance": 1000,
              "use_btc_collateral": false},
 "bot": {"long": {"close_grid_markup_end": 0.012839,
                  "close_grid_markup_start": 0.014436599999999999,
                  "close_grid_qty_pct": 0.12561,
                  "close_trailing_grid_ratio": -1,
                  "close_trailing_qty_pct": 0.14357,
                  "close_trailing_retracement_pct": 0.0043581,
                  "close_trailing_threshold_pct": 0.0043377,
                  "ema_span_0": 115.46,
                  "ema_span_1": 107.65,
                  "enforce_exposure_limit": true,
                  "entry_grid_double_down_factor": 5.0284,
                  "entry_grid_spacing_pct": 0.026601,
                  "entry_grid_spacing_weight": 0.68274,
                  "entry_initial_ema_dist": 0.029491,
                  "entry_initial_qty_pct": 0.047448,
                  "entry_trailing_double_down_factor": 4.056,
                  "entry_trailing_grid_ratio": -0.56164,
                  "entry_trailing_retracement_pct": 0.11748,
                  "entry_trailing_threshold_pct": 0.093113,
                  "filter_noisiness_rolling_window": 60,
                  "filter_volume_drop_pct": 0,
                  "filter_volume_rolling_window": 60,
                  "n_positions": 1,
                  "total_wallet_exposure_limit": 4.419,
                  "unstuck_close_pct": 0.045766,
                  "unstuck_ema_dist": -0.038486,
                  "unstuck_loss_allowance_pct": 0.22539,
                  "unstuck_threshold": 0.84008},
         "short": {"close_grid_markup_end": 0.013899,
                   "close_grid_markup_start": 0.042165,
                   "close_grid_qty_pct": 0.1,
                   "close_trailing_grid_ratio": -1,
                   "close_trailing_qty_pct": 0.1,
                   "close_trailing_retracement_pct": 0.003,
                   "close_trailing_threshold_pct": -0.001,
                   "ema_span_0": 200,
                   "ema_span_1": 200,
                   "enforce_exposure_limit": true,
                   "entry_grid_double_down_factor": 0.6,
                   "entry_grid_spacing_pct": 0.01,
                   "entry_grid_spacing_weight": 0.2,
                   "entry_initial_ema_dist": -0.001,
                   "entry_initial_qty_pct": 0.025,
                   "entry_trailing_double_down_factor": 0.1,
                   "entry_trailing_grid_ratio": -1,
                   "entry_trailing_retracement_pct": 0,
                   "entry_trailing_threshold_pct": -0.1,
                   "filter_noisiness_rolling_window": 60,
                   "filter_volume_drop_pct": 0.53,
                   "filter_volume_rolling_window": 60,
                   "n_positions": 0,
                   "total_wallet_exposure_limit": 0,
                   "unstuck_close_pct": 0.005,
                   "unstuck_ema_dist": -0.1,
                   "unstuck_loss_allowance_pct": 0.01,
                   "unstuck_threshold": 0.55}},
 "disable_plotting": false,
 "live": {"approved_coins": {"long": ["DOGEUSDT"], "short": []},
          "auto_gs": true,
          "coin_flags": {},
          "empty_means_all_approved": false,
          "execution_delay_seconds": 2,
          "filter_by_min_effective_cost": true,
          "forced_mode_long": "",
          "forced_mode_short": "",
          "ignored_coins": {"long": [], "short": []},
          "leverage": 10,
          "market_orders_allowed": true,
          "max_n_cancellations_per_batch": 5,
          "max_n_creations_per_batch": 3,
          "max_n_restarts_per_day": 10,
          "mimic_backtest_1m_delay": false,
          "minimum_coin_age_days": 30,
          "ohlcvs_1m_rolling_window_days": 4,
          "ohlcvs_1m_update_after_minutes": 10,
          "pnls_max_lookback_days": 30,
          "price_distance_threshold": 0.002,
          "time_in_force": "good_till_cancelled",
          "user": "bybit_01"},
 "optimize": {"bounds": {"long_close_grid_markup_end": [0.001, 0.03],
                         "long_close_grid_markup_start": [0.001, 0.03],
                         "long_close_grid_qty_pct": [0, 0.4],
                         "long_close_trailing_grid_ratio": [-1, -1],
                         "long_close_trailing_qty_pct": [0.1, 0.25],
                         "long_close_trailing_retracement_pct": [0.003, 0.01],
                         "long_close_trailing_threshold_pct": [0.001, 0.005],
                         "long_ema_span_0": [100, 800],
                         "long_ema_span_1": [100, 800],
                         "long_entry_grid_double_down_factor": [0.5, 10],
                         "long_entry_grid_spacing_pct": [0.01, 0.12],
                         "long_entry_grid_spacing_weight": [0.2, 2],
                         "long_entry_initial_ema_dist": [-0.001, 0.05],