{
    "adg": 0.007994379202845181,
    "adg_per_exposure_long": 0.003033804866170233,
    "adg_per_exposure_short": 0.0,
    "adg_w": 0.01748785000779012,
    "adg_w_per_exposure_long": 0.006636503361462608,
    "adg_w_per_exposure_short": 0.0,
    "calmar_ratio": 0.027208404097687683,
    "calmar_ratio_w": 0.059518879169799976,
    "drawdown_worst": 0.2938202172440017,
    "drawdown_worst_mean_1pct": 0.2769281113922575,
    "equity_balance_diff_neg_max": 0.30606032722640447,
    "equity_balance_diff_neg_mean": 0.05591767020042937,
    "equity_balance_diff_pos_max": 0.7319767501705123,
    "equity_balance_diff_pos_mean": 0.0033730868748223955,
    "equity_choppiness": 1.3052669332244393,
    "equity_choppiness_w": 1.0524728248410908,
    "equity_jerkiness": 0.01841348192045201,
    "equity_jerkiness_w": 0.03231649872450414,
    "expected_shortfall_1pct": 0.1922140663227935,
    "exponential_fit_error": 0.04072244714435533,
    "exponential_fit_error_w": 0.04984263176465744,
    "flat_btc_balance_hours": 0.0,
    "gain": 10.146356675045528,
    "gain_per_exposure_long": 3.8504636161988266,
    "gain_per_exposure_short": 0.0,
    "loss_profit_ratio": 0.0,
    "loss_profit_ratio_long": 0.0,
    "loss_profit_ratio_short": 1.0,
    "loss_profit_ratio_w": 0.0,
    "mdg": 0.0,
    "mdg_per_exposure_long": 0.0,
    "mdg_per_exposure_short": 0.0,
    "mdg_w": 0.0,
    "mdg_w_per_exposure_long": 0.0,
    "mdg_w_per_exposure_short": 0.0,
    "omega_ratio": 6.524871438288423,
    "omega_ratio_w": null,
    "pnl_ratio_long_short": 1.0,
    "position_held_hours_max": 339.8,
    "position_held_hours_mean": 5.033333333333333,
    "position_held_hours_median": 0.3,
    "position_unchanged_hours_max": 177.43333333333334,
    "positions_held_per_day": 0.6185567010309279,
    "sharpe_ratio": 0.06360688384319196,
    "sharpe_ratio_w": 0.06166620508937663,
    "sortino_ratio": 0.15620650452965323,
    "sortino_ratio_w": 0.15009537741920492,
    "sterling_ratio": 0.028868066743579765,
    "sterling_ratio_w": 0.05968484543438918,
    "volume_pct_per_day_avg": 2.321654158838822,
    "volume_pct_per_day_avg_w": 3.0770143962941345
}