{
    "adg": 0.018428985601040893,
    "adg_per_exposure_long": 0.004607246400260223,
    "adg_per_exposure_short": 0.0,
    "adg_w": 0.00938236025429442,
    "adg_w_per_exposure_long": 0.002345590063573605,
    "adg_w_per_exposure_short": 0.0,
    "calmar_ratio": 0.07865213070779972,
    "calmar_ratio_w": 0.129165146235626,
    "drawdown_worst": 0.2343100617261897,
    "drawdown_worst_mean_1pct": 0.23107803039161617,
    "equity_balance_diff_neg_max": 0.23549887452189103,
    "equity_balance_diff_neg_mean": 0.00613654448244321,
    "equity_balance_diff_pos_max": 0.4629603150077093,
    "equity_balance_diff_pos_mean": 0.0020772397478693266,
    "equity_choppiness": 1.4032761564475589,
    "equity_choppiness_w": 1.4262160548225586,
    "equity_jerkiness": 0.03237038877718429,
    "equity_jerkiness_w": 0.017762280998990347,
    "expected_shortfall_1pct": 0.22857884539297668,
    "exponential_fit_error": 0.08700469280192749,
    "exponential_fit_error_w": 0.009193038426424454,
    "gain": 99.6665285597865,
    "gain_per_exposure_long": 24.916632139946625,
    "gain_per_exposure_short": 0.0,
    "loss_profit_ratio": 0.0785608883100507,
    "loss_profit_ratio_long": 0.0785608883100507,
    "loss_profit_ratio_short": 1.0,
    "loss_profit_ratio_w": 0.03471558886756747,
    "mdg": 0.012105861668948482,
    "mdg_per_exposure_long": 0.0030264654172371206,
    "mdg_per_exposure_short": 0.0,
    "mdg_w": 0.008223803208743188,
    "mdg_w_per_exposure_long": 0.002055950802185797,
    "mdg_w_per_exposure_short": 0.0,
    "omega_ratio": 6.892230190950176,
    "omega_ratio_w": 6.256808023822043,
    "pnl_ratio_long_short": 1.0,
    "position_held_hours_max": 80.53333333333333,
    "position_held_hours_mean": 6.360627017058552,
    "position_held_hours_median": 3.1,
    "position_unchanged_hours_max": 32.71666666666667,
    "positions_held_per_day": 2.869047619047619,
    "sharpe_ratio": 0.20095288993786042,
    "sharpe_ratio_w": 0.30713633448506267,
    "sortino_ratio": 0.2667484519276068,
    "sortino_ratio_w": 0.3279591435089125,
    "sterling_ratio": 0.07975221863285156,
    "sterling_ratio_w": 0.1292751550281312,
    "volume_pct_per_day_avg": 3.328752125229305,
    "volume_pct_per_day_avg_w": 1.6636401036290969
}