{
    "adg": 0.014771427310479757,
    "adg_per_exposure_long": 0.001651195219092518,
    "adg_per_exposure_short": 0.0,
    "adg_w": 0.008407928295527722,
    "adg_w_per_exposure_long": 0.0009398638812783199,
    "adg_w_per_exposure_short": 0.0,
    "calmar_ratio": 0.0378423561035375,
    "calmar_ratio_w": 0.13804766473731478,
    "drawdown_worst": 0.39034111063446514,
    "drawdown_worst_mean_1pct": 0.2970784730708944,
    "equity_balance_diff_neg_max": 0.3905559552966303,
    "equity_balance_diff_neg_mean": 0.016952154584520207,
    "equity_balance_diff_pos_max": 0.45838639118357083,
    "equity_balance_diff_pos_mean": 0.01776507413328046,
    "equity_choppiness": 1.0150157901962928,
    "equity_choppiness_w": 1.0031356793580064,
    "equity_jerkiness": 0.025150174203904013,
    "equity_jerkiness_w": 0.014547018551716914,
    "expected_shortfall_1pct": 0.2917321694805845,
    "exponential_fit_error": 0.06406611715616231,
    "exponential_fit_error_w": 0.01427961655800565,
    "gain": 122.68163860736063,
    "gain_per_exposure_long": 13.713727920875554,
    "gain_per_exposure_short": 0.0,
    "loss_profit_ratio": 0.022620236331968746,
    "loss_profit_ratio_long": 0.022620236331968746,
    "loss_profit_ratio_short": 1.0,
    "loss_profit_ratio_w": 0.008282973131092521,
    "mdg": 0.0,
    "mdg_per_exposure_long": 0.0,
    "mdg_per_exposure_short": 0.0,
    "mdg_w": 0.0,
    "mdg_w_per_exposure_long": 0.0,
    "mdg_w_per_exposure_short": 0.0,
    "omega_ratio": 120.19967179255383,
    "omega_ratio_w": null,
    "pnl_ratio_long_short": 1.0,
    "position_held_hours_max": 7.9,
    "position_held_hours_mean": 0.7987012987012987,
    "position_held_hours_median": 0.31666666666666665,
    "position_unchanged_hours_max": 6.15,
    "positions_held_per_day": 0.4695121951219512,
    "sharpe_ratio": 0.1295687338050571,
    "sharpe_ratio_w": 0.15553617236300019,
    "sortino_ratio": 0.15581592053318274,
    "sortino_ratio_w": 0.19898884662293628,
    "sterling_ratio": 0.049722307906688086,
    "sterling_ratio_w": 0.13923565991762982,
    "volume_pct_per_day_avg": 7.771002425797283,
    "volume_pct_per_day_avg_w": 5.712249306489217
}