{
    "adg": 0.04631216911507985,
    "adg_per_exposure_long": 0.005145796568342205,
    "adg_per_exposure_short": 0.0,
    "adg_w": 0.0166911468656469,
    "adg_w_per_exposure_long": 0.0018545718739607666,
    "adg_w_per_exposure_short": 0.0,
    "calmar_ratio": 0.10415326725869078,
    "calmar_ratio_w": 0.1366625013810104,
    "drawdown_worst": 0.44465402127090214,
    "drawdown_worst_mean_1pct": 0.4445737819298633,
    "equity_balance_diff_neg_max": 0.4644666009076203,
    "equity_balance_diff_neg_mean": 0.01679492861831564,
    "equity_balance_diff_pos_max": 1.0034005456894617,
    "equity_balance_diff_pos_mean": 0.005600415515451217,
    "equity_choppiness": 1.4204274748389922,
    "equity_choppiness_w": 1.2614642454876654,
    "equity_jerkiness": 0.07928170407891141,
    "equity_jerkiness_w": 0.02893090191359799,
    "expected_shortfall_1pct": 0.4107447711030249,
    "exponential_fit_error": 0.5667593820968145,
    "exponential_fit_error_w": 0.06197735647852633,
    "gain": 11745.843644684126,
    "gain_per_exposure_long": 1305.0937382982363,
    "gain_per_exposure_short": 0.0,
    "loss_profit_ratio": 0.004797322120914248,
    "loss_profit_ratio_long": 0.004797322120914248,
    "loss_profit_ratio_short": 1.0,
    "loss_profit_ratio_w": 0.0010134318374158888,
    "mdg": 0.01640010463028766,
    "mdg_per_exposure_long": 0.00182223384780974,
    "mdg_per_exposure_short": 0.0,
    "mdg_w": 0.006244932743775114,
    "mdg_w_per_exposure_long": 0.0006938814159750127,
    "mdg_w_per_exposure_short": 0.0,
    "omega_ratio": 12.37086985401903,
    "omega_ratio_w": 20.35517063516206,
    "pnl_ratio_long_short": 1.0,
    "position_held_hours_max": 78.33333333333333,
    "position_held_hours_mean": 4.21826280623608,
    "position_held_hours_median": 1.5666666666666667,
    "position_unchanged_hours_max": 58.71666666666667,
    "positions_held_per_day": 2.1690821256038646,
    "sharpe_ratio": 0.1680484592808805,
    "sharpe_ratio_w": 0.23715531065586165,
    "sortino_ratio": 0.3635150452639558,
    "sortino_ratio_w": 0.36824937958996556,
    "sterling_ratio": 0.10417206546468395,
    "sterling_ratio_w": 0.13666438120160973,
    "volume_pct_per_day_avg": 6.324996301260663,
    "volume_pct_per_day_avg_w": 2.8094404530077446
}