{
    "adg": 0.002663313715635107,
    "adg_per_exposure_long": 0.0008879784335128555,
    "adg_per_exposure_short": 0.0,
    "adg_w": 0.0026013539440812306,
    "adg_w_per_exposure_long": 0.0008673203561101692,
    "adg_w_per_exposure_short": 0.0,
    "calmar_ratio": 0.00480052456615182,
    "calmar_ratio_w": 0.008258909874505074,
    "drawdown_worst": 0.5547963933804141,
    "drawdown_worst_mean_1pct": 0.2197695560259512,
    "equity_balance_diff_neg_max": 0.5604533891185871,
    "equity_balance_diff_neg_mean": 0.005115699417866962,
    "equity_balance_diff_pos_max": 0.25713511593890087,
    "equity_balance_diff_pos_mean": 0.00318440420342971,
    "equity_choppiness": 2.349210625236238,
    "equity_choppiness_w": 2.4986738304300498,
    "equity_jerkiness": 0.00890283562090245,
    "equity_jerkiness_w": 0.011116303006719664,
    "expected_shortfall_1pct": 0.1719718968943316,
    "exponential_fit_error": 0.16998352096064656,
    "exponential_fit_error_w": 0.022050473411564603,
    "gain": 81.39103818901171,
    "gain_per_exposure_long": 27.13667795452663,
    "gain_per_exposure_short": 0.0,
    "loss_profit_ratio": 0.05595057345726402,
    "loss_profit_ratio_long": 0.05595057345726402,
    "loss_profit_ratio_short": 1.0,
    "loss_profit_ratio_w": 0.06262486176831493,
    "mdg": 0.00010489282652998041,
    "mdg_per_exposure_long": 3.497243574500064e-05,
    "mdg_per_exposure_short": 0.0,
    "mdg_w": 0.00010545592391225218,
    "mdg_w_per_exposure_long": 3.516017867910919e-05,
    "mdg_w_per_exposure_short": 0.0,
    "omega_ratio": 3.344194165920548,
    "omega_ratio_w": 2.5693994993738363,
    "pnl_ratio_long_short": 1.0,
    "position_held_hours_max": 832.6833333333333,
    "position_held_hours_mean": 8.631201110269997,
    "position_held_hours_median": 1.65,
    "position_unchanged_hours_max": 438.7,
    "positions_held_per_day": 1.5977174505091347,
    "sharpe_ratio": 0.03947040712670396,
    "sharpe_ratio_w": 0.05812607805266813,
    "sortino_ratio": 0.08428975765170621,
    "sortino_ratio_w": 0.08103900318410512,
    "sterling_ratio": 0.012118665404777964,
    "sterling_ratio_w": 0.010953905663595161,
    "volume_pct_per_day_avg": 0.7180720891426251,
    "volume_pct_per_day_avg_w": 0.6181847062434288
}