{"analysis": {"adg": 0.047794182266056584,
              "adg_per_exposure_long": 0.005315484876389544,
              "adg_per_exposure_short": 0.0,
              "adg_w": 0.019997692176358363,
              "adg_w_per_exposure_long": 0.0022240663044384543,
              "adg_w_per_exposure_short": 0.0,
              "calmar_ratio": 0.11567370203142288,
              "calmar_ratio_w": 0.2343655391006399,
              "drawdown_worst": 0.41318105521575893,
              "drawdown_worst_mean_1pct": 0.4117156424354109,
              "equity_balance_diff_neg_max": 0.4198270147243028,
              "equity_balance_diff_neg_mean": 0.018974566920551147,
              "equity_balance_diff_pos_max": 1.0019546433263469,
              "equity_balance_diff_pos_mean": 0.010110030744711614,
              "equity_choppiness": 1.3040419968115164,
              "equity_choppiness_w": 1.0905580531949066,
              "equity_jerkiness": 0.07455202194817952,
              "equity_jerkiness_w": 0.027240369361301624,
              "expected_shortfall_1pct": 0.3879638798779099,
              "exponential_fit_error": 1.1522104961852049,
              "exponential_fit_error_w": 0.11905149756909254,
              "gain": 22873.69326500484,
              "gain_per_exposure_long": 2543.924068843334,
              "gain_per_exposure_short": 0.0,
              "loss_profit_ratio": 0.05638582722742794,
              "loss_profit_ratio_long": 0.05638582722742794,
              "loss_profit_ratio_short": 1.0,
              "loss_profit_ratio_w": 0.02519224562949421,
              "mdg": 0.005506910072778716,
              "mdg_per_exposure_long": 0.000612457328897149,
              "mdg_per_exposure_short": 0.0,
              "mdg_w": 0.00560021639296709,
              "mdg_w_per_exposure_long": 0.0006228344984671178,
              "mdg_w_per_exposure_short": 0.0,
              "omega_ratio": 19.32859738460261,
              "omega_ratio_w": 61.6667891689821,
              "pnl_ratio_long_short": 1.0,
              "position_held_hours_max": 31.833333333333332,
              "position_held_hours_mean": 1.418484539585457,
              "position_held_hours_median": 0.21666666666666667,
              "position_unchanged_hours_max": 24.45,
              "positions_held_per_day": 4.562790697674418,
              "sharpe_ratio": 0.17303202939552326,
              "sharpe_ratio_w": 0.29765874022319616,
              "sortino_ratio": 0.4478534039064552,
              "sortino_ratio_w": 0.5708412158948728,
              "sterling_ratio": 0.11608541755504088,
              "sterling_ratio_w": 0.23440671065300167,
              "volume_pct_per_day_avg": 11.336598193139514,
              "volume_pct_per_day_avg_w": 5.602352530169953},
 "backtest": {"base_dir": "backtests/pbgui/HYPE_adg_sharpe_gain",
              "cache_dir": {"bybit": "caches/hlcvs_data/b7ebdeff5af6248a"},
              "coins": {"bybit": ["HYPE"]},
              "combine_ohlcvs": false,
              "compress_cache": true,
              "end_date": "2025-08-07",
              "exchanges": ["bybit", "binance"],
              "gap_tolerance_ohlcvs_minutes": 120,
              "start_date": "2020-01-01",
              "starting_balance": 1000,
              "use_btc_collateral": false},
 "bot": {"long": {"close_grid_markup_end": 0.028997,
                  "close_grid_markup_start": 0.0048382,
                  "close_grid_qty_pct": 0.35152,
                  "close_trailing_grid_ratio": -0.5009,
                  "close_trailing_qty_pct": 0.087463,
                  "close_trailing_retracement_pct": 0.0053947,
                  "close_trailing_threshold_pct": 0.0041128,
                  "ema_span_0": 1078.3,
                  "ema_span_1": 3833.3,
                  "enforce_exposure_limit": true,
                  "entry_grid_double_down_factor": 6.0873,
                  "entry_grid_spacing_pct": 0.045402,
                  "entry_grid_spacing_weight": 1.0913,
                  "entry_initial_ema_dist": 0.014451,
                  "entry_initial_qty_pct": 0.051322,
                  "entry_trailing_double_down_factor": 2.7268,
                  "entry_trailing_grid_ratio": -0.0010811,
                  "entry_trailing_retracement_pct": 0.0058661,
                  "entry_trailing_threshold_pct": 0.075966,
                  "filter_noisiness_rolling_window": 60,
                  "filter_volume_drop_pct": 0,
                  "filter_volume_rolling_window": 60,
                  "n_positions": 1,
                  "total_wallet_exposure_limit": 8.9915,
                  "unstuck_close_pct": 0.027331,
                  "unstuck_ema_dist": -0.091281,
                  "unstuck_loss_allowance_pct": 0.24678,
                  "unstuck_threshold": 0.56638},
         "short": {"close_grid_markup_end": 0.001,
                   "close_grid_markup_start": 0.001,
                   "close_grid_qty_pct": 0.1,
                   "close_trailing_grid_ratio": -1,
                   "close_trailing_qty_pct": 0.1,
                   "close_trailing_retracement_pct": 0.003,
                   "close_trailing_threshold_pct": -0.001,
                   "ema_span_0": 200,
                   "ema_span_1": 200,
                   "enforce_exposure_limit": true,
                   "entry_grid_double_down_factor": 0.6,
                   "entry_grid_spacing_pct": 0.01,
                   "entry_grid_spacing_weight": 0.2,
                   "entry_initial_ema_dist": -0.001,
                   "entry_initial_qty_pct": 0.025,
                   "entry_trailing_double_down_factor": 0.1,
                   "entry_trailing_grid_ratio": -1,
                   "entry_trailing_retracement_pct": 0,
                   "entry_trailing_threshold_pct": -0.1,
                   "filter_noisiness_rolling_window": 60,
                   "filter_volume_drop_pct": 0.53,
                   "filter_volume_rolling_window": 60,
                   "n_positions": 0,
                   "total_wallet_exposure_limit": 0,
                   "unstuck_close_pct": 0.005,
                   "unstuck_ema_dist": -0.1,
                   "unstuck_loss_allowance_pct": 0.01,
                   "unstuck_threshold": 0.55}},
 "coin_overrides": {},
 "disable_plotting": false,
 "live": {"approved_coins": {"long": ["HYPEUSDT"], "short": []},
          "auto_gs": true,
          "empty_means_all_approved": false,
          "execution_delay_seconds": 2,
          "filter_by_min_effective_cost": true,
          "forced_mode_long": "",
          "forced_mode_short": "",
          "ignored_coins": {"long": [], "short": []},
          "leverage": 10,
          "market_orders_allowed": true,
          "max_n_cancellations_per_batch": 5,
          "max_n_creations_per_batch": 3,
          "max_n_restarts_per_day": 10,
          "mimic_backtest_1m_delay": false,
          "minimum_coin_age_days": 30,
          "ohlcvs_1m_rolling_window_days": 4,
          "ohlcvs_1m_update_after_minutes": 10,
          "pnls_max_lookback_days": 30,
          "price_distance_threshold": 0.002,
          "time_in_force": "good_till_cancelled",
          "user": "bybit_01"},
 "optimize": {"bounds": {"long_close_grid_markup_end": [0.001, 0.03],
                         "long_close_grid_markup_start": [0.001, 0.03],
                         "long_close_grid_qty_pct": [0.05, 0.4],
                         "long_close_trailing_grid_ratio": [-1, 1],
                         "long_close_trailing_qty_pct": [0.05, 0.25],
                         "long_close_trailing_retracement_pct": [0.003, 0.01],
                         "long_close_trailing_threshold_pct": [0.001, 0.005],
                         "long_ema_span_0": [1, 10000],
                         "long_ema_span_1": [1, 10000],
                         "long_entry_grid_double_down_factor": [0, 10],
                         "long_entry_grid_spacing_pct": [0.01, 0.12],
                         "long_entry_grid_spacing_weight": [0.2, 2],