{
    "adg_btc": 0.0005982715803893868,
    "adg_per_exposure_long_btc": 3.988477202595912e-05,
    "adg_per_exposure_long_usd": 9.512284608983456e-05,
    "adg_per_exposure_short_btc": 0.0,
    "adg_per_exposure_short_usd": 0.0,
    "adg_pnl": 0.003913712697962767,
    "adg_pnl_w": 0.001682447006785353,
    "adg_strategy_eq": 0.0014268426913475185,
    "adg_strategy_eq_w": 0.0003310684138638109,
    "adg_usd": 0.0014268426913475185,
    "adg_w_btc": 0.0011182011801462166,
    "adg_w_per_exposure_long_btc": 7.45467453430811e-05,
    "adg_w_per_exposure_long_usd": 2.2071227590919248e-05,
    "adg_w_per_exposure_short_btc": 0.0,
    "adg_w_per_exposure_short_usd": 0.0,
    "adg_w_usd": 0.00033106841386378873,
    "backtest_completion_ratio": 1.0,
    "calmar_ratio_btc": 0.0007810246786949164,
    "calmar_ratio_strategy_eq": 0.003661519418897087,
    "calmar_ratio_strategy_eq_w": 0.0021287785595331546,
    "calmar_ratio_usd": 0.003661519418897084,
    "calmar_ratio_w_btc": 0.005276581693149941,
    "calmar_ratio_w_usd": 0.005821037819195599,
    "drawdown_worst_btc": 0.7660085483970774,
    "drawdown_worst_ema_strategy_eq": 0.0,
    "drawdown_worst_ema_strategy_eq_long": 0.0,
    "drawdown_worst_ema_strategy_eq_short": 0.0,
    "drawdown_worst_mean_1pct_btc": 0.7607837316061188,
    "drawdown_worst_mean_1pct_ema_strategy_eq": 0.0,
    "drawdown_worst_mean_1pct_ema_strategy_eq_long": 0.0,
    "drawdown_worst_mean_1pct_ema_strategy_eq_short": 0.0,
    "drawdown_worst_mean_1pct_strategy_eq": 0.21991009815996057,
    "drawdown_worst_mean_1pct_strategy_eq_long": 0.0,
    "drawdown_worst_mean_1pct_strategy_eq_short": 0.0,
    "drawdown_worst_mean_1pct_usd": 0.2199100981599606,
    "drawdown_worst_strategy_eq": 0.38968595495727515,
    "drawdown_worst_strategy_eq_long": 0.0,
    "drawdown_worst_strategy_eq_short": 0.0,
    "drawdown_worst_usd": 0.3896859549572755,
    "entry_initial_balance_pct_long": 0.241815,
    "entry_initial_balance_pct_short": 0.0,
    "entry_interval_hours_max": 1762.3833333333334,
    "entry_interval_hours_mean": 33.758100748808715,
    "entry_interval_hours_median": 6.116666666666666,
    "entry_interval_hours_p95": 140.12333333333322,
    "entry_interval_hours_p99": 355.87599999999935,
    "equity_balance_diff_neg_max_btc": 0.5358543446539492,
    "equity_balance_diff_neg_max_usd": 0.37868003711885456,
    "equity_balance_diff_neg_mean_btc": 0.12824797839286928,
    "equity_balance_diff_neg_mean_usd": 0.03510444062982113,
    "equity_balance_diff_pos_max_btc": 1.7516606676231,
    "equity_balance_diff_pos_max_usd": 1.0657062308147265,
    "equity_balance_diff_pos_mean_btc": 0.1994277670223097,
    "equity_balance_diff_pos_mean_usd": 0.046467317585689616,
    "equity_choppiness_btc": 31.611917044750495,
    "equity_choppiness_usd": 2.469816858514976,
    "equity_choppiness_w_btc": 9.498782146517641,
    "equity_choppiness_w_usd": 1.6195631314178933,
    "equity_jerkiness_btc": 0.026475257832840434,
    "equity_jerkiness_usd": 0.0049887298501612104,
    "equity_jerkiness_w_btc": 0.013480750733966868,
    "equity_jerkiness_w_usd": 0.001014925689971003,
    "expected_shortfall_1pct_btc": 0.17776775468977216,
    "expected_shortfall_1pct_strategy_eq": 0.11520600639849891,
    "expected_shortfall_1pct_usd": 0.11520600639849887,
    "exponential_fit_error_btc": 0.4767809742589215,
    "exponential_fit_error_usd": 0.16007744037976654,
    "exponential_fit_error_w_btc": 0.06889174215021417,
    "exponential_fit_error_w_usd": 0.01629301212102225,
    "exposure_mean_ratio_btc": 0.00930370980526995,
    "exposure_mean_ratio_usd": 0.0221888031676645,
    "exposure_mean_ratio_w_btc": 0.3035689308984021,
    "exposure_mean_ratio_w_usd": 0.0398984375637164,
    "exposure_ratio_btc": 5.815948921863725e-05,
    "exposure_ratio_usd": 0.0001387069766377783,
    "exposure_ratio_w_btc": 0.0011537025436001152,
    "exposure_ratio_w_usd": 0.00011797873007428364,
    "gain_btc": 3.4468258705016708,
    "gain_per_exposure_long_btc": 0.22978839136677806,
    "gain_per_exposure_long_usd": 1.2737728067881084,
    "gain_per_exposure_short_btc": 0.0,
    "gain_per_exposure_short_usd": 0.0,
    "gain_strategy_eq": 19.1065921018216,
    "gain_usd": 19.106592101821626,
    "hard_stop_duration_minutes_max": 0.0,
    "hard_stop_duration_minutes_mean": 0.0,
    "hard_stop_flatten_time_minutes_mean": 0.0,
    "hard_stop_halt_to_restart_equity_loss_pct": 0.0,
    "hard_stop_panic_close_loss_max": 0.0,
    "hard_stop_panic_close_loss_sum": 0.0,
    "hard_stop_post_restart_retrigger_pct": 0.0,
    "hard_stop_restarts": 0,
    "hard_stop_restarts_long": 0,
    "hard_stop_restarts_per_year": 0.0,
    "hard_stop_restarts_per_year_long": 0.0,
    "hard_stop_restarts_per_year_short": 0.0,
    "hard_stop_restarts_short": 0,
    "hard_stop_time_in_orange_pct": 0.0,
    "hard_stop_time_in_red_pct": 0.0,
    "hard_stop_time_in_yellow_pct": 0.0,
    "hard_stop_trigger_drawdown_mean": 0.0,
    "hard_stop_triggers": 0,
    "hard_stop_triggers_long": 0,
    "hard_stop_triggers_per_year": 0.0,
    "hard_stop_triggers_short": 0,
    "high_exposure_days_max_long": 13.950000000000001,
    "high_exposure_days_max_short": 0.0,
    "high_exposure_days_mean_long": 0.08872903031670804,
    "high_exposure_days_mean_short": 0.0,
    "high_exposure_hours_max_long": 334.8,
    "high_exposure_hours_max_short": 0.0,
    "high_exposure_hours_mean_long": 2.129496727600993,
    "high_exposure_hours_mean_short": 0.0,
    "liquidated": false,
    "long_short_profit_ratio": 1.0,
    "loss_profit_ratio": 0.05831768528840913,
    "loss_profit_ratio_long": 0.05831768528840913,
    "loss_profit_ratio_short": 1.0,
    "loss_profit_ratio_w": 0.08482547275001572,
    "mdg_btc": 0.0,
    "mdg_per_exposure_long_btc": 0.0,
    "mdg_per_exposure_long_usd": 0.0,
    "mdg_per_exposure_short_btc": 0.0,
    "mdg_per_exposure_short_usd": 0.0,
    "mdg_pnl": 0.0008179368790339839,
    "mdg_pnl_w": 0.0008085109225466249,
    "mdg_strategy_eq": 0.0,
    "mdg_strategy_eq_w": 0.0,
    "mdg_usd": 0.0,
    "mdg_w_btc": 0.0,
    "mdg_w_per_exposure_long_btc": 0.0,
    "mdg_w_per_exposure_long_usd": 0.0,
    "mdg_w_per_exposure_short_btc": 0.0,
    "mdg_w_per_exposure_short_usd": 0.0,
    "mdg_w_usd": 0.0,
    "omega_ratio_btc": 1.2202952011002506,
    "omega_ratio_strategy_eq": 3.4340967973819154,
    "omega_ratio_strategy_eq_w": 5.015708657988285,
    "omega_ratio_usd": 3.4340967973819243,
    "omega_ratio_w_btc": 1.6214148720759973,
    "omega_ratio_w_usd": 5.0157086579883385,
    "paper_loss_mean_ratio_btc": 0.0046649591509089336,
    "paper_loss_mean_ratio_usd": 0.04064564669734174,
    "paper_loss_mean_ratio_w_btc": 0.27989578568468526,
    "paper_loss_mean_ratio_w_usd": 0.11043582685375117,
    "paper_loss_ratio_btc": 0.0011164817200012556,
    "paper_loss_ratio_usd": 0.0037679374445072264,
    "paper_loss_ratio_w_btc": 0.08774979480297146,
    "paper_loss_ratio_w_usd": 0.051646220119841255,
    "peak_recovery_days_equity_btc": 245.04166666666666,
    "peak_recovery_days_equity_usd": 159.82569444444445,
    "peak_recovery_days_pnl": 73.42430555555556,
    "peak_recovery_days_strategy_eq": 438.40416666666664,
    "peak_recovery_days_strategy_eq_long": 0.0,
    "peak_recovery_days_strategy_eq_short": 0.0,
    "peak_recovery_hours_equity_btc": 5881.0,
    "peak_recovery_hours_equity_usd": 3835.8166666666666,
    "peak_recovery_hours_pnl": 1762.1833333333334,
    "peak_recovery_hours_strategy_eq": 10521.699999999999,
    "peak_recovery_hours_strategy_eq_long": 0.0,
    "peak_recovery_hours_strategy_eq_short": 0.0,
    "pnl_ratio_long_short": 1.0,
    "position_held_days_max": 13.950000000000001,
    "position_held_days_mean": 0.08872903031670804,
    "position_held_days_median": 0.001388888888888889,
    "position_held_hours_max": 334.8,
    "position_held_hours_mean": 2.129496727600993,
    "position_held_hours_median": 0.03333333333333333,
    "position_unchanged_days_max": 5.891666666666667,