{
    "adg": 0.02255952161628394,
    "adg_per_exposure_long": 0.001253306756460219,
    "adg_per_exposure_short": 0.0,
    "adg_w": 0.01106283891901283,
    "adg_w_per_exposure_long": 0.0006146021621673795,
    "adg_w_per_exposure_short": 0.0,
    "calmar_ratio": 0.03190133961424394,
    "calmar_ratio_w": 0.024865410731947136,
    "drawdown_worst": 0.7071653381669,
    "drawdown_worst_mean_1pct": 0.5681589151039634,
    "equity_balance_diff_neg_max": 0.6940747729721841,
    "equity_balance_diff_neg_mean": 0.027941153171291765,
    "equity_balance_diff_pos_max": 1.4809358196490325,
    "equity_balance_diff_pos_mean": 0.02155699679197352,
    "equity_choppiness": 2.2583694387081024,
    "equity_choppiness_w": 2.7917978497661604,
    "equity_jerkiness": 0.04778362234496161,
    "equity_jerkiness_w": 0.035232410849412456,
    "expected_shortfall_1pct": 0.5344270493582457,
    "exponential_fit_error": 1.2187483606749236,
    "exponential_fit_error_w": 0.19807699347468438,
    "gain": 33731829.09528494,
    "gain_per_exposure_long": 1873990.5052936077,
    "gain_per_exposure_short": 0.0,
    "loss_profit_ratio": 0.02642393307533273,
    "loss_profit_ratio_long": 0.02642393307533273,
    "loss_profit_ratio_short": 1.0,
    "loss_profit_ratio_w": 0.031028954349413544,
    "mdg": 0.002890670308524976,
    "mdg_per_exposure_long": 0.00016059279491805422,
    "mdg_per_exposure_short": 0.0,
    "mdg_w": 0.0020169570011651966,
    "mdg_w_per_exposure_long": 0.00011205316673139981,
    "mdg_w_per_exposure_short": 0.0,
    "omega_ratio": 9.542375593466703,
    "omega_ratio_w": 3.98592488735679,
    "pnl_ratio_long_short": 1.0,
    "position_held_hours_max": 142.88333333333333,
    "position_held_hours_mean": 2.4791189494579324,
    "position_held_hours_median": 0.26666666666666666,
    "position_unchanged_hours_max": 142.88333333333333,
    "positions_held_per_day": 2.8095238095238093,
    "sharpe_ratio": 0.056963062833151244,
    "sharpe_ratio_w": 0.06289705687469274,
    "sortino_ratio": 0.22721578183841162,
    "sortino_ratio_w": 0.13989618689748215,
    "sterling_ratio": 0.03970635858482645,
    "sterling_ratio_w": 0.026153334195302434,
    "volume_pct_per_day_avg": 4.616434408590385,
    "volume_pct_per_day_avg_w": 3.3894699827884636
}