{
    "adg": 0.002737552743298677,
    "adg_per_exposure_long": 0.0006843881858246692,
    "adg_per_exposure_short": 0.0,
    "adg_w": 0.0024641214297655978,
    "adg_w_per_exposure_long": 0.0006160303574413994,
    "adg_w_per_exposure_short": 0.0,
    "calmar_ratio": 0.003689472511642773,
    "calmar_ratio_w": 0.004043808021473179,
    "drawdown_worst": 0.741990280361177,
    "drawdown_worst_mean_1pct": 0.4174654649658658,
    "equity_balance_diff_neg_max": 0.7427732010149249,
    "equity_balance_diff_neg_mean": 0.010352076988704887,
    "equity_balance_diff_pos_max": 0.18345053357643465,
    "equity_balance_diff_pos_mean": 0.0012851536961105705,
    "equity_choppiness": 4.09426741107479,
    "equity_choppiness_w": 3.6749009898792098,
    "equity_jerkiness": 0.014523210085781134,
    "equity_jerkiness_w": 0.014928535210884202,
    "expected_shortfall_1pct": 0.34506879844603533,
    "exponential_fit_error": 0.08009856730500724,
    "exponential_fit_error_w": 0.01119847552636136,
    "gain": 107.50669629992743,
    "gain_per_exposure_long": 26.876674074981857,
    "gain_per_exposure_short": 0.0,
    "loss_profit_ratio": 0.03190637058315424,
    "loss_profit_ratio_long": 0.03190637058315424,
    "loss_profit_ratio_short": 1.0,
    "loss_profit_ratio_w": 0.02072503956816938,
    "mdg": 0.0009107472103640477,
    "mdg_per_exposure_long": 0.00022768680259101194,
    "mdg_per_exposure_short": 0.0,
    "mdg_w": 0.0006417099588835495,
    "mdg_w_per_exposure_long": 0.00016042748972088736,
    "mdg_w_per_exposure_short": 0.0,
    "omega_ratio": 2.019412654254782,
    "omega_ratio_w": 1.921955329010536,
    "pnl_ratio_long_short": 1.0,
    "position_held_hours_max": 1148.4833333333333,
    "position_held_hours_mean": 37.69189142461964,
    "position_held_hours_median": 7.858333333333333,
    "position_unchanged_hours_max": 459.31666666666666,
    "positions_held_per_day": 0.5635428959762072,
    "sharpe_ratio": 0.027923262687080515,
    "sharpe_ratio_w": 0.022963709630402274,
    "sortino_ratio": 0.04353359001633403,
    "sortino_ratio_w": 0.0347440982485893,
    "sterling_ratio": 0.006557554990860175,
    "sterling_ratio_w": 0.005284241707594205,
    "volume_pct_per_day_avg": 0.6022298379138196,
    "volume_pct_per_day_avg_w": 0.5777816661413527
}