{
    "adg": 0.006836331524492811,
    "adg_per_exposure_long": 0.0013672663048985624,
    "adg_per_exposure_short": 0.0,
    "adg_w": 0.007145275612023605,
    "adg_w_per_exposure_long": 0.001429055122404721,
    "adg_w_per_exposure_short": 0.0,
    "calmar_ratio": 0.034539649375175084,
    "calmar_ratio_w": 0.03831499323641081,
    "drawdown_worst": 0.19792706782386546,
    "drawdown_worst_mean_1pct": 0.18328835706986557,
    "equity_balance_diff_neg_max": 0.21315484223500575,
    "equity_balance_diff_neg_mean": 0.024443589572728505,
    "equity_balance_diff_pos_max": 0.16924767993927214,
    "equity_balance_diff_pos_mean": 0.0013060745521293357,
    "equity_choppiness": 2.566914441725264,
    "equity_choppiness_w": 2.653512209947137,
    "equity_jerkiness": 0.02742659409101811,
    "equity_jerkiness_w": 0.027770823689678276,
    "expected_shortfall_1pct": 0.15096074435840964,
    "exponential_fit_error": 0.0210822525456929,
    "exponential_fit_error_w": 0.004769535192651915,
    "flat_btc_balance_hours": 0.0,
    "gain": 8.435852998544236,
    "gain_per_exposure_long": 1.6871705997088473,
    "gain_per_exposure_short": 0.0,
    "loss_profit_ratio": 0.0,
    "loss_profit_ratio_long": 0.0,
    "loss_profit_ratio_short": 1.0,
    "loss_profit_ratio_w": 0.0,
    "mdg": 0.0029249592430541033,
    "mdg_per_exposure_long": 0.0005849918486108207,
    "mdg_per_exposure_short": 0.0,
    "mdg_w": 0.003064937881132203,
    "mdg_w_per_exposure_long": 0.0006129875762264406,
    "mdg_w_per_exposure_short": 0.0,
    "omega_ratio": 2.3677151688210896,
    "omega_ratio_w": 2.4078332455238423,
    "pnl_ratio_long_short": 1.0,
    "position_held_hours_max": 222.2,
    "position_held_hours_mean": 4.991799468791501,
    "position_held_hours_median": 0.5916666666666667,
    "position_unchanged_hours_max": 165.41666666666666,
    "positions_held_per_day": 3.207667731629393,
    "sharpe_ratio": 0.12622424304557828,
    "sharpe_ratio_w": 0.10543273274192047,
    "sortino_ratio": 0.19465594580491913,
    "sortino_ratio_w": 0.19150259980563128,
    "sterling_ratio": 0.03729823123400549,
    "sterling_ratio_w": 0.038590851422293855,
    "volume_pct_per_day_avg": 3.5992737977334928,
    "volume_pct_per_day_avg_w": 3.1622392354056084
}