{
    "adg": 0.006363556192457764,
    "adg_per_exposure_long": 0.0012721260605037211,
    "adg_per_exposure_short": 0.0,
    "adg_w": 0.003871354600484245,
    "adg_w_per_exposure_long": 0.0007739149192340013,
    "adg_w_per_exposure_short": 0.0,
    "calmar_ratio": 0.0160535786035779,
    "calmar_ratio_w": 0.020224846387779882,
    "drawdown_worst": 0.3963948693059318,
    "drawdown_worst_mean_1pct": 0.2584494873874284,
    "equity_balance_diff_neg_max": 0.45093419518812833,
    "equity_balance_diff_neg_mean": 0.0031260776962790133,
    "equity_balance_diff_pos_max": 0.7352013373744837,
    "equity_balance_diff_pos_mean": 0.0007559483549193565,
    "equity_choppiness": 1.374021665788011,
    "equity_choppiness_w": 1.399351872674985,
    "equity_jerkiness": 0.011485858676168706,
    "equity_jerkiness_w": 0.008192173787543796,
    "expected_shortfall_1pct": 0.2356792309095239,
    "exponential_fit_error": 0.4726712033122063,
    "exponential_fit_error_w": 0.052928797728170954,
    "gain": 8269.312351488707,
    "gain_per_exposure_long": 1653.1020433577967,
    "gain_per_exposure_short": 0.0,
    "loss_profit_ratio": 0.0049652293128005,
    "loss_profit_ratio_long": 0.0049652293128005,
    "loss_profit_ratio_short": 1.0,
    "loss_profit_ratio_w": 0.00717848621607714,
    "mdg": 0.0012597534161640604,
    "mdg_per_exposure_long": 0.000251834839206777,
    "mdg_per_exposure_short": 0.0,
    "mdg_w": 0.0010424910433238885,
    "mdg_w_per_exposure_long": 0.0002084023435867278,
    "mdg_w_per_exposure_short": 0.0,
    "omega_ratio": 13.489345834980039,
    "omega_ratio_w": 7.980454426967832,
    "pnl_ratio_long_short": 1.0,
    "position_held_hours_max": 159.21666666666667,
    "position_held_hours_mean": 2.3534567478002515,
    "position_held_hours_median": 0.45,
    "position_unchanged_hours_max": 149.58333333333334,
    "positions_held_per_day": 4.103532004624738,
    "sharpe_ratio": 0.05949747279416566,
    "sharpe_ratio_w": 0.08454096202613352,
    "sortino_ratio": 0.14133158906221183,
    "sortino_ratio_w": 0.12669033162058918,
    "sterling_ratio": 0.024622049967228152,
    "sterling_ratio_w": 0.02430053612934576,
    "volume_pct_per_day_avg": 1.5458161348992077,
    "volume_pct_per_day_avg_w": 1.2441117872278342
}