{
    "adg_btc": -8.50193760801865e-05,
    "adg_per_exposure_long_btc": -2.922130128207132e-05,
    "adg_per_exposure_long_usd": 0.00027013965711661315,
    "adg_per_exposure_short_btc": 0.0,
    "adg_per_exposure_short_usd": 0.0,
    "adg_pnl": 0.0008735672052190824,
    "adg_pnl_w": -0.0007183355389013552,
    "adg_strategy_eq": 0.000785971332380786,
    "adg_strategy_eq_w": -0.00039916225346047217,
    "adg_usd": 0.000785971332380786,
    "adg_w_btc": 0.0005180283378246053,
    "adg_w_per_exposure_long_btc": 0.00017804720323925257,
    "adg_w_per_exposure_long_usd": -0.000137192731899114,
    "adg_w_per_exposure_short_btc": 0.0,
    "adg_w_per_exposure_short_usd": 0.0,
    "adg_w_usd": -0.00039916225346047217,
    "backtest_completion_ratio": 1.0,
    "calmar_ratio_btc": -9.960325461642884e-05,
    "calmar_ratio_strategy_eq": 0.0015815096535685181,
    "calmar_ratio_strategy_eq_w": -0.0008031831838900447,
    "calmar_ratio_usd": 0.0015815096535685236,
    "calmar_ratio_w_btc": 0.0010911259391964618,
    "calmar_ratio_w_usd": -0.0008031831838900477,
    "drawdown_worst_btc": 0.8535803012421159,
    "drawdown_worst_ema_strategy_eq": 0.0,
    "drawdown_worst_ema_strategy_eq_long": 0.0,
    "drawdown_worst_ema_strategy_eq_short": 0.0,
    "drawdown_worst_mean_1pct_btc": 0.8022015763759999,
    "drawdown_worst_mean_1pct_ema_strategy_eq": 0.0,
    "drawdown_worst_mean_1pct_ema_strategy_eq_long": 0.0,
    "drawdown_worst_mean_1pct_ema_strategy_eq_short": 0.0,
    "drawdown_worst_mean_1pct_strategy_eq": 0.3518357631247761,
    "drawdown_worst_mean_1pct_strategy_eq_long": 0.0,
    "drawdown_worst_mean_1pct_strategy_eq_short": 0.0,
    "drawdown_worst_mean_1pct_usd": 0.3518357631247757,
    "drawdown_worst_strategy_eq": 0.49697536186852886,
    "drawdown_worst_strategy_eq_long": 0.0,
    "drawdown_worst_strategy_eq_short": 0.0,
    "drawdown_worst_usd": 0.49697536186852714,
    "entry_initial_balance_pct_long": 0.02436502585,
    "entry_initial_balance_pct_short": 0.0,
    "entry_interval_hours_max": 974.1166666666667,
    "entry_interval_hours_mean": 10.642388479100807,
    "entry_interval_hours_median": 2.6666666666666665,
    "entry_interval_hours_p95": 46.683333333333366,
    "entry_interval_hours_p99": 123.5673333333334,
    "equity_balance_diff_neg_max_btc": 0.5251990637287556,
    "equity_balance_diff_neg_max_usd": 0.48911421227338764,
    "equity_balance_diff_neg_mean_btc": 0.11704068328007199,
    "equity_balance_diff_neg_mean_usd": 0.04318099178586086,
    "equity_balance_diff_pos_max_btc": 1.48668547747474,
    "equity_balance_diff_pos_max_usd": 0.4999916518319698,
    "equity_balance_diff_pos_mean_btc": 0.15075046982187854,
    "equity_balance_diff_pos_mean_usd": 0.02686660680098502,
    "equity_choppiness_btc": 251.48273237665063,
    "equity_choppiness_usd": 6.3696704699213536,
    "equity_choppiness_w_btc": 82.01170322352633,
    "equity_choppiness_w_usd": 41.93634743270898,
    "equity_jerkiness_btc": 0.02885391152207748,
    "equity_jerkiness_usd": 0.005433624875315732,
    "equity_jerkiness_w_btc": 0.024822044705004022,
    "equity_jerkiness_w_usd": 0.008875621947594451,
    "expected_shortfall_1pct_btc": 0.1437175039682885,
    "expected_shortfall_1pct_strategy_eq": 0.15877207917907793,
    "expected_shortfall_1pct_usd": 0.15877207917907765,
    "exponential_fit_error_btc": 0.2579862049235193,
    "exponential_fit_error_usd": 0.038465804465742444,
    "exponential_fit_error_w_btc": 0.050631524750309485,
    "exponential_fit_error_w_usd": 0.010305295739825832,
    "exposure_mean_ratio_btc": -0.0010837607211103216,
    "exposure_mean_ratio_usd": 0.010018949764459061,
    "exposure_mean_ratio_w_btc": 0.0037310609667367337,
    "exposure_mean_ratio_w_usd": -0.0020489603997570294,
    "exposure_ratio_btc": -2.8926108186083112e-05,
    "exposure_ratio_usd": 0.00026741071082624475,
    "exposure_ratio_w_btc": 0.0001762485733750691,
    "exposure_ratio_w_usd": -0.0001358068132199473,
    "gain_btc": 0.8359859762651749,
    "gain_per_exposure_long_btc": 0.28732977359174255,
    "gain_per_exposure_long_usd": 1.7993219372558298,
    "gain_per_exposure_short_btc": 0.0,
    "gain_per_exposure_short_usd": 0.0,
    "gain_strategy_eq": 5.235127176445822,
    "gain_usd": 5.235127176445837,
    "hard_stop_duration_minutes_max": 0.0,
    "hard_stop_duration_minutes_mean": 0.0,
    "hard_stop_flatten_time_minutes_mean": 0.0,
    "hard_stop_halt_to_restart_equity_loss_pct": 0.0,
    "hard_stop_panic_close_loss_max": 0.0,
    "hard_stop_panic_close_loss_sum": 0.0,
    "hard_stop_post_restart_retrigger_pct": 0.0,
    "hard_stop_restarts": 0,
    "hard_stop_restarts_long": 0,
    "hard_stop_restarts_per_year": 0.0,
    "hard_stop_restarts_per_year_long": 0.0,
    "hard_stop_restarts_per_year_short": 0.0,
    "hard_stop_restarts_short": 0,
    "hard_stop_time_in_orange_pct": 0.0,
    "hard_stop_time_in_red_pct": 0.0,
    "hard_stop_time_in_yellow_pct": 0.0,
    "hard_stop_trigger_drawdown_mean": 0.0,
    "hard_stop_triggers": 0,
    "hard_stop_triggers_long": 0,
    "hard_stop_triggers_per_year": 0.0,
    "hard_stop_triggers_short": 0,
    "high_exposure_days_max_long": 31.12777777777778,
    "high_exposure_days_max_short": 0.0,
    "high_exposure_days_mean_long": 0.9273454520697167,
    "high_exposure_days_mean_short": 0.0,
    "high_exposure_hours_max_long": 747.0666666666667,
    "high_exposure_hours_max_short": 0.0,
    "high_exposure_hours_mean_long": 22.256290849673203,
    "high_exposure_hours_mean_short": 0.0,
    "liquidated": false,
    "long_short_profit_ratio": 1.0,
    "loss_profit_ratio": 0.3748815239649292,
    "loss_profit_ratio_long": 0.3748815239649292,
    "loss_profit_ratio_short": 1.0,
    "loss_profit_ratio_w": 1.389749534781385,
    "mdg_btc": -0.0006756302068812834,
    "mdg_per_exposure_long_btc": -0.00023221522834895457,
    "mdg_per_exposure_long_usd": 4.2100015646378094e-05,
    "mdg_per_exposure_short_btc": 0.0,
    "mdg_per_exposure_short_usd": 0.0,
    "mdg_pnl": 0.00015337577311085078,
    "mdg_pnl_w": 8.986295287219474e-05,
    "mdg_strategy_eq": 0.00012248999552320054,
    "mdg_strategy_eq_w": 4.61126003063862e-05,
    "mdg_usd": 0.00012248999552313706,
    "mdg_w_btc": -0.0006838028257660681,
    "mdg_w_per_exposure_long_btc": -0.00023502417108302737,
    "mdg_w_per_exposure_long_usd": 1.584897759283933e-05,
    "mdg_w_per_exposure_short_btc": 0.0,
    "mdg_w_per_exposure_short_usd": 0.0,
    "mdg_w_usd": 4.6112600306366026e-05,
    "omega_ratio_btc": 1.0477715026709962,
    "omega_ratio_strategy_eq": 1.796175039308359,
    "omega_ratio_strategy_eq_w": 1.0800203891638938,
    "omega_ratio_usd": 1.7961750393083569,
    "omega_ratio_w_btc": 1.1463472854248677,
    "omega_ratio_w_usd": 1.0800203891638938,
    "paper_loss_mean_ratio_btc": -0.0007264087469204171,
    "paper_loss_mean_ratio_usd": 0.018201789719849457,
    "paper_loss_mean_ratio_w_btc": 0.016216285899095843,
    "paper_loss_mean_ratio_w_usd": 0.003544879696743048,
    "paper_loss_ratio_btc": -0.0001618802887358071,
    "paper_loss_ratio_usd": 0.0016069280193834804,
    "paper_loss_ratio_w_btc": 0.007367160828907292,
    "paper_loss_ratio_w_usd": -0.0008876627357005985,
    "peak_recovery_days_equity_btc": 592.7666666666667,
    "peak_recovery_days_equity_usd": 117.87291666666665,
    "peak_recovery_days_pnl": 35.27708333333333,
    "peak_recovery_days_strategy_eq": 117.87291666666667,
    "peak_recovery_days_strategy_eq_long": 0.0,
    "peak_recovery_days_strategy_eq_short": 0.0,
    "peak_recovery_hours_equity_btc": 14226.4,
    "peak_recovery_hours_equity_usd": 2828.95,
    "peak_recovery_hours_pnl": 846.65,
    "peak_recovery_hours_strategy_eq": 2828.95,
    "peak_recovery_hours_strategy_eq_long": 0.0,
    "peak_recovery_hours_strategy_eq_short": 0.0,
    "pnl_ratio_long_short": 1.0,
    "position_held_days_max": 40.55625,
    "position_held_days_mean": 0.34940494983512244,
    "position_held_days_median": 0.05833333333333333,