{
    "adg": 0.03836151543882327,
    "adg_per_exposure_long": 0.006393585906470545,
    "adg_per_exposure_short": 0.0,
    "adg_w": 0.019692506217940962,
    "adg_w_per_exposure_long": 0.003282084369656827,
    "adg_w_per_exposure_short": 0.0,
    "calmar_ratio": 0.08014331600883833,
    "calmar_ratio_w": 0.15676748721598635,
    "drawdown_worst": 0.47866144488696605,
    "drawdown_worst_mean_1pct": 0.4311240391631306,
    "equity_balance_diff_neg_max": 0.4850584239467413,
    "equity_balance_diff_neg_mean": 0.015880958013236406,
    "equity_balance_diff_pos_max": 0.849912745685505,
    "equity_balance_diff_pos_mean": 0.005142776206922292,
    "equity_choppiness": 1.292246439804344,
    "equity_choppiness_w": 1.2653652702438178,
    "equity_jerkiness": 0.06244248890028082,
    "equity_jerkiness_w": 0.03497794897896702,
    "expected_shortfall_1pct": 0.37918198267278547,
    "exponential_fit_error": 0.46444471987776703,
    "exponential_fit_error_w": 0.04830586903588704,
    "gain": 6692.194601193235,
    "gain_per_exposure_long": 1115.3657668655392,
    "gain_per_exposure_short": 0.0,
    "loss_profit_ratio": 0.028496777373784827,
    "loss_profit_ratio_long": 0.028496777373784827,
    "loss_profit_ratio_short": 1.0,
    "loss_profit_ratio_w": 0.016916051795876942,
    "mdg": 0.015331038647632824,
    "mdg_per_exposure_long": 0.002555173107938804,
    "mdg_per_exposure_short": 0.0,
    "mdg_w": 0.011012570540118807,
    "mdg_w_per_exposure_long": 0.0018354284233531345,
    "mdg_w_per_exposure_short": 0.0,
    "omega_ratio": 11.049640097730567,
    "omega_ratio_w": 9.966773633842326,
    "pnl_ratio_long_short": 1.0,
    "position_held_hours_max": 79.6,
    "position_held_hours_mean": 7.04866979655712,
    "position_held_hours_median": 3.183333333333333,
    "position_unchanged_hours_max": 29.716666666666665,
    "positions_held_per_day": 1.8205128205128205,
    "sharpe_ratio": 0.16168867394904526,
    "sharpe_ratio_w": 0.3010222794950807,
    "sortino_ratio": 0.3430038901702826,
    "sortino_ratio_w": 0.46983326143620463,
    "sterling_ratio": 0.08898022831964578,
    "sterling_ratio_w": 0.15765117844706708,
    "volume_pct_per_day_avg": 5.346662742159619,
    "volume_pct_per_day_avg_w": 2.8714744954821336
}