{
    "adg": 0.019175735090833923,
    "adg_per_exposure_long": 0.007670294036333569,
    "adg_per_exposure_short": 0.0,
    "adg_w": 0.01007578690623998,
    "adg_w_per_exposure_long": 0.004030314762495992,
    "adg_w_per_exposure_short": 0.0,
    "calmar_ratio": 0.07753885224185396,
    "calmar_ratio_w": 0.6004820703809637,
    "drawdown_worst": 0.2473048611942599,
    "drawdown_worst_mean_1pct": 0.23102006812845513,
    "equity_balance_diff_neg_max": 0.2470662042495235,
    "equity_balance_diff_neg_mean": 0.005437673483520739,
    "equity_balance_diff_pos_max": 0.3176560236195541,
    "equity_balance_diff_pos_mean": 0.002501256311250306,
    "equity_choppiness": 1.3027004139066476,
    "equity_choppiness_w": 1.050040520782697,
    "equity_jerkiness": 0.03313460596585588,
    "equity_jerkiness_w": 0.015668348804361038,
    "expected_shortfall_1pct": 0.19394869500875378,
    "exponential_fit_error": 0.14810913528579694,
    "exponential_fit_error_w": 0.01586412031264312,
    "gain": 69.11046032949403,
    "gain_per_exposure_long": 27.644184131797612,
    "gain_per_exposure_short": 0.0,
    "loss_profit_ratio": 0.06497050382963769,
    "loss_profit_ratio_long": 0.06497050382963769,
    "loss_profit_ratio_short": 1.0,
    "loss_profit_ratio_w": 0.023704330139441253,
    "mdg": 0.005883985476206012,
    "mdg_per_exposure_long": 0.0023535941904824047,
    "mdg_per_exposure_short": 0.0,
    "mdg_w": 0.003178495596129893,
    "mdg_w_per_exposure_long": 0.0012713982384519574,
    "mdg_w_per_exposure_short": 0.0,
    "omega_ratio": 12.215646646112434,
    "omega_ratio_w": 323.56392678327995,
    "pnl_ratio_long_short": 1.0,
    "position_held_hours_max": 77.91666666666667,
    "position_held_hours_mean": 6.376956521739131,
    "position_held_hours_median": 3.183333333333333,
    "position_unchanged_hours_max": 62.266666666666666,
    "positions_held_per_day": 2.062780269058296,
    "sharpe_ratio": 0.20935618294089625,
    "sharpe_ratio_w": 0.43826785841834714,
    "sortino_ratio": 0.3216024683105695,
    "sortino_ratio_w": 1.3038967742873715,
    "sterling_ratio": 0.08300462919165773,
    "sterling_ratio_w": 0.6010286480759441,
    "volume_pct_per_day_avg": 2.9914896560436066,
    "volume_pct_per_day_avg_w": 1.7673394452678182
}