{
    "adg": 0.016600075519317192,
    "adg_per_exposure_long": 0.00185560709591178,
    "adg_per_exposure_short": 0.0,
    "adg_w": 0.008671952417813822,
    "adg_w_per_exposure_long": 0.0009693773033248551,
    "adg_w_per_exposure_short": 0.0,
    "calmar_ratio": 0.04357680350179769,
    "calmar_ratio_w": 0.13493699623710145,
    "drawdown_worst": 0.3809383475920253,
    "drawdown_worst_mean_1pct": 0.30317403455118846,
    "equity_balance_diff_neg_max": 0.38271691180348283,
    "equity_balance_diff_neg_mean": 0.012989813469191577,
    "equity_balance_diff_pos_max": 0.4435995092864402,
    "equity_balance_diff_pos_mean": 0.010713966343370362,
    "equity_choppiness": 1.0000098090805165,
    "equity_choppiness_w": 1.0005374742562645,
    "equity_jerkiness": 0.02889008181892691,
    "equity_jerkiness_w": 0.01484118872139881,
    "expected_shortfall_1pct": 0.3031740345511884,
    "exponential_fit_error": 0.10127088253125958,
    "exponential_fit_error_w": 0.019009780105688583,
    "gain": 221.43442675542477,
    "gain_per_exposure_long": 24.752615919630756,
    "gain_per_exposure_short": 0.0,
    "loss_profit_ratio": 0.017715710072487005,
    "loss_profit_ratio_long": 0.017715710072487005,
    "loss_profit_ratio_short": 1.0,
    "loss_profit_ratio_w": 0.00922182097952433,
    "mdg": 0.0,
    "mdg_per_exposure_long": 0.0,
    "mdg_per_exposure_short": 0.0,
    "mdg_w": 0.0,
    "mdg_w_per_exposure_long": 0.0,
    "mdg_w_per_exposure_short": 0.0,
    "omega_ratio": 5935.056051005925,
    "omega_ratio_w": null,
    "pnl_ratio_long_short": 1.0,
    "position_held_hours_max": 16.216666666666665,
    "position_held_hours_mean": 0.8734151329243354,
    "position_held_hours_median": 0.26666666666666666,
    "position_unchanged_hours_max": 16.183333333333334,
    "positions_held_per_day": 0.4969512195121951,
    "sharpe_ratio": 0.12905182314217775,
    "sharpe_ratio_w": 0.15270504831460566,
    "sortino_ratio": 0.17364142208935499,
    "sortino_ratio_w": 0.2742450152043357,
    "sterling_ratio": 0.05475427849186209,
    "sterling_ratio_w": 0.13605474373610787,
    "volume_pct_per_day_avg": 7.494714500331201,
    "volume_pct_per_day_avg_w": 5.6254507564209515
}