{
    "adg_btc": 0.00011345588810174334,
    "adg_per_exposure_long_btc": 5.157085822806515e-05,
    "adg_per_exposure_long_usd": 0.0002070054824747243,
    "adg_per_exposure_short_btc": 0.0,
    "adg_per_exposure_short_usd": 0.0,
    "adg_pnl": 0.0015371827423285337,
    "adg_pnl_w": 0.0016577310590515197,
    "adg_strategy_eq": 0.0004554120614443935,
    "adg_strategy_eq_w": 0.0003176888996005545,
    "adg_usd": 0.0004554120614443935,
    "adg_w_btc": 0.0014028369013863618,
    "adg_w_per_exposure_long_btc": 0.0006376531369938008,
    "adg_w_per_exposure_long_usd": 0.0001444040452729793,
    "adg_w_per_exposure_short_btc": 0.0,
    "adg_w_per_exposure_short_usd": 0.0,
    "adg_w_usd": 0.0003176888996005545,
    "backtest_completion_ratio": 1.0,
    "calmar_ratio_btc": 0.00013875552513331396,
    "calmar_ratio_strategy_eq": 0.0010031310428248676,
    "calmar_ratio_strategy_eq_w": 0.005802657355678859,
    "calmar_ratio_usd": 0.0010031310428248676,
    "calmar_ratio_w_btc": 0.008293842452909527,
    "calmar_ratio_w_usd": 0.007820887214624473,
    "drawdown_worst_btc": 0.8176675342674596,
    "drawdown_worst_ema_strategy_eq": 0.0,
    "drawdown_worst_ema_strategy_eq_long": 0.0,
    "drawdown_worst_ema_strategy_eq_short": 0.0,
    "drawdown_worst_mean_1pct_btc": 0.8135601765604799,
    "drawdown_worst_mean_1pct_ema_strategy_eq": 0.0,
    "drawdown_worst_mean_1pct_ema_strategy_eq_long": 0.0,
    "drawdown_worst_mean_1pct_ema_strategy_eq_short": 0.0,
    "drawdown_worst_mean_1pct_strategy_eq": 0.21119144879107596,
    "drawdown_worst_mean_1pct_strategy_eq_long": 0.0,
    "drawdown_worst_mean_1pct_strategy_eq_short": 0.0,
    "drawdown_worst_mean_1pct_usd": 0.21119144879107563,
    "drawdown_worst_strategy_eq": 0.4539905974417163,
    "drawdown_worst_strategy_eq_long": 0.0,
    "drawdown_worst_strategy_eq_short": 0.0,
    "drawdown_worst_usd": 0.4539905974417163,
    "entry_initial_balance_pct_long": 0.0510422,
    "entry_initial_balance_pct_short": 0.0,
    "entry_interval_hours_max": 1270.1333333333334,
    "entry_interval_hours_mean": 33.981803835882495,
    "entry_interval_hours_median": 2.35,
    "entry_interval_hours_p95": 171.04333333333324,
    "entry_interval_hours_p99": 377.4159999999992,
    "equity_balance_diff_neg_max_btc": 0.39933123538772625,
    "equity_balance_diff_neg_max_usd": 0.35322294626375694,
    "equity_balance_diff_neg_mean_btc": 0.11545230395961287,
    "equity_balance_diff_neg_mean_usd": 0.036739963786316096,
    "equity_balance_diff_pos_max_btc": 0.8493487023593933,
    "equity_balance_diff_pos_max_usd": 0.18455295953846315,
    "equity_balance_diff_pos_mean_btc": 0.14642565237625324,
    "equity_balance_diff_pos_mean_usd": 0.017371270224039347,
    "equity_choppiness_btc": 128.19963006140796,
    "equity_choppiness_usd": 2.018136082673299,
    "equity_choppiness_w_btc": 24.850768290374376,
    "equity_choppiness_w_usd": 1.4276794242236213,
    "equity_jerkiness_btc": 0.02048359312089028,
    "equity_jerkiness_usd": 0.001632801825129556,
    "equity_jerkiness_w_btc": 0.012573786679195504,
    "equity_jerkiness_w_usd": 0.0007934285867052991,
    "expected_shortfall_1pct_btc": 0.18831065544483955,
    "expected_shortfall_1pct_strategy_eq": 0.0683158569854946,
    "expected_shortfall_1pct_usd": 0.06831585698549468,
    "exponential_fit_error_btc": 0.16079764960522477,
    "exponential_fit_error_usd": 0.0038158821461599535,
    "exponential_fit_error_w_btc": 0.035780369289063536,
    "exponential_fit_error_w_usd": 0.0009637592869343225,
    "exposure_mean_ratio_btc": 0.00745196962690564,
    "exposure_mean_ratio_usd": 0.029912214397958235,
    "exposure_mean_ratio_w_btc": 0.29146788299189436,
    "exposure_mean_ratio_w_usd": 0.06108390940601559,
    "exposure_ratio_btc": 5.1219301886759445e-05,
    "exposure_ratio_usd": 0.00020559433492842592,
    "exposure_ratio_w_btc": 0.0013736757037208225,
    "exposure_ratio_w_usd": 0.00018594636247704565,
    "gain_btc": 1.247181348507959,
    "gain_per_exposure_long_btc": 0.5669006129581632,
    "gain_per_exposure_long_usd": 1.1029937572954516,
    "gain_per_exposure_short_btc": 0.0,
    "gain_per_exposure_short_usd": 0.0,
    "gain_strategy_eq": 2.426586266049989,
    "gain_usd": 2.4265862660499935,
    "hard_stop_duration_minutes_max": 0.0,
    "hard_stop_duration_minutes_mean": 0.0,
    "hard_stop_flatten_time_minutes_mean": 0.0,
    "hard_stop_halt_to_restart_equity_loss_pct": 0.0,
    "hard_stop_panic_close_loss_max": 0.0,
    "hard_stop_panic_close_loss_sum": 0.0,
    "hard_stop_post_restart_retrigger_pct": 0.0,
    "hard_stop_restarts": 0,
    "hard_stop_restarts_long": 0,
    "hard_stop_restarts_per_year": 0.0,
    "hard_stop_restarts_per_year_long": 0.0,
    "hard_stop_restarts_per_year_short": 0.0,
    "hard_stop_restarts_short": 0,
    "hard_stop_time_in_orange_pct": 0.0,
    "hard_stop_time_in_red_pct": 0.0,
    "hard_stop_time_in_yellow_pct": 0.0,
    "hard_stop_trigger_drawdown_mean": 0.0,
    "hard_stop_triggers": 0,
    "hard_stop_triggers_long": 0,
    "hard_stop_triggers_per_year": 0.0,
    "hard_stop_triggers_short": 0,
    "high_exposure_days_max_long": 4.9222222222222225,
    "high_exposure_days_max_short": 0.0,
    "high_exposure_days_mean_long": 0.07053462570104853,
    "high_exposure_days_mean_short": 0.0,
    "high_exposure_hours_max_long": 118.13333333333334,
    "high_exposure_hours_max_short": 0.0,
    "high_exposure_hours_mean_long": 1.6928310168251646,
    "high_exposure_hours_mean_short": 0.0,
    "liquidated": false,
    "long_short_profit_ratio": 1.0,
    "loss_profit_ratio": 0.339897509345628,
    "loss_profit_ratio_long": 0.339897509345628,
    "loss_profit_ratio_short": 1.0,
    "loss_profit_ratio_w": 0.15861072215313127,
    "mdg_btc": 0.0,
    "mdg_per_exposure_long_btc": 0.0,
    "mdg_per_exposure_long_usd": 0.0,
    "mdg_per_exposure_short_btc": 0.0,
    "mdg_per_exposure_short_usd": 0.0,
    "mdg_pnl": 0.00023143123087942464,
    "mdg_pnl_w": 0.00010597736207656806,
    "mdg_strategy_eq": 0.0,
    "mdg_strategy_eq_w": 0.0,
    "mdg_usd": 0.0,
    "mdg_w_btc": 0.0,
    "mdg_w_per_exposure_long_btc": 0.0,
    "mdg_w_per_exposure_long_usd": 0.0,
    "mdg_w_per_exposure_short_btc": 0.0,
    "mdg_w_per_exposure_short_usd": 0.0,
    "mdg_w_usd": 0.0,
    "omega_ratio_btc": 1.121365997097004,
    "omega_ratio_strategy_eq": 3.0414504804697384,
    "omega_ratio_strategy_eq_w": 9.395763783473516,
    "omega_ratio_usd": 3.041450480469742,
    "omega_ratio_w_btc": 1.7278873627212554,
    "omega_ratio_w_usd": 9.395763783473814,
    "paper_loss_mean_ratio_btc": 0.0009827078733866765,
    "paper_loss_mean_ratio_usd": 0.012395550090716558,
    "paper_loss_mean_ratio_w_btc": 0.17661725883765872,
    "paper_loss_mean_ratio_w_usd": 39749507.942304835,
    "paper_loss_ratio_btc": 0.00028411473495576825,
    "paper_loss_ratio_usd": 0.0012893048604615013,
    "paper_loss_ratio_w_btc": 0.05963572984807271,
    "paper_loss_ratio_w_usd": 39749506.296412244,
    "peak_recovery_days_equity_btc": 321.1986111111111,
    "peak_recovery_days_equity_usd": 813.18125,
    "peak_recovery_days_pnl": 781.8312500000001,
    "peak_recovery_days_strategy_eq": 813.18125,
    "peak_recovery_days_strategy_eq_long": 0.0,
    "peak_recovery_days_strategy_eq_short": 0.0,
    "peak_recovery_hours_equity_btc": 7708.766666666666,
    "peak_recovery_hours_equity_usd": 19516.35,
    "peak_recovery_hours_pnl": 18763.95,
    "peak_recovery_hours_strategy_eq": 19516.35,
    "peak_recovery_hours_strategy_eq_long": 0.0,
    "peak_recovery_hours_strategy_eq_short": 0.0,
    "pnl_ratio_long_short": 1.0,
    "position_held_days_max": 4.9222222222222225,
    "position_held_days_mean": 0.07033650735888727,
    "position_held_days_median": 0.011805555555555555,
    "position_held_hours_max": 118.13333333333334,
    "position_held_hours_mean": 1.6880761766132946,
    "position_held_hours_median": 0.2833333333333333,
    "position_unchanged_days_max": 3.2340277777777775,