{
    "adg": 0.0033995224635527954,
    "adg_per_exposure_long": 0.0015008929198908588,
    "adg_per_exposure_short": 0.0,
    "adg_w": 0.0034919419669301234,
    "adg_w_per_exposure_long": 0.001541696232640231,
    "adg_w_per_exposure_short": 0.0,
    "calmar_ratio": 0.004656919729922178,
    "calmar_ratio_w": 0.005166037577080357,
    "drawdown_worst": 0.7299937857442101,
    "drawdown_worst_mean_1pct": 0.3314844534694827,
    "equity_balance_diff_neg_max": 0.7303157982977161,
    "equity_balance_diff_neg_mean": 0.003957724880753112,
    "equity_balance_diff_pos_max": 0.18362453944913762,
    "equity_balance_diff_pos_mean": 0.0008525559597165268,
    "equity_choppiness": 2.9123637395003517,
    "equity_choppiness_w": 3.453543730983354,
    "equity_jerkiness": 0.012924902178643819,
    "equity_jerkiness_w": 0.018339606068324348,
    "expected_shortfall_1pct": 0.284233782138764,
    "exponential_fit_error": 0.027682473128855443,
    "exponential_fit_error_w": 0.013359296333366053,
    "gain": 132.55667573821682,
    "gain_per_exposure_long": 58.52391864821934,
    "gain_per_exposure_short": 0.0,
    "loss_profit_ratio": 0.20143842938197418,
    "loss_profit_ratio_long": 0.20143842938197418,
    "loss_profit_ratio_short": 1.0,
    "loss_profit_ratio_w": 0.25683663448703503,
    "mdg": 0.0007573524842233885,
    "mdg_per_exposure_long": 0.0003343719577145203,
    "mdg_per_exposure_short": 0.0,
    "mdg_w": 0.0010328628366002676,
    "mdg_w_per_exposure_long": 0.0004560100823842241,
    "mdg_w_per_exposure_short": 0.0,
    "omega_ratio": 2.8369289846008847,
    "omega_ratio_w": 2.419428907707264,
    "pnl_ratio_long_short": 1.0,
    "position_held_hours_max": 1136.7,
    "position_held_hours_mean": 14.064461586411095,
    "position_held_hours_median": 2.7,
    "position_unchanged_hours_max": 532.5333333333333,
    "positions_held_per_day": 1.4858781373073042,
    "sharpe_ratio": 0.04037699956349999,
    "sharpe_ratio_w": 0.03476579488408077,
    "sortino_ratio": 0.05781501443647386,
    "sortino_ratio_w": 0.04548601033286696,
    "sterling_ratio": 0.0102554506794261,
    "sterling_ratio_w": 0.006986654618694176,
    "volume_pct_per_day_avg": 0.6397179205207892,
    "volume_pct_per_day_avg_w": 0.7038944650998361
}