{"analysis": {"adg": 0.07020096510183071,
              "adg_per_exposure_long": 0.004680064340122048,
              "adg_per_exposure_short": 0.0,
              "adg_w": 0.017501418971873982,
              "adg_w_per_exposure_long": 0.0011667612647915987,
              "adg_w_per_exposure_short": 0.0,
              "calmar_ratio": 0.07372091219757192,
              "calmar_ratio_w": 0.033240291415579465,
              "drawdown_worst": 0.9522530718786041,
              "drawdown_worst_mean_1pct": 0.9522530718786041,
              "equity_balance_diff_neg_max": 0.9631115922684125,
              "equity_balance_diff_neg_mean": 0.13603114764204133,
              "equity_balance_diff_pos_max": 1.601639358292708,
              "equity_balance_diff_pos_mean": 0.023988390480543915,
              "equity_choppiness": 1.626707658898387,
              "equity_choppiness_w": 2.3825145066127495,
              "equity_jerkiness": 0.2153933696801174,
              "equity_jerkiness_w": 0.06983533235764726,
              "expected_shortfall_1pct": 0.9487761561215805,
              "exponential_fit_error": 1.6850185686385954,
              "exponential_fit_error_w": 0.18150338167152577,
              "gain": 48415.98669480201,
              "gain_per_exposure_long": 3227.7324463201344,
              "gain_per_exposure_short": 0.0,
              "loss_profit_ratio": 0.12496248670531811,
              "loss_profit_ratio_long": 0.12496248670531811,
              "loss_profit_ratio_short": 1.0,
              "loss_profit_ratio_w": 0.12325378253911515,
              "mdg": 0.016064364030687804,
              "mdg_per_exposure_long": 0.0010709576020458537,
              "mdg_per_exposure_short": 0.0,
              "mdg_w": 0.004525368730484561,
              "mdg_w_per_exposure_long": 0.00030169124869897074,
              "mdg_w_per_exposure_short": 0.0,
              "omega_ratio": 4.951534051591013,
              "omega_ratio_w": 3.499520134079732,
              "pnl_ratio_long_short": 1.0,
              "position_held_hours_max": 32.81666666666667,
              "position_held_hours_mean": 1.1745029239766083,
              "position_held_hours_median": 0.16666666666666666,
              "position_unchanged_hours_max": 18.7,
              "positions_held_per_day": 5.377358490566038,
              "sharpe_ratio": 0.03227805500061419,
              "sharpe_ratio_w": 0.06230963324698293,
              "sortino_ratio": 0.24935556580048815,
              "sortino_ratio_w": 0.11656273450909287,
              "sterling_ratio": 0.07372091219757192,
              "sterling_ratio_w": 0.033240291415579465,
              "volume_pct_per_day_avg": 19.516652214149296,
              "volume_pct_per_day_avg_w": 9.92109900906654},
 "backtest": {"base_dir": "backtests/pbgui/FART_adg_sharpe_omega_twe20",
              "cache_dir": {"bybit": "caches/hlcvs_data/eb4a1b819776b0ae"},
              "coins": {"bybit": ["FARTCOIN"]},
              "combine_ohlcvs": false,
              "compress_cache": true,
              "end_date": "2025-06-08",
              "exchanges": ["binance", "bybit"],
              "gap_tolerance_ohlcvs_minutes": 120,
              "start_date": "2020-01-01",
              "starting_balance": 1000,
              "use_btc_collateral": false},
 "bot": {"long": {"close_grid_markup_end": 0.014294,
                  "close_grid_markup_start": 0.024899,
                  "close_grid_qty_pct": 0.32592,
                  "close_trailing_grid_ratio": -1,
                  "close_trailing_qty_pct": 0.10013,
                  "close_trailing_retracement_pct": 0.0082281,
                  "close_trailing_threshold_pct": 0.0046921,
                  "ema_span_0": 107.54,
                  "ema_span_1": 157.24,
                  "enforce_exposure_limit": true,
                  "entry_grid_double_down_factor": 7.4576,
                  "entry_grid_spacing_pct": 0.058724,
                  "entry_grid_spacing_weight": 0.69284,
                  "entry_initial_ema_dist": 0.026958,
                  "entry_initial_qty_pct": 0.079187,
                  "entry_trailing_double_down_factor": 0.84273,
                  "entry_trailing_grid_ratio": 0.86026,
                  "entry_trailing_retracement_pct": 0.063795,
                  "entry_trailing_threshold_pct": -0.035043,
                  "filter_noisiness_rolling_window": 60,
                  "filter_volume_drop_pct": 0,
                  "filter_volume_rolling_window": 60,
                  "n_positions": 1,
                  "total_wallet_exposure_limit": 15,
                  "unstuck_close_pct": 0.0054824,
                  "unstuck_ema_dist": -0.010491,
                  "unstuck_loss_allowance_pct": 0.22126,
                  "unstuck_threshold": 0.83203},
         "short": {"close_grid_markup_end": 0.001,
                   "close_grid_markup_start": 0.001,
                   "close_grid_qty_pct": 0.1,
                   "close_trailing_grid_ratio": -1,
                   "close_trailing_qty_pct": 0.1,
                   "close_trailing_retracement_pct": 0.003,
                   "close_trailing_threshold_pct": -0.001,
                   "ema_span_0": 200,
                   "ema_span_1": 200,
                   "enforce_exposure_limit": true,
                   "entry_grid_double_down_factor": 0.6,
                   "entry_grid_spacing_pct": 0.01,
                   "entry_grid_spacing_weight": 0.2,
                   "entry_initial_ema_dist": -0.001,
                   "entry_initial_qty_pct": 0.025,
                   "entry_trailing_double_down_factor": 0.1,
                   "entry_trailing_grid_ratio": -1,
                   "entry_trailing_retracement_pct": 0,
                   "entry_trailing_threshold_pct": -0.1,
                   "filter_noisiness_rolling_window": 60,
                   "filter_volume_drop_pct": 0.53,
                   "filter_volume_rolling_window": 60,
                   "n_positions": 0,
                   "total_wallet_exposure_limit": 0,
                   "unstuck_close_pct": 0.005,
                   "unstuck_ema_dist": -0.1,
                   "unstuck_loss_allowance_pct": 0.01,
                   "unstuck_threshold": 0.55}},
 "disable_plotting": false,
 "live": {"approved_coins": {"long": ["FARTCOINUSDT"], "short": []},
          "auto_gs": true,
          "coin_flags": {},
          "empty_means_all_approved": false,
          "execution_delay_seconds": 2,
          "filter_by_min_effective_cost": true,
          "forced_mode_long": "",
          "forced_mode_short": "",
          "ignored_coins": {"long": [], "short": []},
          "leverage": 10,
          "market_orders_allowed": true,
          "max_n_cancellations_per_batch": 5,
          "max_n_creations_per_batch": 3,
          "max_n_restarts_per_day": 10,
          "mimic_backtest_1m_delay": false,
          "minimum_coin_age_days": 30,
          "ohlcvs_1m_rolling_window_days": 4,
          "ohlcvs_1m_update_after_minutes": 10,
          "pnls_max_lookback_days": 30,
          "price_distance_threshold": 0.002,
          "time_in_force": "good_till_cancelled",
          "user": "bybit_01"},
 "optimize": {"bounds": {"long_close_grid_markup_end": [0.001, 0.03],
                         "long_close_grid_markup_start": [0.001, 0.03],
                         "long_close_grid_qty_pct": [0, 0.4],
                         "long_close_trailing_grid_ratio": [-1, -1],
                         "long_close_trailing_qty_pct": [0.1, 0.25],
                         "long_close_trailing_retracement_pct": [0.003, 0.01],
                         "long_close_trailing_threshold_pct": [0.001, 0.005],
                         "long_ema_span_0": [100, 800],
                         "long_ema_span_1": [100, 800],
                         "long_entry_grid_double_down_factor": [0.5, 10],
                         "long_entry_grid_spacing_pct": [0.01, 0.12],
                         "long_entry_grid_spacing_weight": [0.2, 2],