{
    "adg": 0.052269880007786984,
    "adg_per_exposure_long": 0.005807764445309665,
    "adg_per_exposure_short": 0.0,
    "adg_w": 0.033651613290353266,
    "adg_w_per_exposure_long": 0.003739068143372585,
    "adg_w_per_exposure_short": 0.0,
    "calmar_ratio": 0.12135679409291367,
    "calmar_ratio_w": 0.16169395324249705,
    "drawdown_worst": 0.43071243269468634,
    "drawdown_worst_mean_1pct": 0.43071243269468634,
    "equity_balance_diff_neg_max": 0.4306835110308663,
    "equity_balance_diff_neg_mean": 0.015976210438301455,
    "equity_balance_diff_pos_max": 0.4379125555605896,
    "equity_balance_diff_pos_mean": 0.017537248898565085,
    "equity_choppiness": 1.2243852766752905,
    "equity_choppiness_w": 1.1308943601043624,
    "equity_jerkiness": 0.09142612615057279,
    "equity_jerkiness_w": 0.05853196516315505,
    "expected_shortfall_1pct": 0.42854968737605376,
    "exponential_fit_error": 0.6014465763621277,
    "exponential_fit_error_w": 0.081536155002328,
    "gain": 10116.079470194547,
    "gain_per_exposure_long": 1124.0088300216164,
    "gain_per_exposure_short": 0.0,
    "loss_profit_ratio": 0.11501917288059779,
    "loss_profit_ratio_long": 0.11501917288059779,
    "loss_profit_ratio_short": 1.0,
    "loss_profit_ratio_w": 0.09707603297180958,
    "mdg": 0.0051857078160199195,
    "mdg_per_exposure_long": 0.0005761897573355467,
    "mdg_per_exposure_short": 0.0,
    "mdg_w": 0.0037248821112430205,
    "mdg_w_per_exposure_long": 0.0004138757901381134,
    "mdg_w_per_exposure_short": 0.0,
    "omega_ratio": 17.782602234645836,
    "omega_ratio_w": 21.85832231669189,
    "pnl_ratio_long_short": 1.0,
    "position_held_hours_max": 30.8,
    "position_held_hours_mean": 0.646301064194988,
    "position_held_hours_median": 0.15,
    "position_unchanged_hours_max": 28.916666666666668,
    "positions_held_per_day": 10.7292817679558,
    "sharpe_ratio": 0.17638817748288615,
    "sharpe_ratio_w": 0.20846676638459888,
    "sortino_ratio": 0.39515919638529395,
    "sortino_ratio_w": 0.4857331381660197,
    "sterling_ratio": 0.12135679409291367,
    "sterling_ratio_w": 0.16169395324249705,
    "volume_pct_per_day_avg": 14.079288513101785,
    "volume_pct_per_day_avg_w": 10.472644329670524
}