{
    "adg": 0.020552251001619837,
    "adg_per_exposure_long": 0.004114564765089057,
    "adg_per_exposure_short": 0.0,
    "adg_w": 0.004615181452782613,
    "adg_w_per_exposure_long": 0.0009239602508073299,
    "adg_w_per_exposure_short": 0.0,
    "calmar_ratio": 0.06857850372741259,
    "calmar_ratio_w": 0.046280256537230446,
    "drawdown_worst": 0.29968940534648286,
    "drawdown_worst_mean_1pct": 0.2977450023655316,
    "equity_balance_diff_neg_max": 0.32727580115228,
    "equity_balance_diff_neg_mean": 0.07386734494934363,
    "equity_balance_diff_pos_max": 0.2433365825451099,
    "equity_balance_diff_pos_mean": 0.009360319263403614,
    "equity_choppiness": 1.4389206071352925,
    "equity_choppiness_w": 1.0682618355119764,
    "equity_jerkiness": 0.036590870362420876,
    "equity_jerkiness_w": 0.00866646907108334,
    "expected_shortfall_1pct": 0.2931675804105715,
    "exponential_fit_error": 0.49122979888427654,
    "exponential_fit_error_w": 0.04960721755981194,
    "gain": 253.03851387345838,
    "gain_per_exposure_long": 50.658361135827505,
    "gain_per_exposure_short": 0.0,
    "loss_profit_ratio": 2.5382642701220638e-05,
    "loss_profit_ratio_long": 2.5382642701220638e-05,
    "loss_profit_ratio_short": 1.0,
    "loss_profit_ratio_w": 2.538264270122064e-06,
    "mdg": 0.0,
    "mdg_per_exposure_long": 0.0,
    "mdg_per_exposure_short": 0.0,
    "mdg_w": 0.0,
    "mdg_w_per_exposure_long": 0.0,
    "mdg_w_per_exposure_short": 0.0,
    "omega_ratio": 9.86458915572744,
    "omega_ratio_w": null,
    "pnl_ratio_long_short": 1.0,
    "position_held_hours_max": 70.85,
    "position_held_hours_mean": 2.7154605263157894,
    "position_held_hours_median": 0.5333333333333333,
    "position_unchanged_hours_max": 64.43333333333334,
    "positions_held_per_day": 0.5588235294117647,
    "sharpe_ratio": 0.15353737840656753,
    "sharpe_ratio_w": 0.11540901166020483,
    "sortino_ratio": 0.18754791784144417,
    "sortino_ratio_w": 0.0718961300891747,
    "sterling_ratio": 0.06902635086512225,
    "sterling_ratio_w": 0.04632504125100141,
    "volume_pct_per_day_avg": 6.951551678653317,
    "volume_pct_per_day_avg_w": 4.503709036744947
}