{
    "adg_btc": 0.0003261209440736934,
    "adg_per_exposure_long_btc": 0.00013044837762947735,
    "adg_per_exposure_long_usd": 0.00017862897159561796,
    "adg_per_exposure_short_btc": 0.0,
    "adg_per_exposure_short_usd": 0.0,
    "adg_pnl": 0.0022790060821870424,
    "adg_pnl_w": 0.001044294332880243,
    "adg_strategy_eq": 0.0004465724289890449,
    "adg_strategy_eq_w": 0.00013654219823457935,
    "adg_usd": 0.0004465724289890449,
    "adg_w_btc": 0.0013793501248352436,
    "adg_w_per_exposure_long_btc": 0.0005517400499340974,
    "adg_w_per_exposure_long_usd": 5.461687929383174e-05,
    "adg_w_per_exposure_short_btc": 0.0,
    "adg_w_per_exposure_short_usd": 0.0,
    "adg_w_usd": 0.00013654219823457935,
    "backtest_completion_ratio": 1.0,
    "calmar_ratio_btc": 0.00038652533898916153,
    "calmar_ratio_strategy_eq": 0.001554557632773868,
    "calmar_ratio_strategy_eq_w": 0.003060635625179733,
    "calmar_ratio_usd": 0.0015545576327738644,
    "calmar_ratio_w_btc": 0.010382281644150077,
    "calmar_ratio_w_usd": 0.0030944245282653613,
    "drawdown_worst_btc": 0.8437246182270034,
    "drawdown_worst_ema_strategy_eq": 0.0,
    "drawdown_worst_ema_strategy_eq_long": 0.0,
    "drawdown_worst_ema_strategy_eq_short": 0.0,
    "drawdown_worst_mean_1pct_btc": 0.839945933657287,
    "drawdown_worst_mean_1pct_ema_strategy_eq": 0.0,
    "drawdown_worst_mean_1pct_ema_strategy_eq_long": 0.0,
    "drawdown_worst_mean_1pct_ema_strategy_eq_short": 0.0,
    "drawdown_worst_mean_1pct_strategy_eq": 0.08561441114033991,
    "drawdown_worst_mean_1pct_strategy_eq_long": 0.0,
    "drawdown_worst_mean_1pct_strategy_eq_short": 0.0,
    "drawdown_worst_mean_1pct_usd": 0.08561441114033974,
    "drawdown_worst_strategy_eq": 0.2872665635382108,
    "drawdown_worst_strategy_eq_long": 0.0,
    "drawdown_worst_strategy_eq_short": 0.0,
    "drawdown_worst_usd": 0.28726656353821145,
    "entry_initial_balance_pct_long": 0.0389025,
    "entry_initial_balance_pct_short": 0.0,
    "entry_interval_hours_max": 1992.35,
    "entry_interval_hours_mean": 37.00686040339703,
    "entry_interval_hours_median": 0.6,
    "entry_interval_hours_p95": 196.0875,
    "entry_interval_hours_p99": 560.1250000000011,
    "equity_balance_diff_neg_max_btc": 0.407541683829452,
    "equity_balance_diff_neg_max_usd": 0.2091499784147018,
    "equity_balance_diff_neg_mean_btc": 0.11803903538280267,
    "equity_balance_diff_neg_mean_usd": 0.006384507242480728,
    "equity_balance_diff_pos_max_btc": 1.1106885085416087,
    "equity_balance_diff_pos_max_usd": 0.28089287409524416,
    "equity_balance_diff_pos_mean_btc": 0.14208125303886732,
    "equity_balance_diff_pos_mean_usd": 0.015823925102366902,
    "equity_choppiness_btc": 51.202421514426504,
    "equity_choppiness_usd": 1.3025625374953722,
    "equity_choppiness_w_btc": 16.193805266220835,
    "equity_choppiness_w_usd": 1.284370209113136,
    "equity_jerkiness_btc": 0.018082392872656037,
    "equity_jerkiness_usd": 0.0009325260568973045,
    "equity_jerkiness_w_btc": 0.00970160131511477,
    "equity_jerkiness_w_usd": 0.00030902251956956483,
    "expected_shortfall_1pct_btc": 0.1792614750888903,
    "expected_shortfall_1pct_strategy_eq": 0.0513232561379343,
    "expected_shortfall_1pct_usd": 0.05132325613793439,
    "exponential_fit_error_btc": 0.2101621758914013,
    "exponential_fit_error_usd": 0.006363087477808814,
    "exponential_fit_error_w_btc": 0.03995094065038408,
    "exponential_fit_error_w_usd": 0.0007006393607383507,
    "exposure_mean_ratio_btc": 0.06951666305662958,
    "exposure_mean_ratio_usd": 0.09519236847725127,
    "exposure_mean_ratio_w_btc": 0.6777135765475977,
    "exposure_mean_ratio_w_usd": 0.05596878089731653,
    "exposure_ratio_btc": 0.00012659853915030267,
    "exposure_ratio_usd": 0.0001733572104526966,
    "exposure_ratio_w_btc": 0.0005539610641742058,
    "exposure_ratio_w_usd": 5.420395589101166e-05,
    "gain_btc": 1.8892090232625196,
    "gain_per_exposure_long_btc": 0.7556836093050079,
    "gain_per_exposure_long_usd": 0.9557848859064219,
    "gain_per_exposure_short_btc": 0.0,
    "gain_per_exposure_short_usd": 0.0,
    "gain_strategy_eq": 2.389462214766058,
    "gain_usd": 2.3894622147660547,
    "hard_stop_duration_minutes_max": 0.0,
    "hard_stop_duration_minutes_mean": 0.0,
    "hard_stop_flatten_time_minutes_mean": 0.0,
    "hard_stop_halt_to_restart_equity_loss_pct": 0.0,
    "hard_stop_panic_close_loss_max": 0.0,
    "hard_stop_panic_close_loss_sum": 0.0,
    "hard_stop_post_restart_retrigger_pct": 0.0,
    "hard_stop_restarts": 0,
    "hard_stop_restarts_long": 0,
    "hard_stop_restarts_per_year": 0.0,
    "hard_stop_restarts_per_year_long": 0.0,
    "hard_stop_restarts_per_year_short": 0.0,
    "hard_stop_restarts_short": 0,
    "hard_stop_time_in_orange_pct": 0.0,
    "hard_stop_time_in_red_pct": 0.0,
    "hard_stop_time_in_yellow_pct": 0.0,
    "hard_stop_trigger_drawdown_mean": 0.0,
    "hard_stop_triggers": 0,
    "hard_stop_triggers_long": 0,
    "hard_stop_triggers_per_year": 0.0,
    "hard_stop_triggers_short": 0,
    "high_exposure_days_max_long": 4.156944444444444,
    "high_exposure_days_max_short": 0.0,
    "high_exposure_days_mean_long": 0.02042402865682138,
    "high_exposure_days_mean_short": 0.0,
    "high_exposure_hours_max_long": 99.76666666666667,
    "high_exposure_hours_max_short": 0.0,
    "high_exposure_hours_mean_long": 0.4901766877637131,
    "high_exposure_hours_mean_short": 0.0,
    "liquidated": false,
    "long_short_profit_ratio": 1.0,
    "loss_profit_ratio": 0.19068217236808732,
    "loss_profit_ratio_long": 0.19068217236808732,
    "loss_profit_ratio_short": 1.0,
    "loss_profit_ratio_w": 0.2253548792107361,
    "mdg_btc": 0.0,
    "mdg_per_exposure_long_btc": 0.0,
    "mdg_per_exposure_long_usd": 0.0,
    "mdg_per_exposure_short_btc": 0.0,
    "mdg_per_exposure_short_usd": 0.0,
    "mdg_pnl": 0.00024706507772563765,
    "mdg_pnl_w": 0.00014635332028092586,
    "mdg_strategy_eq": 0.0,
    "mdg_strategy_eq_w": 0.0,
    "mdg_usd": 0.0,
    "mdg_w_btc": 0.0,
    "mdg_w_per_exposure_long_btc": 0.0,
    "mdg_w_per_exposure_long_usd": 0.0,
    "mdg_w_per_exposure_short_btc": 0.0,
    "mdg_w_per_exposure_short_usd": 0.0,
    "mdg_w_usd": 0.0,
    "omega_ratio_btc": 1.1811280400053752,
    "omega_ratio_strategy_eq": 9.081601852685885,
    "omega_ratio_strategy_eq_w": 9.763528128723832,
    "omega_ratio_usd": 9.081601852685758,
    "omega_ratio_w_btc": 2.204724915461405,
    "omega_ratio_w_usd": 9.763528128724122,
    "paper_loss_mean_ratio_btc": 0.0027628228493741707,
    "paper_loss_mean_ratio_usd": 0.06994626398380077,
    "paper_loss_mean_ratio_w_btc": 0.1508032347204568,
    "paper_loss_mean_ratio_w_usd": 0.23605163349539154,
    "paper_loss_ratio_btc": 0.0008002149400014955,
    "paper_loss_ratio_usd": 0.0021351779826798874,
    "paper_loss_ratio_w_btc": 0.08881636310067662,
    "paper_loss_ratio_w_usd": 0.21444570144569192,
    "peak_recovery_days_equity_btc": 213.83680555555554,
    "peak_recovery_days_equity_usd": 460.22430555555553,
    "peak_recovery_days_pnl": 460.2236111111111,
    "peak_recovery_days_strategy_eq": 460.22430555555553,
    "peak_recovery_days_strategy_eq_long": 0.0,
    "peak_recovery_days_strategy_eq_short": 0.0,
    "peak_recovery_hours_equity_btc": 5132.083333333333,
    "peak_recovery_hours_equity_usd": 11045.383333333333,
    "peak_recovery_hours_pnl": 11045.366666666667,
    "peak_recovery_hours_strategy_eq": 11045.383333333333,
    "peak_recovery_hours_strategy_eq_long": 0.0,
    "peak_recovery_hours_strategy_eq_short": 0.0,
    "pnl_ratio_long_short": 1.0,
    "position_held_days_max": 4.156944444444444,
    "position_held_days_mean": 0.02042402865682138,
    "position_held_days_median": 0.004166666666666667,
    "position_held_hours_max": 99.76666666666667,
    "position_held_hours_mean": 0.4901766877637131,
    "position_held_hours_median": 0.1,
    "position_unchanged_days_max": 1.1631944444444444,