{
    "adg": 0.008190111688237689,
    "adg_per_exposure_long": 0.0009694275470192805,
    "adg_per_exposure_short": 0.0,
    "adg_w": 0.005632118325466173,
    "adg_w_per_exposure_long": 0.000666649108170325,
    "adg_w_per_exposure_short": 0.0,
    "calmar_ratio": 0.01170852035927456,
    "calmar_ratio_w": 0.009502633904719778,
    "drawdown_worst": 0.6995001449307925,
    "drawdown_worst_mean_1pct": 0.4909029170642355,
    "equity_balance_diff_neg_max": 0.6991874760712676,
    "equity_balance_diff_neg_mean": 0.05054793034861445,
    "equity_balance_diff_pos_max": 1.1291547540337288,
    "equity_balance_diff_pos_mean": 0.00795963128729015,
    "equity_choppiness": 2.8531898839697103,
    "equity_choppiness_w": 2.920240602375351,
    "equity_jerkiness": 0.033550178502969,
    "equity_jerkiness_w": 0.03344507220416178,
    "expected_shortfall_1pct": 0.3240204578005666,
    "exponential_fit_error": 0.9368087932120286,
    "exponential_fit_error_w": 0.1331586007291961,
    "gain": 1018514.7780115105,
    "gain_per_exposure_long": 120557.1206395898,
    "gain_per_exposure_short": 0.0,
    "loss_profit_ratio": 0.0032097579091201725,
    "loss_profit_ratio_long": 0.0032097579091201725,
    "loss_profit_ratio_short": 1.0,
    "loss_profit_ratio_w": 0.0015633299533575067,
    "mdg": 0.0026930421870172264,
    "mdg_per_exposure_long": 0.00031876357499848807,
    "mdg_per_exposure_short": 0.0,
    "mdg_w": 0.00026930421870172263,
    "mdg_w_per_exposure_long": 3.187635749984881e-05,
    "mdg_w_per_exposure_short": 0.0,
    "omega_ratio": 2.598418761950862,
    "omega_ratio_w": 2.3114075005440267,
    "pnl_ratio_long_short": 1.0,
    "position_held_hours_max": 620.6666666666666,
    "position_held_hours_mean": 8.05064393939394,
    "position_held_hours_median": 0.25,
    "position_unchanged_hours_max": 480.8,
    "positions_held_per_day": 1.2971698113207548,
    "sharpe_ratio": 0.04693709306296093,
    "sharpe_ratio_w": 0.03556317278845682,
    "sortino_ratio": 0.12189646152592956,
    "sortino_ratio_w": 0.10534604893598191,
    "sterling_ratio": 0.016683770667359873,
    "sterling_ratio_w": 0.01099613170103372,
    "volume_pct_per_day_avg": 2.4372131823642653,
    "volume_pct_per_day_avg_w": 1.7489000638937722
}