{"analysis": {"adg": 0.008190111688237689,
              "adg_per_exposure_long": 0.0009694275470192805,
              "adg_per_exposure_short": 0.0,
              "adg_w": 0.005632118325466173,
              "adg_w_per_exposure_long": 0.000666649108170325,
              "adg_w_per_exposure_short": 0.0,
              "calmar_ratio": 0.01170852035927456,
              "calmar_ratio_w": 0.009502633904719778,
              "drawdown_worst": 0.6995001449307925,
              "drawdown_worst_mean_1pct": 0.4909029170642355,
              "equity_balance_diff_neg_max": 0.6991874760712676,
              "equity_balance_diff_neg_mean": 0.05054793034861445,
              "equity_balance_diff_pos_max": 1.1291547540337288,
              "equity_balance_diff_pos_mean": 0.00795963128729015,
              "equity_choppiness": 2.8531898839697103,
              "equity_choppiness_w": 2.920240602375351,
              "equity_jerkiness": 0.033550178502969,
              "equity_jerkiness_w": 0.03344507220416178,
              "expected_shortfall_1pct": 0.3240204578005666,
              "exponential_fit_error": 0.9368087932120286,
              "exponential_fit_error_w": 0.1331586007291961,
              "gain": 1018514.7780115105,
              "gain_per_exposure_long": 120557.1206395898,
              "gain_per_exposure_short": 0.0,
              "loss_profit_ratio": 0.0032097579091201725,
              "loss_profit_ratio_long": 0.0032097579091201725,
              "loss_profit_ratio_short": 1.0,
              "loss_profit_ratio_w": 0.0015633299533575067,
              "mdg": 0.0026930421870172264,
              "mdg_per_exposure_long": 0.00031876357499848807,
              "mdg_per_exposure_short": 0.0,
              "mdg_w": 0.00026930421870172263,
              "mdg_w_per_exposure_long": 3.187635749984881e-05,
              "mdg_w_per_exposure_short": 0.0,
              "omega_ratio": 2.598418761950862,
              "omega_ratio_w": 2.3114075005440267,
              "pnl_ratio_long_short": 1.0,
              "position_held_hours_max": 620.6666666666666,
              "position_held_hours_mean": 8.05064393939394,
              "position_held_hours_median": 0.25,
              "position_unchanged_hours_max": 480.8,
              "positions_held_per_day": 1.2971698113207548,
              "sharpe_ratio": 0.04693709306296093,
              "sharpe_ratio_w": 0.03556317278845682,
              "sortino_ratio": 0.12189646152592956,
              "sortino_ratio_w": 0.10534604893598191,
              "sterling_ratio": 0.016683770667359873,
              "sterling_ratio_w": 0.01099613170103372,
              "volume_pct_per_day_avg": 2.4372131823642653,
              "volume_pct_per_day_avg_w": 1.7489000638937722},
 "backtest": {"base_dir": "backtests/pbgui/sol_adg_sharpe_omega_new_markup",
              "cache_dir": {"binance": "caches/hlcvs_data/6029495b61aaab5c"},
              "coins": {"binance": ["SOL"]},
              "combine_ohlcvs": false,
              "compress_cache": true,
              "end_date": "2025-06-06",
              "exchanges": ["binance", "bybit"],
              "gap_tolerance_ohlcvs_minutes": 120,
              "start_date": "2020-01-01",
              "starting_balance": 1000,
              "use_btc_collateral": false},
 "bot": {"long": {"close_grid_markup_end": 0.028338,
                  "close_grid_markup_start": 0.0065719,
                  "close_grid_qty_pct": 0.33576,
                  "close_trailing_grid_ratio": -0.58124,
                  "close_trailing_qty_pct": 0.05322,
                  "close_trailing_retracement_pct": 0.0079226,
                  "close_trailing_threshold_pct": 0.0047815,
                  "ema_span_0": 134.84,
                  "ema_span_1": 150.67,
                  "enforce_exposure_limit": true,
                  "entry_grid_double_down_factor": 0.82795,
                  "entry_grid_spacing_pct": 0.022633,
                  "entry_grid_spacing_weight": 0.75225,
                  "entry_initial_ema_dist": 0.019182,
                  "entry_initial_qty_pct": 0.044579,
                  "entry_trailing_double_down_factor": 2.9075,
                  "entry_trailing_grid_ratio": -1,
                  "entry_trailing_retracement_pct": 0.11726,
                  "entry_trailing_threshold_pct": 0.086544,
                  "filter_noisiness_rolling_window": 60,
                  "filter_volume_drop_pct": 0,
                  "filter_volume_rolling_window": 60,
                  "n_positions": 1,
                  "total_wallet_exposure_limit": 8.4484,
                  "unstuck_close_pct": 0.0055147,
                  "unstuck_ema_dist": -0.013478,
                  "unstuck_loss_allowance_pct": 0.11835,
                  "unstuck_threshold": 0.64979},
         "short": {"close_grid_markup_end": 0.001,
                   "close_grid_markup_start": 0.001,
                   "close_grid_qty_pct": 0.05,
                   "close_trailing_grid_ratio": -1,
                   "close_trailing_qty_pct": 0.05,
                   "close_trailing_retracement_pct": 0,
                   "close_trailing_threshold_pct": -0.1,
                   "ema_span_0": 200,
                   "ema_span_1": 200,
                   "enforce_exposure_limit": true,
                   "entry_grid_double_down_factor": 0.1,
                   "entry_grid_spacing_pct": 0.01,
                   "entry_grid_spacing_weight": 0.2,
                   "entry_initial_ema_dist": -0.1,
                   "entry_initial_qty_pct": 0.025,
                   "entry_trailing_double_down_factor": 0.1,
                   "entry_trailing_grid_ratio": -1,
                   "entry_trailing_retracement_pct": 0,
                   "entry_trailing_threshold_pct": -0.1,
                   "filter_noisiness_rolling_window": 10,
                   "filter_volume_drop_pct": 0,
                   "filter_volume_rolling_window": 10,
                   "n_positions": 0,
                   "total_wallet_exposure_limit": 0,
                   "unstuck_close_pct": 0.005,
                   "unstuck_ema_dist": -0.1,
                   "unstuck_loss_allowance_pct": 0.01,
                   "unstuck_threshold": 0.7}},
 "disable_plotting": false,
 "live": {"approved_coins": {"long": ["SOLUSDT"], "short": []},
          "auto_gs": true,
          "coin_flags": {},
          "empty_means_all_approved": false,
          "execution_delay_seconds": 2,
          "filter_by_min_effective_cost": true,
          "forced_mode_long": "",
          "forced_mode_short": "",
          "ignored_coins": {"long": [], "short": []},
          "leverage": 10,
          "market_orders_allowed": true,
          "max_n_cancellations_per_batch": 5,
          "max_n_creations_per_batch": 3,
          "max_n_restarts_per_day": 10,
          "mimic_backtest_1m_delay": false,
          "minimum_coin_age_days": 30,
          "ohlcvs_1m_rolling_window_days": 4,
          "ohlcvs_1m_update_after_minutes": 10,
          "pnls_max_lookback_days": 30,
          "price_distance_threshold": 0.002,
          "time_in_force": "good_till_cancelled",
          "user": "bybit_01"},
 "optimize": {"bounds": {"long_close_grid_markup_end": [0.001, 0.03],
                         "long_close_grid_markup_start": [0.001, 0.03],
                         "long_close_grid_qty_pct": [0.05, 0.4],
                         "long_close_trailing_grid_ratio": [-1, 1],
                         "long_close_trailing_qty_pct": [0.05, 0.25],
                         "long_close_trailing_retracement_pct": [0.003, 0.01],
                         "long_close_trailing_threshold_pct": [0.001, 0.005],
                         "long_ema_span_0": [100, 800],
                         "long_ema_span_1": [100, 800],
                         "long_entry_grid_double_down_factor": [0.4, 10],
                         "long_entry_grid_spacing_pct": [0.01, 0.12],
                         "long_entry_grid_spacing_weight": [0.2, 2],