{
    "adg": 0.0010665149905075832,
    "adg_w": 0.0006476358260836701,
    "calmar_ratio": 0.011755350414425594,
    "calmar_ratio_w": 0.017178998035852704,
    "drawdown_worst": 0.09072592078572221,
    "drawdown_worst_mean_1pct": 0.06146079749800701,
    "equity_balance_diff_neg_max": 0.0643919082779111,
    "equity_balance_diff_neg_mean": 0.0021394431311845042,
    "equity_balance_diff_pos_max": 0.14838357616153827,
    "equity_balance_diff_pos_mean": 0.0024760257189554344,
    "equity_choppiness": 1.187049762603704,
    "equity_choppiness_w": 1.1325657287495179,
    "equity_jerkiness": 0.0021575910473950817,
    "equity_jerkiness_w": 0.0013461700656409582,
    "expected_shortfall_1pct": 0.03534289346286919,
    "exponential_fit_error": 0.043892699483358194,
    "exponential_fit_error_w": 0.004935672527329238,
    "gain": 7.285300161283815,
    "loss_profit_ratio": 0.05212018641768891,
    "loss_profit_ratio_long": 0.05212018641768891,
    "loss_profit_ratio_short": 1.0,
    "loss_profit_ratio_w": 0.023117735445363743,
    "mdg": 0.0,
    "mdg_w": 0.0,
    "omega_ratio": 15.69929884144244,
    "omega_ratio_w": 20.52058364153437,
    "pnl_ratio_long_short": 1.0,
    "position_held_hours_max": 99.88333333333334,
    "position_held_hours_mean": 1.2438042981252857,
    "position_held_hours_median": 0.23333333333333334,
    "position_unchanged_hours_max": 72.36666666666666,
    "positions_held_per_day": 0.7827942748996676,
    "sharpe_ratio": 0.07846757448299309,
    "sharpe_ratio_w": 0.08001939971234415,
    "sortino_ratio": 0.11226871832089169,
    "sortino_ratio_w": 0.09722083569234356,
    "sterling_ratio": 0.017352768495107262,
    "sterling_ratio_w": 0.02423112043720287
}