{
    "adg": 0.029049180284702603,
    "adg_per_exposure_long": 0.0058098360569405205,
    "adg_per_exposure_short": 0.0,
    "adg_w": 0.01355962422428667,
    "adg_w_per_exposure_long": 0.002711924844857334,
    "adg_w_per_exposure_short": 0.0,
    "calmar_ratio": 0.1000312923157242,
    "calmar_ratio_w": 0.23725059096871842,
    "drawdown_worst": 0.29040092967124725,
    "drawdown_worst_mean_1pct": 0.2737807957352552,
    "equity_balance_diff_neg_max": 0.3022443803556308,
    "equity_balance_diff_neg_mean": 0.009972230364719203,
    "equity_balance_diff_pos_max": 0.8079400283028879,
    "equity_balance_diff_pos_mean": 0.004136522836255772,
    "equity_choppiness": 1.2499100461560764,
    "equity_choppiness_w": 1.2120602567980114,
    "equity_jerkiness": 0.05027071529787455,
    "equity_jerkiness_w": 0.02260697610451638,
    "expected_shortfall_1pct": 0.26410693706490695,
    "exponential_fit_error": 0.28683716926620223,
    "exponential_fit_error_w": 0.030117484865747828,
    "gain": 812.932833833777,
    "gain_per_exposure_long": 162.5865667667554,
    "gain_per_exposure_short": 0.0,
    "loss_profit_ratio": 0.042314581437569915,
    "loss_profit_ratio_long": 0.042314581437569915,
    "loss_profit_ratio_short": 1.0,
    "loss_profit_ratio_w": 0.011185787712407573,
    "mdg": 0.008869787398127828,
    "mdg_per_exposure_long": 0.0017739574796255657,
    "mdg_per_exposure_short": 0.0,
    "mdg_w": 0.0056078179324293475,
    "mdg_w_per_exposure_long": 0.0011215635864858695,
    "mdg_w_per_exposure_short": 0.0,
    "omega_ratio": 10.573246923810377,
    "omega_ratio_w": 12.208390534128066,
    "pnl_ratio_long_short": 1.0,
    "position_held_hours_max": 48.21666666666667,
    "position_held_hours_mean": 5.651758409785932,
    "position_held_hours_median": 2.6083333333333334,
    "position_unchanged_hours_max": 30.0,
    "positions_held_per_day": 1.8632478632478633,
    "sharpe_ratio": 0.18765340687142484,
    "sharpe_ratio_w": 0.33737268233325085,
    "sortino_ratio": 0.3887861852992871,
    "sortino_ratio_w": 0.6321480738222763,
    "sterling_ratio": 0.10610379083269605,
    "sterling_ratio_w": 0.23785784082041558,
    "volume_pct_per_day_avg": 3.739405182862722,
    "volume_pct_per_day_avg_w": 1.8622480913619603
}