{"analysis": {"adg": 0.029049180284702603,
              "adg_per_exposure_long": 0.0058098360569405205,
              "adg_per_exposure_short": 0.0,
              "adg_w": 0.01355962422428667,
              "adg_w_per_exposure_long": 0.002711924844857334,
              "adg_w_per_exposure_short": 0.0,
              "calmar_ratio": 0.1000312923157242,
              "calmar_ratio_w": 0.23725059096871842,
              "drawdown_worst": 0.29040092967124725,
              "drawdown_worst_mean_1pct": 0.2737807957352552,
              "equity_balance_diff_neg_max": 0.3022443803556308,
              "equity_balance_diff_neg_mean": 0.009972230364719203,
              "equity_balance_diff_pos_max": 0.8079400283028879,
              "equity_balance_diff_pos_mean": 0.004136522836255772,
              "equity_choppiness": 1.2499100461560764,
              "equity_choppiness_w": 1.2120602567980114,
              "equity_jerkiness": 0.05027071529787455,
              "equity_jerkiness_w": 0.02260697610451638,
              "expected_shortfall_1pct": 0.26410693706490695,
              "exponential_fit_error": 0.28683716926620223,
              "exponential_fit_error_w": 0.030117484865747828,
              "gain": 812.932833833777,
              "gain_per_exposure_long": 162.5865667667554,
              "gain_per_exposure_short": 0.0,
              "loss_profit_ratio": 0.042314581437569915,
              "loss_profit_ratio_long": 0.042314581437569915,
              "loss_profit_ratio_short": 1.0,
              "loss_profit_ratio_w": 0.011185787712407573,
              "mdg": 0.008869787398127828,
              "mdg_per_exposure_long": 0.0017739574796255657,
              "mdg_per_exposure_short": 0.0,
              "mdg_w": 0.0056078179324293475,
              "mdg_w_per_exposure_long": 0.0011215635864858695,
              "mdg_w_per_exposure_short": 0.0,
              "omega_ratio": 10.573246923810377,
              "omega_ratio_w": 12.208390534128066,
              "pnl_ratio_long_short": 1.0,
              "position_held_hours_max": 48.21666666666667,
              "position_held_hours_mean": 5.651758409785932,
              "position_held_hours_median": 2.6083333333333334,
              "position_unchanged_hours_max": 30.0,
              "positions_held_per_day": 1.8632478632478633,
              "sharpe_ratio": 0.18765340687142484,
              "sharpe_ratio_w": 0.33737268233325085,
              "sortino_ratio": 0.3887861852992871,
              "sortino_ratio_w": 0.6321480738222763,
              "sterling_ratio": 0.10610379083269605,
              "sterling_ratio_w": 0.23785784082041558,
              "volume_pct_per_day_avg": 3.739405182862722,
              "volume_pct_per_day_avg_w": 1.8622480913619603},
 "backtest": {"base_dir": "backtests/pbgui/HYPE_adg_w_sharpe_omega_48_dd30_twe5_small_dd",
              "cache_dir": {"bybit": "caches/hlcvs_data/4c2ae6ff48d1e11f"},
              "coins": {"bybit": ["HYPE"]},
              "combine_ohlcvs": false,
              "compress_cache": true,
              "end_date": "2025-08-26",
              "exchanges": ["bybit", "binance"],
              "gap_tolerance_ohlcvs_minutes": 120,
              "start_date": "2020-01-01",
              "starting_balance": 1000,
              "use_btc_collateral": false},
 "bot": {"long": {"close_grid_markup_end": 0.0066686,
                  "close_grid_markup_start": 0.023534,
                  "close_grid_qty_pct": 0.33786,
                  "close_trailing_grid_ratio": -0.43515,
                  "close_trailing_qty_pct": 0.17038,
                  "close_trailing_retracement_pct": 0.0037476,
                  "close_trailing_threshold_pct": 0.0024349,
                  "ema_span_0": 562.14,
                  "ema_span_1": 739.21,
                  "enforce_exposure_limit": true,
                  "entry_grid_double_down_factor": 1.2601,
                  "entry_grid_spacing_pct": 0.024185,
                  "entry_grid_spacing_weight": 1.9445,
                  "entry_initial_ema_dist": 0.015544,
                  "entry_initial_qty_pct": 0.036498,
                  "entry_trailing_double_down_factor": 1.0965,
                  "entry_trailing_grid_ratio": -0.050009,
                  "entry_trailing_retracement_pct": 0.11308,
                  "entry_trailing_threshold_pct": 0.082572,
                  "filter_noisiness_rolling_window": 60,
                  "filter_volume_drop_pct": 0,
                  "filter_volume_rolling_window": 60,
                  "n_positions": 1,
                  "total_wallet_exposure_limit": 5,
                  "unstuck_close_pct": 0.0065355,
                  "unstuck_ema_dist": -0.096147,
                  "unstuck_loss_allowance_pct": 0.11353,
                  "unstuck_threshold": 0.69522},
         "short": {"close_grid_markup_end": 0.001,
                   "close_grid_markup_start": 0.001,
                   "close_grid_qty_pct": 0.05,
                   "close_trailing_grid_ratio": -1,
                   "close_trailing_qty_pct": 0.05,
                   "close_trailing_retracement_pct": 0,
                   "close_trailing_threshold_pct": -0.1,
                   "ema_span_0": 200,
                   "ema_span_1": 200,
                   "enforce_exposure_limit": true,
                   "entry_grid_double_down_factor": 0.1,
                   "entry_grid_spacing_pct": 0.01,
                   "entry_grid_spacing_weight": 0.2,
                   "entry_initial_ema_dist": -0.1,
                   "entry_initial_qty_pct": 0.025,
                   "entry_trailing_double_down_factor": 0.1,
                   "entry_trailing_grid_ratio": -1,
                   "entry_trailing_retracement_pct": 0,
                   "entry_trailing_threshold_pct": -0.1,
                   "filter_noisiness_rolling_window": 10,
                   "filter_volume_drop_pct": 0,
                   "filter_volume_rolling_window": 10,
                   "n_positions": 0,
                   "total_wallet_exposure_limit": 0,
                   "unstuck_close_pct": 0.005,
                   "unstuck_ema_dist": -0.1,
                   "unstuck_loss_allowance_pct": 0.01,
                   "unstuck_threshold": 0.7}},
 "coin_overrides": {},
 "disable_plotting": false,
 "live": {"approved_coins": {"long": ["HYPE"], "short": []},
          "auto_gs": true,
          "base_config_path": "",
          "empty_means_all_approved": false,
          "execution_delay_seconds": 2,
          "filter_by_min_effective_cost": true,
          "forced_mode_long": "",
          "forced_mode_short": "",
          "ignored_coins": {"long": [], "short": []},
          "leverage": 10,
          "market_orders_allowed": true,
          "max_n_cancellations_per_batch": 5,
          "max_n_creations_per_batch": 3,
          "max_n_restarts_per_day": 10,
          "mimic_backtest_1m_delay": false,
          "minimum_coin_age_days": 30,
          "ohlcvs_1m_rolling_window_days": 4,
          "ohlcvs_1m_update_after_minutes": 10,
          "pnls_max_lookback_days": 30,
          "price_distance_threshold": 0.002,
          "time_in_force": "good_till_cancelled",
          "user": "bybit_01"},
 "optimize": {"bounds": {"long_close_grid_markup_end": [0.001, 0.03],
                         "long_close_grid_markup_start": [0.001, 0.03],
                         "long_close_grid_qty_pct": [0.05, 0.4],
                         "long_close_trailing_grid_ratio": [-1, 1],
                         "long_close_trailing_qty_pct": [0.05, 0.25],
                         "long_close_trailing_retracement_pct": [0.003, 0.01],
                         "long_close_trailing_threshold_pct": [0.001, 0.005],
                         "long_ema_span_0": [1, 800],
                         "long_ema_span_1": [1, 800],
                         "long_entry_grid_double_down_factor": [0, 1.5],
                         "long_entry_grid_spacing_pct": [0.01, 0.12],