{"analysis": {"adg": 0.0021684266679988795,
              "adg_w": 0.0008738468994472726,
              "calmar_ratio": 0.006618575914378191,
              "calmar_ratio_w": 0.004530822356543325,
              "drawdown_worst": 0.32762737725621466,
              "drawdown_worst_mean_1pct": 0.12252005600399135,
              "equity_balance_diff_neg_max": 0.32669318112260515,
              "equity_balance_diff_neg_mean": 0.007339078737025371,
              "equity_balance_diff_pos_max": 0.3124414665741485,
              "equity_balance_diff_pos_mean": 0.005633215980036236,
              "equity_choppiness": 1.160805111062394,
              "equity_choppiness_w": 1.9682023431029858,
              "equity_jerkiness": 0.004409736672227577,
              "equity_jerkiness_w": 0.002604191400736368,
              "expected_shortfall_1pct": 0.1131387042634991,
              "exponential_fit_error": 0.21211791137370933,
              "exponential_fit_error_w": 0.022825929275457464,
              "gain": 57.05807095739623,
              "loss_profit_ratio": 0.07128334206901037,
              "loss_profit_ratio_long": 0.07128334206901037,
              "loss_profit_ratio_short": 1.0,
              "loss_profit_ratio_w": 0.22775117432829325,
              "mdg": 0.0,
              "mdg_w": 0.0,
              "omega_ratio": 21.687335052086823,
              "omega_ratio_w": 47.117626392199774,
              "pnl_ratio_long_short": 1.0,
              "position_held_hours_max": 71.5,
              "position_held_hours_mean": 0.5382472826086957,
              "position_held_hours_median": 0.11666666666666667,
              "position_unchanged_hours_max": 61.333333333333336,
              "positions_held_per_day": 0.7886171965337274,
              "sharpe_ratio": 0.05916980012606498,
              "sharpe_ratio_w": 0.03845040172691594,
              "sortino_ratio": 0.0611794763531519,
              "sortino_ratio_w": 0.030395353733033315,
              "sterling_ratio": 0.01769854453811414,
              "sterling_ratio_w": 0.009490775398051658},
 "backtest": {"base_dir": "backtests/pbgui/BTC_adg_sharp_omega_e60tr_c100tr",
              "cache_dir": {"bybit": "caches/hlcvs_data/927c8cbbfbee96b6"},
              "coins": {"bybit": ["BTC"]},
              "combine_ohlcvs": false,
              "compress_cache": true,
              "end_date": "2025-05-05",
              "exchanges": ["binance", "bybit"],
              "gap_tolerance_ohlcvs_minutes": 120,
              "start_date": "2020-01-01",
              "starting_balance": 100000,
              "use_btc_collateral": false},
 "bot": {"long": {"close_grid_markup_range": 0,
                  "close_grid_min_markup": 0,
                  "close_grid_qty_pct": 0,
                  "close_trailing_grid_ratio": -1,
                  "close_trailing_qty_pct": 0.33155,
                  "close_trailing_retracement_pct": 0.0030247,
                  "close_trailing_threshold_pct": 0.0037221,
                  "ema_span_0": 135.03,
                  "ema_span_1": 101.49,
                  "enforce_exposure_limit": true,
                  "entry_grid_double_down_factor": 2.9861,
                  "entry_grid_spacing_pct": 0.020783,
                  "entry_grid_spacing_weight": 0.20376,
                  "entry_initial_ema_dist": 0.019712,
                  "entry_initial_qty_pct": 0.01559,
                  "entry_trailing_double_down_factor": 2.6864,
                  "entry_trailing_grid_ratio": -0.65881,
                  "entry_trailing_retracement_pct": 0.024706,
                  "entry_trailing_threshold_pct": 0.010304,
                  "filter_noisiness_rolling_window": 60,
                  "filter_volume_drop_pct": 0,
                  "filter_volume_rolling_window": 60,
                  "n_positions": 1,
                  "total_wallet_exposure_limit": 5,
                  "unstuck_close_pct": 0.005,
                  "unstuck_ema_dist": -0.077351,
                  "unstuck_loss_allowance_pct": 0.068126,
                  "unstuck_threshold": 0.59119},
         "short": {"close_grid_markup_range": 0.01,
                   "close_grid_min_markup": 0.002,
                   "close_grid_qty_pct": 0.05,
                   "close_trailing_grid_ratio": 0,
                   "close_trailing_qty_pct": 0.05,
                   "close_trailing_retracement_pct": 0,
                   "close_trailing_threshold_pct": 0,
                   "ema_span_0": 200,
                   "ema_span_1": 200,
                   "enforce_exposure_limit": true,
                   "entry_grid_double_down_factor": 0.1,
                   "entry_grid_spacing_pct": 0.01,
                   "entry_grid_spacing_weight": 0.2,
                   "entry_initial_ema_dist": 0,
                   "entry_initial_qty_pct": 0.025,
                   "entry_trailing_double_down_factor": 0.1,
                   "entry_trailing_grid_ratio": 0,
                   "entry_trailing_retracement_pct": 0,
                   "entry_trailing_threshold_pct": 0,
                   "filter_noisiness_rolling_window": 10,
                   "filter_volume_drop_pct": 0,
                   "filter_volume_rolling_window": 10,
                   "n_positions": 0,
                   "total_wallet_exposure_limit": 0,
                   "unstuck_close_pct": 0.005,
                   "unstuck_ema_dist": 0,
                   "unstuck_loss_allowance_pct": 0.01,
                   "unstuck_threshold": 0.7}},
 "disable_plotting": false,
 "live": {"approved_coins": {"long": ["BTCUSDT"], "short": []},
          "auto_gs": true,
          "coin_flags": {},
          "empty_means_all_approved": false,
          "execution_delay_seconds": 2,
          "filter_by_min_effective_cost": true,
          "forced_mode_long": "",
          "forced_mode_short": "",
          "ignored_coins": {"long": [], "short": []},
          "leverage": 10,
          "market_orders_allowed": true,
          "max_n_cancellations_per_batch": 5,
          "max_n_creations_per_batch": 3,
          "max_n_restarts_per_day": 10,
          "minimum_coin_age_days": 30,
          "ohlcvs_1m_rolling_window_days": 4,
          "ohlcvs_1m_update_after_minutes": 10,
          "pnls_max_lookback_days": 30,
          "price_distance_threshold": 0.002,
          "time_in_force": "good_till_cancelled",
          "user": "bybit_01"},
 "optimize": {"bounds": {"long_close_grid_markup_range": [0, 0],
                         "long_close_grid_min_markup": [0, 0],
                         "long_close_grid_qty_pct": [0, 0],
                         "long_close_trailing_grid_ratio": [-1, -1],
                         "long_close_trailing_qty_pct": [0.05, 0.35],
                         "long_close_trailing_retracement_pct": [0.003, 0.01],
                         "long_close_trailing_threshold_pct": [0.001, 0.005],
                         "long_ema_span_0": [100, 800],
                         "long_ema_span_1": [100, 800],
                         "long_entry_grid_double_down_factor": [0.5, 3],
                         "long_entry_grid_spacing_pct": [0.01, 0.12],
                         "long_entry_grid_spacing_weight": [0.2, 2],
                         "long_entry_initial_ema_dist": [-0.001, 0.02],
                         "long_entry_initial_qty_pct": [0.01, 0.2],
                         "long_entry_trailing_double_down_factor": [0.6, 3],
                         "long_entry_trailing_grid_ratio": [-1, -0.6],
                         "long_entry_trailing_retracement_pct": [0, 0.15],
                         "long_entry_trailing_threshold_pct": [-0.1, 0.1],
                         "long_filter_noisiness_rolling_window": [60, 60],
                         "long_filter_volume_drop_pct": [0, 0],
                         "long_filter_volume_rolling_window": [60, 60],
                         "long_n_positions": [1, 1],
                         "long_total_wallet_exposure_limit": [1, 2.5],