{"analysis": {"adg": 0.08375599551164714,
              "adg_per_exposure_long": 0.004786056886379837,
              "adg_per_exposure_short": 0.0,
              "adg_w": 0.042047098717057654,
              "adg_w_per_exposure_long": 0.0024026913552604376,
              "adg_w_per_exposure_short": 0.0,
              "calmar_ratio": 0.09008329249008483,
              "calmar_ratio_w": 0.1002430697512084,
              "drawdown_worst": 0.9297617038238905,
              "drawdown_worst_mean_1pct": 0.9297617038238905,
              "equity_balance_diff_neg_max": 0.9424284076519934,
              "equity_balance_diff_neg_mean": 0.0837913209861599,
              "equity_balance_diff_pos_max": 0.935124907842101,
              "equity_balance_diff_pos_mean": 0.024915198315232985,
              "equity_choppiness": 1.5751468325310605,
              "equity_choppiness_w": 1.5458757653937016,
              "equity_jerkiness": 0.20891764473224372,
              "equity_jerkiness_w": 0.11918182389315761,
              "expected_shortfall_1pct": 0.9134774627644598,
              "exponential_fit_error": 1.2670733255336566,
              "exponential_fit_error_w": 0.14778330395465158,
              "gain": 239581.35340684792,
              "gain_per_exposure_long": 13690.36305181988,
              "gain_per_exposure_short": 0.0,
              "loss_profit_ratio": 0.04036023003377247,
              "loss_profit_ratio_long": 0.04036023003377247,
              "loss_profit_ratio_short": 1.0,
              "loss_profit_ratio_w": 0.03855949690824678,
              "mdg": 0.02246309877779938,
              "mdg_per_exposure_long": 0.0012836056444456788,
              "mdg_per_exposure_short": 0.0,
              "mdg_w": 0.014993582931103843,
              "mdg_w_per_exposure_long": 0.0008567761674916482,
              "mdg_w_per_exposure_short": 0.0,
              "omega_ratio": 6.736888117104857,
              "omega_ratio_w": 6.05777313931791,
              "pnl_ratio_long_short": 1.0,
              "position_held_hours_max": 129.31666666666666,
              "position_held_hours_mean": 1.4872959335114277,
              "position_held_hours_median": 0.2,
              "position_unchanged_hours_max": 74.23333333333333,
              "positions_held_per_day": 7.292207792207792,
              "sharpe_ratio": 0.04590217105806624,
              "sharpe_ratio_w": 0.10814963686784292,
              "sortino_ratio": 0.3233154743191429,
              "sortino_ratio_w": 0.31442733477163476,
              "sterling_ratio": 0.09008329249008483,
              "sterling_ratio_w": 0.1002430697512084,
              "volume_pct_per_day_avg": 19.0319398372007,
              "volume_pct_per_day_avg_w": 10.701300079085383},
 "backtest": {"base_dir": "backtests/pbgui/FART_adg_sharpe_twe20",
              "cache_dir": {"bybit": "caches/hlcvs_data/b9ead7dca23aaf30"},
              "coins": {"bybit": ["FARTCOIN"]},
              "combine_ohlcvs": false,
              "compress_cache": true,
              "end_date": "2025-06-03",
              "exchanges": ["binance", "bybit"],
              "gap_tolerance_ohlcvs_minutes": 120,
              "start_date": "2020-01-01",
              "starting_balance": 1000,
              "use_btc_collateral": false},
 "bot": {"long": {"close_grid_markup_end": 0.0053347,
                  "close_grid_markup_start": 0.015617,
                  "close_grid_qty_pct": 0.048839,
                  "close_trailing_grid_ratio": -1,
                  "close_trailing_qty_pct": 0.1001,
                  "close_trailing_retracement_pct": 0.0068042,
                  "close_trailing_threshold_pct": 0.0049571,
                  "ema_span_0": 377.75,
                  "ema_span_1": 418.48,
                  "enforce_exposure_limit": true,
                  "entry_grid_double_down_factor": 7.8056,
                  "entry_grid_spacing_pct": 0.078815,
                  "entry_grid_spacing_weight": 0.38007,
                  "entry_initial_ema_dist": 0.02138,
                  "entry_initial_qty_pct": 0.047985,
                  "entry_trailing_double_down_factor": 0.9805,
                  "entry_trailing_grid_ratio": 0.17817,
                  "entry_trailing_retracement_pct": 0.062228,
                  "entry_trailing_threshold_pct": -0.012463,
                  "filter_noisiness_rolling_window": 60,
                  "filter_volume_drop_pct": 0,
                  "filter_volume_rolling_window": 60,
                  "n_positions": 1,
                  "total_wallet_exposure_limit": 17.5,
                  "unstuck_close_pct": 0.019931,
                  "unstuck_ema_dist": 0.0046504,
                  "unstuck_loss_allowance_pct": 0.097,
                  "unstuck_threshold": 0.91356},
         "short": {"close_grid_markup_end": 0.001,
                   "close_grid_markup_start": 0.001,
                   "close_grid_qty_pct": 0.1,
                   "close_trailing_grid_ratio": -1,
                   "close_trailing_qty_pct": 0.1,
                   "close_trailing_retracement_pct": 0.003,
                   "close_trailing_threshold_pct": -0.001,
                   "ema_span_0": 200,
                   "ema_span_1": 200,
                   "enforce_exposure_limit": true,
                   "entry_grid_double_down_factor": 0.6,
                   "entry_grid_spacing_pct": 0.01,
                   "entry_grid_spacing_weight": 0.2,
                   "entry_initial_ema_dist": -0.001,
                   "entry_initial_qty_pct": 0.025,
                   "entry_trailing_double_down_factor": 0.1,
                   "entry_trailing_grid_ratio": -1,
                   "entry_trailing_retracement_pct": 0,
                   "entry_trailing_threshold_pct": -0.1,
                   "filter_noisiness_rolling_window": 60,
                   "filter_volume_drop_pct": 0.53,
                   "filter_volume_rolling_window": 60,
                   "n_positions": 0,
                   "total_wallet_exposure_limit": 0,
                   "unstuck_close_pct": 0.005,
                   "unstuck_ema_dist": -0.1,
                   "unstuck_loss_allowance_pct": 0.01,
                   "unstuck_threshold": 0.55}},
 "disable_plotting": false,
 "live": {"approved_coins": {"long": ["FARTCOINUSDT"], "short": []},
          "auto_gs": true,
          "coin_flags": {},
          "empty_means_all_approved": false,
          "execution_delay_seconds": 2,
          "filter_by_min_effective_cost": true,
          "forced_mode_long": "",
          "forced_mode_short": "",
          "ignored_coins": {"long": [], "short": []},
          "leverage": 10,
          "market_orders_allowed": true,
          "max_n_cancellations_per_batch": 5,
          "max_n_creations_per_batch": 3,
          "max_n_restarts_per_day": 10,
          "mimic_backtest_1m_delay": false,
          "minimum_coin_age_days": 30,
          "ohlcvs_1m_rolling_window_days": 4,
          "ohlcvs_1m_update_after_minutes": 10,
          "pnls_max_lookback_days": 30,
          "price_distance_threshold": 0.002,
          "time_in_force": "good_till_cancelled",
          "user": "bybit_01"},
 "optimize": {"bounds": {"long_close_grid_markup_end": [0.001, 0.03],
                         "long_close_grid_markup_start": [0.001, 0.03],
                         "long_close_grid_qty_pct": [0, 0.4],
                         "long_close_trailing_grid_ratio": [-1, -1],
                         "long_close_trailing_qty_pct": [0.1, 0.25],
                         "long_close_trailing_retracement_pct": [0.003, 0.01],
                         "long_close_trailing_threshold_pct": [0.001, 0.005],
                         "long_ema_span_0": [100, 800],
                         "long_ema_span_1": [100, 800],
                         "long_entry_grid_double_down_factor": [0.5, 10],
                         "long_entry_grid_spacing_pct": [0.01, 0.12],
                         "long_entry_grid_spacing_weight": [0.2, 2],