{
    "adg_btc": 0.00099924956949482,
    "adg_per_exposure_long_btc": 0.0003338175885263647,
    "adg_per_exposure_long_usd": 0.000366178266319627,
    "adg_per_exposure_short_btc": 0.0,
    "adg_per_exposure_short_usd": 0.0,
    "adg_pnl": 0.001726730675690407,
    "adg_pnl_w": -0.0005062702327684004,
    "adg_strategy_eq": 0.0010961180224011713,
    "adg_strategy_eq_w": -0.0016871443858523794,
    "adg_usd": 0.0010961180224011713,
    "adg_w_btc": -0.000538140530098552,
    "adg_w_per_exposure_long_btc": -0.00017977568320256296,
    "adg_w_per_exposure_long_usd": -0.0005636214290948017,
    "adg_w_per_exposure_short_btc": 0.0,
    "adg_w_per_exposure_short_usd": 0.0,
    "adg_w_usd": -0.0016871443858523794,
    "backtest_completion_ratio": 1.0,
    "calmar_ratio_btc": 0.0009873548928846685,
    "calmar_ratio_strategy_eq": 0.0011340227018324315,
    "calmar_ratio_strategy_eq_w": -0.0020876604555764523,
    "calmar_ratio_usd": 0.0011340227018324324,
    "calmar_ratio_w_btc": -0.0006603610168600464,
    "calmar_ratio_w_usd": -0.00208766045557645,
    "drawdown_worst_btc": 1.0120470123720153,
    "drawdown_worst_ema_strategy_eq": 0.0,
    "drawdown_worst_ema_strategy_eq_long": 0.0,
    "drawdown_worst_ema_strategy_eq_short": 0.0,
    "drawdown_worst_mean_1pct_btc": 0.791193524769158,
    "drawdown_worst_mean_1pct_ema_strategy_eq": 0.0,
    "drawdown_worst_mean_1pct_ema_strategy_eq_long": 0.0,
    "drawdown_worst_mean_1pct_ema_strategy_eq_short": 0.0,
    "drawdown_worst_mean_1pct_strategy_eq": 0.6588577486951348,
    "drawdown_worst_mean_1pct_strategy_eq_long": 0.0,
    "drawdown_worst_mean_1pct_strategy_eq_short": 0.0,
    "drawdown_worst_mean_1pct_usd": 0.6588577486951358,
    "drawdown_worst_strategy_eq": 0.9665750259055561,
    "drawdown_worst_strategy_eq_long": 0.0,
    "drawdown_worst_strategy_eq_short": 0.0,
    "drawdown_worst_usd": 0.9665750259055554,
    "entry_initial_balance_pct_long": 0.05271078059999999,
    "entry_initial_balance_pct_short": 0.0,
    "entry_interval_hours_max": 1896.55,
    "entry_interval_hours_mean": 14.768698924731183,
    "entry_interval_hours_median": 3.8333333333333335,
    "entry_interval_hours_p95": 59.98916666666654,
    "entry_interval_hours_p99": 151.0286666666648,
    "equity_balance_diff_neg_max_btc": 1.0207780583438788,
    "equity_balance_diff_neg_max_usd": 0.959395966684191,
    "equity_balance_diff_neg_mean_btc": 0.10329058445528268,
    "equity_balance_diff_neg_mean_usd": 0.06891684449275526,
    "equity_balance_diff_pos_max_btc": 1.7293518620094988,
    "equity_balance_diff_pos_max_usd": 0.677297036804537,
    "equity_balance_diff_pos_mean_btc": 0.17101039733697995,
    "equity_balance_diff_pos_mean_usd": 0.04856738088469843,
    "equity_choppiness_btc": 58.46922335904048,
    "equity_choppiness_usd": 18.201318303741544,
    "equity_choppiness_w_btc": 57.089784483539134,
    "equity_choppiness_w_usd": 22.8389148580471,
    "equity_jerkiness_btc": 0.03277313384100077,
    "equity_jerkiness_usd": 0.012829791372894243,
    "equity_jerkiness_w_btc": 0.038087588116098504,
    "equity_jerkiness_w_usd": 0.022776518814646474,
    "expected_shortfall_1pct_btc": 0.25946481056230286,
    "expected_shortfall_1pct_strategy_eq": 0.26025300097415244,
    "expected_shortfall_1pct_usd": 0.2602530009741525,
    "exponential_fit_error_btc": 0.34166352218326707,
    "exponential_fit_error_usd": 0.05842188931987279,
    "exponential_fit_error_w_btc": 0.07391636900475064,
    "exponential_fit_error_w_usd": 0.04041737694567311,
    "exposure_mean_ratio_btc": 0.003720698642897339,
    "exposure_mean_ratio_usd": 0.0040813876361890135,
    "exposure_mean_ratio_w_btc": -0.0011370609971951006,
    "exposure_mean_ratio_w_usd": -0.0036148435728582096,
    "exposure_ratio_btc": 0.00032865147615660114,
    "exposure_ratio_usd": 0.00036051134481461164,
    "exposure_ratio_w_btc": -0.00017997497226872097,
    "exposure_ratio_w_usd": -0.0005636608264827279,
    "gain_btc": 6.997593260823564,
    "gain_per_exposure_long_btc": 2.337673969674472,
    "gain_per_exposure_long_usd": 2.8226006057104045,
    "gain_per_exposure_short_btc": 0.0,
    "gain_per_exposure_short_usd": 0.0,
    "gain_strategy_eq": 8.44917265313355,
    "gain_usd": 8.449172653133525,
    "hard_stop_duration_minutes_max": 0.0,
    "hard_stop_duration_minutes_mean": 0.0,
    "hard_stop_flatten_time_minutes_mean": 0.0,
    "hard_stop_halt_to_restart_equity_loss_pct": 0.0,
    "hard_stop_panic_close_loss_max": 0.0,
    "hard_stop_panic_close_loss_sum": 0.0,
    "hard_stop_post_restart_retrigger_pct": 0.0,
    "hard_stop_restarts": 0,
    "hard_stop_restarts_long": 0,
    "hard_stop_restarts_per_year": 0.0,
    "hard_stop_restarts_per_year_long": 0.0,
    "hard_stop_restarts_per_year_short": 0.0,
    "hard_stop_restarts_short": 0,
    "hard_stop_time_in_orange_pct": 0.0,
    "hard_stop_time_in_red_pct": 0.0,
    "hard_stop_time_in_yellow_pct": 0.0,
    "hard_stop_trigger_drawdown_mean": 0.0,
    "hard_stop_triggers": 0,
    "hard_stop_triggers_long": 0,
    "hard_stop_triggers_per_year": 0.0,
    "hard_stop_triggers_short": 0,
    "high_exposure_days_max_long": 59.901388888888896,
    "high_exposure_days_max_short": 0.0,
    "high_exposure_days_mean_long": 0.8931954436450839,
    "high_exposure_days_mean_short": 0.0,
    "high_exposure_hours_max_long": 1437.6333333333334,
    "high_exposure_hours_max_short": 0.0,
    "high_exposure_hours_mean_long": 21.436690647482013,
    "high_exposure_hours_mean_short": 0.0,
    "liquidated": false,
    "long_short_profit_ratio": 1.0,
    "loss_profit_ratio": 0.38508455787610824,
    "loss_profit_ratio_long": 0.38508455787610824,
    "loss_profit_ratio_short": 1.0,
    "loss_profit_ratio_w": 1.132955937882306,
    "mdg_btc": -0.0004495932338421352,
    "mdg_per_exposure_long_btc": -0.00015019483992855456,
    "mdg_per_exposure_long_usd": 1.2024451933132482e-05,
    "mdg_per_exposure_short_btc": 0.0,
    "mdg_per_exposure_short_usd": 0.0,
    "mdg_pnl": 0.00011200383747847716,
    "mdg_pnl_w": 8.832688919774299e-06,
    "mdg_strategy_eq": 3.5993994416638707e-05,
    "mdg_strategy_eq_w": -1.937660779116502e-05,
    "mdg_usd": 3.599399441663877e-05,
    "mdg_w_btc": -0.0003523073658339927,
    "mdg_w_per_exposure_long_btc": -0.00011769471698870607,
    "mdg_w_per_exposure_long_usd": -6.473110105951434e-06,
    "mdg_w_per_exposure_short_btc": 0.0,
    "mdg_w_per_exposure_short_usd": 0.0,
    "mdg_w_usd": -1.937660779115502e-05,
    "omega_ratio_btc": 1.2049470446641344,
    "omega_ratio_strategy_eq": 1.5035556551994536,
    "omega_ratio_strategy_eq_w": 1.0346606662973703,
    "omega_ratio_usd": 1.5035556551994522,
    "omega_ratio_w_btc": 1.1182471504771656,
    "omega_ratio_w_usd": 1.03466066629737,
    "paper_loss_mean_ratio_btc": 0.009674159312433966,
    "paper_loss_mean_ratio_usd": 0.0159049363108376,
    "paper_loss_mean_ratio_w_btc": -0.0028107055614491694,
    "paper_loss_mean_ratio_w_usd": -0.004682529939318468,
    "paper_loss_ratio_btc": 0.000978909726092676,
    "paper_loss_ratio_usd": 0.001142508474566045,
    "paper_loss_ratio_w_btc": -0.0007537799688072553,
    "paper_loss_ratio_w_usd": -0.0021713749983375474,
    "peak_recovery_days_equity_btc": 184.79166666666666,
    "peak_recovery_days_equity_usd": 281.8854166666667,
    "peak_recovery_days_pnl": 229.3472222222222,
    "peak_recovery_days_strategy_eq": 281.8854166666667,
    "peak_recovery_days_strategy_eq_long": 0.0,
    "peak_recovery_days_strategy_eq_short": 0.0,
    "peak_recovery_hours_equity_btc": 4435.0,
    "peak_recovery_hours_equity_usd": 6765.25,
    "peak_recovery_hours_pnl": 5504.333333333333,
    "peak_recovery_hours_strategy_eq": 6765.25,
    "peak_recovery_hours_strategy_eq_long": 0.0,
    "peak_recovery_hours_strategy_eq_short": 0.0,
    "pnl_ratio_long_short": 1.0,
    "position_held_days_max": 78.18611111111112,
    "position_held_days_mean": 0.43656218799030094,
    "position_held_days_median": 0.07777777777777778,