{
    "adg": 0.0043519635731146256,
    "adg_per_exposure_long": 0.00029961883463783994,
    "adg_per_exposure_short": 0.0,
    "adg_w": 0.0030822430118161216,
    "adg_w_per_exposure_long": 0.00021220261699250406,
    "adg_w_per_exposure_short": 0.0,
    "calmar_ratio": 0.00900362044381017,
    "calmar_ratio_w": 0.006396658529318302,
    "drawdown_worst": 0.48335706733467687,
    "drawdown_worst_mean_1pct": 0.35745903274901,
    "equity_balance_diff_neg_max": 0.484939068674244,
    "equity_balance_diff_neg_mean": 0.014314725835314217,
    "equity_balance_diff_pos_max": 0.15356459957243693,
    "equity_balance_diff_pos_mean": 0.000565729548688089,
    "equity_choppiness": 4.471684518830995,
    "equity_choppiness_w": 4.692160390032542,
    "equity_jerkiness": 0.020862298199620453,
    "equity_jerkiness_w": 0.022006881065683267,
    "expected_shortfall_1pct": 0.2558755695362286,
    "exponential_fit_error": 0.42444439142874346,
    "exponential_fit_error_w": 0.047250838932198044,
    "gain": 8628.635596430877,
    "gain_per_exposure_long": 594.054085812797,
    "gain_per_exposure_short": 0.0,
    "loss_profit_ratio": 1.4839422425034525e-05,
    "loss_profit_ratio_long": 1.4839422425034525e-05,
    "loss_profit_ratio_short": 1.0,
    "loss_profit_ratio_w": 8.726586174082678e-06,
    "mdg": 0.0018910834088875566,
    "mdg_per_exposure_long": 0.0001301950711798662,
    "mdg_per_exposure_short": 0.0,
    "mdg_w": 0.0013308633901252635,
    "mdg_w_per_exposure_long": 9.162570672118853e-05,
    "mdg_w_per_exposure_short": 0.0,
    "omega_ratio": 2.141742422327049,
    "omega_ratio_w": 1.7764259675002463,
    "pnl_ratio_long_short": 1.0,
    "position_held_hours_max": 831.2666666666667,
    "position_held_hours_mean": 10.143457777777778,
    "position_held_hours_median": 1.0333333333333334,
    "position_unchanged_hours_max": 347.55,
    "positions_held_per_day": 1.796837565884044,
    "sharpe_ratio": 0.05928750571681379,
    "sharpe_ratio_w": 0.041722135542308955,
    "sortino_ratio": 0.09069060674169743,
    "sortino_ratio_w": 0.0616515516434725,
    "sterling_ratio": 0.012174719826342615,
    "sterling_ratio_w": 0.0074373383921739296,
    "volume_pct_per_day_avg": 1.9235223356656383,
    "volume_pct_per_day_avg_w": 1.4941771101151748
}