{
    "adg": 0.006169814995086398,
    "adg_per_exposure_long": 0.0009839744501995754,
    "adg_per_exposure_short": 0.0,
    "adg_w": 0.004333261332880834,
    "adg_w_per_exposure_long": 0.00069107719453309,
    "adg_w_per_exposure_short": 0.0,
    "calmar_ratio": 0.012398821864771844,
    "calmar_ratio_w": 0.014726198793107076,
    "drawdown_worst": 0.49761300407229714,
    "drawdown_worst_mean_1pct": 0.263141392751342,
    "equity_balance_diff_neg_max": 0.4995858637525095,
    "equity_balance_diff_neg_mean": 0.011317613106633892,
    "equity_balance_diff_pos_max": 0.21687188809435123,
    "equity_balance_diff_pos_mean": 0.0011056437552058897,
    "equity_choppiness": 1.3048765399813986,
    "equity_choppiness_w": 1.4374545967186527,
    "equity_jerkiness": 0.009585690157003512,
    "equity_jerkiness_w": 0.008735619869498997,
    "expected_shortfall_1pct": 0.24466975684990697,
    "exponential_fit_error": 0.6002860290219594,
    "exponential_fit_error_w": 0.07057901228200236,
    "gain": 52823.941142355,
    "gain_per_exposure_long": 8424.467911001866,
    "gain_per_exposure_short": 0.0,
    "loss_profit_ratio": 0.014714242601416728,
    "loss_profit_ratio_long": 0.014714242601416728,
    "loss_profit_ratio_short": 1.0,
    "loss_profit_ratio_w": 0.015277816061226085,
    "mdg": 0.000773800450653024,
    "mdg_per_exposure_long": 0.00012340724537151715,
    "mdg_per_exposure_short": 0.0,
    "mdg_w": 0.0005028602039564816,
    "mdg_w_per_exposure_long": 8.019715228242375e-05,
    "mdg_w_per_exposure_short": 0.0,
    "omega_ratio": 16.273824815818497,
    "omega_ratio_w": 9.64556998723186,
    "pnl_ratio_long_short": 1.0,
    "position_held_hours_max": 336.5833333333333,
    "position_held_hours_mean": 0.6561434430006451,
    "position_held_hours_median": 0.16666666666666666,
    "position_unchanged_hours_max": 134.23333333333332,
    "positions_held_per_day": 8.183257918552036,
    "sharpe_ratio": 0.07707686611879515,
    "sharpe_ratio_w": 0.07721624812141784,
    "sortino_ratio": 0.11824560022918743,
    "sortino_ratio_w": 0.09698857958214682,
    "sterling_ratio": 0.023446767270539695,
    "sterling_ratio_w": 0.019055133142829864,
    "volume_pct_per_day_avg": 1.7431559908048904,
    "volume_pct_per_day_avg_w": 1.5902926552948318
}