{
    "adg": 0.006519971193215346,
    "adg_w": 0.003836023512503317,
    "calmar_ratio": 0.009571765642606095,
    "calmar_ratio_w": 0.009694387371085172,
    "drawdown_worst": 0.6811670319416805,
    "drawdown_worst_mean_1pct": 0.3106875387652925,
    "equity_balance_diff_neg_max": 0.7158364979604853,
    "equity_balance_diff_neg_mean": 0.019759850779869782,
    "equity_balance_diff_pos_max": 0.28194226399331673,
    "equity_balance_diff_pos_mean": 0.003595727103871979,
    "equity_choppiness": 1.4095869385688178,
    "equity_choppiness_w": 1.961787963559819,
    "equity_jerkiness": 0.01067473986461042,
    "equity_jerkiness_w": 0.010673806878255114,
    "expected_shortfall_1pct": 0.28922642842500246,
    "exponential_fit_error": 2.1667531434370186,
    "exponential_fit_error_w": 0.22273887870248538,
    "gain": 78860.21135753601,
    "loss_profit_ratio": 0.3093880177383681,
    "loss_profit_ratio_long": 0.3093880177383681,
    "loss_profit_ratio_short": 1.0,
    "loss_profit_ratio_w": 0.34998022655248184,
    "mdg": 7.810144957699698e-06,
    "mdg_w": 0.00011450810801192561,
    "omega_ratio": 11.67390089096333,
    "omega_ratio_w": 4.871565321961457,
    "pnl_ratio_long_short": 1.0,
    "position_held_hours_max": 33.233333333333334,
    "position_held_hours_mean": 0.8774607620047844,
    "position_held_hours_median": 0.25,
    "position_unchanged_hours_max": 33.233333333333334,
    "positions_held_per_day": 3.292795389048991,
    "sharpe_ratio": 0.060639499180132284,
    "sharpe_ratio_w": 0.062074089715264714,
    "sortino_ratio": 0.09800059758477728,
    "sortino_ratio_w": 0.06569635457798914,
    "sterling_ratio": 0.02098562182161039,
    "sterling_ratio_w": 0.012142712919672071
}