{
    "adg_btc": 0.004903034902721259,
    "adg_per_exposure_long_btc": 0.001731175376993595,
    "adg_per_exposure_long_usd": 0.0020459464423186135,
    "adg_per_exposure_short_btc": 0.0,
    "adg_per_exposure_short_usd": 0.0,
    "adg_pnl": 0.00855910620760854,
    "adg_pnl_w": 0.003926256210830236,
    "adg_strategy_eq": 0.005794529513934554,
    "adg_strategy_eq_w": 0.0021150144338186296,
    "adg_usd": 0.005794529513934776,
    "adg_w_btc": 0.0029707020801664763,
    "adg_w_per_exposure_long_btc": 0.0010489026481768507,
    "adg_w_per_exposure_long_usd": 0.0007467743922811425,
    "adg_w_per_exposure_short_btc": 0.0,
    "adg_w_per_exposure_short_usd": 0.0,
    "adg_w_usd": 0.0021150144338186517,
    "backtest_completion_ratio": 1.0,
    "calmar_ratio_btc": 0.0050646304022841405,
    "calmar_ratio_strategy_eq": 0.006288387017435901,
    "calmar_ratio_strategy_eq_w": 0.0023361579248074,
    "calmar_ratio_usd": 0.006288387017436141,
    "calmar_ratio_w_btc": 0.0031103920115173995,
    "calmar_ratio_w_usd": 0.002336157924807424,
    "drawdown_worst_btc": 0.9680933282930179,
    "drawdown_worst_ema_strategy_eq": 0.0,
    "drawdown_worst_ema_strategy_eq_long": 0.0,
    "drawdown_worst_ema_strategy_eq_short": 0.0,
    "drawdown_worst_mean_1pct_btc": 0.5980671191874964,
    "drawdown_worst_mean_1pct_ema_strategy_eq": 0.0,
    "drawdown_worst_mean_1pct_ema_strategy_eq_long": 0.0,
    "drawdown_worst_mean_1pct_ema_strategy_eq_short": 0.0,
    "drawdown_worst_mean_1pct_strategy_eq": 0.47779035465711567,
    "drawdown_worst_mean_1pct_strategy_eq_long": 0.0,
    "drawdown_worst_mean_1pct_strategy_eq_short": 0.0,
    "drawdown_worst_mean_1pct_usd": 0.47779035465711556,
    "drawdown_worst_strategy_eq": 0.9214651543977779,
    "drawdown_worst_strategy_eq_long": 0.0,
    "drawdown_worst_strategy_eq_short": 0.0,
    "drawdown_worst_usd": 0.9214651543977779,
    "entry_initial_balance_pct_long": 0.1213427768,
    "entry_initial_balance_pct_short": 0.0,
    "entry_interval_hours_max": 648.3166666666667,
    "entry_interval_hours_mean": 10.124825962325962,
    "entry_interval_hours_median": 1.6,
    "entry_interval_hours_p95": 50.17083333333329,
    "entry_interval_hours_p99": 120.21166666666669,
    "equity_balance_diff_neg_max_btc": 0.9581671451923508,
    "equity_balance_diff_neg_max_usd": 0.918980087584468,
    "equity_balance_diff_neg_mean_btc": 0.10217591267748034,
    "equity_balance_diff_neg_mean_usd": 0.14057846867095503,
    "equity_balance_diff_pos_max_btc": 13.41081849915125,
    "equity_balance_diff_pos_max_usd": 16.669128679967983,
    "equity_balance_diff_pos_mean_btc": 0.5001096676086111,
    "equity_balance_diff_pos_mean_usd": 0.3292906901820591,
    "equity_choppiness_btc": 8.267769969750832,
    "equity_choppiness_usd": 3.455289458900266,
    "equity_choppiness_w_btc": 7.868500986320458,
    "equity_choppiness_w_usd": 7.696072612119553,
    "equity_jerkiness_btc": 0.03502165877276327,
    "equity_jerkiness_usd": 0.0109700202454855,
    "equity_jerkiness_w_btc": 0.03548681821609919,
    "equity_jerkiness_w_usd": 0.016196880203052582,
    "expected_shortfall_1pct_btc": 0.30742521673196616,
    "expected_shortfall_1pct_strategy_eq": 0.27585195196840323,
    "expected_shortfall_1pct_usd": 0.2758519519684032,
    "exponential_fit_error_btc": 2.266388459551854,
    "exponential_fit_error_usd": 2.0593250363923596,
    "exponential_fit_error_w_btc": 0.25395892369373035,
    "exponential_fit_error_w_usd": 0.22097854612653994,
    "exposure_mean_ratio_btc": 0.06552029384299085,
    "exposure_mean_ratio_usd": 0.07743352514667451,
    "exposure_mean_ratio_w_btc": 0.01902616971782372,
    "exposure_mean_ratio_w_usd": 0.01696034550783175,
    "exposure_ratio_btc": 0.0016844340230790398,
    "exposure_ratio_usd": 0.0019907063389636814,
    "exposure_ratio_w_btc": 0.0010249716446350033,
    "exposure_ratio_w_usd": 0.0007277593039203787,
    "gain_btc": 27109.244057963486,
    "gain_per_exposure_long_btc": 9571.79720992991,
    "gain_per_exposure_long_usd": 60914.52379982052,
    "gain_per_exposure_short_btc": 0.0,
    "gain_per_exposure_short_usd": 0.0,
    "gain_strategy_eq": 172522.11430585146,
    "gain_usd": 172522.11430585166,
    "hard_stop_duration_minutes_max": 0.0,
    "hard_stop_duration_minutes_mean": 0.0,
    "hard_stop_flatten_time_minutes_mean": 0.0,
    "hard_stop_halt_to_restart_equity_loss_pct": 0.0,
    "hard_stop_panic_close_loss_max": 0.0,
    "hard_stop_panic_close_loss_sum": 0.0,
    "hard_stop_post_restart_retrigger_pct": 0.0,
    "hard_stop_restarts": 0,
    "hard_stop_restarts_long": 0,
    "hard_stop_restarts_per_year": 0.0,
    "hard_stop_restarts_per_year_long": 0.0,
    "hard_stop_restarts_per_year_short": 0.0,
    "hard_stop_restarts_short": 0,
    "hard_stop_time_in_orange_pct": 0.0,
    "hard_stop_time_in_red_pct": 0.0,
    "hard_stop_time_in_yellow_pct": 0.0,
    "hard_stop_trigger_drawdown_mean": 0.0,
    "hard_stop_triggers": 0,
    "hard_stop_triggers_long": 0,
    "hard_stop_triggers_per_year": 0.0,
    "hard_stop_triggers_short": 0,
    "high_exposure_days_max_long": 26.924305555555552,
    "high_exposure_days_max_short": 0.0,
    "high_exposure_days_mean_long": 0.04975664646051855,
    "high_exposure_days_mean_short": 0.0,
    "high_exposure_hours_max_long": 646.1833333333333,
    "high_exposure_hours_max_short": 0.0,
    "high_exposure_hours_mean_long": 1.194159515052445,
    "high_exposure_hours_mean_short": 0.0,
    "liquidated": false,
    "long_short_profit_ratio": 1.0,
    "loss_profit_ratio": 0.11058551926927196,
    "loss_profit_ratio_long": 0.11058551926927196,
    "loss_profit_ratio_short": 1.0,
    "loss_profit_ratio_w": 0.22239523441581205,
    "mdg_btc": 0.0,
    "mdg_per_exposure_long_btc": 0.0,
    "mdg_per_exposure_long_usd": 0.00025567551926161815,
    "mdg_per_exposure_short_btc": 0.0,
    "mdg_per_exposure_short_usd": 0.0,
    "mdg_pnl": 0.0015089219423665835,
    "mdg_pnl_w": 0.0009815213246050487,
    "mdg_strategy_eq": 0.0007241242056527548,
    "mdg_strategy_eq_w": 7.241242056527549e-05,
    "mdg_usd": 0.000724124205652755,
    "mdg_w_btc": 0.0,
    "mdg_w_per_exposure_long_btc": 0.0,
    "mdg_w_per_exposure_long_usd": 2.5567551926161818e-05,
    "mdg_w_per_exposure_short_btc": 0.0,
    "mdg_w_per_exposure_short_usd": 0.0,
    "mdg_w_usd": 7.24124205652755e-05,
    "omega_ratio_btc": 1.8061409750002078,
    "omega_ratio_strategy_eq": 6.851542989732564,
    "omega_ratio_strategy_eq_w": 2.3182186441548063,
    "omega_ratio_usd": 6.851542989732572,
    "omega_ratio_w_btc": 1.6683444855507485,
    "omega_ratio_w_usd": 2.3182186441548085,
    "paper_loss_mean_ratio_btc": 0.047986210979076405,
    "paper_loss_mean_ratio_usd": 0.04121918220277204,
    "paper_loss_mean_ratio_w_btc": 0.10471113837054062,
    "paper_loss_mean_ratio_w_usd": 0.04558243843381174,
    "paper_loss_ratio_btc": 0.005117097708184287,
    "paper_loss_ratio_usd": 0.006305391805785098,
    "paper_loss_ratio_w_btc": 0.003152968489288037,
    "paper_loss_ratio_w_usd": 0.0026288682723446797,
    "peak_recovery_days_equity_btc": 232.9173611111111,
    "peak_recovery_days_equity_usd": 106.6875,
    "peak_recovery_days_pnl": 107.65972222222223,
    "peak_recovery_days_strategy_eq": 106.6875,
    "peak_recovery_days_strategy_eq_long": 0.0,
    "peak_recovery_days_strategy_eq_short": 0.0,
    "peak_recovery_hours_equity_btc": 5590.016666666666,
    "peak_recovery_hours_equity_usd": 2560.5,
    "peak_recovery_hours_pnl": 2583.8333333333335,
    "peak_recovery_hours_strategy_eq": 2560.5,
    "peak_recovery_hours_strategy_eq_long": 0.0,
    "peak_recovery_hours_strategy_eq_short": 0.0,
    "pnl_ratio_long_short": 1.0,
    "position_held_days_max": 26.924305555555552,
    "position_held_days_mean": 0.04975664646051855,
    "position_held_days_median": 0.004166666666666667,
    "position_held_hours_max": 646.1833333333333,
    "position_held_hours_mean": 1.194159515052445,
    "position_held_hours_median": 0.1,