{"analysis": {"adg": 0.006357389271982816,
              "adg_per_exposure_long": 0.001090741918500955,
              "adg_per_exposure_short": 0.0,
              "adg_w": 0.0032156944716539293,
              "adg_w_per_exposure_long": 0.0005517190480662142,
              "adg_w_per_exposure_short": 0.0,
              "calmar_ratio": 0.012871429932397904,
              "calmar_ratio_w": 0.0066641588696260325,
              "drawdown_worst": 0.49391476357891,
              "drawdown_worst_mean_1pct": 0.3832301008057462,
              "equity_balance_diff_neg_max": 0.5782666234883328,
              "equity_balance_diff_neg_mean": 0.02125620167400996,
              "equity_balance_diff_pos_max": 0.6727870040788319,
              "equity_balance_diff_pos_mean": 0.007192990378106674,
              "equity_choppiness": 2.6890376606207615,
              "equity_choppiness_w": 2.9906204809006853,
              "equity_jerkiness": 0.02168705914688644,
              "equity_jerkiness_w": 0.01609406090313351,
              "expected_shortfall_1pct": 0.27251849277772633,
              "exponential_fit_error": 0.5929098570033436,
              "exponential_fit_error_w": 0.06479520340165952,
              "gain": 38479.68348398272,
              "gain_per_exposure_long": 6601.987386803246,
              "gain_per_exposure_short": 0.0,
              "loss_profit_ratio": 0.004424766723233775,
              "loss_profit_ratio_long": 0.004424766723233775,
              "loss_profit_ratio_short": 1.0,
              "loss_profit_ratio_w": 0.0035214128749218193,
              "mdg": 0.0006241722691169849,
              "mdg_per_exposure_long": 0.00010708969187904004,
              "mdg_per_exposure_short": 0.0,
              "mdg_w": 0.00013767346480405142,
              "mdg_w_per_exposure_long": 2.3620736862666452e-05,
              "mdg_w_per_exposure_short": 0.0,
              "omega_ratio": 3.3501260969096838,
              "omega_ratio_w": 2.3171746104520086,
              "pnl_ratio_long_short": 1.0,
              "position_held_hours_max": 630.7,
              "position_held_hours_mean": 4.589841089670829,
              "position_held_hours_median": 0.25,
              "position_unchanged_hours_max": 363.15,
              "positions_held_per_day": 2.1152460984393757,
              "sharpe_ratio": 0.04978277826643623,
              "sharpe_ratio_w": 0.037588871957741354,
              "sortino_ratio": 0.12869763832715908,
              "sortino_ratio_w": 0.075483989171482,
              "sterling_ratio": 0.016588961197505945,
              "sterling_ratio_w": 0.008197110911980315,
              "volume_pct_per_day_avg": 1.5194554249981542,
              "volume_pct_per_day_avg_w": 1.0192843460967596},
 "backtest": {"base_dir": "backtests/pbgui/GRT_adg_sharpe_omega_twe9_trgr_eema200",
              "cache_dir": {"binance": "caches/hlcvs_data/d15aa4204174cd28"},
              "coins": {"binance": ["GRT"]},
              "combine_ohlcvs": false,
              "compress_cache": true,
              "end_date": "2025-07-24",
              "exchanges": ["binance", "bybit"],
              "gap_tolerance_ohlcvs_minutes": 120,
              "start_date": "2020-01-01",
              "starting_balance": 1000,
              "use_btc_collateral": false},
 "bot": {"long": {"close_grid_markup_end": 0.029335,
                  "close_grid_markup_start": 0.029342,
                  "close_grid_qty_pct": 0.14986,
                  "close_trailing_grid_ratio": 0.30149,
                  "close_trailing_qty_pct": 0.084006,
                  "close_trailing_retracement_pct": 0.0045096,
                  "close_trailing_threshold_pct": 0.0046175,
                  "ema_span_0": 194.42,
                  "ema_span_1": 222.3,
                  "enforce_exposure_limit": true,
                  "entry_grid_double_down_factor": 5.7746,
                  "entry_grid_spacing_pct": 0.118,
                  "entry_grid_spacing_weight": 1.373,
                  "entry_initial_ema_dist": 0.018709,
                  "entry_initial_qty_pct": 0.023888,
                  "entry_trailing_double_down_factor": 2.6422,
                  "entry_trailing_grid_ratio": 0.95352,
                  "entry_trailing_retracement_pct": 0.080282,
                  "entry_trailing_threshold_pct": -0.036209,
                  "filter_noisiness_rolling_window": 60,
                  "filter_volume_drop_pct": 0,
                  "filter_volume_rolling_window": 60,
                  "n_positions": 1,
                  "total_wallet_exposure_limit": 5.8285,
                  "unstuck_close_pct": 0.01421,
                  "unstuck_ema_dist": -0.019436,
                  "unstuck_loss_allowance_pct": 0.10727,
                  "unstuck_threshold": 0.94306},
         "short": {"close_grid_markup_end": 0.001,
                   "close_grid_markup_start": 0.001,
                   "close_grid_qty_pct": 0.1,
                   "close_trailing_grid_ratio": -1,
                   "close_trailing_qty_pct": 0.1,
                   "close_trailing_retracement_pct": 0.003,
                   "close_trailing_threshold_pct": -0.001,
                   "ema_span_0": 200,
                   "ema_span_1": 200,
                   "enforce_exposure_limit": true,
                   "entry_grid_double_down_factor": 0.6,
                   "entry_grid_spacing_pct": 0.01,
                   "entry_grid_spacing_weight": 0.2,
                   "entry_initial_ema_dist": -0.001,
                   "entry_initial_qty_pct": 0.025,
                   "entry_trailing_double_down_factor": 0.1,
                   "entry_trailing_grid_ratio": -1,
                   "entry_trailing_retracement_pct": 0,
                   "entry_trailing_threshold_pct": -0.1,
                   "filter_noisiness_rolling_window": 60,
                   "filter_volume_drop_pct": 0.53,
                   "filter_volume_rolling_window": 60,
                   "n_positions": 0,
                   "total_wallet_exposure_limit": 0,
                   "unstuck_close_pct": 0.005,
                   "unstuck_ema_dist": -0.1,
                   "unstuck_loss_allowance_pct": 0.01,
                   "unstuck_threshold": 0.55}},
 "disable_plotting": false,
 "live": {"approved_coins": {"long": ["GRTUSDT"], "short": []},
          "auto_gs": true,
          "coin_flags": {},
          "empty_means_all_approved": false,
          "execution_delay_seconds": 2,
          "filter_by_min_effective_cost": true,
          "forced_mode_long": "",
          "forced_mode_short": "",
          "ignored_coins": {"long": [], "short": []},
          "leverage": 10,
          "market_orders_allowed": true,
          "max_n_cancellations_per_batch": 5,
          "max_n_creations_per_batch": 3,
          "max_n_restarts_per_day": 10,
          "mimic_backtest_1m_delay": false,
          "minimum_coin_age_days": 30,
          "ohlcvs_1m_rolling_window_days": 4,
          "ohlcvs_1m_update_after_minutes": 10,
          "pnls_max_lookback_days": 30,
          "price_distance_threshold": 0.002,
          "time_in_force": "good_till_cancelled",
          "user": "bybit_01"},
 "optimize": {"bounds": {"long_close_grid_markup_end": [0.001, 0.03],
                         "long_close_grid_markup_start": [0.001, 0.03],
                         "long_close_grid_qty_pct": [0.05, 0.4],
                         "long_close_trailing_grid_ratio": [-1, 1],
                         "long_close_trailing_qty_pct": [0.05, 0.25],
                         "long_close_trailing_retracement_pct": [0.003, 0.01],
                         "long_close_trailing_threshold_pct": [0.001, 0.005],
                         "long_ema_span_0": [50, 800],
                         "long_ema_span_1": [50, 800],
                         "long_entry_grid_double_down_factor": [0.4, 10],
                         "long_entry_grid_spacing_pct": [0.01, 0.12],
                         "long_entry_grid_spacing_weight": [0.2, 2],