{"analysis": {"adg": 0.005174241589778861,
              "adg_per_exposure_long": 0.0021085788295280416,
              "adg_per_exposure_short": 0.0,
              "adg_w": 0.003444821619007854,
              "adg_w_per_exposure_long": 0.0014038149961318122,
              "adg_w_per_exposure_short": 0.0,
              "calmar_ratio": 0.014008402111301376,
              "calmar_ratio_w": 0.01235496022481313,
              "drawdown_worst": 0.36936700907553943,
              "drawdown_worst_mean_1pct": 0.25087271804935113,
              "equity_balance_diff_neg_max": 0.37061430363337616,
              "equity_balance_diff_neg_mean": 0.02031108393846562,
              "equity_balance_diff_pos_max": 0.16608814186655096,
              "equity_balance_diff_pos_mean": 0.004186096712132084,
              "equity_choppiness": 2.109426200603239,
              "equity_choppiness_w": 2.5446024174421296,
              "equity_jerkiness": 0.013960345990604691,
              "equity_jerkiness_w": 0.012602487731461354,
              "expected_shortfall_1pct": 0.2189595056776499,
              "exponential_fit_error": 0.07143304700484542,
              "exponential_fit_error_w": 0.015500808970802379,
              "gain": 1039.5809878281386,
              "gain_per_exposure_long": 423.6443978271888,
              "gain_per_exposure_short": 0.0,
              "loss_profit_ratio": 0.04562634171662631,
              "loss_profit_ratio_long": 0.04562634171662631,
              "loss_profit_ratio_short": 1.0,
              "loss_profit_ratio_w": 0.050470730284227716,
              "mdg": 0.00012292316262040912,
              "mdg_per_exposure_long": 5.0092979591837125e-05,
              "mdg_per_exposure_short": 0.0,
              "mdg_w": 6.08252819753271e-05,
              "mdg_w_per_exposure_long": 2.4787188546936346e-05,
              "mdg_w_per_exposure_short": 0.0,
              "omega_ratio": 4.758113211196766,
              "omega_ratio_w": 3.0390082440832953,
              "pnl_ratio_long_short": 1.0,
              "position_held_hours_max": 307.85,
              "position_held_hours_mean": 2.4664573156548033,
              "position_held_hours_median": 0.6666666666666666,
              "position_unchanged_hours_max": 142.31666666666666,
              "positions_held_per_day": 2.1297433031394704,
              "sharpe_ratio": 0.08876184260574234,
              "sharpe_ratio_w": 0.06964477793198891,
              "sortino_ratio": 0.11077952131856258,
              "sortino_ratio_w": 0.08000856233041789,
              "sterling_ratio": 0.02062496723442441,
              "sterling_ratio_w": 0.014467899645907148,
              "volume_pct_per_day_avg": 1.2022614147922464,
              "volume_pct_per_day_avg_w": 0.9783944998334979},
 "backtest": {"base_dir": "backtests/pbgui/SHIB_adg_sharpe_omega_twe9_trgr_TWE2-9",
              "cache_dir": {"bybit": "caches/hlcvs_data/b47dd5737c56d21e"},
              "coins": {"bybit": ["SHIB"]},
              "combine_ohlcvs": false,
              "compress_cache": true,
              "end_date": "2025-06-27",
              "exchanges": ["binance", "bybit"],
              "gap_tolerance_ohlcvs_minutes": 120,
              "start_date": "2020-01-01",
              "starting_balance": 1000,
              "use_btc_collateral": false},
 "bot": {"long": {"close_grid_markup_end": 0.022389,
                  "close_grid_markup_start": 0.025022,
                  "close_grid_qty_pct": 0.24752,
                  "close_trailing_grid_ratio": 0.56434,
                  "close_trailing_qty_pct": 0.068573,
                  "close_trailing_retracement_pct": 0.0081293,
                  "close_trailing_threshold_pct": 0.0043245,
                  "ema_span_0": 727.88,
                  "ema_span_1": 308.84,
                  "enforce_exposure_limit": true,
                  "entry_grid_double_down_factor": 6.885,
                  "entry_grid_spacing_pct": 0.035807,
                  "entry_grid_spacing_weight": 0.34579,
                  "entry_initial_ema_dist": 0.018212,
                  "entry_initial_qty_pct": 0.020497,
                  "entry_trailing_double_down_factor": 0.96401,
                  "entry_trailing_grid_ratio": -0.59806,
                  "entry_trailing_retracement_pct": 0.090144,
                  "entry_trailing_threshold_pct": 0.009874,
                  "filter_noisiness_rolling_window": 60,
                  "filter_volume_drop_pct": 0,
                  "filter_volume_rolling_window": 60,
                  "n_positions": 1,
                  "total_wallet_exposure_limit": 2.4539,
                  "unstuck_close_pct": 0.014033,
                  "unstuck_ema_dist": -0.025816,
                  "unstuck_loss_allowance_pct": 0.22843,
                  "unstuck_threshold": 0.93271},
         "short": {"close_grid_markup_end": 0.001,
                   "close_grid_markup_start": 0.001,
                   "close_grid_qty_pct": 0.1,
                   "close_trailing_grid_ratio": -1,
                   "close_trailing_qty_pct": 0.1,
                   "close_trailing_retracement_pct": 0.003,
                   "close_trailing_threshold_pct": -0.001,
                   "ema_span_0": 200,
                   "ema_span_1": 200,
                   "enforce_exposure_limit": true,
                   "entry_grid_double_down_factor": 0.6,
                   "entry_grid_spacing_pct": 0.01,
                   "entry_grid_spacing_weight": 0.2,
                   "entry_initial_ema_dist": -0.001,
                   "entry_initial_qty_pct": 0.025,
                   "entry_trailing_double_down_factor": 0.1,
                   "entry_trailing_grid_ratio": -1,
                   "entry_trailing_retracement_pct": 0,
                   "entry_trailing_threshold_pct": -0.1,
                   "filter_noisiness_rolling_window": 60,
                   "filter_volume_drop_pct": 0.53,
                   "filter_volume_rolling_window": 60,
                   "n_positions": 0,
                   "total_wallet_exposure_limit": 0,
                   "unstuck_close_pct": 0.005,
                   "unstuck_ema_dist": -0.1,
                   "unstuck_loss_allowance_pct": 0.01,
                   "unstuck_threshold": 0.55}},
 "disable_plotting": false,
 "live": {"approved_coins": {"long": ["1000SHIBUSDT", "SHIB1000USDT"],
                             "short": []},
          "auto_gs": true,
          "coin_flags": {},
          "empty_means_all_approved": false,
          "execution_delay_seconds": 2,
          "filter_by_min_effective_cost": true,
          "forced_mode_long": "",
          "forced_mode_short": "",
          "ignored_coins": {"long": [], "short": []},
          "leverage": 10,
          "market_orders_allowed": true,
          "max_n_cancellations_per_batch": 5,
          "max_n_creations_per_batch": 3,
          "max_n_restarts_per_day": 10,
          "mimic_backtest_1m_delay": false,
          "minimum_coin_age_days": 30,
          "ohlcvs_1m_rolling_window_days": 4,
          "ohlcvs_1m_update_after_minutes": 10,
          "pnls_max_lookback_days": 30,
          "price_distance_threshold": 0.002,
          "time_in_force": "good_till_cancelled",
          "user": "bybit_01"},
 "optimize": {"bounds": {"long_close_grid_markup_end": [0.001, 0.03],
                         "long_close_grid_markup_start": [0.001, 0.03],
                         "long_close_grid_qty_pct": [0.05, 0.4],
                         "long_close_trailing_grid_ratio": [-1, 1],
                         "long_close_trailing_qty_pct": [0.05, 0.25],
                         "long_close_trailing_retracement_pct": [0.003, 0.01],
                         "long_close_trailing_threshold_pct": [0.001, 0.005],
                         "long_ema_span_0": [100, 800],
                         "long_ema_span_1": [100, 800],
                         "long_entry_grid_double_down_factor": [0.4, 10],
                         "long_entry_grid_spacing_pct": [0.01, 0.12],