{"analysis": {"adg": 0.0036221810835419532,
              "adg_per_exposure_long": 0.001639663701752729,
              "adg_per_exposure_short": 0.0,
              "adg_w": 0.004112209212021112,
              "adg_w_per_exposure_long": 0.0018614862215477399,
              "adg_w_per_exposure_short": 0.0,
              "calmar_ratio": 0.0059843833393429845,
              "calmar_ratio_w": 0.014152330400587559,
              "drawdown_worst": 0.6052722357755288,
              "drawdown_worst_mean_1pct": 0.34455241693041155,
              "equity_balance_diff_neg_max": 0.6061249766297157,
              "equity_balance_diff_neg_mean": 0.014121954239351323,
              "equity_balance_diff_pos_max": 0.08435446743313363,
              "equity_balance_diff_pos_mean": 0.0011102265097252758,
              "equity_choppiness": 1.7424697244205771,
              "equity_choppiness_w": 1.8391876316727198,
              "equity_jerkiness": 0.011423119939286299,
              "equity_jerkiness_w": 0.010929541214118831,
              "expected_shortfall_1pct": 0.2935649954820968,
              "exponential_fit_error": 0.04828787589447589,
              "exponential_fit_error_w": 0.017674337199906846,
              "gain": 185.78594038821882,
              "gain_per_exposure_long": 84.10028535974779,
              "gain_per_exposure_short": 0.0,
              "loss_profit_ratio": 0.2879387230333959,
              "loss_profit_ratio_long": 0.2879387230333959,
              "loss_profit_ratio_short": 1.0,
              "loss_profit_ratio_w": 0.30704531537702734,
              "mdg": 0.0005719878528565572,
              "mdg_per_exposure_long": 0.00025892347691664353,
              "mdg_per_exposure_short": 0.0,
              "mdg_w": 0.00043875171580933235,
              "mdg_w_per_exposure_long": 0.00019861107048541597,
              "mdg_w_per_exposure_short": 0.0,
              "omega_ratio": 3.1180790876706723,
              "omega_ratio_w": 4.701482793930397,
              "pnl_ratio_long_short": 1.0,
              "position_held_hours_max": 130.71666666666667,
              "position_held_hours_mean": 0.8351801456050985,
              "position_held_hours_median": 0.26666666666666666,
              "position_unchanged_hours_max": 57.35,
              "positions_held_per_day": 9.92071748465019,
              "sharpe_ratio": 0.060752905790792226,
              "sharpe_ratio_w": 0.07777440424616873,
              "sortino_ratio": 0.054730302203816174,
              "sortino_ratio_w": 0.07748436050095846,
              "sterling_ratio": 0.010512714192550612,
              "sterling_ratio_w": 0.016039972236901137,
              "volume_pct_per_day_avg": 1.929413784353088,
              "volume_pct_per_day_avg_w": 2.066638293863627},
 "backtest": {"base_dir": "backtests/pbgui/bybit_CPT1_sharpe_adg_c100tr_dd50_twe2_3",
              "cache_dir": {"bybit": "caches/hlcvs_data/c77b710f0da14816"},
              "coins": {"bybit": ["DOGE", "ICP", "SOL", "VET"]},
              "combine_ohlcvs": false,
              "compress_cache": true,
              "end_date": "2025-05-17",
              "exchanges": ["binance", "bybit"],
              "gap_tolerance_ohlcvs_minutes": 120,
              "start_date": "2020-01-01",
              "starting_balance": 1000,
              "use_btc_collateral": false},
 "bot": {"long": {"close_grid_markup_range": 0.071199,
                  "close_grid_min_markup": 0.068249,
                  "close_grid_qty_pct": 0.21364,
                  "close_trailing_grid_ratio": -1,
                  "close_trailing_qty_pct": 0.24227,
                  "close_trailing_retracement_pct": 0.0050413,
                  "close_trailing_threshold_pct": 0.0045048,
                  "ema_span_0": 140.1,
                  "ema_span_1": 125.36,
                  "enforce_exposure_limit": true,
                  "entry_grid_double_down_factor": 3.3006,
                  "entry_grid_spacing_pct": 0.016349,
                  "entry_grid_spacing_weight": 1.7229,
                  "entry_initial_ema_dist": 0.017706,
                  "entry_initial_qty_pct": 0.037536,
                  "entry_trailing_double_down_factor": 4.3977,
                  "entry_trailing_grid_ratio": -0.00089862,
                  "entry_trailing_retracement_pct": 0.030813,
                  "entry_trailing_threshold_pct": 0.027912,
                  "filter_noisiness_rolling_window": 60,
                  "filter_volume_drop_pct": 0,
                  "filter_volume_rolling_window": 60,
                  "n_positions": 4,
                  "total_wallet_exposure_limit": 2.2091,
                  "unstuck_close_pct": 0.006191,
                  "unstuck_ema_dist": -0.011587,
                  "unstuck_loss_allowance_pct": 0.087153,
                  "unstuck_threshold": 0.73988},
         "short": {"close_grid_markup_range": 0.01,
                   "close_grid_min_markup": 0.002,
                   "close_grid_qty_pct": 0.05,
                   "close_trailing_grid_ratio": -1,
                   "close_trailing_qty_pct": 0.05,
                   "close_trailing_retracement_pct": 0,
                   "close_trailing_threshold_pct": -0.1,
                   "ema_span_0": 200,
                   "ema_span_1": 200,
                   "enforce_exposure_limit": true,
                   "entry_grid_double_down_factor": 0.1,
                   "entry_grid_spacing_pct": 0.01,
                   "entry_grid_spacing_weight": 0.2,
                   "entry_initial_ema_dist": -0.1,
                   "entry_initial_qty_pct": 0.025,
                   "entry_trailing_double_down_factor": 0.1,
                   "entry_trailing_grid_ratio": -1,
                   "entry_trailing_retracement_pct": 0,
                   "entry_trailing_threshold_pct": -0.1,
                   "filter_noisiness_rolling_window": 10,
                   "filter_volume_drop_pct": 0,
                   "filter_volume_rolling_window": 10,
                   "n_positions": 0,
                   "total_wallet_exposure_limit": 0,
                   "unstuck_close_pct": 0.005,
                   "unstuck_ema_dist": -0.1,
                   "unstuck_loss_allowance_pct": 0.01,
                   "unstuck_threshold": 0.7}},
 "disable_plotting": false,
 "live": {"approved_coins": {"long": ["DOGEUSDT",
                                      "VETUSDT",
                                      "ICPUSDT",
                                      "SOLUSDT"],
                             "short": []},
          "auto_gs": true,
          "coin_flags": {},
          "empty_means_all_approved": false,
          "execution_delay_seconds": 2,
          "filter_by_min_effective_cost": true,
          "forced_mode_long": "",
          "forced_mode_short": "",
          "ignored_coins": {"long": [], "short": []},
          "leverage": 10,
          "market_orders_allowed": true,
          "max_n_cancellations_per_batch": 5,
          "max_n_creations_per_batch": 3,
          "max_n_restarts_per_day": 10,
          "minimum_coin_age_days": 30,
          "ohlcvs_1m_rolling_window_days": 4,
          "ohlcvs_1m_update_after_minutes": 10,
          "pnls_max_lookback_days": 30,
          "price_distance_threshold": 0.002,
          "time_in_force": "good_till_cancelled",
          "user": "bybit_01"},
 "optimize": {"bounds": {"long_close_grid_markup_range": [0.02, 0.1],
                         "long_close_grid_min_markup": [0.02, 0.1],
                         "long_close_grid_qty_pct": [0, 0.4],
                         "long_close_trailing_grid_ratio": [-1, -1],
                         "long_close_trailing_qty_pct": [0.1, 0.25],
                         "long_close_trailing_retracement_pct": [0.003, 0.01],
                         "long_close_trailing_threshold_pct": [0.001, 0.005],
                         "long_ema_span_0": [100, 800],
                         "long_ema_span_1": [100, 800],