{
    "adg_btc": 0.002722549371294347,
    "adg_per_exposure_long_btc": 0.0005445098742588694,
    "adg_per_exposure_long_usd": 0.000365705347375167,
    "adg_per_exposure_short_btc": 0.0,
    "adg_per_exposure_short_usd": 0.0,
    "adg_pnl": 0.001310395679620217,
    "adg_pnl_w": -0.0003675872530396418,
    "adg_strategy_eq": 0.0018285267368758351,
    "adg_strategy_eq_w": 0.00015977287605396518,
    "adg_usd": 0.0018285267368758351,
    "adg_w_btc": 0.0019168777338080423,
    "adg_w_per_exposure_long_btc": 0.00038337554676160846,
    "adg_w_per_exposure_long_usd": 3.195457521079969e-05,
    "adg_w_per_exposure_short_btc": 0.0,
    "adg_w_per_exposure_short_usd": 0.0,
    "adg_w_usd": 0.00015977287605399847,
    "backtest_completion_ratio": 1.0,
    "calmar_ratio_btc": 0.004460702953932525,
    "calmar_ratio_strategy_eq": 0.0028726077256756876,
    "calmar_ratio_strategy_eq_w": 0.0002544009021893369,
    "calmar_ratio_usd": 0.0028726077256756837,
    "calmar_ratio_w_btc": 0.005988381314060197,
    "calmar_ratio_w_usd": 0.00022028824903164065,
    "drawdown_worst_btc": 0.6103408811147504,
    "drawdown_worst_ema_strategy_eq": 0.0,
    "drawdown_worst_ema_strategy_eq_long": 0.0,
    "drawdown_worst_ema_strategy_eq_short": 0.0,
    "drawdown_worst_mean_1pct_btc": 0.5835641119987959,
    "drawdown_worst_mean_1pct_ema_strategy_eq": 0.0,
    "drawdown_worst_mean_1pct_ema_strategy_eq_long": 0.0,
    "drawdown_worst_mean_1pct_ema_strategy_eq_short": 0.0,
    "drawdown_worst_mean_1pct_strategy_eq": 0.6035751424066648,
    "drawdown_worst_mean_1pct_strategy_eq_long": 0.0,
    "drawdown_worst_mean_1pct_strategy_eq_short": 0.0,
    "drawdown_worst_mean_1pct_usd": 0.6035751424066659,
    "drawdown_worst_strategy_eq": 0.6365389609351321,
    "drawdown_worst_strategy_eq_long": 0.0,
    "drawdown_worst_strategy_eq_short": 0.0,
    "drawdown_worst_usd": 0.636538960935133,
    "entry_initial_balance_pct_long": 0.047183499999999996,
    "entry_initial_balance_pct_short": 0.0,
    "entry_interval_hours_max": 111.96666666666667,
    "entry_interval_hours_mean": 4.221016179078014,
    "entry_interval_hours_median": 1.4333333333333333,
    "entry_interval_hours_p95": 16.849166666666672,
    "entry_interval_hours_p99": 41.459333333333085,
    "equity_balance_diff_neg_max_btc": 0.5071729936772511,
    "equity_balance_diff_neg_max_usd": 0.493870351319676,
    "equity_balance_diff_neg_mean_btc": 0.037254240015546426,
    "equity_balance_diff_neg_mean_usd": 0.04766134766206334,
    "equity_balance_diff_pos_max_btc": 1.0709994283852642,
    "equity_balance_diff_pos_max_usd": 0.9050787809285328,
    "equity_balance_diff_pos_mean_btc": 0.05828480260399813,
    "equity_balance_diff_pos_mean_usd": 0.021843335471971096,
    "equity_choppiness_btc": 11.867345891322866,
    "equity_choppiness_usd": 9.364138836734295,
    "equity_choppiness_w_btc": 13.89244323446901,
    "equity_choppiness_w_usd": 243.13080111829396,
    "equity_jerkiness_btc": 0.03859916530332466,
    "equity_jerkiness_usd": 0.020847004639054017,
    "equity_jerkiness_w_btc": 0.03039835446285641,
    "equity_jerkiness_w_usd": 0.01410865307580982,
    "expected_shortfall_1pct_btc": 0.31746242329520236,
    "expected_shortfall_1pct_strategy_eq": 0.3504375211780696,
    "expected_shortfall_1pct_usd": 0.3504375211780689,
    "exponential_fit_error_btc": 0.05809612053914114,
    "exponential_fit_error_usd": 0.08087602213718068,
    "exponential_fit_error_w_btc": 0.017992253606337074,
    "exponential_fit_error_w_usd": 0.013502281920124443,
    "exposure_mean_ratio_btc": 0.026305791011865094,
    "exposure_mean_ratio_usd": 0.01766757389490255,
    "exposure_mean_ratio_w_btc": 0.017075866214615553,
    "exposure_mean_ratio_w_usd": 0.001473714809686453,
    "exposure_ratio_btc": 0.0005414835551507866,
    "exposure_ratio_usd": 0.0003636728019007697,
    "exposure_ratio_w_btc": 0.00038214782839965513,
    "exposure_ratio_w_usd": 3.1764302854856464e-05,
    "gain_btc": 4.224878368228434,
    "gain_per_exposure_long_btc": 0.8449756736456868,
    "gain_per_exposure_long_usd": 0.5266581074493943,
    "gain_per_exposure_short_btc": 0.0,
    "gain_per_exposure_short_usd": 0.0,
    "gain_strategy_eq": 2.633290537246984,
    "gain_usd": 2.633290537246972,
    "hard_stop_duration_minutes_max": 0.0,
    "hard_stop_duration_minutes_mean": 0.0,
    "hard_stop_flatten_time_minutes_mean": 0.0,
    "hard_stop_halt_to_restart_equity_loss_pct": 0.0,
    "hard_stop_panic_close_loss_max": 0.0,
    "hard_stop_panic_close_loss_sum": 0.0,
    "hard_stop_post_restart_retrigger_pct": 0.0,
    "hard_stop_restarts": 0,
    "hard_stop_restarts_long": 0,
    "hard_stop_restarts_per_year": 0.0,
    "hard_stop_restarts_per_year_long": 0.0,
    "hard_stop_restarts_per_year_short": 0.0,
    "hard_stop_restarts_short": 0,
    "hard_stop_time_in_orange_pct": 0.0,
    "hard_stop_time_in_red_pct": 0.0,
    "hard_stop_time_in_yellow_pct": 0.0,
    "hard_stop_trigger_drawdown_mean": 0.0,
    "hard_stop_triggers": 0,
    "hard_stop_triggers_long": 0,
    "hard_stop_triggers_per_year": 0.0,
    "hard_stop_triggers_short": 0,
    "high_exposure_days_max_long": 1.3173611111111112,
    "high_exposure_days_max_short": 0.0,
    "high_exposure_days_mean_long": 0.08306484923585296,
    "high_exposure_days_mean_short": 0.0,
    "high_exposure_hours_max_long": 31.616666666666667,
    "high_exposure_hours_max_short": 0.0,
    "high_exposure_hours_mean_long": 1.9935563816604709,
    "high_exposure_hours_mean_short": 0.0,
    "liquidated": false,
    "long_short_profit_ratio": 1.0,
    "loss_profit_ratio": 0.647482417238241,
    "loss_profit_ratio_long": 0.647482417238241,
    "loss_profit_ratio_short": 1.0,
    "loss_profit_ratio_w": 0.7174391861180205,
    "mdg_btc": 0.0,
    "mdg_per_exposure_long_btc": 0.0,
    "mdg_per_exposure_long_usd": 9.649781631978672e-05,
    "mdg_per_exposure_short_btc": 0.0,
    "mdg_per_exposure_short_usd": 0.0,
    "mdg_pnl": 0.0005940098865916457,
    "mdg_pnl_w": 0.00044692679648002223,
    "mdg_strategy_eq": 0.0004824890815989308,
    "mdg_strategy_eq_w": 0.0002534299560702277,
    "mdg_usd": 0.00048248908159893356,
    "mdg_w_btc": 0.0,
    "mdg_w_per_exposure_long_btc": 0.0,
    "mdg_w_per_exposure_long_usd": 5.068599121404252e-05,
    "mdg_w_per_exposure_short_btc": 0.0,
    "mdg_w_per_exposure_short_usd": 0.0,
    "mdg_w_usd": 0.0002534299560702126,
    "omega_ratio_btc": 1.3708679600584155,
    "omega_ratio_strategy_eq": 1.546809729402044,
    "omega_ratio_strategy_eq_w": 1.1783804859944786,
    "omega_ratio_usd": 1.5468097294020418,
    "omega_ratio_w_btc": 1.316389128517152,
    "omega_ratio_w_usd": 1.1783804859944804,
    "paper_loss_mean_ratio_btc": 0.07308025529867769,
    "paper_loss_mean_ratio_usd": 0.038364981826379915,
    "paper_loss_mean_ratio_w_btc": 0.04005809125541327,
    "paper_loss_mean_ratio_w_usd": 0.0068657439172353325,
    "paper_loss_ratio_btc": 0.005368088216911036,
    "paper_loss_ratio_usd": 0.003702442821258272,
    "paper_loss_ratio_w_btc": 0.014893372415223368,
    "paper_loss_ratio_w_usd": 0.00044834935951266455,
    "peak_recovery_days_equity_btc": 184.82430555555558,
    "peak_recovery_days_equity_usd": 67.19097222222221,
    "peak_recovery_days_pnl": 209.59583333333333,
    "peak_recovery_days_strategy_eq": 210.46180555555554,
    "peak_recovery_days_strategy_eq_long": 0.0,
    "peak_recovery_days_strategy_eq_short": 0.0,
    "peak_recovery_hours_equity_btc": 4435.783333333334,
    "peak_recovery_hours_equity_usd": 1612.5833333333333,
    "peak_recovery_hours_pnl": 5030.3,
    "peak_recovery_hours_strategy_eq": 5051.083333333333,
    "peak_recovery_hours_strategy_eq_long": 0.0,
    "peak_recovery_hours_strategy_eq_short": 0.0,
    "pnl_ratio_long_short": 1.0,
    "position_held_days_max": 1.5777777777777777,
    "position_held_days_mean": 0.031704279551021904,
    "position_held_days_median": 0.008333333333333333,
    "position_held_hours_max": 37.86666666666667,