{
    "adg": 0.007808833570634777,
    "adg_per_exposure_long": 0.0009202019291344304,
    "adg_per_exposure_short": 0.0,
    "adg_w": 0.005500440672252771,
    "adg_w_per_exposure_long": 0.0006481782550380357,
    "adg_w_per_exposure_short": 0.0,
    "calmar_ratio": 0.011166630387470894,
    "calmar_ratio_w": 0.009321652162747319,
    "drawdown_worst": 0.6993008006601875,
    "drawdown_worst_mean_1pct": 0.4894492273062604,
    "equity_balance_diff_neg_max": 0.6989880003860457,
    "equity_balance_diff_neg_mean": 0.04958145944870901,
    "equity_balance_diff_pos_max": 1.1409876820810285,
    "equity_balance_diff_pos_mean": 0.007474270528817939,
    "equity_choppiness": 2.559274490816022,
    "equity_choppiness_w": 2.4961578306070042,
    "equity_jerkiness": 0.031725025345713184,
    "equity_jerkiness_w": 0.027199234718124993,
    "expected_shortfall_1pct": 0.3223186357678904,
    "exponential_fit_error": 0.9719037295927059,
    "exponential_fit_error_w": 0.137957538654018,
    "gain": 536241.6177660775,
    "gain_per_exposure_long": 63191.328984925465,
    "gain_per_exposure_short": 0.0,
    "loss_profit_ratio": 0.003547769825110392,
    "loss_profit_ratio_long": 0.003547769825110392,
    "loss_profit_ratio_short": 1.0,
    "loss_profit_ratio_w": 0.001480395912183344,
    "mdg": 0.0024551367510540836,
    "mdg_per_exposure_long": 0.00028931613846972464,
    "mdg_per_exposure_short": 0.0,
    "mdg_w": 0.00024551367510540836,
    "mdg_w_per_exposure_long": 2.8931613846972467e-05,
    "mdg_w_per_exposure_short": 0.0,
    "omega_ratio": 2.598901345595195,
    "omega_ratio_w": 2.637493399432157,
    "pnl_ratio_long_short": 1.0,
    "position_held_hours_max": 620.6666666666666,
    "position_held_hours_mean": 7.519433579603072,
    "position_held_hours_median": 0.23333333333333334,
    "position_unchanged_hours_max": 480.8,
    "positions_held_per_day": 1.3567216981132075,
    "sharpe_ratio": 0.04944265471365753,
    "sharpe_ratio_w": 0.03492263545019791,
    "sortino_ratio": 0.11716657998012477,
    "sortino_ratio_w": 0.10790995205360743,
    "sterling_ratio": 0.015954328120225222,
    "sterling_ratio_w": 0.010741462624014717,
    "volume_pct_per_day_avg": 2.4998357000714253,
    "volume_pct_per_day_avg_w": 1.7589715830607475
}