{"analysis": {"adg": 0.007808833570634777,
              "adg_per_exposure_long": 0.0009202019291344304,
              "adg_per_exposure_short": 0.0,
              "adg_w": 0.005500440672252771,
              "adg_w_per_exposure_long": 0.0006481782550380357,
              "adg_w_per_exposure_short": 0.0,
              "calmar_ratio": 0.011166630387470894,
              "calmar_ratio_w": 0.009321652162747319,
              "drawdown_worst": 0.6993008006601875,
              "drawdown_worst_mean_1pct": 0.4894492273062604,
              "equity_balance_diff_neg_max": 0.6989880003860457,
              "equity_balance_diff_neg_mean": 0.04958145944870901,
              "equity_balance_diff_pos_max": 1.1409876820810285,
              "equity_balance_diff_pos_mean": 0.007474270528817939,
              "equity_choppiness": 2.559274490816022,
              "equity_choppiness_w": 2.4961578306070042,
              "equity_jerkiness": 0.031725025345713184,
              "equity_jerkiness_w": 0.027199234718124993,
              "expected_shortfall_1pct": 0.3223186357678904,
              "exponential_fit_error": 0.9719037295927059,
              "exponential_fit_error_w": 0.137957538654018,
              "gain": 536241.6177660775,
              "gain_per_exposure_long": 63191.328984925465,
              "gain_per_exposure_short": 0.0,
              "loss_profit_ratio": 0.003547769825110392,
              "loss_profit_ratio_long": 0.003547769825110392,
              "loss_profit_ratio_short": 1.0,
              "loss_profit_ratio_w": 0.001480395912183344,
              "mdg": 0.0024551367510540836,
              "mdg_per_exposure_long": 0.00028931613846972464,
              "mdg_per_exposure_short": 0.0,
              "mdg_w": 0.00024551367510540836,
              "mdg_w_per_exposure_long": 2.8931613846972467e-05,
              "mdg_w_per_exposure_short": 0.0,
              "omega_ratio": 2.598901345595195,
              "omega_ratio_w": 2.637493399432157,
              "pnl_ratio_long_short": 1.0,
              "position_held_hours_max": 620.6666666666666,
              "position_held_hours_mean": 7.519433579603072,
              "position_held_hours_median": 0.23333333333333334,
              "position_unchanged_hours_max": 480.8,
              "positions_held_per_day": 1.3567216981132075,
              "sharpe_ratio": 0.04944265471365753,
              "sharpe_ratio_w": 0.03492263545019791,
              "sortino_ratio": 0.11716657998012477,
              "sortino_ratio_w": 0.10790995205360743,
              "sterling_ratio": 0.015954328120225222,
              "sterling_ratio_w": 0.010741462624014717,
              "volume_pct_per_day_avg": 2.4998357000714253,
              "volume_pct_per_day_avg_w": 1.7589715830607475},
 "backtest": {"base_dir": "backtests/pbgui/sol_adg_sharpe_omega_new_markup",
              "cache_dir": {"binance": "caches/hlcvs_data/6029495b61aaab5c"},
              "coins": {"binance": ["SOL"]},
              "combine_ohlcvs": false,
              "compress_cache": true,
              "end_date": "2025-06-06",
              "exchanges": ["binance", "bybit"],
              "gap_tolerance_ohlcvs_minutes": 120,
              "start_date": "2020-01-01",
              "starting_balance": 1000,
              "use_btc_collateral": false},
 "bot": {"long": {"close_grid_markup_end": 0.023493,
                  "close_grid_markup_start": 0.0065586,
                  "close_grid_qty_pct": 0.19129,
                  "close_trailing_grid_ratio": -0.54127,
                  "close_trailing_qty_pct": 0.053277,
                  "close_trailing_retracement_pct": 0.008256,
                  "close_trailing_threshold_pct": 0.0047754,
                  "ema_span_0": 133.02,
                  "ema_span_1": 131.9,
                  "enforce_exposure_limit": true,
                  "entry_grid_double_down_factor": 4.8498,
                  "entry_grid_spacing_pct": 0.022633,
                  "entry_grid_spacing_weight": 0.87396,
                  "entry_initial_ema_dist": 0.019172,
                  "entry_initial_qty_pct": 0.044371,
                  "entry_trailing_double_down_factor": 2.9075,
                  "entry_trailing_grid_ratio": -1,
                  "entry_trailing_retracement_pct": 0.11728,
                  "entry_trailing_threshold_pct": 0.086544,
                  "filter_noisiness_rolling_window": 60,
                  "filter_volume_drop_pct": 0,
                  "filter_volume_rolling_window": 60,
                  "n_positions": 1,
                  "total_wallet_exposure_limit": 8.486,
                  "unstuck_close_pct": 0.0050103,
                  "unstuck_ema_dist": -0.056703,
                  "unstuck_loss_allowance_pct": 0.1121,
                  "unstuck_threshold": 0.65034},
         "short": {"close_grid_markup_end": 0.001,
                   "close_grid_markup_start": 0.001,
                   "close_grid_qty_pct": 0.05,
                   "close_trailing_grid_ratio": -1,
                   "close_trailing_qty_pct": 0.05,
                   "close_trailing_retracement_pct": 0,
                   "close_trailing_threshold_pct": -0.1,
                   "ema_span_0": 200,
                   "ema_span_1": 200,
                   "enforce_exposure_limit": true,
                   "entry_grid_double_down_factor": 0.1,
                   "entry_grid_spacing_pct": 0.01,
                   "entry_grid_spacing_weight": 0.2,
                   "entry_initial_ema_dist": -0.1,
                   "entry_initial_qty_pct": 0.025,
                   "entry_trailing_double_down_factor": 0.1,
                   "entry_trailing_grid_ratio": -1,
                   "entry_trailing_retracement_pct": 0,
                   "entry_trailing_threshold_pct": -0.1,
                   "filter_noisiness_rolling_window": 10,
                   "filter_volume_drop_pct": 0,
                   "filter_volume_rolling_window": 10,
                   "n_positions": 0,
                   "total_wallet_exposure_limit": 0,
                   "unstuck_close_pct": 0.005,
                   "unstuck_ema_dist": -0.1,
                   "unstuck_loss_allowance_pct": 0.01,
                   "unstuck_threshold": 0.7}},
 "disable_plotting": false,
 "live": {"approved_coins": {"long": ["SOLUSDT"], "short": []},
          "auto_gs": true,
          "coin_flags": {},
          "empty_means_all_approved": false,
          "execution_delay_seconds": 2,
          "filter_by_min_effective_cost": true,
          "forced_mode_long": "",
          "forced_mode_short": "",
          "ignored_coins": {"long": [], "short": []},
          "leverage": 10,
          "market_orders_allowed": true,
          "max_n_cancellations_per_batch": 5,
          "max_n_creations_per_batch": 3,
          "max_n_restarts_per_day": 10,
          "mimic_backtest_1m_delay": false,
          "minimum_coin_age_days": 30,
          "ohlcvs_1m_rolling_window_days": 4,
          "ohlcvs_1m_update_after_minutes": 10,
          "pnls_max_lookback_days": 30,
          "price_distance_threshold": 0.002,
          "time_in_force": "good_till_cancelled",
          "user": "bybit_01"},
 "optimize": {"bounds": {"long_close_grid_markup_end": [0.001, 0.03],
                         "long_close_grid_markup_start": [0.001, 0.03],
                         "long_close_grid_qty_pct": [0.05, 0.4],
                         "long_close_trailing_grid_ratio": [-1, 1],
                         "long_close_trailing_qty_pct": [0.05, 0.25],
                         "long_close_trailing_retracement_pct": [0.003, 0.01],
                         "long_close_trailing_threshold_pct": [0.001, 0.005],
                         "long_ema_span_0": [100, 800],
                         "long_ema_span_1": [100, 800],
                         "long_entry_grid_double_down_factor": [0.4, 10],
                         "long_entry_grid_spacing_pct": [0.01, 0.12],
                         "long_entry_grid_spacing_weight": [0.2, 2],