{"analysis": {"adg": 0.0022803448539960858,
              "adg_w": 0.0017240221767170106,
              "calmar_ratio": 0.00455371450674429,
              "calmar_ratio_w": 0.003442770852096125,
              "drawdown_worst": 0.500765880385952,
              "drawdown_worst_mean_1pct": 0.1442775318693246,
              "equity_balance_diff_neg_max": 0.5127944409173756,
              "equity_balance_diff_neg_mean": 0.009207588617248576,
              "equity_balance_diff_pos_max": 0.13642681026098963,
              "equity_balance_diff_pos_mean": 0.0015490653003346262,
              "equity_choppiness": 1.207042797349555,
              "equity_choppiness_w": 1.367540379213804,
              "equity_jerkiness": 0.004079140848330363,
              "equity_jerkiness_w": 0.0036697015619096586,
              "expected_shortfall_1pct": 0.14232369022534755,
              "exponential_fit_error": 0.13721507945405423,
              "exponential_fit_error_w": 0.015318645568214505,
              "gain": 43.26727335288789,
              "loss_profit_ratio": 0.019966311979868485,
              "loss_profit_ratio_long": 0.019966311979868485,
              "loss_profit_ratio_short": 1.0,
              "loss_profit_ratio_w": 0.022367172761062187,
              "mdg": 0.0,
              "mdg_w": 0.0,
              "omega_ratio": 18.479018009551417,
              "omega_ratio_w": 8.747644974902979,
              "pnl_ratio_long_short": 1.0,
              "position_held_hours_max": 106.83333333333333,
              "position_held_hours_mean": 0.46143282435417265,
              "position_held_hours_median": 0.11666666666666667,
              "position_unchanged_hours_max": 98.3,
              "positions_held_per_day": 2.099045144101895,
              "sharpe_ratio": 0.04814219343085895,
              "sharpe_ratio_w": 0.026775345061687512,
              "sortino_ratio": 0.05552183313782942,
              "sortino_ratio_w": 0.028237497694296933,
              "sterling_ratio": 0.015805266588989373,
              "sterling_ratio_w": 0.00716724154843527},
 "backtest": {"base_dir": "backtests/pbgui/eth_sharp-adg_omega_70trail",
              "cache_dir": {"bybit": "caches/hlcvs_data/2ada4b3fa32e06f9"},
              "coins": {"bybit": ["ETH"]},
              "combine_ohlcvs": false,
              "compress_cache": true,
              "end_date": "2025-05-02",
              "exchanges": ["binance", "bybit"],
              "gap_tolerance_ohlcvs_minutes": 120,
              "start_date": "2020-01-01",
              "starting_balance": 1000,
              "use_btc_collateral": false},
 "bot": {"long": {"close_grid_markup_range": 0,
                  "close_grid_min_markup": 0,
                  "close_grid_qty_pct": 0,
                  "close_trailing_grid_ratio": -1,
                  "close_trailing_qty_pct": 0.14708,
                  "close_trailing_retracement_pct": 0.0030033,
                  "close_trailing_threshold_pct": 0.0026733,
                  "ema_span_0": 117.11,
                  "ema_span_1": 113.35,
                  "enforce_exposure_limit": true,
                  "entry_grid_double_down_factor": 1.9837,
                  "entry_grid_spacing_pct": 0.018654,
                  "entry_grid_spacing_weight": 0.207,
                  "entry_initial_ema_dist": 0.017797,
                  "entry_initial_qty_pct": 0.025226,
                  "entry_trailing_double_down_factor": 2.9464,
                  "entry_trailing_grid_ratio": -0.70391,
                  "entry_trailing_retracement_pct": 0.058332,
                  "entry_trailing_threshold_pct": -0.029977,
                  "filter_noisiness_rolling_window": 60,
                  "filter_volume_drop_pct": 0,
                  "filter_volume_rolling_window": 60,
                  "n_positions": 1,
                  "total_wallet_exposure_limit": 2.959,
                  "unstuck_close_pct": 0.018576,
                  "unstuck_ema_dist": -0.0055492,
                  "unstuck_loss_allowance_pct": 0.1162,
                  "unstuck_threshold": 0.92972},
         "short": {"close_grid_markup_range": 0.01,
                   "close_grid_min_markup": 0.002,
                   "close_grid_qty_pct": 0.05,
                   "close_trailing_grid_ratio": 0,
                   "close_trailing_qty_pct": 0.05,
                   "close_trailing_retracement_pct": 0,
                   "close_trailing_threshold_pct": 0,
                   "ema_span_0": 200,
                   "ema_span_1": 200,
                   "enforce_exposure_limit": true,
                   "entry_grid_double_down_factor": 0.1,
                   "entry_grid_spacing_pct": 0.01,
                   "entry_grid_spacing_weight": 0.2,
                   "entry_initial_ema_dist": 0,
                   "entry_initial_qty_pct": 0.025,
                   "entry_trailing_double_down_factor": 0.1,
                   "entry_trailing_grid_ratio": 0,
                   "entry_trailing_retracement_pct": 0,
                   "entry_trailing_threshold_pct": 0,
                   "filter_noisiness_rolling_window": 10,
                   "filter_volume_drop_pct": 0,
                   "filter_volume_rolling_window": 10,
                   "n_positions": 0,
                   "total_wallet_exposure_limit": 0,
                   "unstuck_close_pct": 0.005,
                   "unstuck_ema_dist": 0,
                   "unstuck_loss_allowance_pct": 0.01,
                   "unstuck_threshold": 0.7}},
 "disable_plotting": false,
 "live": {"approved_coins": {"long": ["ETHUSDT"], "short": []},
          "auto_gs": true,
          "coin_flags": {},
          "empty_means_all_approved": false,
          "execution_delay_seconds": 2,
          "filter_by_min_effective_cost": true,
          "forced_mode_long": "",
          "forced_mode_short": "",
          "ignored_coins": {"long": [], "short": []},
          "leverage": 10,
          "market_orders_allowed": true,
          "max_n_cancellations_per_batch": 5,
          "max_n_creations_per_batch": 3,
          "max_n_restarts_per_day": 10,
          "minimum_coin_age_days": 30,
          "ohlcvs_1m_rolling_window_days": 4,
          "ohlcvs_1m_update_after_minutes": 10,
          "pnls_max_lookback_days": 30,
          "price_distance_threshold": 0.002,
          "time_in_force": "good_till_cancelled",
          "user": "bybit_01"},
 "optimize": {"bounds": {"long_close_grid_markup_range": [0, 0],
                         "long_close_grid_min_markup": [0, 0],
                         "long_close_grid_qty_pct": [0, 0],
                         "long_close_trailing_grid_ratio": [-1, -1],
                         "long_close_trailing_qty_pct": [0.1, 0.25],
                         "long_close_trailing_retracement_pct": [0.003, 0.01],
                         "long_close_trailing_threshold_pct": [0.001, 0.005],
                         "long_ema_span_0": [100, 800],
                         "long_ema_span_1": [100, 800],
                         "long_entry_grid_double_down_factor": [0.6, 3],
                         "long_entry_grid_spacing_pct": [0.01, 0.12],
                         "long_entry_grid_spacing_weight": [0.2, 2],
                         "long_entry_initial_ema_dist": [-0.001, 0.02],
                         "long_entry_initial_qty_pct": [0.025, 0.2],
                         "long_entry_trailing_double_down_factor": [0.6, 3],
                         "long_entry_trailing_grid_ratio": [-1, -0.7],
                         "long_entry_trailing_retracement_pct": [0, 0.15],
                         "long_entry_trailing_threshold_pct": [-0.1, 0.1],
                         "long_filter_noisiness_rolling_window": [60, 60],
                         "long_filter_volume_drop_pct": [0, 0],
                         "long_filter_volume_rolling_window": [60, 60],
                         "long_n_positions": [1, 1],
                         "long_total_wallet_exposure_limit": [1, 3],