{
    "adg": 0.00689423971606784,
    "adg_per_exposure_long": 0.002748022846009184,
    "adg_per_exposure_short": 0.0,
    "adg_w": 0.0021668851704079507,
    "adg_w_per_exposure_long": 0.000863713795602659,
    "adg_w_per_exposure_short": 0.0,
    "calmar_ratio": 0.02319699047780166,
    "calmar_ratio_w": 0.00858764760671799,
    "drawdown_worst": 0.297204058546529,
    "drawdown_worst_mean_1pct": 0.28366741081596075,
    "equity_balance_diff_neg_max": 0.32564523906094994,
    "equity_balance_diff_neg_mean": 0.02519602586588513,
    "equity_balance_diff_pos_max": 0.030076221302700577,
    "equity_balance_diff_pos_mean": 0.001011030083893141,
    "equity_choppiness": 3.381410507182354,
    "equity_choppiness_w": 6.927258515271528,
    "equity_jerkiness": 0.03243362818774675,
    "equity_jerkiness_w": 0.028246694724206066,
    "expected_shortfall_1pct": 0.2237778114352021,
    "exponential_fit_error": 0.04170162598788374,
    "exponential_fit_error_w": 0.006954772214286706,
    "gain": 6.661075374182411,
    "gain_per_exposure_long": 2.655084253102045,
    "gain_per_exposure_short": 0.0,
    "loss_profit_ratio": 0.0003776279100273248,
    "loss_profit_ratio_long": 0.0003776279100273248,
    "loss_profit_ratio_short": 1.0,
    "loss_profit_ratio_w": 0.0001149967783110805,
    "mdg": 0.0032082366951444227,
    "mdg_per_exposure_long": 0.0012787933255518267,
    "mdg_per_exposure_short": 0.0,
    "mdg_w": 0.0009619016748191395,
    "mdg_w_per_exposure_long": 0.0003834110629859453,
    "mdg_w_per_exposure_short": 0.0,
    "omega_ratio": 2.184352570388519,
    "omega_ratio_w": 1.4727527760654118,
    "pnl_ratio_long_short": 1.0,
    "position_held_hours_max": 300.3333333333333,
    "position_held_hours_mean": 8.035188308038224,
    "position_held_hours_median": 1.6333333333333333,
    "position_unchanged_hours_max": 67.58333333333333,
    "positions_held_per_day": 2.148550724637681,
    "sharpe_ratio": 0.11805054987337019,
    "sharpe_ratio_w": 0.05316241432386818,
    "sortino_ratio": 0.1398508307438014,
    "sortino_ratio_w": 0.05571962346857068,
    "sterling_ratio": 0.024303954043352276,
    "sterling_ratio_w": 0.008698343963273052,
    "volume_pct_per_day_avg": 0.6320413246724257,
    "volume_pct_per_day_avg_w": 0.2817501526102159
}