{"analysis": {"adg": 0.01162393341859791,
              "adg_per_exposure_long": 0.001851445999489975,
              "adg_per_exposure_short": 0.0,
              "adg_w": 0.0035131375900426367,
              "adg_w_per_exposure_long": 0.0005595682891933544,
              "adg_w_per_exposure_short": 0.0,
              "calmar_ratio": 0.024522378285318912,
              "calmar_ratio_w": 0.02680649710435249,
              "drawdown_worst": 0.47401329852076135,
              "drawdown_worst_mean_1pct": 0.24817029336726562,
              "equity_balance_diff_neg_max": 0.4765955634566689,
              "equity_balance_diff_neg_mean": 0.003739996886995098,
              "equity_balance_diff_pos_max": 0.5751997566860247,
              "equity_balance_diff_pos_mean": 0.055697374723388836,
              "equity_choppiness": 1.0301401641139838,
              "equity_choppiness_w": 1.1513288512181816,
              "equity_jerkiness": 0.018202457936017106,
              "equity_jerkiness_w": 0.006008045087713365,
              "expected_shortfall_1pct": 0.24622195156271937,
              "exponential_fit_error": 0.5403977777221634,
              "exponential_fit_error_w": 0.07937653798255952,
              "gain": 6912.069039916161,
              "gain_per_exposure_long": 1100.945963065824,
              "gain_per_exposure_short": 0.0,
              "loss_profit_ratio": 0.003901337897474206,
              "loss_profit_ratio_long": 0.003901337897474206,
              "loss_profit_ratio_short": 1.0,
              "loss_profit_ratio_w": 0.0015818216842315666,
              "mdg": 0.0002583908565703881,
              "mdg_per_exposure_long": 4.115618185980092e-05,
              "mdg_per_exposure_short": 0.0,
              "mdg_w": 0.0002476787485570717,
              "mdg_w_per_exposure_long": 3.944997030359679e-05,
              "mdg_w_per_exposure_short": 0.0,
              "omega_ratio": 212.97875747715074,
              "omega_ratio_w": 52.10843188400452,
              "pnl_ratio_long_short": 1.0,
              "position_held_hours_max": 54.96666666666667,
              "position_held_hours_mean": 0.7606942889137738,
              "position_held_hours_median": 0.06666666666666667,
              "position_unchanged_hours_max": 54.96666666666667,
              "positions_held_per_day": 2.334640522875817,
              "sharpe_ratio": 0.0785876201358278,
              "sharpe_ratio_w": 0.07915091198400831,
              "sortino_ratio": 0.23046167120642533,
              "sortino_ratio_w": 0.16328791327613845,
              "sterling_ratio": 0.0468385368001952,
              "sterling_ratio_w": 0.03115263356532271,
              "volume_pct_per_day_avg": 1.896397355430351,
              "volume_pct_per_day_avg_w": 0.8906259433924129},
 "backtest": {"base_dir": "backtests/pbgui/SUI_adg_sharpe_omega_new_markup_grtr_TWE9",
              "cache_dir": {"binance": "caches/hlcvs_data/a46db89fea6cc126"},
              "coins": {"binance": ["SUI"]},
              "combine_ohlcvs": false,
              "compress_cache": true,
              "end_date": "2025-06-30",
              "exchanges": ["bybit", "binance"],
              "gap_tolerance_ohlcvs_minutes": 120,
              "start_date": "2020-01-01",
              "starting_balance": 1000,
              "use_btc_collateral": false},
 "bot": {"long": {"close_grid_markup_end": 0.016647,
                  "close_grid_markup_start": 0.0039892,
                  "close_grid_qty_pct": 0.2282,
                  "close_trailing_grid_ratio": -0.82734,
                  "close_trailing_qty_pct": 0.08529,
                  "close_trailing_retracement_pct": 0.007726,
                  "close_trailing_threshold_pct": 0.0046375,
                  "ema_span_0": 303.08,
                  "ema_span_1": 106.36,
                  "enforce_exposure_limit": true,
                  "entry_grid_double_down_factor": 2.496,
                  "entry_grid_spacing_pct": 0.037257,
                  "entry_grid_spacing_weight": 1.6617,
                  "entry_initial_ema_dist": 0.019283,
                  "entry_initial_qty_pct": 0.010462,
                  "entry_trailing_double_down_factor": 9.2661,
                  "entry_trailing_grid_ratio": -0.22106,
                  "entry_trailing_retracement_pct": 0.0011004,
                  "entry_trailing_threshold_pct": -0.098843,
                  "filter_noisiness_rolling_window": 60,
                  "filter_volume_drop_pct": 0,
                  "filter_volume_rolling_window": 60,
                  "n_positions": 1,
                  "total_wallet_exposure_limit": 6.2783,
                  "unstuck_close_pct": 0.0061357,
                  "unstuck_ema_dist": 0.0096574,
                  "unstuck_loss_allowance_pct": 0.067935,
                  "unstuck_threshold": 0.57081},
         "short": {"close_grid_markup_end": 0.001,
                   "close_grid_markup_start": 0.001,
                   "close_grid_qty_pct": 0.05,
                   "close_trailing_grid_ratio": -1,
                   "close_trailing_qty_pct": 0.05,
                   "close_trailing_retracement_pct": 0,
                   "close_trailing_threshold_pct": -0.1,
                   "ema_span_0": 200,
                   "ema_span_1": 200,
                   "enforce_exposure_limit": true,
                   "entry_grid_double_down_factor": 0.1,
                   "entry_grid_spacing_pct": 0.01,
                   "entry_grid_spacing_weight": 0.2,
                   "entry_initial_ema_dist": -0.1,
                   "entry_initial_qty_pct": 0.025,
                   "entry_trailing_double_down_factor": 0.1,
                   "entry_trailing_grid_ratio": -1,
                   "entry_trailing_retracement_pct": 0,
                   "entry_trailing_threshold_pct": -0.1,
                   "filter_noisiness_rolling_window": 10,
                   "filter_volume_drop_pct": 0,
                   "filter_volume_rolling_window": 10,
                   "n_positions": 0,
                   "total_wallet_exposure_limit": 0,
                   "unstuck_close_pct": 0.005,
                   "unstuck_ema_dist": -0.1,
                   "unstuck_loss_allowance_pct": 0.01,
                   "unstuck_threshold": 0.7}},
 "disable_plotting": false,
 "live": {"approved_coins": {"long": ["SUIUSDT"], "short": []},
          "auto_gs": true,
          "coin_flags": {},
          "empty_means_all_approved": false,
          "execution_delay_seconds": 2,
          "filter_by_min_effective_cost": true,
          "forced_mode_long": "",
          "forced_mode_short": "",
          "ignored_coins": {"long": [], "short": []},
          "leverage": 10,
          "market_orders_allowed": true,
          "max_n_cancellations_per_batch": 5,
          "max_n_creations_per_batch": 3,
          "max_n_restarts_per_day": 10,
          "mimic_backtest_1m_delay": false,
          "minimum_coin_age_days": 30,
          "ohlcvs_1m_rolling_window_days": 4,
          "ohlcvs_1m_update_after_minutes": 10,
          "pnls_max_lookback_days": 30,
          "price_distance_threshold": 0.002,
          "time_in_force": "good_till_cancelled",
          "user": "bybit_01"},
 "optimize": {"bounds": {"long_close_grid_markup_end": [0.001, 0.03],
                         "long_close_grid_markup_start": [0.001, 0.03],
                         "long_close_grid_qty_pct": [0.05, 0.4],
                         "long_close_trailing_grid_ratio": [-1, 1],
                         "long_close_trailing_qty_pct": [0.05, 0.25],
                         "long_close_trailing_retracement_pct": [0.003, 0.01],
                         "long_close_trailing_threshold_pct": [0.001, 0.005],
                         "long_ema_span_0": [100, 800],
                         "long_ema_span_1": [100, 800],
                         "long_entry_grid_double_down_factor": [0.4, 10],
                         "long_entry_grid_spacing_pct": [0.01, 0.12],