{
    "adg_btc": 0.0015132756946989456,
    "adg_per_exposure_long_btc": 0.0007566378473494728,
    "adg_per_exposure_long_usd": 0.0011753875278305292,
    "adg_per_exposure_short_btc": 0.0,
    "adg_per_exposure_short_usd": 0.0,
    "adg_pnl": 0.004052795515843214,
    "adg_pnl_w": 0.000885184637801327,
    "adg_strategy_eq": 0.0023507750556610585,
    "adg_strategy_eq_w": 0.00045771205359212974,
    "adg_usd": 0.0023507750556610585,
    "adg_w_btc": 0.001427829851727891,
    "adg_w_per_exposure_long_btc": 0.0007139149258639455,
    "adg_w_per_exposure_long_usd": 0.00022885602679606487,
    "adg_w_per_exposure_short_btc": 0.0,
    "adg_w_per_exposure_short_usd": 0.0,
    "adg_w_usd": 0.00045771205359212974,
    "backtest_completion_ratio": 1.0,
    "calmar_ratio_btc": 0.0022126246099707252,
    "calmar_ratio_strategy_eq": 0.004567481207313298,
    "calmar_ratio_strategy_eq_w": 0.0008893199704958314,
    "calmar_ratio_usd": 0.004567481207313307,
    "calmar_ratio_w_btc": 0.0022251084897562355,
    "calmar_ratio_w_usd": 0.0008893199704958336,
    "drawdown_worst_btc": 0.6839278962548316,
    "drawdown_worst_ema_strategy_eq": 0.0,
    "drawdown_worst_ema_strategy_eq_long": 0.0,
    "drawdown_worst_ema_strategy_eq_short": 0.0,
    "drawdown_worst_mean_1pct_btc": 0.5617465608103216,
    "drawdown_worst_mean_1pct_ema_strategy_eq": 0.0,
    "drawdown_worst_mean_1pct_ema_strategy_eq_long": 0.0,
    "drawdown_worst_mean_1pct_ema_strategy_eq_short": 0.0,
    "drawdown_worst_mean_1pct_strategy_eq": 0.3808198525387677,
    "drawdown_worst_mean_1pct_strategy_eq_long": 0.0,
    "drawdown_worst_mean_1pct_strategy_eq_short": 0.0,
    "drawdown_worst_mean_1pct_usd": 0.3808198525387668,
    "drawdown_worst_strategy_eq": 0.5146764592916281,
    "drawdown_worst_strategy_eq_long": 0.0,
    "drawdown_worst_strategy_eq_short": 0.0,
    "drawdown_worst_usd": 0.514676459291627,
    "entry_initial_balance_pct_long": 0.30318,
    "entry_initial_balance_pct_short": 0.0,
    "entry_interval_hours_max": 1148.6833333333334,
    "entry_interval_hours_mean": 12.968484216018783,
    "entry_interval_hours_median": 2.0833333333333335,
    "entry_interval_hours_p95": 52.76333333333333,
    "entry_interval_hours_p99": 180.85066666666654,
    "equity_balance_diff_neg_max_btc": 0.672537015946872,
    "equity_balance_diff_neg_max_usd": 0.5138780440638664,
    "equity_balance_diff_neg_mean_btc": 0.05226021848437031,
    "equity_balance_diff_neg_mean_usd": 0.05300225899364367,
    "equity_balance_diff_pos_max_btc": 0.6168135533057303,
    "equity_balance_diff_pos_max_usd": 0.24013577302059808,
    "equity_balance_diff_pos_mean_btc": 0.041346263239676134,
    "equity_balance_diff_pos_mean_usd": 0.010283993960876108,
    "equity_choppiness_btc": 20.723145092468634,
    "equity_choppiness_usd": 8.664894459013652,
    "equity_choppiness_w_btc": 19.68878532558937,
    "equity_choppiness_w_usd": 42.9387285852807,
    "equity_jerkiness_btc": 0.03601611433250836,
    "equity_jerkiness_usd": 0.018742935849166382,
    "equity_jerkiness_w_btc": 0.03228198392072594,
    "equity_jerkiness_w_usd": 0.0175626844221012,
    "expected_shortfall_1pct_btc": 0.1719411846033748,
    "expected_shortfall_1pct_strategy_eq": 0.1767838535645277,
    "expected_shortfall_1pct_usd": 0.1767838535645277,
    "exponential_fit_error_btc": 0.4943866160275278,
    "exponential_fit_error_usd": 0.23440446789078503,
    "exponential_fit_error_w_btc": 0.061579341224627826,
    "exponential_fit_error_w_usd": 0.031758770579633555,
    "exposure_mean_ratio_btc": 0.0064782578049328845,
    "exposure_mean_ratio_usd": 0.010063550815839584,
    "exposure_mean_ratio_w_btc": 0.004882189361951338,
    "exposure_mean_ratio_w_usd": 0.0019938979224716534,
    "exposure_ratio_btc": 0.0007525914830789326,
    "exposure_ratio_usd": 0.0011691017649476485,
    "exposure_ratio_w_btc": 0.0007134322171131527,
    "exposure_ratio_w_usd": 0.00022817368288546147,
    "gain_btc": 22.980575567091545,
    "gain_per_exposure_long_btc": 11.490287783545773,
    "gain_per_exposure_long_usd": 64.9937182567109,
    "gain_per_exposure_short_btc": 0.0,
    "gain_per_exposure_short_usd": 0.0,
    "gain_strategy_eq": 129.9874365134213,
    "gain_usd": 129.9874365134218,
    "hard_stop_duration_minutes_max": 0.0,
    "hard_stop_duration_minutes_mean": 0.0,
    "hard_stop_flatten_time_minutes_mean": 0.0,
    "hard_stop_halt_to_restart_equity_loss_pct": 0.0,
    "hard_stop_panic_close_loss_max": 0.0,
    "hard_stop_panic_close_loss_sum": 0.0,
    "hard_stop_post_restart_retrigger_pct": 0.0,
    "hard_stop_restarts": 0,
    "hard_stop_restarts_long": 0,
    "hard_stop_restarts_per_year": 0.0,
    "hard_stop_restarts_per_year_long": 0.0,
    "hard_stop_restarts_per_year_short": 0.0,
    "hard_stop_restarts_short": 0,
    "hard_stop_time_in_orange_pct": 0.0,
    "hard_stop_time_in_red_pct": 0.0,
    "hard_stop_time_in_yellow_pct": 0.0,
    "hard_stop_trigger_drawdown_mean": 0.0,
    "hard_stop_triggers": 0,
    "hard_stop_triggers_long": 0,
    "hard_stop_triggers_per_year": 0.0,
    "hard_stop_triggers_short": 0,
    "high_exposure_days_max_long": 45.829861111111114,
    "high_exposure_days_max_short": 0.0,
    "high_exposure_days_mean_long": 0.22062608506944445,
    "high_exposure_days_mean_short": 0.0,
    "high_exposure_hours_max_long": 1099.9166666666667,
    "high_exposure_hours_max_short": 0.0,
    "high_exposure_hours_mean_long": 5.295026041666667,
    "high_exposure_hours_mean_short": 0.0,
    "liquidated": false,
    "long_short_profit_ratio": 1.0,
    "loss_profit_ratio": 0.19901023903697992,
    "loss_profit_ratio_long": 0.19901023903697992,
    "loss_profit_ratio_short": 1.0,
    "loss_profit_ratio_w": 0.6376597350096279,
    "mdg_btc": 0.0,
    "mdg_per_exposure_long_btc": 0.0,
    "mdg_per_exposure_long_usd": 0.0,
    "mdg_per_exposure_short_btc": 0.0,
    "mdg_per_exposure_short_usd": 0.0,
    "mdg_pnl": 0.001797690216576509,
    "mdg_pnl_w": 0.001014267293679618,
    "mdg_strategy_eq": 0.0,
    "mdg_strategy_eq_w": 0.0,
    "mdg_usd": 0.0,
    "mdg_w_btc": 0.0,
    "mdg_w_per_exposure_long_btc": 0.0,
    "mdg_w_per_exposure_long_usd": 0.0,
    "mdg_w_per_exposure_short_btc": 0.0,
    "mdg_w_per_exposure_short_usd": 0.0,
    "mdg_w_usd": 0.0,
    "omega_ratio_btc": 1.230110764375801,
    "omega_ratio_strategy_eq": 1.5584539204422174,
    "omega_ratio_strategy_eq_w": 1.1893867474943218,
    "omega_ratio_usd": 1.5584539204422165,
    "omega_ratio_w_btc": 1.3093988434628527,
    "omega_ratio_w_usd": 1.1893867474943232,
    "paper_loss_mean_ratio_btc": 0.028956551246557216,
    "paper_loss_mean_ratio_usd": 0.04435235592398008,
    "paper_loss_mean_ratio_w_btc": 0.05352871040605197,
    "paper_loss_mean_ratio_w_usd": 0.007337213545766769,
    "paper_loss_ratio_btc": 0.0022501002306443887,
    "paper_loss_ratio_usd": 0.004574577728736153,
    "paper_loss_ratio_w_btc": 0.0029990869414060943,
    "paper_loss_ratio_w_usd": 0.0012427511358885904,
    "peak_recovery_days_equity_btc": 1201.9041666666667,
    "peak_recovery_days_equity_usd": 52.71805555555556,
    "peak_recovery_days_pnl": 155.34583333333333,
    "peak_recovery_days_strategy_eq": 172.9298611111111,
    "peak_recovery_days_strategy_eq_long": 0.0,
    "peak_recovery_days_strategy_eq_short": 0.0,
    "peak_recovery_hours_equity_btc": 28845.7,
    "peak_recovery_hours_equity_usd": 1265.2333333333333,
    "peak_recovery_hours_pnl": 3728.3,
    "peak_recovery_hours_strategy_eq": 4150.316666666667,
    "peak_recovery_hours_strategy_eq_long": 0.0,
    "peak_recovery_hours_strategy_eq_short": 0.0,
    "pnl_ratio_long_short": 1.0,
    "position_held_days_max": 45.829861111111114,
    "position_held_days_mean": 0.22085197492253786,
    "position_held_days_median": 0.005555555555555556,
    "position_held_hours_max": 1099.9166666666667,
    "position_held_hours_mean": 5.300447398140909,
    "position_held_hours_median": 0.13333333333333333,
    "position_unchanged_days_max": 15.4125,