{"analysis": {"adg": 0.005695619007144215,
              "adg_per_exposure_long": 0.00037970793380961434,
              "adg_per_exposure_short": 0.0,
              "adg_w": 0.006391936147112864,
              "adg_w_per_exposure_long": 0.00042612907647419094,
              "adg_w_per_exposure_short": 0.0,
              "calmar_ratio": 0.008853872286530734,
              "calmar_ratio_w": 0.009936729030431475,
              "drawdown_worst": 0.6432912993119266,
              "drawdown_worst_mean_1pct": 0.3957347087750857,
              "equity_balance_diff_neg_max": 0.6594360146906727,
              "equity_balance_diff_neg_mean": 0.010439208608437427,
              "equity_balance_diff_pos_max": 0.5615576135594926,
              "equity_balance_diff_pos_mean": 0.0030324356534494777,
              "equity_choppiness": 1.9154090251448623,
              "equity_choppiness_w": 2.168946898045104,
              "equity_jerkiness": 0.011853851081324394,
              "equity_jerkiness_w": 0.019096799938522417,
              "expected_shortfall_1pct": 0.3749310657442064,
              "exponential_fit_error": 0.2248331004993945,
              "exponential_fit_error_w": 0.06595199109838829,
              "gain": 15250.455678613338,
              "gain_per_exposure_long": 1016.6970452408892,
              "gain_per_exposure_short": 0.0,
              "loss_profit_ratio": 0.020730126793095112,
              "loss_profit_ratio_long": 0.020730126793095112,
              "loss_profit_ratio_short": 1.0,
              "loss_profit_ratio_w": 0.023930174903284945,
              "mdg": 0.0005783466505666534,
              "mdg_per_exposure_long": 3.855644337111023e-05,
              "mdg_per_exposure_short": 0.0,
              "mdg_w": 0.0005170805578571079,
              "mdg_w_per_exposure_long": 3.4472037190473857e-05,
              "mdg_w_per_exposure_short": 0.0,
              "omega_ratio": 8.61618106939466,
              "omega_ratio_w": 5.044981221856995,
              "pnl_ratio_long_short": 1.0,
              "position_held_hours_max": 331.65,
              "position_held_hours_mean": 1.184924232612356,
              "position_held_hours_median": 0.16666666666666666,
              "position_unchanged_hours_max": 280.93333333333334,
              "positions_held_per_day": 9.107074622256643,
              "sharpe_ratio": 0.040775233205936005,
              "sharpe_ratio_w": 0.035013308715850566,
              "sortino_ratio": 0.07827310947581609,
              "sortino_ratio_w": 0.07448507032288586,
              "sterling_ratio": 0.01439251822205289,
              "sterling_ratio_w": 0.013722863215272057,
              "volume_pct_per_day_avg": 1.3072353720644179,
              "volume_pct_per_day_avg_w": 1.622643369190825},
 "backtest": {"base_dir": "backtests/pbgui/6coin_adg_sharpe_omega_new_markup_grtr",
              "cache_dir": {"bybit": "caches/hlcvs_data/c4b40fa0e8d29d9e"},
              "coins": {"bybit": ["DOGE", "GRT", "ICP", "INJ", "LINK", "OP"]},
              "combine_ohlcvs": false,
              "compress_cache": true,
              "end_date": "2025-06-13",
              "exchanges": ["bybit", "binance"],
              "gap_tolerance_ohlcvs_minutes": 120,
              "start_date": "2020-01-01",
              "starting_balance": 1000,
              "use_btc_collateral": false},
 "bot": {"long": {"close_grid_markup_end": 0.0026681,
                  "close_grid_markup_start": 0.029688,
                  "close_grid_qty_pct": 0.32534,
                  "close_trailing_grid_ratio": 0.90782,
                  "close_trailing_qty_pct": 0.05,
                  "close_trailing_retracement_pct": 0.0031726,
                  "close_trailing_threshold_pct": 0.0043152,
                  "ema_span_0": 109.65,
                  "ema_span_1": 143.62,
                  "enforce_exposure_limit": true,
                  "entry_grid_double_down_factor": 7.0527,
                  "entry_grid_spacing_pct": 0.047311,
                  "entry_grid_spacing_weight": 1.6066,
                  "entry_initial_ema_dist": 0.019665,
                  "entry_initial_qty_pct": 0.011507,
                  "entry_trailing_double_down_factor": 6.4759,
                  "entry_trailing_grid_ratio": -0.70054,
                  "entry_trailing_retracement_pct": 0.10686,
                  "entry_trailing_threshold_pct": 0.025235,
                  "filter_noisiness_rolling_window": 60,
                  "filter_volume_drop_pct": 0,
                  "filter_volume_rolling_window": 60,
                  "n_positions": 6,
                  "total_wallet_exposure_limit": 15,
                  "unstuck_close_pct": 0.0051714,
                  "unstuck_ema_dist": -0.0016607,
                  "unstuck_loss_allowance_pct": 0.063792,
                  "unstuck_threshold": 0.94507},
         "short": {"close_grid_markup_end": 0.001,
                   "close_grid_markup_start": 0.001,
                   "close_grid_qty_pct": 0.05,
                   "close_trailing_grid_ratio": -1,
                   "close_trailing_qty_pct": 0.05,
                   "close_trailing_retracement_pct": 0,
                   "close_trailing_threshold_pct": -0.1,
                   "ema_span_0": 200,
                   "ema_span_1": 200,
                   "enforce_exposure_limit": true,
                   "entry_grid_double_down_factor": 0.1,
                   "entry_grid_spacing_pct": 0.01,
                   "entry_grid_spacing_weight": 0.2,
                   "entry_initial_ema_dist": -0.1,
                   "entry_initial_qty_pct": 0.025,
                   "entry_trailing_double_down_factor": 0.1,
                   "entry_trailing_grid_ratio": -1,
                   "entry_trailing_retracement_pct": 0,
                   "entry_trailing_threshold_pct": -0.1,
                   "filter_noisiness_rolling_window": 10,
                   "filter_volume_drop_pct": 0,
                   "filter_volume_rolling_window": 10,
                   "n_positions": 0,
                   "total_wallet_exposure_limit": 0,
                   "unstuck_close_pct": 0.005,
                   "unstuck_ema_dist": -0.1,
                   "unstuck_loss_allowance_pct": 0.01,
                   "unstuck_threshold": 0.7}},
 "disable_plotting": false,
 "live": {"approved_coins": {"long": ["LINKUSDT",
                                      "INJUSDT",
                                      "DOGEUSDT",
                                      "GRTUSDT",
                                      "ICPUSDT",
                                      "OPUSDT"],
                             "short": []},
          "auto_gs": true,
          "coin_flags": {},
          "empty_means_all_approved": false,
          "execution_delay_seconds": 2,
          "filter_by_min_effective_cost": true,
          "forced_mode_long": "",
          "forced_mode_short": "",
          "ignored_coins": {"long": [], "short": []},
          "leverage": 10,
          "market_orders_allowed": true,
          "max_n_cancellations_per_batch": 5,
          "max_n_creations_per_batch": 3,
          "max_n_restarts_per_day": 10,
          "mimic_backtest_1m_delay": false,
          "minimum_coin_age_days": 30,
          "ohlcvs_1m_rolling_window_days": 4,
          "ohlcvs_1m_update_after_minutes": 10,
          "pnls_max_lookback_days": 30,
          "price_distance_threshold": 0.002,
          "time_in_force": "good_till_cancelled",
          "user": "bybit_01"},
 "optimize": {"bounds": {"long_close_grid_markup_end": [0.001, 0.03],
                         "long_close_grid_markup_start": [0.001, 0.03],
                         "long_close_grid_qty_pct": [0.05, 0.4],
                         "long_close_trailing_grid_ratio": [-1, 1],
                         "long_close_trailing_qty_pct": [0.05, 0.25],
                         "long_close_trailing_retracement_pct": [0.003, 0.01],
                         "long_close_trailing_threshold_pct": [0.001, 0.005],