{
    "adg": 0.03489652934152265,
    "adg_per_exposure_long": 0.005220202148352653,
    "adg_per_exposure_short": 0.0,
    "adg_w": 0.01851227644834632,
    "adg_w_per_exposure_long": 0.002769267520583153,
    "adg_w_per_exposure_short": 0.0,
    "calmar_ratio": 0.12864889561695364,
    "calmar_ratio_w": 0.1957656911006196,
    "drawdown_worst": 0.27125401406806876,
    "drawdown_worst_mean_1pct": 0.27125401406806876,
    "equity_balance_diff_neg_max": 0.33058820249530446,
    "equity_balance_diff_neg_mean": 0.009766371712850578,
    "equity_balance_diff_pos_max": 0.3785508365133146,
    "equity_balance_diff_pos_mean": 0.00293413975928222,
    "equity_choppiness": 1.3361763673097673,
    "equity_choppiness_w": 1.3797197661641738,
    "equity_jerkiness": 0.05826936381694929,
    "equity_jerkiness_w": 0.03432527249526096,
    "expected_shortfall_1pct": 0.26305429113231854,
    "exponential_fit_error": 0.1740516942914073,
    "exponential_fit_error_w": 0.019669632896068195,
    "gain": 318.1883845470418,
    "gain_per_exposure_long": 47.59807694162093,
    "gain_per_exposure_short": 0.0,
    "loss_profit_ratio": 0.07539520075856875,
    "loss_profit_ratio_long": 0.07539520075856875,
    "loss_profit_ratio_short": 1.0,
    "loss_profit_ratio_w": 0.068114482688802,
    "mdg": 0.010137370347711344,
    "mdg_per_exposure_long": 0.001516458039418891,
    "mdg_per_exposure_short": 0.0,
    "mdg_w": 0.005412186701571538,
    "mdg_w_per_exposure_long": 0.0008096137117341378,
    "mdg_w_per_exposure_short": 0.0,
    "omega_ratio": 12.544226787638896,
    "omega_ratio_w": 8.481191988068737,
    "pnl_ratio_long_short": 1.0,
    "position_held_hours_max": 33.15,
    "position_held_hours_mean": 3.3598419540229885,
    "position_held_hours_median": 1.275,
    "position_unchanged_hours_max": 27.55,
    "positions_held_per_day": 2.761904761904762,
    "sharpe_ratio": 0.2008893873067449,
    "sharpe_ratio_w": 0.2810895338937787,
    "sortino_ratio": 0.3736073439236257,
    "sortino_ratio_w": 0.45948890779015317,
    "sterling_ratio": 0.12864889561695364,
    "sterling_ratio_w": 0.1957656911006196,
    "volume_pct_per_day_avg": 6.005226595105965,
    "volume_pct_per_day_avg_w": 3.7473377010269338
}