{
    "adg": 0.0033617314883040983,
    "adg_w": 0.0018028663059508564,
    "calmar_ratio": 0.005669001271229229,
    "calmar_ratio_w": 0.02076627966389671,
    "drawdown_worst": 0.5930024227310082,
    "drawdown_worst_mean_1pct": 0.27423148955027554,
    "equity_balance_diff_neg_max": 0.6350795312711629,
    "equity_balance_diff_neg_mean": 0.01837902339944611,
    "equity_balance_diff_pos_max": 0.29661705360653307,
    "equity_balance_diff_pos_mean": 0.011538717371398366,
    "equity_choppiness": 1.3889748748774953,
    "equity_choppiness_w": 1.2427994574550083,
    "equity_jerkiness": 0.007591914274630288,
    "equity_jerkiness_w": 0.003984453489724292,
    "expected_shortfall_1pct": 0.20535727623487088,
    "exponential_fit_error": 0.3945037109204109,
    "exponential_fit_error_w": 0.0458803429703072,
    "gain": 519.2586869889711,
    "loss_profit_ratio": 0.12430267400841583,
    "loss_profit_ratio_long": 0.12430267400841583,
    "loss_profit_ratio_short": 1.0,
    "loss_profit_ratio_w": 0.0842534494816867,
    "mdg": 0.0,
    "mdg_w": 0.0,
    "omega_ratio": 8.221911039403292,
    "omega_ratio_w": 11.015803062205629,
    "pnl_ratio_long_short": 1.0,
    "position_held_hours_max": 122.2,
    "position_held_hours_mean": 2.075875443262411,
    "position_held_hours_median": 0.5,
    "position_unchanged_hours_max": 63.46666666666667,
    "positions_held_per_day": 0.8074914879623457,
    "sharpe_ratio": 0.04592711999251575,
    "sharpe_ratio_w": 0.07786929304022855,
    "sortino_ratio": 0.058265567898899154,
    "sortino_ratio_w": 0.10807734724927227,
    "sterling_ratio": 0.01225873620063528,
    "sterling_ratio_w": 0.023555728661835813
}