{
    "adg": 0.007937082769827297,
    "adg_per_exposure_long": 0.0009591640809458969,
    "adg_per_exposure_short": 0.0,
    "adg_w": 0.004718191490276369,
    "adg_w_per_exposure_long": 0.0005701741982207093,
    "adg_w_per_exposure_short": 0.0,
    "calmar_ratio": 0.0159899058376593,
    "calmar_ratio_w": 0.014613743147592954,
    "drawdown_worst": 0.4963808324082774,
    "drawdown_worst_mean_1pct": 0.2743000109912596,
    "equity_balance_diff_neg_max": 0.5377205508850336,
    "equity_balance_diff_neg_mean": 0.02762947862381011,
    "equity_balance_diff_pos_max": 0.5495289212188987,
    "equity_balance_diff_pos_mean": 0.0012407477350802718,
    "equity_choppiness": 1.7147608354960593,
    "equity_choppiness_w": 1.9809968968483136,
    "equity_jerkiness": 0.015222368374487845,
    "equity_jerkiness_w": 0.012302623840429638,
    "expected_shortfall_1pct": 0.21805720992465427,
    "exponential_fit_error": 3.2883511652765574,
    "exponential_fit_error_w": 0.34097156446881594,
    "gain": 3879178.231300567,
    "gain_per_exposure_long": 468782.8678308842,
    "gain_per_exposure_short": 0.0,
    "loss_profit_ratio": 0.012755195764449175,
    "loss_profit_ratio_long": 0.012755195764449175,
    "loss_profit_ratio_short": 1.0,
    "loss_profit_ratio_w": 0.01465447549899406,
    "mdg": 0.000866651538574144,
    "mdg_per_exposure_long": 0.00010473130375518356,
    "mdg_per_exposure_short": 0.0,
    "mdg_w": 0.0004406424363750753,
    "mdg_w_per_exposure_long": 5.324984125378553e-05,
    "mdg_w_per_exposure_short": 0.0,
    "omega_ratio": 7.999503592486091,
    "omega_ratio_w": 4.827428643464429,
    "pnl_ratio_long_short": 1.0,
    "position_held_hours_max": 1861.05,
    "position_held_hours_mean": 1.6536670547147847,
    "position_held_hours_median": 0.26666666666666666,
    "position_unchanged_hours_max": 501.9166666666667,
    "positions_held_per_day": 6.266805627931214,
    "sharpe_ratio": 0.08133161330267642,
    "sharpe_ratio_w": 0.07952555966315236,
    "sortino_ratio": 0.16857664695227642,
    "sortino_ratio_w": 0.11383870688893491,
    "sterling_ratio": 0.02893577270064421,
    "sterling_ratio_w": 0.016956419103817986,
    "volume_pct_per_day_avg": 1.3709225909558906,
    "volume_pct_per_day_avg_w": 1.1803761110212743
}