{
    "adg": 0.01362116962789095,
    "adg_per_exposure_long": 0.0015134632919878834,
    "adg_per_exposure_short": 0.0,
    "adg_w": 0.009542681283854316,
    "adg_w_per_exposure_long": 0.0010602979204282572,
    "adg_w_per_exposure_short": 0.0,
    "calmar_ratio": 0.021049601683936995,
    "calmar_ratio_w": 0.03852955660976111,
    "drawdown_worst": 0.6470986877763725,
    "drawdown_worst_mean_1pct": 0.5535608217044697,
    "equity_balance_diff_neg_max": 0.7353759622315467,
    "equity_balance_diff_neg_mean": 0.037098281704520564,
    "equity_balance_diff_pos_max": 0.4356199201522145,
    "equity_balance_diff_pos_mean": 0.018891881014021478,
    "equity_choppiness": 1.16158481289268,
    "equity_choppiness_w": 1.3387866372448256,
    "equity_jerkiness": 0.024006075840187165,
    "equity_jerkiness_w": 0.020736732814444638,
    "expected_shortfall_1pct": 0.5081456856948795,
    "exponential_fit_error": 0.11634280444701883,
    "exponential_fit_error_w": 0.0294830974287695,
    "gain": 31252.825711360463,
    "gain_per_exposure_long": 3472.5361901511624,
    "gain_per_exposure_short": 0.0,
    "loss_profit_ratio": 0.056914484005332784,
    "loss_profit_ratio_long": 0.056914484005332784,
    "loss_profit_ratio_short": 1.0,
    "loss_profit_ratio_w": 0.05955318815582393,
    "mdg": 0.0002801436389331909,
    "mdg_per_exposure_long": 3.112707099257677e-05,
    "mdg_per_exposure_short": 0.0,
    "mdg_w": 7.334043754249708e-05,
    "mdg_w_per_exposure_long": 8.148937504721897e-06,
    "mdg_w_per_exposure_short": 0.0,
    "omega_ratio": 22.02387912679778,
    "omega_ratio_w": 13.939322923590098,
    "pnl_ratio_long_short": 1.0,
    "position_held_hours_max": 50.983333333333334,
    "position_held_hours_mean": 1.1223943661971831,
    "position_held_hours_median": 0.3,
    "position_unchanged_hours_max": 36.983333333333334,
    "positions_held_per_day": 1.8562091503267975,
    "sharpe_ratio": 0.05747729556082202,
    "sharpe_ratio_w": 0.10873985013404772,
    "sortino_ratio": 0.12040211587314499,
    "sortino_ratio_w": 0.1647042191763446,
    "sterling_ratio": 0.024606455323102513,
    "sterling_ratio_w": 0.03972470232359275,
    "volume_pct_per_day_avg": 3.8358325674837417,
    "volume_pct_per_day_avg_w": 3.3406454748925447
}