{"analysis": {"adg": 0.003537488212145279,
              "adg_per_exposure_long": 0.0006792281661537373,
              "adg_per_exposure_short": 0.0,
              "adg_w": 0.0030980878907218568,
              "adg_w_per_exposure_long": 0.0005948595247253042,
              "adg_w_per_exposure_short": 0.0,
              "calmar_ratio": 0.007329983863098298,
              "calmar_ratio_w": 0.006624800183484186,
              "drawdown_worst": 0.48260518416066805,
              "drawdown_worst_mean_1pct": 0.34788850774849506,
              "equity_balance_diff_neg_max": 0.4846454971653958,
              "equity_balance_diff_neg_mean": 0.008804945507970063,
              "equity_balance_diff_pos_max": 0.5180677259980444,
              "equity_balance_diff_pos_mean": 0.0016598545805774536,
              "equity_choppiness": 3.5289749997382738,
              "equity_choppiness_w": 3.6441417428125917,
              "equity_jerkiness": 0.01703334644170111,
              "equity_jerkiness_w": 0.02070893129678721,
              "expected_shortfall_1pct": 0.23877202390684704,
              "exponential_fit_error": 0.24987724714784967,
              "exponential_fit_error_w": 0.028857318091760335,
              "gain": 374.4397157576316,
              "gain_per_exposure_long": 71.89564635042176,
              "gain_per_exposure_short": 0.0,
              "loss_profit_ratio": 0.13542416860213002,
              "loss_profit_ratio_long": 0.13542416860213002,
              "loss_profit_ratio_short": 1.0,
              "loss_profit_ratio_w": 0.14505724693867475,
              "mdg": 0.00042216395841791386,
              "mdg_per_exposure_long": 8.105911146443307e-05,
              "mdg_per_exposure_short": 0.0,
              "mdg_w": 0.0003317163670739536,
              "mdg_w_per_exposure_long": 6.369239589753531e-05,
              "mdg_w_per_exposure_short": 0.0,
              "omega_ratio": 2.338001241017965,
              "omega_ratio_w": 1.9523648965128928,
              "pnl_ratio_long_short": 1.0,
              "position_held_hours_max": 832.1666666666666,
              "position_held_hours_mean": 8.27489544895449,
              "position_held_hours_median": 1.8,
              "position_unchanged_hours_max": 448.71666666666664,
              "positions_held_per_day": 2.4230913953679942,
              "sharpe_ratio": 0.05334063063311396,
              "sharpe_ratio_w": 0.03843137694554439,
              "sortino_ratio": 0.08131189530967198,
              "sortino_ratio_w": 0.05685099462034121,
              "sterling_ratio": 0.0101684537814704,
              "sterling_ratio_w": 0.0075130696331235855,
              "volume_pct_per_day_avg": 1.6546467982834652,
              "volume_pct_per_day_avg_w": 1.5479979093661411},
 "backtest": {"base_dir": "backtests/pbgui/ETH_adg_sharpe_100tr_twe10_dd75",
              "cache_dir": {"bybit": "caches/hlcvs_data/ed093504e216bd15"},
              "coins": {"bybit": ["ETH"]},
              "combine_ohlcvs": false,
              "compress_cache": true,
              "end_date": "2025-05-26",
              "exchanges": ["binance", "bybit"],
              "gap_tolerance_ohlcvs_minutes": 120,
              "start_date": "2020-01-01",
              "starting_balance": 1000,
              "use_btc_collateral": false},
 "bot": {"long": {"close_grid_markup_end": 0.012839,
                  "close_grid_markup_start": 0.014436599999999999,
                  "close_grid_qty_pct": 0.1716,
                  "close_trailing_grid_ratio": -1,
                  "close_trailing_qty_pct": 0.18836,
                  "close_trailing_retracement_pct": 0.0075983,
                  "close_trailing_threshold_pct": 0.004096,
                  "ema_span_0": 259.38,
                  "ema_span_1": 284.71,
                  "enforce_exposure_limit": true,
                  "entry_grid_double_down_factor": 4.4066,
                  "entry_grid_spacing_pct": 0.010506,
                  "entry_grid_spacing_weight": 1.042,
                  "entry_initial_ema_dist": 0.002622,
                  "entry_initial_qty_pct": 0.020517,
                  "entry_trailing_double_down_factor": 2.1094,
                  "entry_trailing_grid_ratio": -1,
                  "entry_trailing_retracement_pct": 0.03912,
                  "entry_trailing_threshold_pct": 0.025741,
                  "filter_noisiness_rolling_window": 60,
                  "filter_volume_drop_pct": 0,
                  "filter_volume_rolling_window": 60,
                  "n_positions": 1,
                  "total_wallet_exposure_limit": 5.2081,
                  "unstuck_close_pct": 0.012322,
                  "unstuck_ema_dist": 0.0069093,
                  "unstuck_loss_allowance_pct": 0.22136,
                  "unstuck_threshold": 0.94096},
         "short": {"close_grid_markup_end": 0.013899,
                   "close_grid_markup_start": 0.042165,
                   "close_grid_qty_pct": 0.05,
                   "close_trailing_grid_ratio": -1,
                   "close_trailing_qty_pct": 0.05,
                   "close_trailing_retracement_pct": 0,
                   "close_trailing_threshold_pct": -0.1,
                   "ema_span_0": 200,
                   "ema_span_1": 200,
                   "enforce_exposure_limit": true,
                   "entry_grid_double_down_factor": 0.1,
                   "entry_grid_spacing_pct": 0.01,
                   "entry_grid_spacing_weight": 0.2,
                   "entry_initial_ema_dist": -0.1,
                   "entry_initial_qty_pct": 0.025,
                   "entry_trailing_double_down_factor": 0.1,
                   "entry_trailing_grid_ratio": -1,
                   "entry_trailing_retracement_pct": 0,
                   "entry_trailing_threshold_pct": -0.1,
                   "filter_noisiness_rolling_window": 10,
                   "filter_volume_drop_pct": 0,
                   "filter_volume_rolling_window": 10,
                   "n_positions": 0,
                   "total_wallet_exposure_limit": 0,
                   "unstuck_close_pct": 0.005,
                   "unstuck_ema_dist": -0.1,
                   "unstuck_loss_allowance_pct": 0.01,
                   "unstuck_threshold": 0.7}},
 "disable_plotting": false,
 "live": {"approved_coins": {"long": ["ETHUSDT"], "short": []},
          "auto_gs": true,
          "coin_flags": {},
          "empty_means_all_approved": false,
          "execution_delay_seconds": 2,
          "filter_by_min_effective_cost": true,
          "forced_mode_long": "",
          "forced_mode_short": "",
          "ignored_coins": {"long": [], "short": []},
          "leverage": 10,
          "market_orders_allowed": true,
          "max_n_cancellations_per_batch": 5,
          "max_n_creations_per_batch": 3,
          "max_n_restarts_per_day": 10,
          "mimic_backtest_1m_delay": false,
          "minimum_coin_age_days": 30,
          "ohlcvs_1m_rolling_window_days": 4,
          "ohlcvs_1m_update_after_minutes": 10,
          "pnls_max_lookback_days": 30,
          "price_distance_threshold": 0.002,
          "time_in_force": "good_till_cancelled",
          "user": "bybit_01"},
 "optimize": {"bounds": {"long_close_grid_markup_end": [0.001, 0.03],
                         "long_close_grid_markup_start": [0.001, 0.03],
                         "long_close_grid_qty_pct": [0, 0.4],
                         "long_close_trailing_grid_ratio": [-1, -1],
                         "long_close_trailing_qty_pct": [0.1, 0.25],
                         "long_close_trailing_retracement_pct": [0.003, 0.01],
                         "long_close_trailing_threshold_pct": [0.001, 0.005],
                         "long_ema_span_0": [100, 800],
                         "long_ema_span_1": [100, 800],
                         "long_entry_grid_double_down_factor": [0.5, 10],
                         "long_entry_grid_spacing_pct": [0.01, 0.12],
                         "long_entry_grid_spacing_weight": [0.2, 2],