{
    "adg": 0.02420832088028191,
    "adg_per_exposure_long": 0.0016138880586854605,
    "adg_per_exposure_short": 0.0,
    "adg_w": 0.01120449206595322,
    "adg_w_per_exposure_long": 0.0007469661377302147,
    "adg_w_per_exposure_short": 0.0,
    "calmar_ratio": 0.04494922578432953,
    "calmar_ratio_w": 0.05391705046950786,
    "drawdown_worst": 0.5385703637351983,
    "drawdown_worst_mean_1pct": 0.41993309237331156,
    "equity_balance_diff_neg_max": 0.5532836167742711,
    "equity_balance_diff_neg_mean": 0.009856992422281049,
    "equity_balance_diff_pos_max": 0.5230063263369698,
    "equity_balance_diff_pos_mean": 0.017748062519505996,
    "equity_choppiness": 1.0842143168068932,
    "equity_choppiness_w": 1.0661595019434884,
    "equity_jerkiness": 0.040451856683226727,
    "equity_jerkiness_w": 0.020608277616263174,
    "expected_shortfall_1pct": 0.395885826125047,
    "exponential_fit_error": 0.11880741349420902,
    "exponential_fit_error_w": 0.031085104186084955,
    "gain": 2554.8319458856377,
    "gain_per_exposure_long": 170.32212972570917,
    "gain_per_exposure_short": 0.0,
    "loss_profit_ratio": 0.029422907713601655,
    "loss_profit_ratio_long": 0.029422907713601655,
    "loss_profit_ratio_short": 1.0,
    "loss_profit_ratio_w": 0.06583709996033311,
    "mdg": 0.0001883632606908458,
    "mdg_per_exposure_long": 1.2557550712723053e-05,
    "mdg_per_exposure_short": 0.0,
    "mdg_w": 1.883632606908458e-05,
    "mdg_w_per_exposure_long": 1.2557550712723053e-06,
    "mdg_w_per_exposure_short": 0.0,
    "omega_ratio": 48.19363986811508,
    "omega_ratio_w": 104.57457225356654,
    "pnl_ratio_long_short": 1.0,
    "position_held_hours_max": 7.466666666666667,
    "position_held_hours_mean": 0.20472222222222222,
    "position_held_hours_median": 0.1,
    "position_unchanged_hours_max": 2.7333333333333334,
    "positions_held_per_day": 3.658536585365854,
    "sharpe_ratio": 0.12704512817439495,
    "sharpe_ratio_w": 0.10775046375012047,
    "sortino_ratio": 0.2634342222632837,
    "sortino_ratio_w": 0.18194255372485013,
    "sterling_ratio": 0.05764804279525851,
    "sterling_ratio_w": 0.05518693217060076,
    "volume_pct_per_day_avg": 9.043773236032589,
    "volume_pct_per_day_avg_w": 6.1348472031818595
}