{
    "adg": 0.07727907484359764,
    "adg_per_exposure_long": 0.00515193832290651,
    "adg_per_exposure_short": 0.0,
    "adg_w": 0.0410536510689248,
    "adg_w_per_exposure_long": 0.002736910071261653,
    "adg_w_per_exposure_short": 0.0,
    "calmar_ratio": 0.1253376166303509,
    "calmar_ratio_w": 0.18539258944669487,
    "drawdown_worst": 0.6165672917773056,
    "drawdown_worst_mean_1pct": 0.6165672917773056,
    "equity_balance_diff_neg_max": 0.742796594732364,
    "equity_balance_diff_neg_mean": 0.02161180536990782,
    "equity_balance_diff_pos_max": 0.8486027925254099,
    "equity_balance_diff_pos_mean": 0.006569367086090691,
    "equity_choppiness": 1.3986197180655686,
    "equity_choppiness_w": 1.4839104706947193,
    "equity_jerkiness": 0.1268852554831014,
    "equity_jerkiness_w": 0.07524379119027526,
    "expected_shortfall_1pct": 0.5973475584057516,
    "exponential_fit_error": 0.8012729424403976,
    "exponential_fit_error_w": 0.09128586352824983,
    "gain": 269861.95251538785,
    "gain_per_exposure_long": 17990.79683435919,
    "gain_per_exposure_short": 0.0,
    "loss_profit_ratio": 0.06742377913720937,
    "loss_profit_ratio_long": 0.06742377913720937,
    "loss_profit_ratio_short": 1.0,
    "loss_profit_ratio_w": 0.07883848852990634,
    "mdg": 0.02283992789534333,
    "mdg_per_exposure_long": 0.0015226618596895552,
    "mdg_per_exposure_short": 0.0,
    "mdg_w": 0.01209340877045695,
    "mdg_w_per_exposure_long": 0.0008062272513637967,
    "mdg_w_per_exposure_short": 0.0,
    "omega_ratio": 14.78152192075914,
    "omega_ratio_w": 9.050452670142398,
    "pnl_ratio_long_short": 1.0,
    "position_held_hours_max": 33.15,
    "position_held_hours_mean": 3.3810556760665222,
    "position_held_hours_median": 1.3,
    "position_unchanged_hours_max": 27.55,
    "positions_held_per_day": 2.744047619047619,
    "sharpe_ratio": 0.10447118235022873,
    "sharpe_ratio_w": 0.24017857838506979,
    "sortino_ratio": 0.34564678070748056,
    "sortino_ratio_w": 0.43303680055804905,
    "sterling_ratio": 0.1253376166303509,
    "sterling_ratio_w": 0.18539258944669487,
    "volume_pct_per_day_avg": 13.174419886706657,
    "volume_pct_per_day_avg_w": 8.315887910890323
}