{
    "adg": 0.0023880345183719953,
    "adg_w": 0.001563850704654457,
    "calmar_ratio": 0.004509987148384849,
    "calmar_ratio_w": 0.0054562308689861845,
    "drawdown_worst": 0.5294991847653527,
    "drawdown_worst_mean_1pct": 0.2518515491686986,
    "equity_balance_diff_neg_max": 0.530775957672305,
    "equity_balance_diff_neg_mean": 0.005537455395078528,
    "equity_balance_diff_pos_max": 0.2932832521950693,
    "equity_balance_diff_pos_mean": 0.001242063014867925,
    "equity_choppiness": 3.498761725861862,
    "equity_choppiness_w": 4.164382026648026,
    "equity_jerkiness": 0.011218392602839043,
    "equity_jerkiness_w": 0.01105899483361729,
    "expected_shortfall_1pct": 0.1894299817392586,
    "exponential_fit_error": 0.1315333447239167,
    "exponential_fit_error_w": 0.014250922339087776,
    "gain": 51.68152915460283,
    "loss_profit_ratio": 0.12413771892060586,
    "loss_profit_ratio_long": 0.12413771892060586,
    "loss_profit_ratio_short": 1.0,
    "loss_profit_ratio_w": 0.16724491022512858,
    "mdg": 0.00025673041706802523,
    "mdg_w": 0.0001288187350054281,
    "omega_ratio": 2.3300111225522477,
    "omega_ratio_w": 1.787865956596186,
    "pnl_ratio_long_short": 1.0,
    "position_held_hours_max": 832.9333333333333,
    "position_held_hours_mean": 8.833328912466843,
    "position_held_hours_median": 1.7666666666666666,
    "position_unchanged_hours_max": 448.48333333333335,
    "positions_held_per_day": 2.2798617670020582,
    "sharpe_ratio": 0.04985415669201619,
    "sharpe_ratio_w": 0.03726853032954634,
    "sortino_ratio": 0.06933663643580552,
    "sortino_ratio_w": 0.047519106130136525,
    "sterling_ratio": 0.009481913159773378,
    "sterling_ratio_w": 0.006368649978792082
}