{
    "adg": 0.011741627283296863,
    "adg_per_exposure_long": 0.0023502997084144405,
    "adg_per_exposure_short": 0.0,
    "adg_w": 0.015374643986209602,
    "adg_w_per_exposure_long": 0.0030775139089254176,
    "adg_w_per_exposure_short": 0.0,
    "calmar_ratio": 0.03172762232258762,
    "calmar_ratio_w": 0.04145230657268871,
    "drawdown_worst": 0.37007586524811,
    "drawdown_worst_mean_1pct": 0.3573253153085869,
    "equity_balance_diff_neg_max": 0.3724113751609158,
    "equity_balance_diff_neg_mean": 0.04504345629619412,
    "equity_balance_diff_pos_max": 0.4023930278294468,
    "equity_balance_diff_pos_mean": 0.0031398016519972737,
    "equity_choppiness": 2.430974829233245,
    "equity_choppiness_w": 2.075393150978225,
    "equity_jerkiness": 0.0474824881289632,
    "equity_jerkiness_w": 0.05284710626548898,
    "expected_shortfall_1pct": 0.2730757432916965,
    "exponential_fit_error": 0.0640471656095058,
    "exponential_fit_error_w": 0.02775057587846408,
    "flat_btc_balance_hours": 0.0,
    "gain": 30.936273725119996,
    "gain_per_exposure_long": 6.192456408407061,
    "gain_per_exposure_short": 0.0,
    "loss_profit_ratio": 0.0232654184678247,
    "loss_profit_ratio_long": 0.0232654184678247,
    "loss_profit_ratio_short": 1.0,
    "loss_profit_ratio_w": 0.026760591514760994,
    "mdg": 0.006416824321729263,
    "mdg_per_exposure_long": 0.0012844437971354463,
    "mdg_per_exposure_short": 0.0,
    "mdg_w": 0.004426310943179206,
    "mdg_w_per_exposure_long": 0.0008860064340404352,
    "mdg_w_per_exposure_short": 0.0,
    "omega_ratio": 2.545084334807727,
    "omega_ratio_w": 3.61981694419474,
    "pnl_ratio_long_short": 1.0,
    "position_held_hours_max": 222.15,
    "position_held_hours_mean": 6.961344805608668,
    "position_held_hours_median": 0.9,
    "position_unchanged_hours_max": 162.55,
    "positions_held_per_day": 1.7789115646258504,
    "sharpe_ratio": 0.09953602488154378,
    "sharpe_ratio_w": 0.07524336933031425,
    "sortino_ratio": 0.18066589035720385,
    "sortino_ratio_w": 0.20342607728202636,
    "sterling_ratio": 0.032859768900383585,
    "sterling_ratio_w": 0.041565521230468305,
    "volume_pct_per_day_avg": 3.819915484392389,
    "volume_pct_per_day_avg_w": 3.4195517906159116
}