{
    "adg": 0.0021721236089602414,
    "adg_per_exposure_long": 0.0009128103920659949,
    "adg_per_exposure_short": 0.0,
    "adg_w": 0.0009039294559236355,
    "adg_w_per_exposure_long": 0.0003798661354528641,
    "adg_w_per_exposure_short": 0.0,
    "calmar_ratio": 0.005936004004776945,
    "calmar_ratio_w": 0.0024702686570250154,
    "drawdown_worst": 0.3659235416977894,
    "drawdown_worst_mean_1pct": 0.11261000938981325,
    "equity_balance_diff_neg_max": 0.36990667296203994,
    "equity_balance_diff_neg_mean": 0.006432489256013558,
    "equity_balance_diff_pos_max": 0.2136317436378837,
    "equity_balance_diff_pos_mean": 0.003741092934849228,
    "equity_choppiness": 1.0526966522345163,
    "equity_choppiness_w": 1.1375632939423297,
    "equity_jerkiness": 0.004068580208300764,
    "equity_jerkiness_w": 0.0019348897872360194,
    "expected_shortfall_1pct": 0.10943163372578277,
    "exponential_fit_error": 0.1932402192793601,
    "exponential_fit_error_w": 0.019794678048306386,
    "gain": 36.03377410817807,
    "gain_per_exposure_long": 15.142786228012302,
    "gain_per_exposure_short": 0.0,
    "loss_profit_ratio": 0.02675281173574797,
    "loss_profit_ratio_long": 0.02675281173574797,
    "loss_profit_ratio_short": 1.0,
    "loss_profit_ratio_w": 0.052553720952683826,
    "mdg": 0.0,
    "mdg_per_exposure_long": 0.0,
    "mdg_per_exposure_short": 0.0,
    "mdg_w": 0.0,
    "mdg_w_per_exposure_long": 0.0,
    "mdg_w_per_exposure_short": 0.0,
    "omega_ratio": 80.79012970863981,
    "omega_ratio_w": 15437.33687287488,
    "pnl_ratio_long_short": 1.0,
    "position_held_hours_max": 102.8,
    "position_held_hours_mean": 1.0371766444937176,
    "position_held_hours_median": 0.21666666666666667,
    "position_unchanged_hours_max": 71.61666666666666,
    "positions_held_per_day": 0.27306704699163314,
    "sharpe_ratio": 0.06207173608195439,
    "sharpe_ratio_w": 0.021759170899348604,
    "sortino_ratio": 0.04222873190266845,
    "sortino_ratio_w": 0.011656846092195508,
    "sterling_ratio": 0.019288903541790598,
    "sterling_ratio_w": 0.005237506083366848,
    "volume_pct_per_day_avg": 2.0711838306972004,
    "volume_pct_per_day_avg_w": 1.378538540360575
}