{
    "adg_btc": 0.0017041640641282108,
    "adg_per_exposure_long_btc": 0.0003409828452775643,
    "adg_per_exposure_long_usd": 0.0005024920207580663,
    "adg_per_exposure_short_btc": 0.0,
    "adg_per_exposure_short_usd": 0.0,
    "adg_pnl": 0.004071624098391333,
    "adg_pnl_w": 0.002074362720010689,
    "adg_strategy_eq": 0.0025113546213446636,
    "adg_strategy_eq_w": 0.0011164924209335902,
    "adg_usd": 0.0025113546213446636,
    "adg_w_btc": 0.0020193804187706556,
    "adg_w_per_exposure_long_btc": 0.0004040538674558117,
    "adg_w_per_exposure_long_usd": 0.0002233967787693766,
    "adg_w_per_exposure_short_btc": 0.0,
    "adg_w_per_exposure_short_usd": 0.0,
    "adg_w_usd": 0.0011164924209335902,
    "backtest_completion_ratio": 1.0,
    "calmar_ratio_btc": 0.002586299549455247,
    "calmar_ratio_strategy_eq": 0.004404743496914056,
    "calmar_ratio_strategy_eq_w": 0.0029069249664464827,
    "calmar_ratio_usd": 0.004404743496914045,
    "calmar_ratio_w_btc": 0.006129124020400657,
    "calmar_ratio_w_usd": 0.002906924966446475,
    "drawdown_worst_btc": 0.658919831806474,
    "drawdown_worst_ema_strategy_eq": 0.0,
    "drawdown_worst_ema_strategy_eq_long": 0.0,
    "drawdown_worst_ema_strategy_eq_short": 0.0,
    "drawdown_worst_mean_1pct_btc": 0.607058092985604,
    "drawdown_worst_mean_1pct_ema_strategy_eq": 0.0,
    "drawdown_worst_mean_1pct_ema_strategy_eq_long": 0.0,
    "drawdown_worst_mean_1pct_ema_strategy_eq_short": 0.0,
    "drawdown_worst_mean_1pct_strategy_eq": 0.33401925350908035,
    "drawdown_worst_mean_1pct_strategy_eq_long": 0.0,
    "drawdown_worst_mean_1pct_strategy_eq_short": 0.0,
    "drawdown_worst_mean_1pct_usd": 0.33401925350908107,
    "drawdown_worst_strategy_eq": 0.5701477561869625,
    "drawdown_worst_strategy_eq_long": 0.0,
    "drawdown_worst_strategy_eq_short": 0.0,
    "drawdown_worst_usd": 0.5701477561869639,
    "entry_initial_balance_pct_long": 0.261359951,
    "entry_initial_balance_pct_short": 0.0,
    "entry_interval_hours_max": 1780.0333333333333,
    "entry_interval_hours_mean": 16.212121699935608,
    "entry_interval_hours_median": 1.9083333333333334,
    "entry_interval_hours_p95": 70.74499999999999,
    "entry_interval_hours_p99": 209.11116666666723,
    "equity_balance_diff_neg_max_btc": 0.42628973739956355,
    "equity_balance_diff_neg_max_usd": 0.547214272654937,
    "equity_balance_diff_neg_mean_btc": 0.059142337457599774,
    "equity_balance_diff_neg_mean_usd": 0.05357828912625545,
    "equity_balance_diff_pos_max_btc": 1.0966158137272501,
    "equity_balance_diff_pos_max_usd": 0.46642193026911355,
    "equity_balance_diff_pos_mean_btc": 0.04525289403692719,
    "equity_balance_diff_pos_mean_usd": 0.011472578169712273,
    "equity_choppiness_btc": 14.651887797541331,
    "equity_choppiness_usd": 5.682739035831248,
    "equity_choppiness_w_btc": 8.665062252578988,
    "equity_choppiness_w_usd": 8.581904816983172,
    "equity_jerkiness_btc": 0.03293612660998745,
    "equity_jerkiness_usd": 0.013610599897146792,
    "equity_jerkiness_w_btc": 0.025511189129631556,
    "equity_jerkiness_w_usd": 0.011711541168024276,
    "expected_shortfall_1pct_btc": 0.16355273095028725,
    "expected_shortfall_1pct_strategy_eq": 0.17380570441626508,
    "expected_shortfall_1pct_usd": 0.17380570441626544,
    "exponential_fit_error_btc": 0.41270884167671973,
    "exponential_fit_error_usd": 0.25615675780189184,
    "exponential_fit_error_w_btc": 0.05875795501352872,
    "exponential_fit_error_w_usd": 0.0299512447537452,
    "exposure_mean_ratio_btc": 0.007967370625442585,
    "exposure_mean_ratio_usd": 0.011741177660853206,
    "exposure_mean_ratio_w_btc": 0.010093605139720343,
    "exposure_mean_ratio_w_usd": 0.00548319869698813,
    "exposure_ratio_btc": 0.00039621835801005204,
    "exposure_ratio_usd": 0.0005838902634994641,
    "exposure_ratio_w_btc": 0.0007088127834668524,
    "exposure_ratio_w_usd": 0.00037158551879522435,
    "gain_btc": 37.84848202228039,
    "gain_per_exposure_long_btc": 7.573028537012364,
    "gain_per_exposure_long_usd": 42.24621345454524,
    "gain_per_exposure_short_btc": 0.0,
    "gain_per_exposure_short_usd": 0.0,
    "gain_strategy_eq": 211.1381256031268,
    "gain_usd": 211.1381256031262,
    "hard_stop_duration_minutes_max": 0.0,
    "hard_stop_duration_minutes_mean": 0.0,
    "hard_stop_flatten_time_minutes_mean": 0.0,
    "hard_stop_halt_to_restart_equity_loss_pct": 0.0,
    "hard_stop_panic_close_loss_max": 0.0,
    "hard_stop_panic_close_loss_sum": 0.0,
    "hard_stop_post_restart_retrigger_pct": 0.0,
    "hard_stop_restarts": 0,
    "hard_stop_restarts_long": 0,
    "hard_stop_restarts_per_year": 0.0,
    "hard_stop_restarts_per_year_long": 0.0,
    "hard_stop_restarts_per_year_short": 0.0,
    "hard_stop_restarts_short": 0,
    "hard_stop_time_in_orange_pct": 0.0,
    "hard_stop_time_in_red_pct": 0.0,
    "hard_stop_time_in_yellow_pct": 0.0,
    "hard_stop_trigger_drawdown_mean": 0.0,
    "hard_stop_triggers": 0,
    "hard_stop_triggers_long": 0,
    "hard_stop_triggers_per_year": 0.0,
    "hard_stop_triggers_short": 0,
    "high_exposure_days_max_long": 72.8326388888889,
    "high_exposure_days_max_short": 0.0,
    "high_exposure_days_mean_long": 0.17475184165735866,
    "high_exposure_days_mean_short": 0.0,
    "high_exposure_hours_max_long": 1747.9833333333333,
    "high_exposure_hours_max_short": 0.0,
    "high_exposure_hours_mean_long": 4.194044199776608,
    "high_exposure_hours_mean_short": 0.0,
    "liquidated": false,
    "long_short_profit_ratio": 1.0,
    "loss_profit_ratio": 0.15050777938133755,
    "loss_profit_ratio_long": 0.15050777938133755,
    "loss_profit_ratio_short": 1.0,
    "loss_profit_ratio_w": 0.13293825635703313,
    "mdg_btc": 0.0,
    "mdg_per_exposure_long_btc": 0.0,
    "mdg_per_exposure_long_usd": 0.0,
    "mdg_per_exposure_short_btc": 0.0,
    "mdg_per_exposure_short_usd": 0.0,
    "mdg_pnl": 0.0015041346456263838,
    "mdg_pnl_w": 0.0009423775366802503,
    "mdg_strategy_eq": 0.0,
    "mdg_strategy_eq_w": 0.0,
    "mdg_usd": 0.0,
    "mdg_w_btc": 0.0,
    "mdg_w_per_exposure_long_btc": 0.0,
    "mdg_w_per_exposure_long_usd": 0.0,
    "mdg_w_per_exposure_short_btc": 0.0,
    "mdg_w_per_exposure_short_usd": 0.0,
    "mdg_w_usd": 0.0,
    "omega_ratio_btc": 1.2509854469177235,
    "omega_ratio_strategy_eq": 1.8331312194034275,
    "omega_ratio_strategy_eq_w": 1.4186276857126785,
    "omega_ratio_usd": 1.833131219403423,
    "omega_ratio_w_btc": 1.3950931815775036,
    "omega_ratio_w_usd": 1.4186276857126772,
    "paper_loss_mean_ratio_btc": 0.02881462142665493,
    "paper_loss_mean_ratio_usd": 0.046872616918146454,
    "paper_loss_mean_ratio_w_btc": 268557380.5109919,
    "paper_loss_mean_ratio_w_usd": 0.01687659686207546,
    "paper_loss_ratio_btc": 0.003997666175413669,
    "paper_loss_ratio_usd": 0.004589344150619909,
    "paper_loss_ratio_w_btc": 268557380.4831584,
    "paper_loss_ratio_w_usd": 0.004056152471241173,
    "peak_recovery_days_equity_btc": 1130.7243055555557,
    "peak_recovery_days_equity_usd": 64.02916666666667,
    "peak_recovery_days_pnl": 33.30277777777778,
    "peak_recovery_days_strategy_eq": 64.02916666666667,
    "peak_recovery_days_strategy_eq_long": 0.0,
    "peak_recovery_days_strategy_eq_short": 0.0,
    "peak_recovery_hours_equity_btc": 27137.383333333335,
    "peak_recovery_hours_equity_usd": 1536.7,
    "peak_recovery_hours_pnl": 799.2666666666667,
    "peak_recovery_hours_strategy_eq": 1536.7,
    "peak_recovery_hours_strategy_eq_long": 0.0,
    "peak_recovery_hours_strategy_eq_short": 0.0,
    "pnl_ratio_long_short": 1.0,
    "position_held_days_max": 72.81666666666666,
    "position_held_days_mean": 0.15420783132530122,
    "position_held_days_median": 0.003472222222222222,
    "position_held_hours_max": 1747.6,
    "position_held_hours_mean": 3.700987951807229,
    "position_held_hours_median": 0.08333333333333333,
    "position_unchanged_days_max": 29.007638888888888,