{"analysis": {"adg": 0.038988637277796334,
              "adg_per_exposure_long": 0.004031541767342888,
              "adg_per_exposure_short": 0.0,
              "adg_w": 0.016233793538307763,
              "adg_w_per_exposure_long": 0.001678622831205758,
              "adg_w_per_exposure_short": 0.0,
              "calmar_ratio": 0.15051471364815538,
              "calmar_ratio_w": 0.30110071283977236,
              "drawdown_worst": 0.2590353881876063,
              "drawdown_worst_mean_1pct": 0.2590353881876063,
              "equity_balance_diff_neg_max": 0.358309242724678,
              "equity_balance_diff_neg_mean": 0.017093202764174673,
              "equity_balance_diff_pos_max": 1.1384546635993766,
              "equity_balance_diff_pos_mean": 0.0078122906594347745,
              "equity_choppiness": 1.238933532986825,
              "equity_choppiness_w": 1.2125178770789247,
              "equity_jerkiness": 0.06791525108102991,
              "equity_jerkiness_w": 0.029903290643555624,
              "expected_shortfall_1pct": 0.25372413432490853,
              "exponential_fit_error": 0.2671597934381536,
              "exponential_fit_error_w": 0.03083279213998592,
              "gain": 421.2171868311147,
              "gain_per_exposure_long": 43.555117603440706,
              "gain_per_exposure_short": 0.0,
              "loss_profit_ratio": 0.009510988229565373,
              "loss_profit_ratio_long": 0.009510988229565373,
              "loss_profit_ratio_short": 1.0,
              "loss_profit_ratio_w": 0.0015989215937172324,
              "mdg": 0.013952864645947397,
              "mdg_per_exposure_long": 0.001442767958095668,
              "mdg_per_exposure_short": 0.0,
              "mdg_w": 0.00838818284006786,
              "mdg_w_per_exposure_long": 0.0008673632071542318,
              "mdg_w_per_exposure_short": 0.0,
              "omega_ratio": 18.130126715908254,
              "omega_ratio_w": 12.316632597547489,
              "pnl_ratio_long_short": 1.0,
              "position_held_hours_max": 81.2,
              "position_held_hours_mean": 3.840345080763583,
              "position_held_hours_median": 0.675,
              "position_unchanged_hours_max": 81.2,
              "positions_held_per_day": 2.8734177215189876,
              "sharpe_ratio": 0.18225466012662064,
              "sharpe_ratio_w": 0.3708203993167939,
              "sortino_ratio": 0.5706755384879426,
              "sortino_ratio_w": 0.5205858601336877,
              "sterling_ratio": 0.15051471364815538,
              "sterling_ratio_w": 0.30110071283977236,
              "volume_pct_per_day_avg": 6.510458951127997,
              "volume_pct_per_day_avg_w": 3.529428413958505},
 "backtest": {"base_dir": "backtests/pbgui/hype_adg_sharpe_omega_new_markup_grtr",
              "cache_dir": {"bybit": "caches/hlcvs_data/77b382f5967fd94d"},
              "coins": {"bybit": ["HYPE"]},
              "combine_ohlcvs": false,
              "compress_cache": true,
              "end_date": "2025-06-11",
              "exchanges": ["bybit", "binance"],
              "gap_tolerance_ohlcvs_minutes": 120,
              "start_date": "2020-01-01",
              "starting_balance": 1000,
              "use_btc_collateral": false},
 "bot": {"long": {"close_grid_markup_end": 0.0080596,
                  "close_grid_markup_start": 0.009726,
                  "close_grid_qty_pct": 0.37344,
                  "close_trailing_grid_ratio": -0.71174,
                  "close_trailing_qty_pct": 0.18481,
                  "close_trailing_retracement_pct": 0.0081279,
                  "close_trailing_threshold_pct": 0.0044971,
                  "ema_span_0": 604.92,
                  "ema_span_1": 774.72,
                  "enforce_exposure_limit": true,
                  "entry_grid_double_down_factor": 7.1195,
                  "entry_grid_spacing_pct": 0.11549,
                  "entry_grid_spacing_weight": 0.67297,
                  "entry_initial_ema_dist": 0.014311,
                  "entry_initial_qty_pct": 0.051558,
                  "entry_trailing_double_down_factor": 1.8231,
                  "entry_trailing_grid_ratio": -0.11787,
                  "entry_trailing_retracement_pct": 0.0035061,
                  "entry_trailing_threshold_pct": -0.0023369,
                  "filter_noisiness_rolling_window": 60,
                  "filter_volume_drop_pct": 0,
                  "filter_volume_rolling_window": 60,
                  "n_positions": 1,
                  "total_wallet_exposure_limit": 9.6709,
                  "unstuck_close_pct": 0.014424,
                  "unstuck_ema_dist": -0.019377,
                  "unstuck_loss_allowance_pct": 0.19854,
                  "unstuck_threshold": 0.92148},
         "short": {"close_grid_markup_end": 0.001,
                   "close_grid_markup_start": 0.001,
                   "close_grid_qty_pct": 0.05,
                   "close_trailing_grid_ratio": -1,
                   "close_trailing_qty_pct": 0.05,
                   "close_trailing_retracement_pct": 0,
                   "close_trailing_threshold_pct": -0.1,
                   "ema_span_0": 200,
                   "ema_span_1": 200,
                   "enforce_exposure_limit": true,
                   "entry_grid_double_down_factor": 0.1,
                   "entry_grid_spacing_pct": 0.01,
                   "entry_grid_spacing_weight": 0.2,
                   "entry_initial_ema_dist": -0.1,
                   "entry_initial_qty_pct": 0.025,
                   "entry_trailing_double_down_factor": 0.1,
                   "entry_trailing_grid_ratio": -1,
                   "entry_trailing_retracement_pct": 0,
                   "entry_trailing_threshold_pct": -0.1,
                   "filter_noisiness_rolling_window": 10,
                   "filter_volume_drop_pct": 0,
                   "filter_volume_rolling_window": 10,
                   "n_positions": 0,
                   "total_wallet_exposure_limit": 0,
                   "unstuck_close_pct": 0.005,
                   "unstuck_ema_dist": -0.1,
                   "unstuck_loss_allowance_pct": 0.01,
                   "unstuck_threshold": 0.7}},
 "disable_plotting": false,
 "live": {"approved_coins": {"long": ["HYPEUSDT"], "short": []},
          "auto_gs": true,
          "coin_flags": {},
          "empty_means_all_approved": false,
          "execution_delay_seconds": 2,
          "filter_by_min_effective_cost": true,
          "forced_mode_long": "",
          "forced_mode_short": "",
          "ignored_coins": {"long": [], "short": []},
          "leverage": 10,
          "market_orders_allowed": true,
          "max_n_cancellations_per_batch": 5,
          "max_n_creations_per_batch": 3,
          "max_n_restarts_per_day": 10,
          "mimic_backtest_1m_delay": false,
          "minimum_coin_age_days": 30,
          "ohlcvs_1m_rolling_window_days": 4,
          "ohlcvs_1m_update_after_minutes": 10,
          "pnls_max_lookback_days": 30,
          "price_distance_threshold": 0.002,
          "time_in_force": "good_till_cancelled",
          "user": "bybit_01"},
 "optimize": {"bounds": {"long_close_grid_markup_end": [0.001, 0.03],
                         "long_close_grid_markup_start": [0.001, 0.03],
                         "long_close_grid_qty_pct": [0.05, 0.4],
                         "long_close_trailing_grid_ratio": [-1, 1],
                         "long_close_trailing_qty_pct": [0.05, 0.25],
                         "long_close_trailing_retracement_pct": [0.003, 0.01],
                         "long_close_trailing_threshold_pct": [0.001, 0.005],
                         "long_ema_span_0": [100, 800],
                         "long_ema_span_1": [100, 800],
                         "long_entry_grid_double_down_factor": [0.4, 10],
                         "long_entry_grid_spacing_pct": [0.01, 0.12],
                         "long_entry_grid_spacing_weight": [0.2, 2],