{"analysis": {"adg": 0.017167829950775593,
              "adg_per_exposure_long": 0.005722609983591864,
              "adg_per_exposure_short": 0.0,
              "adg_w": 0.0054757537860580015,
              "adg_w_per_exposure_long": 0.001825251262019334,
              "adg_w_per_exposure_short": 0.0,
              "calmar_ratio": 0.09469297389638011,
              "calmar_ratio_w": 0.13671451727720124,
              "drawdown_worst": 0.1812999343495313,
              "drawdown_worst_mean_1pct": 0.17637831003548432,
              "equity_balance_diff_neg_max": 0.20313941584991407,
              "equity_balance_diff_neg_mean": 0.004741485635780313,
              "equity_balance_diff_pos_max": 0.4269179266505449,
              "equity_balance_diff_pos_mean": 0.0024637331724208286,
              "equity_choppiness": 1.217735555484513,
              "equity_choppiness_w": 1.1178832383433783,
              "equity_jerkiness": 0.028993445734653664,
              "equity_jerkiness_w": 0.00894692800453235,
              "expected_shortfall_1pct": 0.17458101558351702,
              "exponential_fit_error": 0.22234397725166274,
              "exponential_fit_error_w": 0.022549185513424674,
              "gain": 66.98479225201221,
              "gain_per_exposure_long": 22.328264084004072,
              "gain_per_exposure_short": 0.0,
              "loss_profit_ratio": 0.021999256588753933,
              "loss_profit_ratio_long": 0.021999256588753933,
              "loss_profit_ratio_short": 1.0,
              "loss_profit_ratio_w": 0.005108693292234989,
              "mdg": 0.0029661965777688943,
              "mdg_per_exposure_long": 0.0009887321925896315,
              "mdg_per_exposure_short": 0.0,
              "mdg_w": 0.0015512462235634504,
              "mdg_w_per_exposure_long": 0.0005170820745211501,
              "mdg_w_per_exposure_short": 0.0,
              "omega_ratio": 17.6375746276493,
              "omega_ratio_w": 31.29460142131989,
              "pnl_ratio_long_short": 1.0,
              "position_held_hours_max": 51.11666666666667,
              "position_held_hours_mean": 3.018563141454708,
              "position_held_hours_median": 1.1166666666666667,
              "position_unchanged_hours_max": 51.11666666666667,
              "positions_held_per_day": 3.0242914979757085,
              "sharpe_ratio": 0.1866729581087644,
              "sharpe_ratio_w": 0.23776891331741315,
              "sortino_ratio": 0.3423321915563755,
              "sortino_ratio_w": 0.43569308283915004,
              "sterling_ratio": 0.09733526728610631,
              "sterling_ratio_w": 0.13697874661617387,
              "volume_pct_per_day_avg": 2.1864322006806693,
              "volume_pct_per_day_avg_w": 0.9028437182267934},
 "backtest": {"base_dir": "backtests/pbgui/HYPE_adg_w_gain_sharpe_chop_72_dd20_dd175_twe3",
              "cache_dir": {"bybit": "caches/hlcvs_data/d58ba13826658f43"},
              "coins": {"bybit": ["HYPE"]},
              "combine_ohlcvs": false,
              "compress_cache": true,
              "end_date": "2025-09-08",
              "exchanges": ["bybit", "binance"],
              "gap_tolerance_ohlcvs_minutes": 120,
              "start_date": "2020-01-01",
              "starting_balance": 1000,
              "use_btc_collateral": false},
 "bot": {"long": {"close_grid_markup_end": 0.01338,
                  "close_grid_markup_start": 0.014076,
                  "close_grid_qty_pct": 0.15609,
                  "close_trailing_grid_ratio": -0.44919,
                  "close_trailing_qty_pct": 0.15073,
                  "close_trailing_retracement_pct": 0.0084953,
                  "close_trailing_threshold_pct": 0.003012,
                  "ema_span_0": 772.34,
                  "ema_span_1": 797.32,
                  "enforce_exposure_limit": true,
                  "entry_grid_double_down_factor": 1.4613,
                  "entry_grid_spacing_pct": 0.028114,
                  "entry_grid_spacing_weight": 0.29548,
                  "entry_initial_ema_dist": 0.014214,
                  "entry_initial_qty_pct": 0.021102,
                  "entry_trailing_double_down_factor": 0.054675,
                  "entry_trailing_grid_ratio": -0.12294,
                  "entry_trailing_retracement_pct": 0.016176,
                  "entry_trailing_threshold_pct": -0.069464,
                  "filter_noisiness_rolling_window": 60,
                  "filter_volume_drop_pct": 0,
                  "filter_volume_rolling_window": 60,
                  "n_positions": 1,
                  "total_wallet_exposure_limit": 3,
                  "unstuck_close_pct": 0.00549,
                  "unstuck_ema_dist": -0.019314,
                  "unstuck_loss_allowance_pct": 0.14025,
                  "unstuck_threshold": 0.74432},
         "short": {"close_grid_markup_end": 0.001,
                   "close_grid_markup_start": 0.001,
                   "close_grid_qty_pct": 0.05,
                   "close_trailing_grid_ratio": -1,
                   "close_trailing_qty_pct": 0.05,
                   "close_trailing_retracement_pct": 0,
                   "close_trailing_threshold_pct": -0.1,
                   "ema_span_0": 200,
                   "ema_span_1": 200,
                   "enforce_exposure_limit": true,
                   "entry_grid_double_down_factor": 0.1,
                   "entry_grid_spacing_pct": 0.01,
                   "entry_grid_spacing_weight": 0.2,
                   "entry_initial_ema_dist": -0.1,
                   "entry_initial_qty_pct": 0.025,
                   "entry_trailing_double_down_factor": 0.1,
                   "entry_trailing_grid_ratio": -1,
                   "entry_trailing_retracement_pct": 0,
                   "entry_trailing_threshold_pct": -0.1,
                   "filter_noisiness_rolling_window": 10,
                   "filter_volume_drop_pct": 0,
                   "filter_volume_rolling_window": 10,
                   "n_positions": 0,
                   "total_wallet_exposure_limit": 0,
                   "unstuck_close_pct": 0.005,
                   "unstuck_ema_dist": -0.1,
                   "unstuck_loss_allowance_pct": 0.01,
                   "unstuck_threshold": 0.7}},
 "coin_overrides": {},
 "disable_plotting": false,
 "live": {"approved_coins": {"long": ["HYPE"], "short": []},
          "auto_gs": true,
          "base_config_path": "",
          "empty_means_all_approved": false,
          "execution_delay_seconds": 2,
          "filter_by_min_effective_cost": true,
          "forced_mode_long": "",
          "forced_mode_short": "",
          "ignored_coins": {"long": [], "short": []},
          "leverage": 10,
          "market_orders_allowed": true,
          "max_n_cancellations_per_batch": 5,
          "max_n_creations_per_batch": 3,
          "max_n_restarts_per_day": 10,
          "mimic_backtest_1m_delay": false,
          "minimum_coin_age_days": 30,
          "ohlcvs_1m_rolling_window_days": 4,
          "ohlcvs_1m_update_after_minutes": 10,
          "pnls_max_lookback_days": 30,
          "price_distance_threshold": 0.002,
          "time_in_force": "good_till_cancelled",
          "user": "bybit_01"},
 "optimize": {"bounds": {"long_close_grid_markup_end": [0.001, 0.03],
                         "long_close_grid_markup_start": [0.001, 0.03],
                         "long_close_grid_qty_pct": [0.05, 0.4],
                         "long_close_trailing_grid_ratio": [-1, 1],
                         "long_close_trailing_qty_pct": [0.05, 0.25],
                         "long_close_trailing_retracement_pct": [0.003, 0.01],
                         "long_close_trailing_threshold_pct": [0.001, 0.005],
                         "long_ema_span_0": [1, 800],
                         "long_ema_span_1": [1, 800],
                         "long_entry_grid_double_down_factor": [0, 1.5],
                         "long_entry_grid_spacing_pct": [0.01, 0.12],