{
    "adg": 0.0033387668140127946,
    "adg_per_exposure_long": 0.0008390969625566209,
    "adg_per_exposure_short": 0.0,
    "adg_w": 0.004677504446190817,
    "adg_w_per_exposure_long": 0.0011755477371678353,
    "adg_w_per_exposure_short": 0.0,
    "calmar_ratio": 0.0073843590591206555,
    "calmar_ratio_w": 0.016166972623148354,
    "drawdown_worst": 0.45214036685946063,
    "drawdown_worst_mean_1pct": 0.28406321980400534,
    "equity_balance_diff_neg_max": 0.44086479444431037,
    "equity_balance_diff_neg_mean": 0.015283633016821742,
    "equity_balance_diff_pos_max": 0.2749253212145235,
    "equity_balance_diff_pos_mean": 0.004117628149077801,
    "equity_choppiness": 2.7295961867376213,
    "equity_choppiness_w": 2.3851673047596234,
    "equity_jerkiness": 0.016581039246011203,
    "equity_jerkiness_w": 0.020229100966467534,
    "expected_shortfall_1pct": 0.18565382638119385,
    "exponential_fit_error": 0.04429791927980747,
    "exponential_fit_error_w": 0.011447961829920106,
    "gain": 86.76143053344661,
    "gain_per_exposure_long": 21.804833006646547,
    "gain_per_exposure_short": 0.0,
    "loss_profit_ratio": 0.025968396589779136,
    "loss_profit_ratio_long": 0.025968396589779136,
    "loss_profit_ratio_short": 1.0,
    "loss_profit_ratio_w": 0.021411632156450523,
    "mdg": 0.0004222619210843094,
    "mdg_per_exposure_long": 0.00010612262404732582,
    "mdg_per_exposure_short": 0.0,
    "mdg_w": 0.0003486608284670456,
    "mdg_w_per_exposure_long": 8.762523962479156e-05,
    "mdg_w_per_exposure_short": 0.0,
    "omega_ratio": 2.1390893869316163,
    "omega_ratio_w": 2.4976817387812615,
    "pnl_ratio_long_short": 1.0,
    "position_held_hours_max": 985.1,
    "position_held_hours_mean": 58.09638467100506,
    "position_held_hours_median": 16.866666666666667,
    "position_unchanged_hours_max": 672.9166666666666,
    "positions_held_per_day": 0.3443646497112657,
    "sharpe_ratio": 0.05720304967722814,
    "sharpe_ratio_w": 0.07112568413939059,
    "sortino_ratio": 0.09907489009614613,
    "sortino_ratio_w": 0.14084432250827889,
    "sterling_ratio": 0.011753604765574502,
    "sterling_ratio_w": 0.018871112158066177,
    "volume_pct_per_day_avg": 0.5070359679947303,
    "volume_pct_per_day_avg_w": 0.5536099172283345
}