{"analysis": {"adg": 0.0033336980279567996,
              "adg_per_exposure_long": 0.0005468485331775204,
              "adg_per_exposure_short": 0.0,
              "adg_w": 0.005131870270346228,
              "adg_w_per_exposure_long": 0.000841814617359376,
              "adg_w_per_exposure_short": 0.0,
              "calmar_ratio": 0.004856376638423117,
              "calmar_ratio_w": 0.02673207529603902,
              "drawdown_worst": 0.686457883348863,
              "drawdown_worst_mean_1pct": 0.3301347610083796,
              "equity_balance_diff_neg_max": 0.6266826838719696,
              "equity_balance_diff_neg_mean": 0.012834203244255025,
              "equity_balance_diff_pos_max": 0.5013977278299365,
              "equity_balance_diff_pos_mean": 0.0038049521740558707,
              "equity_choppiness": 1.6560223050818847,
              "equity_choppiness_w": 1.66586197965139,
              "equity_jerkiness": 0.009499609154139815,
              "equity_jerkiness_w": 0.012912630559598733,
              "expected_shortfall_1pct": 0.22777615425037018,
              "exponential_fit_error": 0.11458436642007037,
              "exponential_fit_error_w": 0.045307341861348716,
              "gain": 127.20393756234193,
              "gain_per_exposure_long": 20.866103074430292,
              "gain_per_exposure_short": 0.0,
              "loss_profit_ratio": 0.11692161790142214,
              "loss_profit_ratio_long": 0.11692161790142214,
              "loss_profit_ratio_short": 1.0,
              "loss_profit_ratio_w": 0.11007457887068532,
              "mdg": 0.0,
              "mdg_per_exposure_long": 0.0,
              "mdg_per_exposure_short": 0.0,
              "mdg_w": 0.0,
              "mdg_w_per_exposure_long": 0.0,
              "mdg_w_per_exposure_short": 0.0,
              "omega_ratio": 4.612448528187411,
              "omega_ratio_w": 6.1940781896754915,
              "pnl_ratio_long_short": 1.0,
              "position_held_hours_max": 155.73333333333332,
              "position_held_hours_mean": 1.459516085428494,
              "position_held_hours_median": 0.21666666666666667,
              "position_unchanged_hours_max": 128.71666666666667,
              "positions_held_per_day": 1.6942017064918065,
              "sharpe_ratio": 0.037651385117473915,
              "sharpe_ratio_w": 0.07202277044564734,
              "sortino_ratio": 0.05886773990465065,
              "sortino_ratio_w": 0.16001263420163897,
              "sterling_ratio": 0.010097991552825855,
              "sterling_ratio_w": 0.0295859019791421,
              "volume_pct_per_day_avg": 2.062369204442923,
              "volume_pct_per_day_avg_w": 2.2709953158691367},
 "backtest": {"base_dir": "backtests/pbgui/DOGE_adg_sortino_100tr_TWE10",
              "cache_dir": {"bybit": "caches/hlcvs_data/dba037afe7a0387c"},
              "coins": {"bybit": ["DOGE"]},
              "combine_ohlcvs": false,
              "compress_cache": true,
              "end_date": "2025-05-28",
              "exchanges": ["bybit", "binance"],
              "gap_tolerance_ohlcvs_minutes": 120,
              "start_date": "2020-01-01",
              "starting_balance": 1000,
              "use_btc_collateral": false},
 "bot": {"long": {"close_grid_markup_end": 0.012839,
                  "close_grid_markup_start": 0.014436599999999999,
                  "close_grid_qty_pct": 0.069299,
                  "close_trailing_grid_ratio": -1,
                  "close_trailing_qty_pct": 0.21215,
                  "close_trailing_retracement_pct": 0.0073914,
                  "close_trailing_threshold_pct": 0.0032252,
                  "ema_span_0": 128.7,
                  "ema_span_1": 109.71,
                  "enforce_exposure_limit": true,
                  "entry_grid_double_down_factor": 3.5085,
                  "entry_grid_spacing_pct": 0.036125,
                  "entry_grid_spacing_weight": 1.836,
                  "entry_initial_ema_dist": 0.021742,
                  "entry_initial_qty_pct": 0.035326,
                  "entry_trailing_double_down_factor": 9.9961,
                  "entry_trailing_grid_ratio": -1,
                  "entry_trailing_retracement_pct": 0.031486,
                  "entry_trailing_threshold_pct": 0.083954,
                  "filter_noisiness_rolling_window": 60,
                  "filter_volume_drop_pct": 0,
                  "filter_volume_rolling_window": 60,
                  "n_positions": 1,
                  "total_wallet_exposure_limit": 6.0962,
                  "unstuck_close_pct": 0.0050545,
                  "unstuck_ema_dist": -0.020136,
                  "unstuck_loss_allowance_pct": 0.2386,
                  "unstuck_threshold": 0.55473},
         "short": {"close_grid_markup_end": 0.013899,
                   "close_grid_markup_start": 0.042165,
                   "close_grid_qty_pct": 0.1,
                   "close_trailing_grid_ratio": -1,
                   "close_trailing_qty_pct": 0.1,
                   "close_trailing_retracement_pct": 0.003,
                   "close_trailing_threshold_pct": -0.001,
                   "ema_span_0": 200,
                   "ema_span_1": 200,
                   "enforce_exposure_limit": true,
                   "entry_grid_double_down_factor": 0.6,
                   "entry_grid_spacing_pct": 0.01,
                   "entry_grid_spacing_weight": 0.2,
                   "entry_initial_ema_dist": -0.001,
                   "entry_initial_qty_pct": 0.025,
                   "entry_trailing_double_down_factor": 0.1,
                   "entry_trailing_grid_ratio": -1,
                   "entry_trailing_retracement_pct": 0,
                   "entry_trailing_threshold_pct": -0.1,
                   "filter_noisiness_rolling_window": 60,
                   "filter_volume_drop_pct": 0.53,
                   "filter_volume_rolling_window": 60,
                   "n_positions": 0,
                   "total_wallet_exposure_limit": 0,
                   "unstuck_close_pct": 0.005,
                   "unstuck_ema_dist": -0.1,
                   "unstuck_loss_allowance_pct": 0.01,
                   "unstuck_threshold": 0.55}},
 "disable_plotting": false,
 "live": {"approved_coins": {"long": ["DOGEUSDT"], "short": []},
          "auto_gs": true,
          "coin_flags": {},
          "empty_means_all_approved": false,
          "execution_delay_seconds": 2,
          "filter_by_min_effective_cost": true,
          "forced_mode_long": "",
          "forced_mode_short": "",
          "ignored_coins": {"long": [], "short": []},
          "leverage": 10,
          "market_orders_allowed": true,
          "max_n_cancellations_per_batch": 5,
          "max_n_creations_per_batch": 3,
          "max_n_restarts_per_day": 10,
          "mimic_backtest_1m_delay": false,
          "minimum_coin_age_days": 30,
          "ohlcvs_1m_rolling_window_days": 4,
          "ohlcvs_1m_update_after_minutes": 10,
          "pnls_max_lookback_days": 30,
          "price_distance_threshold": 0.002,
          "time_in_force": "good_till_cancelled",
          "user": "bybit_01"},
 "optimize": {"bounds": {"long_close_grid_markup_end": [0.001, 0.03],
                         "long_close_grid_markup_start": [0.001, 0.03],
                         "long_close_grid_qty_pct": [0, 0.4],
                         "long_close_trailing_grid_ratio": [-1, -1],
                         "long_close_trailing_qty_pct": [0.1, 0.25],
                         "long_close_trailing_retracement_pct": [0.003, 0.01],
                         "long_close_trailing_threshold_pct": [0.001, 0.005],
                         "long_ema_span_0": [100, 800],
                         "long_ema_span_1": [100, 800],
                         "long_entry_grid_double_down_factor": [0.5, 10],
                         "long_entry_grid_spacing_pct": [0.01, 0.12],
                         "long_entry_grid_spacing_weight": [0.2, 2],