{
    "adg": 0.028735321328545282,
    "adg_per_exposure_long": 0.0047892202214242134,
    "adg_per_exposure_short": 0.0,
    "adg_w": 0.005797206425007873,
    "adg_w_per_exposure_long": 0.0009662010708346454,
    "adg_w_per_exposure_short": 0.0,
    "calmar_ratio": 0.06422770733426453,
    "calmar_ratio_w": 0.012963859509029655,
    "drawdown_worst": 0.44739758775751,
    "drawdown_worst_mean_1pct": 0.4317001819326408,
    "equity_balance_diff_neg_max": 0.4157293922211287,
    "equity_balance_diff_neg_mean": 0.011281056371787793,
    "equity_balance_diff_pos_max": 0.787527741109018,
    "equity_balance_diff_pos_mean": 0.004340076926161538,
    "equity_choppiness": 1.7902591956026048,
    "equity_choppiness_w": 9.825187747825826,
    "equity_jerkiness": 0.051718983920652876,
    "equity_jerkiness_w": 0.02681709218727122,
    "expected_shortfall_1pct": 0.3694732098003509,
    "exponential_fit_error": 0.7683418570942196,
    "exponential_fit_error_w": 0.0815486702333602,
    "gain": 2098.8717187913326,
    "gain_per_exposure_long": 349.81195313188874,
    "gain_per_exposure_short": 0.0,
    "loss_profit_ratio": 0.20338029999831728,
    "loss_profit_ratio_long": 0.20338029999831728,
    "loss_profit_ratio_short": 1.0,
    "loss_profit_ratio_w": 0.5913923343217824,
    "mdg": 0.005214647790908049,
    "mdg_per_exposure_long": 0.0008691079651513416,
    "mdg_per_exposure_short": 0.0,
    "mdg_w": 0.002527096233926259,
    "mdg_w_per_exposure_long": 0.0004211827056543765,
    "mdg_w_per_exposure_short": 0.0,
    "omega_ratio": 11.856851281913729,
    "omega_ratio_w": 3.097918157439431,
    "pnl_ratio_long_short": 1.0,
    "position_held_hours_max": 66.11666666666666,
    "position_held_hours_mean": 3.2210312366281557,
    "position_held_hours_median": 1.15,
    "position_unchanged_hours_max": 51.11666666666667,
    "positions_held_per_day": 2.8851926059480606,
    "sharpe_ratio": 0.14985365588960284,
    "sharpe_ratio_w": 0.053465398590108945,
    "sortino_ratio": 0.2744372099006538,
    "sortino_ratio_w": 0.06437930115540055,
    "sterling_ratio": 0.06656314389283469,
    "sterling_ratio_w": 0.01319740316488667,
    "volume_pct_per_day_avg": 4.254032833205147,
    "volume_pct_per_day_avg_w": 2.5155282574473503
}