{
    "adg": 0.020181006384949907,
    "adg_per_exposure_long": 0.004036685679271494,
    "adg_per_exposure_short": 0.0,
    "adg_w": 0.008543408047592705,
    "adg_w_per_exposure_long": 0.0017088866759196514,
    "adg_w_per_exposure_short": 0.0,
    "calmar_ratio": 0.07837605986034464,
    "calmar_ratio_w": 0.09527782064596038,
    "drawdown_worst": 0.2574894224194184,
    "drawdown_worst_mean_1pct": 0.2557211585230651,
    "equity_balance_diff_neg_max": 0.3046533039242562,
    "equity_balance_diff_neg_mean": 0.01031829125060392,
    "equity_balance_diff_pos_max": 0.2183801629059827,
    "equity_balance_diff_pos_mean": 0.0014016053901441065,
    "equity_choppiness": 1.3662103745347975,
    "equity_choppiness_w": 1.5594714392774054,
    "equity_jerkiness": 0.03304500781355884,
    "equity_jerkiness_w": 0.014824485760032157,
    "expected_shortfall_1pct": 0.25239737849975175,
    "exponential_fit_error": 0.2517644876956571,
    "exponential_fit_error_w": 0.02611758686838863,
    "gain": 253.2758106396463,
    "gain_per_exposure_long": 50.66124147690649,
    "gain_per_exposure_short": 0.0,
    "loss_profit_ratio": 1.239357397468914e-06,
    "loss_profit_ratio_long": 1.239357397468914e-06,
    "loss_profit_ratio_short": 1.0,
    "loss_profit_ratio_w": 1.239357397468914e-07,
    "mdg": 0.008904166086214582,
    "mdg_per_exposure_long": 0.0017810469428760616,
    "mdg_per_exposure_short": 0.0,
    "mdg_w": 0.005019847206321466,
    "mdg_w_per_exposure_long": 0.00100408993205614,
    "mdg_w_per_exposure_short": 0.0,
    "omega_ratio": 8.722362951648378,
    "omega_ratio_w": 6.020189731452016,
    "pnl_ratio_long_short": 1.0,
    "position_held_hours_max": 32.8,
    "position_held_hours_mean": 1.4955911169170477,
    "position_held_hours_median": 0.31666666666666665,
    "position_unchanged_hours_max": 22.283333333333335,
    "positions_held_per_day": 5.527089668796803,
    "sharpe_ratio": 0.19635624737043098,
    "sharpe_ratio_w": 0.2503526676357638,
    "sortino_ratio": 0.3026954978467232,
    "sortino_ratio_w": 0.32481025453050155,
    "sterling_ratio": 0.07891801562884619,
    "sterling_ratio_w": 0.09533201622281054,
    "volume_pct_per_day_avg": 5.4888351379476825,
    "volume_pct_per_day_avg_w": 2.985786506474292
}