{
    "adg": 0.002477727321946732,
    "adg_w": 0.0011466388559496332,
    "calmar_ratio": 0.009364641879967562,
    "calmar_ratio_w": 0.019105905238094252,
    "drawdown_worst": 0.2645832434069881,
    "drawdown_worst_mean_1pct": 0.08496908745962195,
    "equity_balance_diff_neg_max": 0.2232407375395511,
    "equity_balance_diff_neg_mean": 0.001063984849926348,
    "equity_balance_diff_pos_max": 0.32957787762682816,
    "equity_balance_diff_pos_mean": 0.002893988257667511,
    "equity_choppiness": 1.093321079839541,
    "equity_choppiness_w": 1.0493025118016894,
    "equity_jerkiness": 0.004673691532218059,
    "equity_jerkiness_w": 0.0022569584104837116,
    "expected_shortfall_1pct": 0.07202648300563702,
    "exponential_fit_error": 0.41614581988696914,
    "exponential_fit_error_w": 0.04309613413987136,
    "gain": 100.51398049884826,
    "loss_profit_ratio": 0.03818344173394771,
    "loss_profit_ratio_long": 0.03818344173394771,
    "loss_profit_ratio_short": 1.0,
    "loss_profit_ratio_w": 0.020707619814440047,
    "mdg": 0.0,
    "mdg_w": 0.0,
    "omega_ratio": 43.083150953815895,
    "omega_ratio_w": 59.20590532980359,
    "pnl_ratio_long_short": 1.0,
    "position_held_hours_max": 75.81666666666666,
    "position_held_hours_mean": 1.4697072072072073,
    "position_held_hours_median": 0.38333333333333336,
    "position_unchanged_hours_max": 72.2,
    "positions_held_per_day": 1.112448379692806,
    "sharpe_ratio": 0.07537652410990905,
    "sharpe_ratio_w": 0.07171921659404808,
    "sortino_ratio": 0.12814141479366759,
    "sortino_ratio_w": 0.10671531026321268,
    "sterling_ratio": 0.029160338142082198,
    "sterling_ratio_w": 0.027953398705000965
}