{"analysis": {"adg": 0.0018094628567071336,
              "adg_per_exposure_long": 0.00021819422116595326,
              "adg_per_exposure_short": 0.0,
              "adg_w": 0.0005993503629085461,
              "adg_w_per_exposure_long": 7.22727107415435e-05,
              "adg_w_per_exposure_short": 0.0,
              "calmar_ratio": 0.004561308256034642,
              "calmar_ratio_w": 0.004459830722455952,
              "drawdown_worst": 0.3966982179538517,
              "drawdown_worst_mean_1pct": 0.24601739864902208,
              "equity_balance_diff_neg_max": 0.39625686131005,
              "equity_balance_diff_neg_mean": 0.06012952396080539,
              "equity_balance_diff_pos_max": 0.29611563784562284,
              "equity_balance_diff_pos_mean": 0.0018359194929718561,
              "equity_choppiness": 4.226698089218735,
              "equity_choppiness_w": 4.991881094826521,
              "equity_jerkiness": 0.011844287929838094,
              "equity_jerkiness_w": 0.003732720072531831,
              "expected_shortfall_1pct": 0.11858187471695188,
              "exponential_fit_error": 0.12493894382532658,
              "exponential_fit_error_w": 0.013348868837525618,
              "flat_btc_balance_hours": 0.0,
              "gain": 46.854987228188314,
              "gain_per_exposure_long": 5.650012327194144,
              "gain_per_exposure_short": 0.0,
              "loss_profit_ratio": 0.016693358388840465,
              "loss_profit_ratio_long": 0.016693358388840465,
              "loss_profit_ratio_short": 1.0,
              "loss_profit_ratio_w": 0.01625013511601536,
              "mdg": 0.0,
              "mdg_per_exposure_long": 0.0,
              "mdg_per_exposure_short": 0.0,
              "mdg_w": 0.0,
              "mdg_w_per_exposure_long": 0.0,
              "mdg_w_per_exposure_short": 0.0,
              "omega_ratio": 1.716432027490475,
              "omega_ratio_w": 1.8852661288149086,
              "pnl_ratio_long_short": 1.0,
              "position_held_hours_max": 1291.3,
              "position_held_hours_mean": 7.695256718812676,
              "position_held_hours_median": 0.08333333333333333,
              "position_unchanged_hours_max": 1291.3,
              "positions_held_per_day": 0.7810150375939849,
              "sharpe_ratio": 0.05435848527127018,
              "sharpe_ratio_w": 0.047289972034853245,
              "sortino_ratio": 0.053068069521009835,
              "sortino_ratio_w": 0.024492086005130795,
              "sterling_ratio": 0.007355019875194206,
              "sterling_ratio_w": 0.005170979251111195,
              "volume_pct_per_day_avg": 3.577290688471313,
              "volume_pct_per_day_avg_w": 2.2969528261117533},
 "backtest": {"base_dir": "backtests/pbgui/btc_adg_w_gain_sharpe_100_dd5_TWE2-10_tr",
              "cache_dir": {"binance": "caches/hlcvs_data/6baca2cfc2c6fb70"},
              "coins": {"binance": ["BTC"]},
              "combine_ohlcvs": false,
              "compress_cache": true,
              "end_date": "2025-10-29",
              "exchanges": ["bybit", "binance"],
              "gap_tolerance_ohlcvs_minutes": 120,
              "max_warmup_minutes": 0,
              "start_date": "2020-01-01",
              "starting_balance": 1000,
              "use_btc_collateral": false},
 "bot": {"long": {"close_grid_markup_end": 0.022626,
                  "close_grid_markup_start": 0.023807,
                  "close_grid_qty_pct": 0.35147,
                  "close_trailing_grid_ratio": -1,
                  "close_trailing_qty_pct": 0.14309,
                  "close_trailing_retracement_pct": 0.003,
                  "close_trailing_threshold_pct": 0.0026946,
                  "ema_span_0": 13.594,
                  "ema_span_1": 8.7982,
                  "enforce_exposure_limit": true,
                  "entry_grid_double_down_factor": 0.34382,
                  "entry_grid_spacing_log_span_hours": 275.92,
                  "entry_grid_spacing_log_weight": 353.69,
                  "entry_grid_spacing_pct": 0.10319,
                  "entry_grid_spacing_we_weight": 5.7478,
                  "entry_initial_ema_dist": 0.0095996,
                  "entry_initial_qty_pct": 0.089436,
                  "entry_trailing_double_down_factor": 1.3619,
                  "entry_trailing_grid_ratio": -1,
                  "entry_trailing_retracement_pct": 0.13155,
                  "entry_trailing_threshold_pct": -0.061636,
                  "filter_log_range_ema_span": 60,
                  "filter_volume_drop_pct": 0,
                  "filter_volume_ema_span": 135.72,
                  "n_positions": 1,
                  "total_wallet_exposure_limit": 8.2929,
                  "unstuck_close_pct": 0.014553,
                  "unstuck_ema_dist": -0.066632,
                  "unstuck_loss_allowance_pct": 0.085727,
                  "unstuck_threshold": 0.62204},
         "short": {"close_grid_markup_end": 0.001,
                   "close_grid_markup_start": 0.001,
                   "close_grid_qty_pct": 0.1,
                   "close_trailing_grid_ratio": -1,
                   "close_trailing_qty_pct": 0.1,
                   "close_trailing_retracement_pct": 0.003,
                   "close_trailing_threshold_pct": -0.001,
                   "ema_span_0": 200,
                   "ema_span_1": 200,
                   "enforce_exposure_limit": true,
                   "entry_grid_double_down_factor": 0.6,
                   "entry_grid_spacing_log_span_hours": 24,
                   "entry_grid_spacing_log_weight": 0,
                   "entry_grid_spacing_pct": 0.01,
                   "entry_grid_spacing_we_weight": 0,
                   "entry_initial_ema_dist": -0.001,
                   "entry_initial_qty_pct": 0.025,
                   "entry_trailing_double_down_factor": 0.1,
                   "entry_trailing_grid_ratio": -1,
                   "entry_trailing_retracement_pct": 0,
                   "entry_trailing_threshold_pct": -0.1,
                   "filter_log_range_ema_span": 60,
                   "filter_volume_drop_pct": 0.53,
                   "filter_volume_ema_span": 10,
                   "n_positions": 0,
                   "total_wallet_exposure_limit": 0,
                   "unstuck_close_pct": 0.005,
                   "unstuck_ema_dist": -0.1,
                   "unstuck_loss_allowance_pct": 0.01,
                   "unstuck_threshold": 0.55}},
 "coin_overrides": {},
 "disable_plotting": false,
 "live": {"approved_coins": {"long": ["BTC"], "short": []},
          "auto_gs": true,
          "base_config_path": "/home/mani/software/pb7/optimize_results/2025-10-30T21_23_15_bybit_binance_2128days_BTC_6d40111e/pareto/000.9538_04f41ab9048364448ff32b13aabcfa2319ff4b38d3f4b8eab5764550baca0328.json",
          "empty_means_all_approved": false,
          "execution_delay_seconds": 2,
          "filter_by_min_effective_cost": true,
          "forced_mode_long": "",
          "forced_mode_short": "",
          "ignored_coins": {"long": [], "short": []},
          "inactive_coin_candle_ttl_minutes": 10,
          "leverage": 10,
          "market_orders_allowed": true,
          "max_disk_candles_per_symbol_per_tf": 2000000,
          "max_memory_candles_per_symbol": 20000,
          "max_n_cancellations_per_batch": 5,
          "max_n_creations_per_batch": 3,
          "max_n_restarts_per_day": 10,
          "minimum_coin_age_days": 30,
          "pnls_max_lookback_days": 30,
          "price_distance_threshold": 0.002,
          "time_in_force": "good_till_cancelled",
          "user": "bybit_01",
          "warmup_ratio": 0.2},
 "optimize": {"bounds": {"long_close_grid_markup_end": [0.001, 0.03],
                         "long_close_grid_markup_start": [0.001, 0.03],
                         "long_close_grid_qty_pct": [0.05, 0.4],
                         "long_close_trailing_grid_ratio": [-1, -1],