{
    "adg": 0.006053230456820824,
    "adg_w": 0.004008209076828817,
    "calmar_ratio": 0.009611217464543895,
    "calmar_ratio_w": 0.01431045858840666,
    "drawdown_worst": 0.6298089164199432,
    "drawdown_worst_mean_1pct": 0.23977983643579073,
    "equity_balance_diff_neg_max": 0.6530066273912549,
    "equity_balance_diff_neg_mean": 0.002639886437430925,
    "equity_balance_diff_pos_max": 0.0633436974569657,
    "equity_balance_diff_pos_mean": 6.056678335803772e-05,
    "equity_choppiness": 1.7588123340432305,
    "equity_choppiness_w": 1.9144071635645967,
    "equity_jerkiness": 0.010126199068715489,
    "equity_jerkiness_w": 0.008390302010321147,
    "expected_shortfall_1pct": 0.22068986605890528,
    "exponential_fit_error": 0.8380859867538244,
    "exponential_fit_error_w": 0.10706448420213284,
    "gain": 107706.78419660458,
    "loss_profit_ratio": 0.4342670617356751,
    "loss_profit_ratio_long": 0.4342670617356751,
    "loss_profit_ratio_short": 1.0,
    "loss_profit_ratio_w": 0.46704019739810543,
    "mdg": 0.0018828705659276435,
    "mdg_w": 0.0013058852072059981,
    "omega_ratio": 6.679330300538363,
    "omega_ratio_w": 4.372100478291174,
    "pnl_ratio_long_short": 1.0,
    "position_held_hours_max": 882.2166666666667,
    "position_held_hours_mean": 7.886448430493274,
    "position_held_hours_median": 0.3,
    "position_unchanged_hours_max": 626.15,
    "positions_held_per_day": 5.807291666666667,
    "sharpe_ratio": 0.09092489848587773,
    "sharpe_ratio_w": 0.09985179380674224,
    "sortino_ratio": 0.11560372353917377,
    "sortino_ratio_w": 0.10631581701896957,
    "sterling_ratio": 0.025244951980946836,
    "sterling_ratio_w": 0.01988114476790647
}