{
    "adg": 0.004001192126925401,
    "adg_per_exposure_long": 0.0004034354521088751,
    "adg_per_exposure_short": 0.0,
    "adg_w": 0.004618375723455958,
    "adg_w_per_exposure_long": 0.00046566534145233405,
    "adg_w_per_exposure_short": 0.0,
    "calmar_ratio": 0.00956031233366046,
    "calmar_ratio_w": 0.011035778176366761,
    "drawdown_worst": 0.41852106785651655,
    "drawdown_worst_mean_1pct": 0.2517212012424929,
    "equity_balance_diff_neg_max": 0.43608944379049674,
    "equity_balance_diff_neg_mean": 0.006447218082463745,
    "equity_balance_diff_pos_max": 0.4914930062544467,
    "equity_balance_diff_pos_mean": 0.002413888638142905,
    "equity_choppiness": 1.666965773367588,
    "equity_choppiness_w": 1.9322614017252757,
    "equity_jerkiness": 0.0077576906959036926,
    "equity_jerkiness_w": 0.01253612478459693,
    "expected_shortfall_1pct": 0.2426923459933684,
    "exponential_fit_error": 0.1263644064754454,
    "exponential_fit_error_w": 0.03394954467886052,
    "gain": 873.477057354712,
    "gain_per_exposure_long": 88.07165473741273,
    "gain_per_exposure_short": 0.0,
    "loss_profit_ratio": 0.00973443561968921,
    "loss_profit_ratio_long": 0.00973443561968921,
    "loss_profit_ratio_short": 1.0,
    "loss_profit_ratio_w": 0.011925531809513673,
    "mdg": 0.00039573856934850587,
    "mdg_per_exposure_long": 3.9901850143026265e-05,
    "mdg_per_exposure_short": 0.0,
    "mdg_w": 0.00036808653989996284,
    "mdg_w_per_exposure_long": 3.711372884106988e-05,
    "mdg_w_per_exposure_short": 0.0,
    "omega_ratio": 10.44262049898825,
    "omega_ratio_w": 5.492289911459946,
    "pnl_ratio_long_short": 1.0,
    "position_held_hours_max": 372.51666666666665,
    "position_held_hours_mean": 1.1866953669536695,
    "position_held_hours_median": 0.16666666666666666,
    "position_unchanged_hours_max": 280.93333333333334,
    "positions_held_per_day": 9.110023422484028,
    "sharpe_ratio": 0.05413072342106922,
    "sharpe_ratio_w": 0.05291357078671362,
    "sortino_ratio": 0.08544116285803986,
    "sortino_ratio_w": 0.08263190206006224,
    "sterling_ratio": 0.015895332245260088,
    "sterling_ratio_w": 0.015402065531004825,
    "volume_pct_per_day_avg": 0.870201736207642,
    "volume_pct_per_day_avg_w": 1.075920387852314
}