{
    "adg": 0.0033064660683044256,
    "adg_per_exposure_long": 0.0011100738831345013,
    "adg_per_exposure_short": 0.0,
    "adg_w": 0.002306025955954971,
    "adg_w_per_exposure_long": 0.0007741979305562919,
    "adg_w_per_exposure_short": 0.0,
    "calmar_ratio": 0.005956537856533613,
    "calmar_ratio_w": 0.007604277805107808,
    "drawdown_worst": 0.5550986408451389,
    "drawdown_worst_mean_1pct": 0.2101338762996099,
    "equity_balance_diff_neg_max": 0.5641904555273851,
    "equity_balance_diff_neg_mean": 0.006676172689203244,
    "equity_balance_diff_pos_max": 0.4209271301529446,
    "equity_balance_diff_pos_mean": 0.0019532535187938866,
    "equity_choppiness": 2.781366644233812,
    "equity_choppiness_w": 3.249466130392129,
    "equity_jerkiness": 0.011636420198308085,
    "equity_jerkiness_w": 0.013146511249159488,
    "expected_shortfall_1pct": 0.15854692786326516,
    "exponential_fit_error": 0.3069615934094668,
    "exponential_fit_error_w": 0.034708815460646934,
    "gain": 620.4039811405652,
    "gain_per_exposure_long": 208.28710842025285,
    "gain_per_exposure_short": 0.0,
    "loss_profit_ratio": 0.07491255474333738,
    "loss_profit_ratio_long": 0.07491255474333738,
    "loss_profit_ratio_short": 1.0,
    "loss_profit_ratio_w": 0.08679069872977134,
    "mdg": 0.000275998835363728,
    "mdg_per_exposure_long": 9.266059066800779e-05,
    "mdg_per_exposure_short": 0.0,
    "mdg_w": 0.00013019848365890786,
    "mdg_w_per_exposure_long": 4.371130183942384e-05,
    "mdg_w_per_exposure_short": 0.0,
    "omega_ratio": 3.128785595385277,
    "omega_ratio_w": 2.1189378709267226,
    "pnl_ratio_long_short": 1.0,
    "position_held_hours_max": 823.35,
    "position_held_hours_mean": 7.557393820820087,
    "position_held_hours_median": 1.4166666666666667,
    "position_unchanged_hours_max": 438.8666666666667,
    "positions_held_per_day": 2.099075975359343,
    "sharpe_ratio": 0.041149721083541806,
    "sharpe_ratio_w": 0.04804485015904546,
    "sortino_ratio": 0.11011171459511794,
    "sortino_ratio_w": 0.06743457700552016,
    "sterling_ratio": 0.01573504532696123,
    "sterling_ratio_w": 0.009596620044929248,
    "volume_pct_per_day_avg": 0.9633613823491062,
    "volume_pct_per_day_avg_w": 0.7970104268726257
}