{"analysis": {"adg": 0.0033770695657395766,
              "adg_per_exposure_long": 0.0008698183041183714,
              "adg_per_exposure_short": 0.0,
              "adg_w": 0.0013305095382620813,
              "adg_w_per_exposure_long": 0.00034269402144548135,
              "adg_w_per_exposure_short": 0.0,
              "calmar_ratio": 0.013566916122904605,
              "calmar_ratio_w": 0.009272157839082676,
              "drawdown_worst": 0.2489194696234743,
              "drawdown_worst_mean_1pct": 0.14804762536865973,
              "equity_balance_diff_neg_max": 0.3935358026618578,
              "equity_balance_diff_neg_mean": 0.007914034773707028,
              "equity_balance_diff_pos_max": 0.5225952199873788,
              "equity_balance_diff_pos_mean": 0.0031899217828108345,
              "equity_choppiness": 1.4089182282880965,
              "equity_choppiness_w": 1.6528999205297759,
              "equity_jerkiness": 0.007044441503706367,
              "equity_jerkiness_w": 0.003339023314638757,
              "expected_shortfall_1pct": 0.13133185967687316,
              "exponential_fit_error": 0.1907282285739081,
              "exponential_fit_error_w": 0.022972306506711074,
              "gain": 223.116406023225,
              "gain_per_exposure_long": 57.46720052111398,
              "gain_per_exposure_short": 0.0,
              "loss_profit_ratio": 0.16925291864505757,
              "loss_profit_ratio_long": 0.16925291864505757,
              "loss_profit_ratio_short": 1.0,
              "loss_profit_ratio_w": 0.22088033566841525,
              "mdg": 0.0,
              "mdg_per_exposure_long": 0.0,
              "mdg_per_exposure_short": 0.0,
              "mdg_w": 0.0,
              "mdg_w_per_exposure_long": 0.0,
              "mdg_w_per_exposure_short": 0.0,
              "omega_ratio": 14.66567333204251,
              "omega_ratio_w": 6.1598717870648825,
              "pnl_ratio_long_short": 1.0,
              "position_held_hours_max": 73.65,
              "position_held_hours_mean": 0.7773117839607201,
              "position_held_hours_median": 0.18333333333333332,
              "position_unchanged_hours_max": 42.166666666666664,
              "positions_held_per_day": 1.5236907730673317,
              "sharpe_ratio": 0.04693471159602857,
              "sharpe_ratio_w": 0.05741123596759281,
              "sortino_ratio": 0.11111502254209486,
              "sortino_ratio_w": 0.06390878320077799,
              "sterling_ratio": 0.02281069728291954,
              "sterling_ratio_w": 0.012578651311730027,
              "volume_pct_per_day_avg": 1.362589450014089,
              "volume_pct_per_day_avg_w": 0.9167170518027772},
 "backtest": {"base_dir": "backtests/pbgui/HBAR_adg_w_sharpe_drawdown_gain_eema150_72_twe5",
              "cache_dir": {"binance": "caches/hlcvs_data/09856d72b004f968"},
              "coins": {"binance": ["HBAR"]},
              "combine_ohlcvs": false,
              "compress_cache": true,
              "end_date": "2025-08-31",
              "exchanges": ["binance", "bybit"],
              "gap_tolerance_ohlcvs_minutes": 120,
              "start_date": "2020-01-01",
              "starting_balance": 1000,
              "use_btc_collateral": false},
 "bot": {"long": {"close_grid_markup_end": 0.029566,
                  "close_grid_markup_start": 0.022683,
                  "close_grid_qty_pct": 0.29177,
                  "close_trailing_grid_ratio": 0.46349,
                  "close_trailing_qty_pct": 0.089841,
                  "close_trailing_retracement_pct": 0.0086769,
                  "close_trailing_threshold_pct": 0.002426,
                  "ema_span_0": 695.89,
                  "ema_span_1": 26.199,
                  "enforce_exposure_limit": true,
                  "entry_grid_double_down_factor": 1.3352,
                  "entry_grid_spacing_pct": 0.039273,
                  "entry_grid_spacing_weight": 0.93776,
                  "entry_initial_ema_dist": 0.014968,
                  "entry_initial_qty_pct": 0.029067,
                  "entry_trailing_double_down_factor": 1.5901,
                  "entry_trailing_grid_ratio": -0.88486,
                  "entry_trailing_retracement_pct": 0.034083,
                  "entry_trailing_threshold_pct": -0.062408,
                  "filter_noisiness_rolling_window": 60,
                  "filter_volume_drop_pct": 0,
                  "filter_volume_rolling_window": 60,
                  "n_positions": 1,
                  "total_wallet_exposure_limit": 3.8825,
                  "unstuck_close_pct": 0.044261,
                  "unstuck_ema_dist": -0.052819,
                  "unstuck_loss_allowance_pct": 0.11214,
                  "unstuck_threshold": 0.58354},
         "short": {"close_grid_markup_end": 0.001,
                   "close_grid_markup_start": 0.001,
                   "close_grid_qty_pct": 0.1,
                   "close_trailing_grid_ratio": -1,
                   "close_trailing_qty_pct": 0.1,
                   "close_trailing_retracement_pct": 0.003,
                   "close_trailing_threshold_pct": -0.001,
                   "ema_span_0": 200,
                   "ema_span_1": 200,
                   "enforce_exposure_limit": true,
                   "entry_grid_double_down_factor": 0.6,
                   "entry_grid_spacing_pct": 0.01,
                   "entry_grid_spacing_weight": 0.2,
                   "entry_initial_ema_dist": -0.001,
                   "entry_initial_qty_pct": 0.025,
                   "entry_trailing_double_down_factor": 0.1,
                   "entry_trailing_grid_ratio": -1,
                   "entry_trailing_retracement_pct": 0,
                   "entry_trailing_threshold_pct": -0.1,
                   "filter_noisiness_rolling_window": 60,
                   "filter_volume_drop_pct": 0.53,
                   "filter_volume_rolling_window": 60,
                   "n_positions": 0,
                   "total_wallet_exposure_limit": 0,
                   "unstuck_close_pct": 0.005,
                   "unstuck_ema_dist": -0.1,
                   "unstuck_loss_allowance_pct": 0.01,
                   "unstuck_threshold": 0.55}},
 "coin_overrides": {},
 "disable_plotting": false,
 "live": {"approved_coins": {"long": ["HBAR"], "short": []},
          "auto_gs": true,
          "base_config_path": "",
          "empty_means_all_approved": false,
          "execution_delay_seconds": 2,
          "filter_by_min_effective_cost": true,
          "forced_mode_long": "",
          "forced_mode_short": "",
          "ignored_coins": {"long": [], "short": []},
          "leverage": 10,
          "market_orders_allowed": true,
          "max_n_cancellations_per_batch": 5,
          "max_n_creations_per_batch": 3,
          "max_n_restarts_per_day": 10,
          "mimic_backtest_1m_delay": false,
          "minimum_coin_age_days": 30,
          "ohlcvs_1m_rolling_window_days": 4,
          "ohlcvs_1m_update_after_minutes": 10,
          "pnls_max_lookback_days": 30,
          "price_distance_threshold": 0.002,
          "time_in_force": "good_till_cancelled",
          "user": "bybit_01"},
 "optimize": {"bounds": {"long_close_grid_markup_end": [0.001, 0.03],
                         "long_close_grid_markup_start": [0.001, 0.03],
                         "long_close_grid_qty_pct": [0.05, 0.4],
                         "long_close_trailing_grid_ratio": [-1, 1],
                         "long_close_trailing_qty_pct": [0.05, 0.25],
                         "long_close_trailing_retracement_pct": [0.003, 0.01],
                         "long_close_trailing_threshold_pct": [0.001, 0.005],
                         "long_ema_span_0": [1, 800],
                         "long_ema_span_1": [1, 800],
                         "long_entry_grid_double_down_factor": [0.4, 1.6],
                         "long_entry_grid_spacing_pct": [0.01, 0.12],
                         "long_entry_grid_spacing_weight": [0.2, 2],