{
    "adg_btc": 0.0025478109109717817,
    "adg_per_exposure_long_btc": 0.0011077438743355573,
    "adg_per_exposure_long_usd": 0.0012629376484803471,
    "adg_per_exposure_short_btc": 0.0,
    "adg_per_exposure_short_usd": 0.0,
    "adg_pnl": 0.0032321308601091963,
    "adg_pnl_w": 0.0014097305117783934,
    "adg_strategy_eq": 0.002904756591504798,
    "adg_strategy_eq_w": 0.0013124149857826728,
    "adg_usd": 0.002904756591504798,
    "adg_w_btc": 0.0024159360283684704,
    "adg_w_per_exposure_long_btc": 0.0010504069688558567,
    "adg_w_per_exposure_long_usd": 0.0005706152112098578,
    "adg_w_per_exposure_short_btc": 0.0,
    "adg_w_per_exposure_short_usd": 0.0,
    "adg_w_usd": 0.0013124149857826728,
    "backtest_completion_ratio": 1.0,
    "calmar_ratio_btc": 0.0026450045347804632,
    "calmar_ratio_strategy_eq": 0.003040084411066996,
    "calmar_ratio_strategy_eq_w": 0.0018676375208104916,
    "calmar_ratio_usd": 0.003040084411066998,
    "calmar_ratio_w_btc": 0.005541066695905835,
    "calmar_ratio_w_usd": 0.0029328837466325646,
    "drawdown_worst_btc": 0.9632538914279221,
    "drawdown_worst_ema_strategy_eq": 0.0,
    "drawdown_worst_ema_strategy_eq_long": 0.0,
    "drawdown_worst_ema_strategy_eq_short": 0.0,
    "drawdown_worst_mean_1pct_btc": 0.4939043344472842,
    "drawdown_worst_mean_1pct_ema_strategy_eq": 0.0,
    "drawdown_worst_mean_1pct_ema_strategy_eq_long": 0.0,
    "drawdown_worst_mean_1pct_ema_strategy_eq_short": 0.0,
    "drawdown_worst_mean_1pct_strategy_eq": 0.40135498452171214,
    "drawdown_worst_mean_1pct_strategy_eq_long": 0.0,
    "drawdown_worst_mean_1pct_strategy_eq_short": 0.0,
    "drawdown_worst_mean_1pct_usd": 0.401354984521713,
    "drawdown_worst_strategy_eq": 0.9554855059058373,
    "drawdown_worst_strategy_eq_long": 0.0,
    "drawdown_worst_strategy_eq_short": 0.0,
    "drawdown_worst_usd": 0.9554855059058367,
    "entry_initial_balance_pct_long": 0.01451944,
    "entry_initial_balance_pct_short": 0.0,
    "entry_interval_hours_max": 3955.1833333333334,
    "entry_interval_hours_mean": 12.965116163424435,
    "entry_interval_hours_median": 1.9166666666666667,
    "entry_interval_hours_p95": 56.45249999999999,
    "entry_interval_hours_p99": 136.86216666666672,
    "equity_balance_diff_neg_max_btc": 0.9505260932933548,
    "equity_balance_diff_neg_max_usd": 0.9553738616899324,
    "equity_balance_diff_neg_mean_btc": 0.10289542257642435,
    "equity_balance_diff_neg_mean_usd": 0.09583640221954745,
    "equity_balance_diff_pos_max_btc": 1.6833018237478998,
    "equity_balance_diff_pos_max_usd": 1.6927994212628434,
    "equity_balance_diff_pos_mean_btc": 0.19067101704041373,
    "equity_balance_diff_pos_mean_usd": 0.09952960763651918,
    "equity_choppiness_btc": 9.29226010229469,
    "equity_choppiness_usd": 3.344508616300901,
    "equity_choppiness_w_btc": 6.610389480941447,
    "equity_choppiness_w_usd": 5.950302418680551,
    "equity_jerkiness_btc": 0.03132309013005819,
    "equity_jerkiness_usd": 0.013756827328297288,
    "equity_jerkiness_w_btc": 0.02451178405066235,
    "equity_jerkiness_w_usd": 0.008313304073124618,
    "expected_shortfall_1pct_btc": 0.23232517474082784,
    "expected_shortfall_1pct_strategy_eq": 0.25789351683097833,
    "expected_shortfall_1pct_usd": 0.25789351683097844,
    "exponential_fit_error_btc": 0.23884810926605035,
    "exponential_fit_error_usd": 0.07133903431958433,
    "exponential_fit_error_w_btc": 0.04162948697039001,
    "exponential_fit_error_w_usd": 0.01569598001306417,
    "exposure_mean_ratio_btc": 0.012614618085256586,
    "exposure_mean_ratio_usd": 0.014381913066887927,
    "exposure_mean_ratio_w_btc": 0.017717469181959166,
    "exposure_mean_ratio_w_usd": 0.009712390676374204,
    "exposure_ratio_btc": 0.00110260207190633,
    "exposure_ratio_usd": 0.001257075484834609,
    "exposure_ratio_w_btc": 0.0013926467551714336,
    "exposure_ratio_w_usd": 0.0006604185210366561,
    "gain_btc": 151.4776480165463,
    "gain_per_exposure_long_btc": 65.8598469637158,
    "gain_per_exposure_long_usd": 132.9360270456647,
    "gain_per_exposure_short_btc": 0.0,
    "gain_per_exposure_short_usd": 0.0,
    "gain_strategy_eq": 305.7528622050293,
    "gain_usd": 305.7528622050288,
    "hard_stop_duration_minutes_max": 0.0,
    "hard_stop_duration_minutes_mean": 0.0,
    "hard_stop_flatten_time_minutes_mean": 0.0,
    "hard_stop_halt_to_restart_equity_loss_pct": 0.0,
    "hard_stop_panic_close_loss_max": 0.0,
    "hard_stop_panic_close_loss_sum": 0.0,
    "hard_stop_post_restart_retrigger_pct": 0.0,
    "hard_stop_restarts": 0,
    "hard_stop_restarts_long": 0,
    "hard_stop_restarts_per_year": 0.0,
    "hard_stop_restarts_per_year_long": 0.0,
    "hard_stop_restarts_per_year_short": 0.0,
    "hard_stop_restarts_short": 0,
    "hard_stop_time_in_orange_pct": 0.0,
    "hard_stop_time_in_red_pct": 0.0,
    "hard_stop_time_in_yellow_pct": 0.0,
    "hard_stop_trigger_drawdown_mean": 0.0,
    "hard_stop_triggers": 0,
    "hard_stop_triggers_long": 0,
    "hard_stop_triggers_per_year": 0.0,
    "hard_stop_triggers_short": 0,
    "high_exposure_days_max_long": 160.65069444444444,
    "high_exposure_days_max_short": 0.0,
    "high_exposure_days_mean_long": 1.5351959386036402,
    "high_exposure_days_mean_short": 0.0,
    "high_exposure_hours_max_long": 3855.616666666667,
    "high_exposure_hours_max_short": 0.0,
    "high_exposure_hours_mean_long": 36.84470252648737,
    "high_exposure_hours_mean_short": 0.0,
    "liquidated": false,
    "long_short_profit_ratio": 1.0,
    "loss_profit_ratio": 0.21179131373554202,
    "loss_profit_ratio_long": 0.21179131373554202,
    "loss_profit_ratio_short": 1.0,
    "loss_profit_ratio_w": 0.40088528375186094,
    "mdg_btc": 0.0,
    "mdg_per_exposure_long_btc": 0.0,
    "mdg_per_exposure_long_usd": 0.00015333725432843627,
    "mdg_per_exposure_short_btc": 0.0,
    "mdg_per_exposure_short_usd": 0.0,
    "mdg_pnl": 0.00041032361536855324,
    "mdg_pnl_w": 0.00028551080353538536,
    "mdg_strategy_eq": 0.0003526756849553406,
    "mdg_strategy_eq_w": 0.00016507894343177235,
    "mdg_usd": 0.00035267568495540337,
    "mdg_w_btc": 0.0,
    "mdg_w_per_exposure_long_btc": 0.0,
    "mdg_w_per_exposure_long_usd": 7.177345366603362e-05,
    "mdg_w_per_exposure_short_btc": 0.0,
    "mdg_w_per_exposure_short_usd": 0.0,
    "mdg_w_usd": 0.0001650789434318773,
    "omega_ratio_btc": 1.3627592573895821,
    "omega_ratio_strategy_eq": 2.074658038282074,
    "omega_ratio_strategy_eq_w": 1.7226040556481692,
    "omega_ratio_usd": 2.074658038282069,
    "omega_ratio_w_btc": 1.422369260981693,
    "omega_ratio_w_usd": 1.722604055648166,
    "paper_loss_mean_ratio_btc": 0.024761168642651963,
    "paper_loss_mean_ratio_usd": 0.03030953295648993,
    "paper_loss_mean_ratio_w_btc": 0.09189861703596652,
    "paper_loss_mean_ratio_w_usd": 0.10928501545758454,
    "paper_loss_ratio_btc": 0.002680421851591892,
    "paper_loss_ratio_usd": 0.0030404396728696977,
    "paper_loss_ratio_w_btc": 0.007805150632492666,
    "paper_loss_ratio_w_usd": 0.0021634743203886608,
    "peak_recovery_days_equity_btc": 605.7770833333333,
    "peak_recovery_days_equity_usd": 215.81944444444446,
    "peak_recovery_days_pnl": 216.46041666666667,
    "peak_recovery_days_strategy_eq": 215.81944444444446,
    "peak_recovery_days_strategy_eq_long": 0.0,
    "peak_recovery_days_strategy_eq_short": 0.0,
    "peak_recovery_hours_equity_btc": 14538.65,
    "peak_recovery_hours_equity_usd": 5179.666666666667,
    "peak_recovery_hours_pnl": 5195.05,
    "peak_recovery_hours_strategy_eq": 5179.666666666667,
    "peak_recovery_hours_strategy_eq_long": 0.0,
    "peak_recovery_hours_strategy_eq_short": 0.0,
    "pnl_ratio_long_short": 1.0,
    "position_held_days_max": 164.39513888888888,
    "position_held_days_mean": 0.12002045650301464,
    "position_held_days_median": 0.009027777777777779,
    "position_held_hours_max": 3945.483333333333,
    "position_held_hours_mean": 2.8804909560723515,