{
    "adg": 0.005879576930495567,
    "adg_per_exposure_long": 0.0023960132566508687,
    "adg_per_exposure_short": 0.0,
    "adg_w": 0.0036989055797349347,
    "adg_w_per_exposure_long": 0.0015073579117873322,
    "adg_w_per_exposure_short": 0.0,
    "calmar_ratio": 0.011827019250299725,
    "calmar_ratio_w": 0.012253577360653294,
    "drawdown_worst": 0.49713091744114346,
    "drawdown_worst_mean_1pct": 0.2743668009232541,
    "equity_balance_diff_neg_max": 0.511508229685969,
    "equity_balance_diff_neg_mean": 0.020848388513709876,
    "equity_balance_diff_pos_max": 0.16548231457343673,
    "equity_balance_diff_pos_mean": 0.003940791581618922,
    "equity_choppiness": 1.6787022915406038,
    "equity_choppiness_w": 2.3147474028135053,
    "equity_jerkiness": 0.012653349777814054,
    "equity_jerkiness_w": 0.011658699098189888,
    "expected_shortfall_1pct": 0.21612875840813367,
    "exponential_fit_error": 0.23592633719546147,
    "exponential_fit_error_w": 0.035196332485965695,
    "gain": 6143.753734641239,
    "gain_per_exposure_long": 2503.669153038526,
    "gain_per_exposure_short": 0.0,
    "loss_profit_ratio": 0.04652908288124155,
    "loss_profit_ratio_long": 0.04652908288124155,
    "loss_profit_ratio_short": 1.0,
    "loss_profit_ratio_w": 0.0524607519658752,
    "mdg": 0.000239422633278389,
    "mdg_per_exposure_long": 9.756821112449122e-05,
    "mdg_per_exposure_short": 0.0,
    "mdg_w": 7.460804866674727e-05,
    "mdg_w_per_exposure_long": 3.040386676993654e-05,
    "mdg_w_per_exposure_short": 0.0,
    "omega_ratio": 7.067434439554436,
    "omega_ratio_w": 4.06345624716832,
    "pnl_ratio_long_short": 1.0,
    "position_held_hours_max": 305.6,
    "position_held_hours_mean": 1.9146894940235464,
    "position_held_hours_median": 0.55,
    "position_unchanged_hours_max": 142.3,
    "positions_held_per_day": 2.4926075268817205,
    "sharpe_ratio": 0.0892666838940106,
    "sharpe_ratio_w": 0.07178964512848882,
    "sortino_ratio": 0.12536429727819126,
    "sortino_ratio_w": 0.08837853823707928,
    "sterling_ratio": 0.021429622354857004,
    "sterling_ratio_w": 0.015044180478875851,
    "volume_pct_per_day_avg": 1.2965511032414867,
    "volume_pct_per_day_avg_w": 0.9944571957596136
}