{
    "adg": 0.011526320164697346,
    "adg_per_exposure_long": 0.0019219823189036945,
    "adg_per_exposure_short": 0.0,
    "adg_w": 0.00600986097188283,
    "adg_w_per_exposure_long": 0.001002127857111409,
    "adg_w_per_exposure_short": 0.0,
    "calmar_ratio": 0.02343592096171081,
    "calmar_ratio_w": 0.01352497928925465,
    "drawdown_worst": 0.4918227955935182,
    "drawdown_worst_mean_1pct": 0.38253360368592815,
    "equity_balance_diff_neg_max": 0.953728531529251,
    "equity_balance_diff_neg_mean": 0.012675955707852977,
    "equity_balance_diff_pos_max": 0.27006012722600486,
    "equity_balance_diff_pos_mean": 0.0030925344637258967,
    "equity_choppiness": 1.3399584032114675,
    "equity_choppiness_w": 1.4990352665986886,
    "equity_jerkiness": 0.018737469901869204,
    "equity_jerkiness_w": 0.013585720764840136,
    "expected_shortfall_1pct": 0.3398888619128568,
    "exponential_fit_error": 7.338543820282673,
    "exponential_fit_error_w": 0.7694770384005546,
    "gain": 1983291863.609627,
    "gain_per_exposure_long": 330708486.3700167,
    "gain_per_exposure_short": 0.0,
    "loss_profit_ratio": 0.04577650961075179,
    "loss_profit_ratio_long": 0.04577650961075179,
    "loss_profit_ratio_short": 1.0,
    "loss_profit_ratio_w": 0.0529585871745938,
    "mdg": 0.0007826565025426232,
    "mdg_per_exposure_long": 0.00013050582824075357,
    "mdg_per_exposure_short": 0.0,
    "mdg_w": 0.0006087261172056443,
    "mdg_w_per_exposure_long": 0.00010150341285048512,
    "mdg_w_per_exposure_short": 0.0,
    "omega_ratio": 16.295347436057906,
    "omega_ratio_w": 8.735602291123024,
    "pnl_ratio_long_short": 1.0,
    "position_held_hours_max": 143.98333333333332,
    "position_held_hours_mean": 0.7637090091156624,
    "position_held_hours_median": 0.15,
    "position_unchanged_hours_max": 69.3,
    "positions_held_per_day": 4.521948608137045,
    "sharpe_ratio": 0.015098570417624158,
    "sharpe_ratio_w": 0.0535552069041525,
    "sortino_ratio": 0.165570510066256,
    "sortino_ratio_w": 0.09089495525725584,
    "sterling_ratio": 0.030131523227331446,
    "sterling_ratio_w": 0.015489288593431471,
    "volume_pct_per_day_avg": 2.798689941155749,
    "volume_pct_per_day_avg_w": 1.8751521486157945
}