{
    "adg_btc": 0.00182315285471768,
    "adg_per_exposure_long_btc": 0.000492291638688146,
    "adg_per_exposure_long_usd": 0.0007255216826454888,
    "adg_per_exposure_short_btc": 0.0,
    "adg_per_exposure_short_usd": 0.0,
    "adg_pnl": 0.002884593308617657,
    "adg_pnl_w": 0.0012313293865171217,
    "adg_strategy_eq": 0.002686896999509303,
    "adg_strategy_eq_w": 0.0010742625237465608,
    "adg_usd": 0.002686896999509303,
    "adg_w_btc": 0.002102639720276245,
    "adg_w_per_exposure_long_btc": 0.0005677592807356065,
    "adg_w_per_exposure_long_usd": 0.0002900746675343092,
    "adg_w_per_exposure_short_btc": 0.0,
    "adg_w_per_exposure_short_usd": 0.0,
    "adg_w_usd": 0.0010742625237465608,
    "backtest_completion_ratio": 1.0,
    "calmar_ratio_btc": 0.0018876193102618493,
    "calmar_ratio_strategy_eq": 0.002830320455311115,
    "calmar_ratio_strategy_eq_w": 0.00393682859343678,
    "calmar_ratio_usd": 0.0028303204553110964,
    "calmar_ratio_w_btc": 0.003617943826662453,
    "calmar_ratio_w_usd": 0.003936828593436775,
    "drawdown_worst_btc": 0.9658477452557812,
    "drawdown_worst_ema_strategy_eq": 0.0,
    "drawdown_worst_ema_strategy_eq_long": 0.0,
    "drawdown_worst_ema_strategy_eq_short": 0.0,
    "drawdown_worst_mean_1pct_btc": 0.6425281516815688,
    "drawdown_worst_mean_1pct_ema_strategy_eq": 0.0,
    "drawdown_worst_mean_1pct_ema_strategy_eq_long": 0.0,
    "drawdown_worst_mean_1pct_ema_strategy_eq_short": 0.0,
    "drawdown_worst_mean_1pct_strategy_eq": 0.26931337669773825,
    "drawdown_worst_mean_1pct_strategy_eq_long": 0.0,
    "drawdown_worst_mean_1pct_strategy_eq_short": 0.0,
    "drawdown_worst_mean_1pct_usd": 0.26931337669773847,
    "drawdown_worst_strategy_eq": 0.9493260717058816,
    "drawdown_worst_strategy_eq_long": 0.0,
    "drawdown_worst_strategy_eq_short": 0.0,
    "drawdown_worst_usd": 0.9493260717058878,
    "entry_initial_balance_pct_long": 0.023186987399999998,
    "entry_initial_balance_pct_short": 0.0,
    "entry_interval_hours_max": 186.48333333333332,
    "entry_interval_hours_mean": 5.399620034542314,
    "entry_interval_hours_median": 1.0166666666666666,
    "entry_interval_hours_p95": 24.933333333333334,
    "entry_interval_hours_p99": 62.7976666666668,
    "equity_balance_diff_neg_max_btc": 0.9439506703244388,
    "equity_balance_diff_neg_max_usd": 0.9489093141520337,
    "equity_balance_diff_neg_mean_btc": 0.10169308144015467,
    "equity_balance_diff_neg_mean_usd": 0.019413483967919396,
    "equity_balance_diff_pos_max_btc": 2.2440602773066503,
    "equity_balance_diff_pos_max_usd": 2.1355715235197565,
    "equity_balance_diff_pos_mean_btc": 0.20297826094516636,
    "equity_balance_diff_pos_mean_usd": 0.08317687423823229,
    "equity_choppiness_btc": 14.58100801020754,
    "equity_choppiness_usd": 1.4860421055458626,
    "equity_choppiness_w_btc": 9.377781360549083,
    "equity_choppiness_w_usd": 1.8156846826049722,
    "equity_jerkiness_btc": 0.033344335893155816,
    "equity_jerkiness_usd": 0.004825652970278403,
    "equity_jerkiness_w_btc": 0.026626217267560544,
    "equity_jerkiness_w_usd": 0.0028805288342732905,
    "expected_shortfall_1pct_btc": 0.23779549500438085,
    "expected_shortfall_1pct_strategy_eq": 0.2334330835250002,
    "expected_shortfall_1pct_usd": 0.23343308352500047,
    "exponential_fit_error_btc": 0.4466736445526771,
    "exponential_fit_error_usd": 0.2501426951054016,
    "exponential_fit_error_w_btc": 0.06252516021424916,
    "exponential_fit_error_w_usd": 0.02719289632291628,
    "exposure_mean_ratio_btc": 0.05964398010548521,
    "exposure_mean_ratio_usd": 0.08790114924787094,
    "exposure_mean_ratio_w_btc": 0.06960983811879393,
    "exposure_mean_ratio_w_usd": 0.035775873463010324,
    "exposure_ratio_btc": 0.00048480075892176475,
    "exposure_ratio_usd": 0.0007144818938993653,
    "exposure_ratio_w_btc": 0.0008466963057673467,
    "exposure_ratio_w_usd": 0.00035805727514711,
    "gain_btc": 43.32235873031433,
    "gain_per_exposure_long_btc": 11.697996092864484,
    "gain_per_exposure_long_usd": 69.58043636898904,
    "gain_per_exposure_short_btc": 0.0,
    "gain_per_exposure_short_usd": 0.0,
    "gain_strategy_eq": 257.6841880489146,
    "gain_usd": 257.684188048914,
    "hard_stop_duration_minutes_max": 0.0,
    "hard_stop_duration_minutes_mean": 0.0,
    "hard_stop_flatten_time_minutes_mean": 0.0,
    "hard_stop_halt_to_restart_equity_loss_pct": 0.0,
    "hard_stop_panic_close_loss_max": 0.0,
    "hard_stop_panic_close_loss_sum": 0.0,
    "hard_stop_post_restart_retrigger_pct": 0.0,
    "hard_stop_restarts": 0,
    "hard_stop_restarts_long": 0,
    "hard_stop_restarts_per_year": 0.0,
    "hard_stop_restarts_per_year_long": 0.0,
    "hard_stop_restarts_per_year_short": 0.0,
    "hard_stop_restarts_short": 0,
    "hard_stop_time_in_orange_pct": 0.0,
    "hard_stop_time_in_red_pct": 0.0,
    "hard_stop_time_in_yellow_pct": 0.0,
    "hard_stop_trigger_drawdown_mean": 0.0,
    "hard_stop_triggers": 0,
    "hard_stop_triggers_long": 0,
    "hard_stop_triggers_per_year": 0.0,
    "hard_stop_triggers_short": 0,
    "high_exposure_days_max_long": 7.626388888888889,
    "high_exposure_days_max_short": 0.0,
    "high_exposure_days_mean_long": 0.09726523042929293,
    "high_exposure_days_mean_short": 0.0,
    "high_exposure_hours_max_long": 183.03333333333333,
    "high_exposure_hours_max_short": 0.0,
    "high_exposure_hours_mean_long": 2.3343655303030304,
    "high_exposure_hours_mean_short": 0.0,
    "liquidated": false,
    "long_short_profit_ratio": 1.0,
    "loss_profit_ratio": 0.14501899690749845,
    "loss_profit_ratio_long": 0.14501899690749845,
    "loss_profit_ratio_short": 1.0,
    "loss_profit_ratio_w": 0.13085499204277307,
    "mdg_btc": 0.0,
    "mdg_per_exposure_long_btc": 0.0,
    "mdg_per_exposure_long_usd": 6.76492328533966e-05,
    "mdg_per_exposure_short_btc": 0.0,
    "mdg_per_exposure_short_usd": 0.0,
    "mdg_pnl": 0.0003091797551744472,
    "mdg_pnl_w": 0.0001508727099551771,
    "mdg_strategy_eq": 0.00025053216894926813,
    "mdg_strategy_eq_w": 7.156834776300786e-05,
    "mdg_usd": 0.00025053216894926894,
    "mdg_w_btc": 0.0,
    "mdg_w_per_exposure_long_btc": 0.0,
    "mdg_w_per_exposure_long_usd": 1.9325038549173282e-05,
    "mdg_w_per_exposure_short_btc": 0.0,
    "mdg_w_per_exposure_short_usd": 0.0,
    "mdg_w_usd": 7.156834776300834e-05,
    "omega_ratio_btc": 1.2627008769871477,
    "omega_ratio_strategy_eq": 10.611090094595694,
    "omega_ratio_strategy_eq_w": 4.766345409358193,
    "omega_ratio_usd": 10.611090094595719,
    "omega_ratio_w_btc": 1.3534527863757015,
    "omega_ratio_w_usd": 4.766345409358235,
    "paper_loss_mean_ratio_btc": 0.017927993024683658,
    "paper_loss_mean_ratio_usd": 0.13840364789490517,
    "paper_loss_mean_ratio_w_btc": 0.26083216521597935,
    "paper_loss_mean_ratio_w_usd": 0.23945954293924848,
    "paper_loss_ratio_btc": 0.001931406917790584,
    "paper_loss_ratio_usd": 0.002831563521863386,
    "paper_loss_ratio_w_btc": 0.15339341589917624,
    "paper_loss_ratio_w_usd": 0.0059285997394101075,
    "peak_recovery_days_equity_btc": 1094.9041666666667,
    "peak_recovery_days_equity_usd": 35.885416666666664,
    "peak_recovery_days_pnl": 30.008333333333336,
    "peak_recovery_days_strategy_eq": 35.885416666666664,
    "peak_recovery_days_strategy_eq_long": 0.0,
    "peak_recovery_days_strategy_eq_short": 0.0,
    "peak_recovery_hours_equity_btc": 26277.7,
    "peak_recovery_hours_equity_usd": 861.25,
    "peak_recovery_hours_pnl": 720.2,
    "peak_recovery_hours_strategy_eq": 861.25,
    "peak_recovery_hours_strategy_eq_long": 0.0,
    "peak_recovery_hours_strategy_eq_short": 0.0,
    "pnl_ratio_long_short": 1.0,
    "position_held_days_max": 7.706944444444445,
    "position_held_days_mean": 0.05427402618135377,
    "position_held_days_median": 0.013194444444444444,
    "position_held_hours_max": 184.96666666666667,
    "position_held_hours_mean": 1.3025766283524904,