{
    "adg": 0.06292139239283778,
    "adg_per_exposure_long": 0.006292139239283778,
    "adg_per_exposure_short": 0.0,
    "adg_w": 0.01547444575211392,
    "adg_w_per_exposure_long": 0.001547444575211392,
    "adg_w_per_exposure_short": 0.0,
    "calmar_ratio": 0.07161501591877252,
    "calmar_ratio_w": 0.02855939545350737,
    "drawdown_worst": 0.8786061356769752,
    "drawdown_worst_mean_1pct": 0.8786061356769752,
    "equity_balance_diff_neg_max": 0.9002161128206757,
    "equity_balance_diff_neg_mean": 0.11553075169519968,
    "equity_balance_diff_pos_max": 0.4854020603719232,
    "equity_balance_diff_pos_mean": 0.017256717336412437,
    "equity_choppiness": 2.2540590252159145,
    "equity_choppiness_w": 5.273261738851208,
    "equity_jerkiness": 0.18700063681005016,
    "equity_jerkiness_w": 0.09522898077234374,
    "expected_shortfall_1pct": 0.8786061356769752,
    "exponential_fit_error": 1.2239847679642475,
    "exponential_fit_error_w": 0.13559618038402227,
    "gain": 16356.20310783386,
    "gain_per_exposure_long": 1635.620310783386,
    "gain_per_exposure_short": 0.0,
    "loss_profit_ratio": 0.022622583477475866,
    "loss_profit_ratio_long": 0.022622583477475866,
    "loss_profit_ratio_short": 1.0,
    "loss_profit_ratio_w": 0.02402779043496497,
    "mdg": 0.024445609017794946,
    "mdg_per_exposure_long": 0.0024445609017794945,
    "mdg_per_exposure_short": 0.0,
    "mdg_w": 0.008565460720590608,
    "mdg_w_per_exposure_long": 0.0008565460720590609,
    "mdg_w_per_exposure_short": 0.0,
    "omega_ratio": 4.431015216137807,
    "omega_ratio_w": 2.4011066800538012,
    "pnl_ratio_long_short": 1.0,
    "position_held_hours_max": 65.5,
    "position_held_hours_mean": 1.4352761904761904,
    "position_held_hours_median": 0.13333333333333333,
    "position_unchanged_hours_max": 31.683333333333334,
    "positions_held_per_day": 5.50314465408805,
    "sharpe_ratio": 0.07874983747231469,
    "sharpe_ratio_w": 0.05446783494618855,
    "sortino_ratio": 0.2629175399756126,
    "sortino_ratio_w": 0.09163995068225969,
    "sterling_ratio": 0.07161501591877252,
    "sterling_ratio_w": 0.02855939545350737,
    "volume_pct_per_day_avg": 15.432843294524805,
    "volume_pct_per_day_avg_w": 7.558601471938164
}