{"analysis": {"adg": 0.06292139239283778,
              "adg_per_exposure_long": 0.006292139239283778,
              "adg_per_exposure_short": 0.0,
              "adg_w": 0.01547444575211392,
              "adg_w_per_exposure_long": 0.001547444575211392,
              "adg_w_per_exposure_short": 0.0,
              "calmar_ratio": 0.07161501591877252,
              "calmar_ratio_w": 0.02855939545350737,
              "drawdown_worst": 0.8786061356769752,
              "drawdown_worst_mean_1pct": 0.8786061356769752,
              "equity_balance_diff_neg_max": 0.9002161128206757,
              "equity_balance_diff_neg_mean": 0.11553075169519968,
              "equity_balance_diff_pos_max": 0.4854020603719232,
              "equity_balance_diff_pos_mean": 0.017256717336412437,
              "equity_choppiness": 2.2540590252159145,
              "equity_choppiness_w": 5.273261738851208,
              "equity_jerkiness": 0.18700063681005016,
              "equity_jerkiness_w": 0.09522898077234374,
              "expected_shortfall_1pct": 0.8786061356769752,
              "exponential_fit_error": 1.2239847679642475,
              "exponential_fit_error_w": 0.13559618038402227,
              "gain": 16356.20310783386,
              "gain_per_exposure_long": 1635.620310783386,
              "gain_per_exposure_short": 0.0,
              "loss_profit_ratio": 0.022622583477475866,
              "loss_profit_ratio_long": 0.022622583477475866,
              "loss_profit_ratio_short": 1.0,
              "loss_profit_ratio_w": 0.02402779043496497,
              "mdg": 0.024445609017794946,
              "mdg_per_exposure_long": 0.0024445609017794945,
              "mdg_per_exposure_short": 0.0,
              "mdg_w": 0.008565460720590608,
              "mdg_w_per_exposure_long": 0.0008565460720590609,
              "mdg_w_per_exposure_short": 0.0,
              "omega_ratio": 4.431015216137807,
              "omega_ratio_w": 2.4011066800538012,
              "pnl_ratio_long_short": 1.0,
              "position_held_hours_max": 65.5,
              "position_held_hours_mean": 1.4352761904761904,
              "position_held_hours_median": 0.13333333333333333,
              "position_unchanged_hours_max": 31.683333333333334,
              "positions_held_per_day": 5.50314465408805,
              "sharpe_ratio": 0.07874983747231469,
              "sharpe_ratio_w": 0.05446783494618855,
              "sortino_ratio": 0.2629175399756126,
              "sortino_ratio_w": 0.09163995068225969,
              "sterling_ratio": 0.07161501591877252,
              "sterling_ratio_w": 0.02855939545350737,
              "volume_pct_per_day_avg": 15.432843294524805,
              "volume_pct_per_day_avg_w": 7.558601471938164},
 "backtest": {"base_dir": "backtests/pbgui/FART_adg_sharpe_twe20_fit_no_eqbdiff",
              "cache_dir": {"bybit": "caches/hlcvs_data/eb4a1b819776b0ae"},
              "coins": {"bybit": ["FARTCOIN"]},
              "combine_ohlcvs": false,
              "compress_cache": true,
              "end_date": "2025-06-08",
              "exchanges": ["binance", "bybit"],
              "gap_tolerance_ohlcvs_minutes": 120,
              "start_date": "2020-01-01",
              "starting_balance": 1000,
              "use_btc_collateral": false},
 "bot": {"long": {"close_grid_markup_end": 0.0061486,
                  "close_grid_markup_start": 0.026927,
                  "close_grid_qty_pct": 0.26987,
                  "close_trailing_grid_ratio": -1,
                  "close_trailing_qty_pct": 0.10001,
                  "close_trailing_retracement_pct": 0.0057529,
                  "close_trailing_threshold_pct": 0.0049916,
                  "ema_span_0": 112.12,
                  "ema_span_1": 132.51,
                  "enforce_exposure_limit": true,
                  "entry_grid_double_down_factor": 6.5185,
                  "entry_grid_spacing_pct": 0.052421,
                  "entry_grid_spacing_weight": 1.593,
                  "entry_initial_ema_dist": 0.025551,
                  "entry_initial_qty_pct": 0.094183,
                  "entry_trailing_double_down_factor": 1.0389,
                  "entry_trailing_grid_ratio": 0.75285,
                  "entry_trailing_retracement_pct": 0.06711,
                  "entry_trailing_threshold_pct": -0.036811,
                  "filter_noisiness_rolling_window": 60,
                  "filter_volume_drop_pct": 0,
                  "filter_volume_rolling_window": 60,
                  "n_positions": 1,
                  "total_wallet_exposure_limit": 10,
                  "unstuck_close_pct": 0.031527,
                  "unstuck_ema_dist": 0.0090211,
                  "unstuck_loss_allowance_pct": 0.18824,
                  "unstuck_threshold": 0.82356},
         "short": {"close_grid_markup_end": 0.001,
                   "close_grid_markup_start": 0.001,
                   "close_grid_qty_pct": 0.1,
                   "close_trailing_grid_ratio": -1,
                   "close_trailing_qty_pct": 0.1,
                   "close_trailing_retracement_pct": 0.003,
                   "close_trailing_threshold_pct": -0.001,
                   "ema_span_0": 200,
                   "ema_span_1": 200,
                   "enforce_exposure_limit": true,
                   "entry_grid_double_down_factor": 0.6,
                   "entry_grid_spacing_pct": 0.01,
                   "entry_grid_spacing_weight": 0.2,
                   "entry_initial_ema_dist": -0.001,
                   "entry_initial_qty_pct": 0.025,
                   "entry_trailing_double_down_factor": 0.1,
                   "entry_trailing_grid_ratio": -1,
                   "entry_trailing_retracement_pct": 0,
                   "entry_trailing_threshold_pct": -0.1,
                   "filter_noisiness_rolling_window": 60,
                   "filter_volume_drop_pct": 0.53,
                   "filter_volume_rolling_window": 60,
                   "n_positions": 0,
                   "total_wallet_exposure_limit": 0,
                   "unstuck_close_pct": 0.005,
                   "unstuck_ema_dist": -0.1,
                   "unstuck_loss_allowance_pct": 0.01,
                   "unstuck_threshold": 0.55}},
 "disable_plotting": false,
 "live": {"approved_coins": {"long": ["FARTCOINUSDT"], "short": []},
          "auto_gs": true,
          "coin_flags": {},
          "empty_means_all_approved": false,
          "execution_delay_seconds": 2,
          "filter_by_min_effective_cost": true,
          "forced_mode_long": "",
          "forced_mode_short": "",
          "ignored_coins": {"long": [], "short": []},
          "leverage": 10,
          "market_orders_allowed": true,
          "max_n_cancellations_per_batch": 5,
          "max_n_creations_per_batch": 3,
          "max_n_restarts_per_day": 10,
          "mimic_backtest_1m_delay": false,
          "minimum_coin_age_days": 30,
          "ohlcvs_1m_rolling_window_days": 4,
          "ohlcvs_1m_update_after_minutes": 10,
          "pnls_max_lookback_days": 30,
          "price_distance_threshold": 0.002,
          "time_in_force": "good_till_cancelled",
          "user": "bybit_01"},
 "optimize": {"bounds": {"long_close_grid_markup_end": [0.001, 0.03],
                         "long_close_grid_markup_start": [0.001, 0.03],
                         "long_close_grid_qty_pct": [0, 0.4],
                         "long_close_trailing_grid_ratio": [-1, -1],
                         "long_close_trailing_qty_pct": [0.1, 0.25],
                         "long_close_trailing_retracement_pct": [0.003, 0.01],
                         "long_close_trailing_threshold_pct": [0.001, 0.005],
                         "long_ema_span_0": [100, 800],
                         "long_ema_span_1": [100, 800],
                         "long_entry_grid_double_down_factor": [0.5, 10],
                         "long_entry_grid_spacing_pct": [0.01, 0.12],
                         "long_entry_grid_spacing_weight": [0.2, 2],