{
    "adg": 0.017891655579538757,
    "adg_per_exposure_long": 0.003650911231183683,
    "adg_per_exposure_short": 0.0,
    "adg_w": 0.007458504054286985,
    "adg_w_per_exposure_long": 0.0015219573224272507,
    "adg_w_per_exposure_short": 0.0,
    "calmar_ratio": 0.05979082027414876,
    "calmar_ratio_w": 0.09362494681505962,
    "drawdown_worst": 0.29923749996242177,
    "drawdown_worst_mean_1pct": 0.29607039415891734,
    "equity_balance_diff_neg_max": 0.3054326147952392,
    "equity_balance_diff_neg_mean": 0.006637331780986275,
    "equity_balance_diff_pos_max": 0.3284544632526637,
    "equity_balance_diff_pos_mean": 0.002054082256293317,
    "equity_choppiness": 1.2390242332389516,
    "equity_choppiness_w": 1.1038395551552174,
    "equity_jerkiness": 0.027638212569423646,
    "equity_jerkiness_w": 0.011012629118410496,
    "expected_shortfall_1pct": 0.2436847901351601,
    "exponential_fit_error": 0.2378020832449654,
    "exponential_fit_error_w": 0.024971387980576902,
    "gain": 124.40067208259359,
    "gain_per_exposure_long": 25.384783920865527,
    "gain_per_exposure_short": 0.0,
    "loss_profit_ratio": 0.005860186477788647,
    "loss_profit_ratio_long": 0.005860186477788647,
    "loss_profit_ratio_short": 1.0,
    "loss_profit_ratio_w": 0.000735316663766059,
    "mdg": 0.004744345324149833,
    "mdg_per_exposure_long": 0.0009681151949046716,
    "mdg_per_exposure_short": 0.0,
    "mdg_w": 0.0022559878927298988,
    "mdg_w_per_exposure_long": 0.00046034932308898886,
    "mdg_w_per_exposure_short": 0.0,
    "omega_ratio": 15.040407660567793,
    "omega_ratio_w": null,
    "pnl_ratio_long_short": 1.0,
    "position_held_hours_max": 18.466666666666665,
    "position_held_hours_mean": 0.43177484871093424,
    "position_held_hours_median": 0.08333333333333333,
    "position_unchanged_hours_max": 6.683333333333334,
    "positions_held_per_day": 14.783088235294118,
    "sharpe_ratio": 0.17776770689943663,
    "sharpe_ratio_w": 0.21222565550542255,
    "sortino_ratio": 0.3123349252907705,
    "sortino_ratio_w": 0.32680422082835325,
    "sterling_ratio": 0.06043041091753104,
    "sterling_ratio_w": 0.09368890587939785,
    "volume_pct_per_day_avg": 7.284230488529406,
    "volume_pct_per_day_avg_w": 3.909782942317444
}