{
    "adg": 0.05404003106857158,
    "adg_per_exposure_long": 0.006004447896507953,
    "adg_per_exposure_short": 0.0,
    "adg_w": 0.03853486516501288,
    "adg_w_per_exposure_long": 0.0042816516850014315,
    "adg_w_per_exposure_short": 0.0,
    "calmar_ratio": 0.10444137442792044,
    "calmar_ratio_w": 0.2332543526311453,
    "drawdown_worst": 0.517419761704371,
    "drawdown_worst_mean_1pct": 0.517419761704371,
    "equity_balance_diff_neg_max": 0.5368286890198878,
    "equity_balance_diff_neg_mean": 0.016134038516770775,
    "equity_balance_diff_pos_max": 0.8509274103585827,
    "equity_balance_diff_pos_mean": 0.006709372609590507,
    "equity_choppiness": 1.4221618998900463,
    "equity_choppiness_w": 1.1796938511740775,
    "equity_jerkiness": 0.09524245451341207,
    "equity_jerkiness_w": 0.058461752421151134,
    "expected_shortfall_1pct": 0.517419761704371,
    "exponential_fit_error": 0.4469228511186689,
    "exponential_fit_error_w": 0.06256013106524173,
    "gain": 13713.112166512747,
    "gain_per_exposure_long": 1523.6791296125275,
    "gain_per_exposure_short": 0.0,
    "loss_profit_ratio": 0.0038502839976535786,
    "loss_profit_ratio_long": 0.0038502839976535786,
    "loss_profit_ratio_short": 1.0,
    "loss_profit_ratio_w": 0.002751689641016219,
    "mdg": 0.019417998726187095,
    "mdg_per_exposure_long": 0.0021575554140207884,
    "mdg_per_exposure_short": 0.0,
    "mdg_w": 0.014151167898434578,
    "mdg_w_per_exposure_long": 0.001572351988714953,
    "mdg_w_per_exposure_short": 0.0,
    "omega_ratio": 12.979742183843106,
    "omega_ratio_w": 28.81621995657199,
    "pnl_ratio_long_short": 1.0,
    "position_held_hours_max": 60.65,
    "position_held_hours_mean": 1.9811807534029757,
    "position_held_hours_median": 0.38333333333333336,
    "position_unchanged_hours_max": 37.483333333333334,
    "positions_held_per_day": 5.81767955801105,
    "sharpe_ratio": 0.16318489088222704,
    "sharpe_ratio_w": 0.26140217831476886,
    "sortino_ratio": 0.35266330867723683,
    "sortino_ratio_w": 0.553642784935812,
    "sterling_ratio": 0.10444137442792044,
    "sterling_ratio_w": 0.2332543526311453,
    "volume_pct_per_day_avg": 9.757537351715305,
    "volume_pct_per_day_avg_w": 6.708369599817398
}