{"analysis": {"adg": 0.05404003106857158,
              "adg_per_exposure_long": 0.006004447896507953,
              "adg_per_exposure_short": 0.0,
              "adg_w": 0.03853486516501288,
              "adg_w_per_exposure_long": 0.0042816516850014315,
              "adg_w_per_exposure_short": 0.0,
              "calmar_ratio": 0.10444137442792044,
              "calmar_ratio_w": 0.2332543526311453,
              "drawdown_worst": 0.517419761704371,
              "drawdown_worst_mean_1pct": 0.517419761704371,
              "equity_balance_diff_neg_max": 0.5368286890198878,
              "equity_balance_diff_neg_mean": 0.016134038516770775,
              "equity_balance_diff_pos_max": 0.8509274103585827,
              "equity_balance_diff_pos_mean": 0.006709372609590507,
              "equity_choppiness": 1.4221618998900463,
              "equity_choppiness_w": 1.1796938511740775,
              "equity_jerkiness": 0.09524245451341207,
              "equity_jerkiness_w": 0.058461752421151134,
              "expected_shortfall_1pct": 0.517419761704371,
              "exponential_fit_error": 0.4469228511186689,
              "exponential_fit_error_w": 0.06256013106524173,
              "gain": 13713.112166512747,
              "gain_per_exposure_long": 1523.6791296125275,
              "gain_per_exposure_short": 0.0,
              "loss_profit_ratio": 0.0038502839976535786,
              "loss_profit_ratio_long": 0.0038502839976535786,
              "loss_profit_ratio_short": 1.0,
              "loss_profit_ratio_w": 0.002751689641016219,
              "mdg": 0.019417998726187095,
              "mdg_per_exposure_long": 0.0021575554140207884,
              "mdg_per_exposure_short": 0.0,
              "mdg_w": 0.014151167898434578,
              "mdg_w_per_exposure_long": 0.001572351988714953,
              "mdg_w_per_exposure_short": 0.0,
              "omega_ratio": 12.979742183843106,
              "omega_ratio_w": 28.81621995657199,
              "pnl_ratio_long_short": 1.0,
              "position_held_hours_max": 60.65,
              "position_held_hours_mean": 1.9811807534029757,
              "position_held_hours_median": 0.38333333333333336,
              "position_unchanged_hours_max": 37.483333333333334,
              "positions_held_per_day": 5.81767955801105,
              "sharpe_ratio": 0.16318489088222704,
              "sharpe_ratio_w": 0.26140217831476886,
              "sortino_ratio": 0.35266330867723683,
              "sortino_ratio_w": 0.553642784935812,
              "sterling_ratio": 0.10444137442792044,
              "sterling_ratio_w": 0.2332543526311453,
              "volume_pct_per_day_avg": 9.757537351715305,
              "volume_pct_per_day_avg_w": 6.708369599817398},
 "backtest": {"base_dir": "backtests/pbgui/HYPE_cpt_adg_omega_sharpe_grtr_maxdd75_eema125_dd65",
              "cache_dir": {"bybit": "caches/hlcvs_data/60347e4d92303158"},
              "coins": {"bybit": ["HYPE"]},
              "combine_ohlcvs": false,
              "compress_cache": true,
              "end_date": "2025-07-04",
              "exchanges": ["bybit", "binance"],
              "gap_tolerance_ohlcvs_minutes": 120,
              "start_date": "2020-01-01",
              "starting_balance": 1000,
              "use_btc_collateral": false},
 "bot": {"long": {"close_grid_markup_end": 0.012235,
                  "close_grid_markup_start": 0.0076965,
                  "close_grid_qty_pct": 0.33732,
                  "close_trailing_grid_ratio": -0.27176,
                  "close_trailing_qty_pct": 0.18281,
                  "close_trailing_retracement_pct": 0.0096056,
                  "close_trailing_threshold_pct": 0.0046802,
                  "ema_span_0": 739.18,
                  "ema_span_1": 546.93,
                  "enforce_exposure_limit": true,
                  "entry_grid_double_down_factor": 1.8837,
                  "entry_grid_spacing_pct": 0.042491,
                  "entry_grid_spacing_weight": 0.45559,
                  "entry_initial_ema_dist": 0.0057529,
                  "entry_initial_qty_pct": 0.047791,
                  "entry_trailing_double_down_factor": 6.8036,
                  "entry_trailing_grid_ratio": -0.037553,
                  "entry_trailing_retracement_pct": 0.013911,
                  "entry_trailing_threshold_pct": 0.00097935,
                  "filter_noisiness_rolling_window": 60,
                  "filter_volume_drop_pct": 0,
                  "filter_volume_rolling_window": 60,
                  "n_positions": 1,
                  "total_wallet_exposure_limit": 9,
                  "unstuck_close_pct": 0.012373,
                  "unstuck_ema_dist": -0.0038749,
                  "unstuck_loss_allowance_pct": 0.21503,
                  "unstuck_threshold": 0.78392},
         "short": {"close_grid_markup_end": 0.001,
                   "close_grid_markup_start": 0.001,
                   "close_grid_qty_pct": 0.1,
                   "close_trailing_grid_ratio": -1,
                   "close_trailing_qty_pct": 0.1,
                   "close_trailing_retracement_pct": 0.003,
                   "close_trailing_threshold_pct": -0.001,
                   "ema_span_0": 200,
                   "ema_span_1": 200,
                   "enforce_exposure_limit": true,
                   "entry_grid_double_down_factor": 0.6,
                   "entry_grid_spacing_pct": 0.01,
                   "entry_grid_spacing_weight": 0.2,
                   "entry_initial_ema_dist": -0.001,
                   "entry_initial_qty_pct": 0.025,
                   "entry_trailing_double_down_factor": 0.1,
                   "entry_trailing_grid_ratio": -1,
                   "entry_trailing_retracement_pct": 0,
                   "entry_trailing_threshold_pct": -0.1,
                   "filter_noisiness_rolling_window": 60,
                   "filter_volume_drop_pct": 0.53,
                   "filter_volume_rolling_window": 60,
                   "n_positions": 0,
                   "total_wallet_exposure_limit": 0,
                   "unstuck_close_pct": 0.005,
                   "unstuck_ema_dist": -0.1,
                   "unstuck_loss_allowance_pct": 0.01,
                   "unstuck_threshold": 0.55}},
 "disable_plotting": false,
 "live": {"approved_coins": {"long": ["HYPEUSDT"], "short": []},
          "auto_gs": true,
          "coin_flags": {},
          "empty_means_all_approved": false,
          "execution_delay_seconds": 2,
          "filter_by_min_effective_cost": true,
          "forced_mode_long": "",
          "forced_mode_short": "",
          "ignored_coins": {"long": [], "short": []},
          "leverage": 10,
          "market_orders_allowed": true,
          "max_n_cancellations_per_batch": 5,
          "max_n_creations_per_batch": 3,
          "max_n_restarts_per_day": 10,
          "mimic_backtest_1m_delay": false,
          "minimum_coin_age_days": 30,
          "ohlcvs_1m_rolling_window_days": 4,
          "ohlcvs_1m_update_after_minutes": 10,
          "pnls_max_lookback_days": 30,
          "price_distance_threshold": 0.002,
          "time_in_force": "good_till_cancelled",
          "user": "bybit_01"},
 "optimize": {"bounds": {"long_close_grid_markup_end": [0.001, 0.03],
                         "long_close_grid_markup_start": [0.001, 0.03],
                         "long_close_grid_qty_pct": [0.05, 0.4],
                         "long_close_trailing_grid_ratio": [-1, 1],
                         "long_close_trailing_qty_pct": [0.05, 0.25],
                         "long_close_trailing_retracement_pct": [0.003, 0.01],
                         "long_close_trailing_threshold_pct": [0.001, 0.005],
                         "long_ema_span_0": [50, 800],
                         "long_ema_span_1": [50, 800],
                         "long_entry_grid_double_down_factor": [0.4, 10],
                         "long_entry_grid_spacing_pct": [0.01, 0.12],