{"analysis": {"adg": 0.0343075950270717,
              "adg_per_exposure_long": 0.00544841745443268,
              "adg_per_exposure_short": 0.0,
              "adg_w": 0.005271829648353421,
              "adg_w_per_exposure_long": 0.0008372236133200071,
              "adg_w_per_exposure_short": 0.0,
              "calmar_ratio": 0.0988322991138254,
              "calmar_ratio_w": 0.0502567856427662,
              "drawdown_worst": 0.34712938315397845,
              "drawdown_worst_mean_1pct": 0.34712938315397845,
              "equity_balance_diff_neg_max": 0.5079262096837842,
              "equity_balance_diff_neg_mean": 0.0419302614696846,
              "equity_balance_diff_pos_max": 0.9195815892625038,
              "equity_balance_diff_pos_mean": 0.011506671550080215,
              "equity_choppiness": 1.5034977653879138,
              "equity_choppiness_w": 1.5355557149030565,
              "equity_jerkiness": 0.06187981526758272,
              "equity_jerkiness_w": 0.012321241790145866,
              "expected_shortfall_1pct": 0.34712938315397845,
              "exponential_fit_error": 0.991219915203002,
              "exponential_fit_error_w": 0.0997107822739287,
              "gain": 213.4540938602363,
              "gain_per_exposure_long": 33.898820648620934,
              "gain_per_exposure_short": 0.0,
              "loss_profit_ratio": 0.1960919589258594,
              "loss_profit_ratio_long": 0.1960919589258594,
              "loss_profit_ratio_short": 1.0,
              "loss_profit_ratio_w": 0.3239291036329462,
              "mdg": 0.000314279814894515,
              "mdg_per_exposure_long": 4.991103654149965e-05,
              "mdg_per_exposure_short": 0.0,
              "mdg_w": 3.1427981489451496e-05,
              "mdg_w_per_exposure_long": 4.991103654149964e-06,
              "mdg_w_per_exposure_short": 0.0,
              "omega_ratio": 10.683206128518254,
              "omega_ratio_w": 7.045484848774568,
              "pnl_ratio_long_short": 1.0,
              "position_held_hours_max": 28.55,
              "position_held_hours_mean": 0.6303046989720998,
              "position_held_hours_median": 0.13333333333333333,
              "position_unchanged_hours_max": 18.3,
              "positions_held_per_day": 5.710691823899371,
              "sharpe_ratio": 0.15031710630457254,
              "sharpe_ratio_w": 0.13176850107710308,
              "sortino_ratio": 0.30436663381543433,
              "sortino_ratio_w": 0.12856831791814696,
              "sterling_ratio": 0.0988322991138254,
              "sterling_ratio_w": 0.0502567856427662,
              "volume_pct_per_day_avg": 8.317178407756188,
              "volume_pct_per_day_avg_w": 3.385390462118879},
 "backtest": {"base_dir": "backtests/pbgui/FART_adg_sharpe_omega_twe20_100tr",
              "cache_dir": {"binance": "caches/hlcvs_data/bf601c71b02bd0df"},
              "coins": {"binance": ["FARTCOIN"]},
              "combine_ohlcvs": false,
              "compress_cache": true,
              "end_date": "2025-06-08",
              "exchanges": ["binance", "bybit"],
              "gap_tolerance_ohlcvs_minutes": 120,
              "start_date": "2020-01-01",
              "starting_balance": 1000,
              "use_btc_collateral": false},
 "bot": {"long": {"close_grid_markup_end": 0.0084715,
                  "close_grid_markup_start": 0.018513,
                  "close_grid_qty_pct": 0.23076,
                  "close_trailing_grid_ratio": -1,
                  "close_trailing_qty_pct": 0.10169,
                  "close_trailing_retracement_pct": 0.0088539,
                  "close_trailing_threshold_pct": 0.0019857,
                  "ema_span_0": 462.01,
                  "ema_span_1": 795.61,
                  "enforce_exposure_limit": true,
                  "entry_grid_double_down_factor": 7.7919,
                  "entry_grid_spacing_pct": 0.03283,
                  "entry_grid_spacing_weight": 1.3529,
                  "entry_initial_ema_dist": 0.048164,
                  "entry_initial_qty_pct": 0.036517,
                  "entry_trailing_double_down_factor": 10,
                  "entry_trailing_grid_ratio": -1,
                  "entry_trailing_retracement_pct": 0.067621,
                  "entry_trailing_threshold_pct": -0.097546,
                  "filter_noisiness_rolling_window": 60,
                  "filter_volume_drop_pct": 0,
                  "filter_volume_rolling_window": 60,
                  "n_positions": 1,
                  "total_wallet_exposure_limit": 6.2968,
                  "unstuck_close_pct": 0.0073108,
                  "unstuck_ema_dist": 0.0086325,
                  "unstuck_loss_allowance_pct": 0.20303,
                  "unstuck_threshold": 0.94669},
         "short": {"close_grid_markup_end": 0.001,
                   "close_grid_markup_start": 0.001,
                   "close_grid_qty_pct": 0.1,
                   "close_trailing_grid_ratio": -1,
                   "close_trailing_qty_pct": 0.1,
                   "close_trailing_retracement_pct": 0.003,
                   "close_trailing_threshold_pct": -0.001,
                   "ema_span_0": 200,
                   "ema_span_1": 200,
                   "enforce_exposure_limit": true,
                   "entry_grid_double_down_factor": 0.6,
                   "entry_grid_spacing_pct": 0.01,
                   "entry_grid_spacing_weight": 0.2,
                   "entry_initial_ema_dist": -0.001,
                   "entry_initial_qty_pct": 0.025,
                   "entry_trailing_double_down_factor": 0.1,
                   "entry_trailing_grid_ratio": -1,
                   "entry_trailing_retracement_pct": 0,
                   "entry_trailing_threshold_pct": -0.1,
                   "filter_noisiness_rolling_window": 60,
                   "filter_volume_drop_pct": 0.53,
                   "filter_volume_rolling_window": 60,
                   "n_positions": 0,
                   "total_wallet_exposure_limit": 0,
                   "unstuck_close_pct": 0.005,
                   "unstuck_ema_dist": -0.1,
                   "unstuck_loss_allowance_pct": 0.01,
                   "unstuck_threshold": 0.55}},
 "disable_plotting": false,
 "live": {"approved_coins": {"long": ["FARTCOINUSDT"], "short": []},
          "auto_gs": true,
          "coin_flags": {},
          "empty_means_all_approved": false,
          "execution_delay_seconds": 2,
          "filter_by_min_effective_cost": true,
          "forced_mode_long": "",
          "forced_mode_short": "",
          "ignored_coins": {"long": [], "short": []},
          "leverage": 10,
          "market_orders_allowed": true,
          "max_n_cancellations_per_batch": 5,
          "max_n_creations_per_batch": 3,
          "max_n_restarts_per_day": 10,
          "mimic_backtest_1m_delay": false,
          "minimum_coin_age_days": 30,
          "ohlcvs_1m_rolling_window_days": 4,
          "ohlcvs_1m_update_after_minutes": 10,
          "pnls_max_lookback_days": 30,
          "price_distance_threshold": 0.002,
          "time_in_force": "good_till_cancelled",
          "user": "bybit_01"},
 "optimize": {"bounds": {"long_close_grid_markup_end": [0.001, 0.03],
                         "long_close_grid_markup_start": [0.001, 0.03],
                         "long_close_grid_qty_pct": [0, 0.4],
                         "long_close_trailing_grid_ratio": [-1, -1],
                         "long_close_trailing_qty_pct": [0.1, 0.25],
                         "long_close_trailing_retracement_pct": [0.003, 0.01],
                         "long_close_trailing_threshold_pct": [0.001, 0.005],
                         "long_ema_span_0": [100, 800],
                         "long_ema_span_1": [100, 800],
                         "long_entry_grid_double_down_factor": [0.5, 10],
                         "long_entry_grid_spacing_pct": [0.01, 0.12],
                         "long_entry_grid_spacing_weight": [0.2, 2],