{
    "adg": 0.017040703813256952,
    "adg_per_exposure_long": 0.005680234604418984,
    "adg_per_exposure_short": 0.0,
    "adg_w": 0.010749900714912265,
    "adg_w_per_exposure_long": 0.003583300238304088,
    "adg_w_per_exposure_short": 0.0,
    "calmar_ratio": 0.11842020489825136,
    "calmar_ratio_w": 0.2663710053159843,
    "drawdown_worst": 0.14390030677533966,
    "drawdown_worst_mean_1pct": 0.14094513455784635,
    "equity_balance_diff_neg_max": 0.14730514249397889,
    "equity_balance_diff_neg_mean": 0.0044062039317868135,
    "equity_balance_diff_pos_max": 0.46873598570675745,
    "equity_balance_diff_pos_mean": 0.004021435664438644,
    "equity_choppiness": 1.1985021552440525,
    "equity_choppiness_w": 1.1197919088514934,
    "equity_jerkiness": 0.030711368922840182,
    "equity_jerkiness_w": 0.021378942845342874,
    "expected_shortfall_1pct": 0.13980941956728,
    "exponential_fit_error": 0.09146486466608808,
    "exponential_fit_error_w": 0.010049465869616542,
    "gain": 43.29608212432297,
    "gain_per_exposure_long": 14.432027374774323,
    "gain_per_exposure_short": 0.0,
    "loss_profit_ratio": 0.07012151675576044,
    "loss_profit_ratio_long": 0.07012151675576044,
    "loss_profit_ratio_short": 1.0,
    "loss_profit_ratio_w": 0.028108375878445762,
    "mdg": 0.004676056819316321,
    "mdg_per_exposure_long": 0.0015586856064387737,
    "mdg_per_exposure_short": 0.0,
    "mdg_w": 0.0031229274181159604,
    "mdg_w_per_exposure_long": 0.0010409758060386535,
    "mdg_w_per_exposure_short": 0.0,
    "omega_ratio": 13.480239465107774,
    "omega_ratio_w": 22.08895778247789,
    "pnl_ratio_long_short": 1.0,
    "position_held_hours_max": 80.68333333333334,
    "position_held_hours_mean": 5.746414499605989,
    "position_held_hours_median": 2.25,
    "position_unchanged_hours_max": 47.666666666666664,
    "positions_held_per_day": 1.8968609865470851,
    "sharpe_ratio": 0.22854752639598722,
    "sharpe_ratio_w": 0.3155002770948869,
    "sortino_ratio": 0.3908944496607517,
    "sortino_ratio_w": 0.7254870320290155,
    "sterling_ratio": 0.12090310081802184,
    "sterling_ratio_w": 0.26661929490796127,
    "volume_pct_per_day_avg": 2.3354367172843977,
    "volume_pct_per_day_avg_w": 1.6920258174222376
}