{"analysis": {"adg": 0.004319144878675685,
              "adg_per_exposure_long": 0.0003599287398896404,
              "adg_per_exposure_short": 0.0,
              "adg_w": 0.0008742924169419464,
              "adg_w_per_exposure_long": 7.285770141182887e-05,
              "adg_w_per_exposure_short": 0.0,
              "calmar_ratio": 0.011640508936569698,
              "calmar_ratio_w": 0.004905997688364618,
              "drawdown_worst": 0.37104433338878384,
              "drawdown_worst_mean_1pct": 0.19030554024604543,
              "equity_balance_diff_neg_max": 0.652368975834635,
              "equity_balance_diff_neg_mean": 0.008607472559777144,
              "equity_balance_diff_pos_max": 2.7223070087125203,
              "equity_balance_diff_pos_mean": 0.0126343079378562,
              "equity_choppiness": 1.5300272826129537,
              "equity_choppiness_w": 2.3876764237880663,
              "equity_jerkiness": 0.0087113216490076,
              "equity_jerkiness_w": 0.002351267414236235,
              "expected_shortfall_1pct": 0.14613582594517585,
              "exponential_fit_error": 1.0851585536804242,
              "exponential_fit_error_w": 0.10963504850974756,
              "gain": 7458.186246749385,
              "gain_per_exposure_long": 621.5155205624487,
              "gain_per_exposure_short": 0.0,
              "loss_profit_ratio": 0.027203973098409544,
              "loss_profit_ratio_long": 0.027203973098409544,
              "loss_profit_ratio_short": 1.0,
              "loss_profit_ratio_w": 0.048991917544228034,
              "mdg": 0.0,
              "mdg_per_exposure_long": 0.0,
              "mdg_per_exposure_short": 0.0,
              "mdg_w": 0.0,
              "mdg_w_per_exposure_long": 0.0,
              "mdg_w_per_exposure_short": 0.0,
              "omega_ratio": 15.253333238395713,
              "omega_ratio_w": 4.976844529854526,
              "pnl_ratio_long_short": 1.0,
              "position_held_hours_max": 194.68333333333334,
              "position_held_hours_mean": 1.6199169586090567,
              "position_held_hours_median": 0.03333333333333333,
              "position_unchanged_hours_max": 115.6,
              "positions_held_per_day": 1.2416626389560175,
              "sharpe_ratio": 0.03190394604790134,
              "sharpe_ratio_w": 0.03797179490183357,
              "sortino_ratio": 0.11171048681256487,
              "sortino_ratio_w": 0.03659628119930814,
              "sterling_ratio": 0.022695844130924805,
              "sterling_ratio_w": 0.008299481382291338,
              "volume_pct_per_day_avg": 1.6874405308885743,
              "volume_pct_per_day_avg_w": 0.9978940805976299},
 "backtest": {"base_dir": "backtests/pbgui/btc_adg_w_sharpe_shortfal_gain_dd40_TWE12_fix",
              "cache_dir": {"binance": "caches/hlcvs_data/5d79f69eb6547e1e"},
              "coins": {"binance": ["BTC"]},
              "combine_ohlcvs": false,
              "compress_cache": true,
              "end_date": "2025-08-31",
              "exchanges": ["bybit", "binance"],
              "gap_tolerance_ohlcvs_minutes": 120,
              "start_date": "2020-01-01",
              "starting_balance": 1000,
              "use_btc_collateral": false},
 "bot": {"long": {"close_grid_markup_end": 0.029937,
                  "close_grid_markup_start": 0.0030829,
                  "close_grid_qty_pct": 0.19142,
                  "close_trailing_grid_ratio": -0.92777,
                  "close_trailing_qty_pct": 0.11627,
                  "close_trailing_retracement_pct": 0.0062767,
                  "close_trailing_threshold_pct": 0.0020231,
                  "ema_span_0": 8.1707,
                  "ema_span_1": 60.882,
                  "enforce_exposure_limit": true,
                  "entry_grid_double_down_factor": 1.8313,
                  "entry_grid_spacing_pct": 0.040971,
                  "entry_grid_spacing_weight": 0.99383,
                  "entry_initial_ema_dist": 0.0088239,
                  "entry_initial_qty_pct": 0.016166,
                  "entry_trailing_double_down_factor": 1.8834,
                  "entry_trailing_grid_ratio": -0.034763,
                  "entry_trailing_retracement_pct": 0.012306,
                  "entry_trailing_threshold_pct": 0.074852,
                  "filter_noisiness_rolling_window": 60,
                  "filter_volume_drop_pct": 0,
                  "filter_volume_rolling_window": 60,
                  "n_positions": 1,
                  "total_wallet_exposure_limit": 12,
                  "unstuck_close_pct": 0.0069966,
                  "unstuck_ema_dist": -0.084608,
                  "unstuck_loss_allowance_pct": 0.22733,
                  "unstuck_threshold": 0.65886},
         "short": {"close_grid_markup_end": 0.001,
                   "close_grid_markup_start": 0.001,
                   "close_grid_qty_pct": 0.1,
                   "close_trailing_grid_ratio": -1,
                   "close_trailing_qty_pct": 0.1,
                   "close_trailing_retracement_pct": 0.003,
                   "close_trailing_threshold_pct": -0.001,
                   "ema_span_0": 200,
                   "ema_span_1": 200,
                   "enforce_exposure_limit": true,
                   "entry_grid_double_down_factor": 0.6,
                   "entry_grid_spacing_pct": 0.01,
                   "entry_grid_spacing_weight": 0.2,
                   "entry_initial_ema_dist": -0.001,
                   "entry_initial_qty_pct": 0.025,
                   "entry_trailing_double_down_factor": 0.1,
                   "entry_trailing_grid_ratio": -1,
                   "entry_trailing_retracement_pct": 0,
                   "entry_trailing_threshold_pct": -0.1,
                   "filter_noisiness_rolling_window": 60,
                   "filter_volume_drop_pct": 0.53,
                   "filter_volume_rolling_window": 60,
                   "n_positions": 0,
                   "total_wallet_exposure_limit": 0,
                   "unstuck_close_pct": 0.005,
                   "unstuck_ema_dist": -0.1,
                   "unstuck_loss_allowance_pct": 0.01,
                   "unstuck_threshold": 0.55}},
 "coin_overrides": {},
 "disable_plotting": false,
 "live": {"approved_coins": {"long": ["BTC"], "short": []},
          "auto_gs": true,
          "base_config_path": "",
          "empty_means_all_approved": false,
          "execution_delay_seconds": 2,
          "filter_by_min_effective_cost": true,
          "forced_mode_long": "",
          "forced_mode_short": "",
          "ignored_coins": {"long": [], "short": []},
          "leverage": 10,
          "market_orders_allowed": true,
          "max_n_cancellations_per_batch": 5,
          "max_n_creations_per_batch": 3,
          "max_n_restarts_per_day": 10,
          "mimic_backtest_1m_delay": false,
          "minimum_coin_age_days": 30,
          "ohlcvs_1m_rolling_window_days": 4,
          "ohlcvs_1m_update_after_minutes": 10,
          "pnls_max_lookback_days": 30,
          "price_distance_threshold": 0.002,
          "time_in_force": "good_till_cancelled",
          "user": "bybit_01"},
 "optimize": {"bounds": {"long_close_grid_markup_end": [0.001, 0.03],
                         "long_close_grid_markup_start": [0.001, 0.03],
                         "long_close_grid_qty_pct": [0.05, 0.4],
                         "long_close_trailing_grid_ratio": [-1, 1],
                         "long_close_trailing_qty_pct": [0.05, 0.25],
                         "long_close_trailing_retracement_pct": [0.003, 0.01],
                         "long_close_trailing_threshold_pct": [0.001, 0.005],
                         "long_ema_span_0": [1, 800],
                         "long_ema_span_1": [1, 800],
                         "long_entry_grid_double_down_factor": [0.4, 2],
                         "long_entry_grid_spacing_pct": [0.01, 0.12],
                         "long_entry_grid_spacing_weight": [0.2, 2],