{
    "adg": 0.0014782356409954733,
    "adg_per_exposure_long": 0.0005080720539596059,
    "adg_per_exposure_short": 0.0,
    "adg_w": 0.0008928089073648726,
    "adg_w_per_exposure_long": 0.0003068599097318689,
    "adg_w_per_exposure_short": 0.0,
    "calmar_ratio": 0.003729274106265732,
    "calmar_ratio_w": 0.005169230584646774,
    "drawdown_worst": 0.3963869640238616,
    "drawdown_worst_mean_1pct": 0.1808186812689667,
    "equity_balance_diff_neg_max": 0.39666049535684306,
    "equity_balance_diff_neg_mean": 0.0019693368453214235,
    "equity_balance_diff_pos_max": 0.34147660334947383,
    "equity_balance_diff_pos_mean": 0.0005518171298461228,
    "equity_choppiness": 2.456318168082706,
    "equity_choppiness_w": 2.4591537353707804,
    "equity_jerkiness": 0.005161975720795399,
    "equity_jerkiness_w": 0.0035540912701124395,
    "expected_shortfall_1pct": 0.1368237318735917,
    "exponential_fit_error": 0.11538856636270264,
    "exponential_fit_error_w": 0.0126394334880113,
    "gain": 22.473631170797923,
    "gain_per_exposure_long": 7.724224495892051,
    "gain_per_exposure_short": 0.0,
    "loss_profit_ratio": 0.043261742983121104,
    "loss_profit_ratio_long": 0.043261742983121104,
    "loss_profit_ratio_short": 1.0,
    "loss_profit_ratio_w": 0.010653041118145953,
    "mdg": 0.00023417790976882182,
    "mdg_per_exposure_long": 8.048733795113312e-05,
    "mdg_per_exposure_short": 0.0,
    "mdg_w": 0.0001856624185482066,
    "mdg_w_per_exposure_long": 6.381248274555992e-05,
    "mdg_w_per_exposure_short": 0.0,
    "omega_ratio": 3.012989236568114,
    "omega_ratio_w": 2.600507476356467,
    "pnl_ratio_long_short": 1.0,
    "position_held_hours_max": 837.9833333333333,
    "position_held_hours_mean": 7.144565217391304,
    "position_held_hours_median": 1.3,
    "position_unchanged_hours_max": 216.31666666666666,
    "positions_held_per_day": 2.554342667299478,
    "sharpe_ratio": 0.035622212083145414,
    "sharpe_ratio_w": 0.03345765670302713,
    "sortino_ratio": 0.05776553277773651,
    "sortino_ratio_w": 0.04749194884394789,
    "sterling_ratio": 0.008175237373823155,
    "sterling_ratio_w": 0.007547590317699944,
    "volume_pct_per_day_avg": 0.3497615359508906,
    "volume_pct_per_day_avg_w": 0.24796871619333777
}