{
    "adg": 0.05325857993200467,
    "adg_per_exposure_long": 0.0038257725689249816,
    "adg_per_exposure_short": 0.0,
    "adg_w": 0.009396603692611949,
    "adg_w_per_exposure_long": 0.000674994877710793,
    "adg_w_per_exposure_short": 0.0,
    "calmar_ratio": 0.1646113011300245,
    "calmar_ratio_w": 0.050932305073392234,
    "drawdown_worst": 0.3235414553338373,
    "drawdown_worst_mean_1pct": 0.3235414553338373,
    "equity_balance_diff_neg_max": 0.5778881990607264,
    "equity_balance_diff_neg_mean": 0.017471183072338182,
    "equity_balance_diff_pos_max": 1.2240950439162015,
    "equity_balance_diff_pos_mean": 0.015630596503283186,
    "equity_choppiness": 1.0904802448672675,
    "equity_choppiness_w": 1.2873989450080694,
    "equity_jerkiness": 0.08638620774410573,
    "equity_jerkiness_w": 0.01871985866076483,
    "expected_shortfall_1pct": 0.3235414553338374,
    "exponential_fit_error": 1.9649629043764194,
    "exponential_fit_error_w": 0.1987913468781751,
    "gain": 3828.8283094427316,
    "gain_per_exposure_long": 275.03974638623174,
    "gain_per_exposure_short": 0.0,
    "loss_profit_ratio": 0.0012833204059335258,
    "loss_profit_ratio_long": 0.0012833204059335258,
    "loss_profit_ratio_short": 1.0,
    "loss_profit_ratio_w": 0.0003159828346014988,
    "mdg": 0.006198860123983782,
    "mdg_per_exposure_long": 0.0004452884220949488,
    "mdg_per_exposure_short": 0.0,
    "mdg_w": 0.0007740704531895803,
    "mdg_w_per_exposure_long": 5.560451499099062e-05,
    "mdg_w_per_exposure_short": 0.0,
    "omega_ratio": 35.430377924056884,
    "omega_ratio_w": 14.233013097749353,
    "pnl_ratio_long_short": 1.0,
    "position_held_hours_max": 20.166666666666668,
    "position_held_hours_mean": 0.5390151515151516,
    "position_held_hours_median": 0.05,
    "position_unchanged_hours_max": 17.4,
    "positions_held_per_day": 6.918238993710692,
    "sharpe_ratio": 0.18117746684024466,
    "sharpe_ratio_w": 0.12486998993649509,
    "sortino_ratio": 0.6056648001213387,
    "sortino_ratio_w": 0.15554867777116313,
    "sterling_ratio": 0.1646113011300245,
    "sterling_ratio_w": 0.050932305073392234,
    "volume_pct_per_day_avg": 11.624074054990386,
    "volume_pct_per_day_avg_w": 4.434369363252216
}