{
    "adg_btc": -0.0002512820345851319,
    "adg_per_exposure_long_btc": -2.7938851966325538e-05,
    "adg_per_exposure_long_usd": 6.755053954518516e-05,
    "adg_per_exposure_short_btc": 0.0,
    "adg_per_exposure_short_usd": 0.0,
    "adg_pnl": 0.0005686161845799252,
    "adg_pnl_w": -0.002529735416778825,
    "adg_strategy_eq": 0.0006075495526693953,
    "adg_strategy_eq_w": -0.0016421845223864805,
    "adg_usd": 0.0006075495526693953,
    "adg_w_btc": -0.0006634205998150233,
    "adg_w_per_exposure_long_btc": -7.376257502946669e-05,
    "adg_w_per_exposure_long_usd": -0.00018258667137941622,
    "adg_w_per_exposure_short_btc": 0.0,
    "adg_w_per_exposure_short_usd": 0.0,
    "adg_w_usd": -0.0016421845223864695,
    "backtest_completion_ratio": 1.0,
    "calmar_ratio_btc": -0.00028889796166861354,
    "calmar_ratio_strategy_eq": 0.0008327864191887862,
    "calmar_ratio_strategy_eq_w": -0.0022509916467499612,
    "calmar_ratio_usd": 0.0008327864191887884,
    "calmar_ratio_w_btc": -0.0009037542246289304,
    "calmar_ratio_w_usd": -0.002250991646749952,
    "drawdown_worst_btc": 0.8697951108196817,
    "drawdown_worst_ema_strategy_eq": 0.0,
    "drawdown_worst_ema_strategy_eq_long": 0.0,
    "drawdown_worst_ema_strategy_eq_short": 0.0,
    "drawdown_worst_mean_1pct_btc": 0.8064674528164588,
    "drawdown_worst_mean_1pct_ema_strategy_eq": 0.0,
    "drawdown_worst_mean_1pct_ema_strategy_eq_long": 0.0,
    "drawdown_worst_mean_1pct_ema_strategy_eq_short": 0.0,
    "drawdown_worst_mean_1pct_strategy_eq": 0.5440261494985343,
    "drawdown_worst_mean_1pct_strategy_eq_long": 0.0,
    "drawdown_worst_mean_1pct_strategy_eq_short": 0.0,
    "drawdown_worst_mean_1pct_usd": 0.544026149498533,
    "drawdown_worst_strategy_eq": 0.7295382569533335,
    "drawdown_worst_strategy_eq_long": 0.0,
    "drawdown_worst_strategy_eq_short": 0.0,
    "drawdown_worst_usd": 0.7295382569533316,
    "entry_initial_balance_pct_long": 0.09378943199999999,
    "entry_initial_balance_pct_short": 0.0,
    "entry_interval_hours_max": 308.7,
    "entry_interval_hours_mean": 5.801562863118755,
    "entry_interval_hours_median": 1.1666666666666667,
    "entry_interval_hours_p95": 24.783333333333335,
    "entry_interval_hours_p99": 61.08000000000005,
    "equity_balance_diff_neg_max_btc": 0.6288671450553135,
    "equity_balance_diff_neg_max_usd": 0.7288932166964303,
    "equity_balance_diff_neg_mean_btc": 0.12283738218675026,
    "equity_balance_diff_neg_mean_usd": 0.08128516677054466,
    "equity_balance_diff_pos_max_btc": 1.1650238908952357,
    "equity_balance_diff_pos_max_usd": 0.3329498478761917,
    "equity_balance_diff_pos_mean_btc": 0.14959750652468148,
    "equity_balance_diff_pos_mean_usd": 0.026934112454227947,
    "equity_choppiness_btc": 102.56904692226274,
    "equity_choppiness_usd": 10.20160532144879,
    "equity_choppiness_w_btc": 55.17538101446079,
    "equity_choppiness_w_usd": 5.461804079801525,
    "equity_jerkiness_btc": 0.03162621023205323,
    "equity_jerkiness_usd": 0.00517751789377991,
    "equity_jerkiness_w_btc": 0.027421083761382924,
    "equity_jerkiness_w_usd": 0.00790796098522464,
    "expected_shortfall_1pct_btc": 0.1810862103803352,
    "expected_shortfall_1pct_strategy_eq": 0.198618864862455,
    "expected_shortfall_1pct_usd": 0.1986188648624548,
    "exponential_fit_error_btc": 0.2938827312995388,
    "exponential_fit_error_usd": 0.051676460064272664,
    "exponential_fit_error_w_btc": 0.06459139433289114,
    "exponential_fit_error_w_usd": 0.02764589950231685,
    "exposure_mean_ratio_btc": -0.0024862575432826202,
    "exposure_mean_ratio_usd": 0.006011271998557918,
    "exposure_mean_ratio_w_btc": -0.0037972934079720565,
    "exposure_mean_ratio_w_usd": -0.00755613709903261,
    "exposure_ratio_btc": -3.410114309457579e-05,
    "exposure_ratio_usd": 8.244972334305682e-05,
    "exposure_ratio_w_btc": -0.00010429972631705018,
    "exposure_ratio_w_usd": -0.0002609246185202643,
    "gain_btc": 0.5924515081297994,
    "gain_per_exposure_long_btc": 0.06587185992103618,
    "gain_per_exposure_long_usd": 0.3939953194621724,
    "gain_per_exposure_short_btc": 0.0,
    "gain_per_exposure_short_usd": 0.0,
    "gain_strategy_eq": 3.5435939032427584,
    "gain_usd": 3.543593903242779,
    "hard_stop_duration_minutes_max": 0.0,
    "hard_stop_duration_minutes_mean": 0.0,
    "hard_stop_flatten_time_minutes_mean": 0.0,
    "hard_stop_halt_to_restart_equity_loss_pct": 0.0,
    "hard_stop_panic_close_loss_max": 0.0,
    "hard_stop_panic_close_loss_sum": 0.0,
    "hard_stop_post_restart_retrigger_pct": 0.0,
    "hard_stop_restarts": 0,
    "hard_stop_restarts_long": 0,
    "hard_stop_restarts_per_year": 0.0,
    "hard_stop_restarts_per_year_long": 0.0,
    "hard_stop_restarts_per_year_short": 0.0,
    "hard_stop_restarts_short": 0,
    "hard_stop_time_in_orange_pct": 0.0,
    "hard_stop_time_in_red_pct": 0.0,
    "hard_stop_time_in_yellow_pct": 0.0,
    "hard_stop_trigger_drawdown_mean": 0.0,
    "hard_stop_triggers": 0,
    "hard_stop_triggers_long": 0,
    "hard_stop_triggers_per_year": 0.0,
    "hard_stop_triggers_short": 0,
    "high_exposure_days_max_long": 11.639583333333334,
    "high_exposure_days_max_short": 0.0,
    "high_exposure_days_mean_long": 0.21173836707470184,
    "high_exposure_days_mean_short": 0.0,
    "high_exposure_hours_max_long": 279.35,
    "high_exposure_hours_max_short": 0.0,
    "high_exposure_hours_mean_long": 5.081720809792844,
    "high_exposure_hours_mean_short": 0.0,
    "liquidated": false,
    "long_short_profit_ratio": 1.0,
    "loss_profit_ratio": 0.4082918238033458,
    "loss_profit_ratio_long": 0.4082918238033458,
    "loss_profit_ratio_short": 1.0,
    "loss_profit_ratio_w": 2.459299052021669,
    "mdg_btc": 0.0,
    "mdg_per_exposure_long_btc": 0.0,
    "mdg_per_exposure_long_usd": 2.347275868216467e-05,
    "mdg_per_exposure_short_btc": 0.0,
    "mdg_per_exposure_short_usd": 0.0,
    "mdg_pnl": 0.0002823395701360454,
    "mdg_pnl_w": 0.00016110871207556253,
    "mdg_strategy_eq": 0.0002111139915873176,
    "mdg_strategy_eq_w": 8.063732043947177e-05,
    "mdg_usd": 0.00021111399158738904,
    "mdg_w_btc": 0.0,
    "mdg_w_per_exposure_long_btc": 0.0,
    "mdg_w_per_exposure_long_usd": 8.965679390645462e-06,
    "mdg_w_per_exposure_short_btc": 0.0,
    "mdg_w_per_exposure_short_usd": 0.0,
    "mdg_w_usd": 8.063732043946528e-05,
    "omega_ratio_btc": 1.03936207276588,
    "omega_ratio_strategy_eq": 1.642417451526697,
    "omega_ratio_strategy_eq_w": 0.7452766504571142,
    "omega_ratio_usd": 1.6424174515267003,
    "omega_ratio_w_btc": 1.0023769924331383,
    "omega_ratio_w_usd": 0.7452766504571166,
    "paper_loss_mean_ratio_btc": -0.0020456479136221465,
    "paper_loss_mean_ratio_usd": 0.007474297916917767,
    "paper_loss_mean_ratio_w_btc": -0.006186167203195551,
    "paper_loss_mean_ratio_w_usd": -0.0055159318690551065,
    "paper_loss_ratio_btc": -0.0003995788881020804,
    "paper_loss_ratio_usd": 0.000833523400619638,
    "paper_loss_ratio_w_btc": -0.0012200866316738291,
    "paper_loss_ratio_w_usd": -0.002352867667756442,
    "peak_recovery_days_equity_btc": 576.3472222222223,
    "peak_recovery_days_equity_usd": 117.98333333333333,
    "peak_recovery_days_pnl": 25.947222222222223,
    "peak_recovery_days_strategy_eq": 117.98333333333333,
    "peak_recovery_days_strategy_eq_long": 0.0,
    "peak_recovery_days_strategy_eq_short": 0.0,
    "peak_recovery_hours_equity_btc": 13832.333333333334,
    "peak_recovery_hours_equity_usd": 2831.6,
    "peak_recovery_hours_pnl": 622.7333333333333,
    "peak_recovery_hours_strategy_eq": 2831.6,
    "peak_recovery_hours_strategy_eq_long": 0.0,
    "peak_recovery_hours_strategy_eq_short": 0.0,
    "pnl_ratio_long_short": 1.0,
    "position_held_days_max": 12.746527777777779,
    "position_held_days_mean": 0.08335532675947409,
    "position_held_days_median": 0.005555555555555556,
    "position_held_hours_max": 305.9166666666667,
    "position_held_hours_mean": 2.000527842227378,