{"analysis": {"adg": 0.003393980130575347,
              "adg_w": 0.004436721098622675,
              "calmar_ratio": 0.005691626107238327,
              "calmar_ratio_w": 0.01310402788919921,
              "drawdown_worst": 0.5963111537244254,
              "drawdown_worst_mean_1pct": 0.299062920325139,
              "equity_balance_diff_neg_max": 0.604974645311113,
              "equity_balance_diff_neg_mean": 0.013121479815029995,
              "equity_balance_diff_pos_max": 0.13865130749401824,
              "equity_balance_diff_pos_mean": 0.0037621599786463347,
              "equity_choppiness": 1.3437676371225395,
              "equity_choppiness_w": 1.2575720790929732,
              "equity_jerkiness": 0.009209146801231239,
              "equity_jerkiness_w": 0.008735956736277403,
              "expected_shortfall_1pct": 0.2055199083820415,
              "exponential_fit_error": 0.07610919613887446,
              "exponential_fit_error_w": 0.019432893317437045,
              "gain": 126.69540046457182,
              "loss_profit_ratio": 0.18828444842839537,
              "loss_profit_ratio_long": 0.18828444842839537,
              "loss_profit_ratio_short": 1.0,
              "loss_profit_ratio_w": 0.19939737491028683,
              "mdg": 0.0,
              "mdg_w": 2.8120910158001543e-05,
              "omega_ratio": 4.9099336298946215,
              "omega_ratio_w": 12.135920643981342,
              "pnl_ratio_long_short": 1.0,
              "position_held_hours_max": 44.43333333333333,
              "position_held_hours_mean": 1.176037037037037,
              "position_held_hours_median": 0.38333333333333336,
              "position_unchanged_hours_max": 33.233333333333334,
              "positions_held_per_day": 2.5200329004295337,
              "sharpe_ratio": 0.06681866169068368,
              "sharpe_ratio_w": 0.07831986827066523,
              "sortino_ratio": 0.07314291147116049,
              "sortino_ratio_w": 0.0948211044824834,
              "sterling_ratio": 0.011348715938724323,
              "sterling_ratio_w": 0.016874323134727802},
 "backtest": {"base_dir": "backtests/pbgui/DOGE_adg_omega_sharpe_no_grid_entry",
              "cache_dir": {"bybit": "caches/hlcvs_data/0145ffa2e140a3f0"},
              "coins": {"bybit": ["DOGE"]},
              "combine_ohlcvs": false,
              "compress_cache": true,
              "end_date": "2025-05-01",
              "exchanges": ["bybit", "binance"],
              "gap_tolerance_ohlcvs_minutes": 120,
              "start_date": "2020-01-01",
              "starting_balance": 1000,
              "use_btc_collateral": false},
 "bot": {"long": {"close_grid_markup_range": 0,
                  "close_grid_min_markup": 0,
                  "close_grid_qty_pct": 0,
                  "close_trailing_grid_ratio": -1,
                  "close_trailing_qty_pct": 0.12368,
                  "close_trailing_retracement_pct": 0.0089745,
                  "close_trailing_threshold_pct": 0.002789,
                  "ema_span_0": 177.88,
                  "ema_span_1": 135.82,
                  "enforce_exposure_limit": true,
                  "entry_grid_double_down_factor": 0,
                  "entry_grid_spacing_pct": 0,
                  "entry_grid_spacing_weight": 0,
                  "entry_initial_ema_dist": 0.018864,
                  "entry_initial_qty_pct": 0.051403,
                  "entry_trailing_double_down_factor": 2.0126,
                  "entry_trailing_grid_ratio": -0.99427,
                  "entry_trailing_retracement_pct": 0.0034891,
                  "entry_trailing_threshold_pct": 0.02353,
                  "filter_noisiness_rolling_window": 60,
                  "filter_volume_drop_pct": 0,
                  "filter_volume_rolling_window": 60,
                  "n_positions": 1,
                  "total_wallet_exposure_limit": 2.1454,
                  "unstuck_close_pct": 0.0068711,
                  "unstuck_ema_dist": 0.0070247,
                  "unstuck_loss_allowance_pct": 0.10969,
                  "unstuck_threshold": 0.6897},
         "short": {"close_grid_markup_range": 0.02,
                   "close_grid_min_markup": 0.02,
                   "close_grid_qty_pct": 0.1,
                   "close_trailing_grid_ratio": 0,
                   "close_trailing_qty_pct": 0.1,
                   "close_trailing_retracement_pct": 0.003,
                   "close_trailing_threshold_pct": 0,
                   "ema_span_0": 200,
                   "ema_span_1": 200,
                   "enforce_exposure_limit": true,
                   "entry_grid_double_down_factor": 0.6,
                   "entry_grid_spacing_pct": 0.01,
                   "entry_grid_spacing_weight": 0.2,
                   "entry_initial_ema_dist": 0,
                   "entry_initial_qty_pct": 0.025,
                   "entry_trailing_double_down_factor": 0.1,
                   "entry_trailing_grid_ratio": 0,
                   "entry_trailing_retracement_pct": 0,
                   "entry_trailing_threshold_pct": 0,
                   "filter_noisiness_rolling_window": 60,
                   "filter_volume_drop_pct": 0.53,
                   "filter_volume_rolling_window": 60,
                   "n_positions": 0,
                   "total_wallet_exposure_limit": 0,
                   "unstuck_close_pct": 0.005,
                   "unstuck_ema_dist": 0,
                   "unstuck_loss_allowance_pct": 0.01,
                   "unstuck_threshold": 0.55}},
 "disable_plotting": false,
 "live": {"approved_coins": {"long": ["DOGEUSDT"], "short": []},
          "auto_gs": true,
          "coin_flags": {},
          "empty_means_all_approved": false,
          "execution_delay_seconds": 2,
          "filter_by_min_effective_cost": true,
          "forced_mode_long": "",
          "forced_mode_short": "",
          "ignored_coins": {"long": [], "short": []},
          "leverage": 10,
          "market_orders_allowed": true,
          "max_n_cancellations_per_batch": 5,
          "max_n_creations_per_batch": 3,
          "max_n_restarts_per_day": 10,
          "minimum_coin_age_days": 30,
          "ohlcvs_1m_rolling_window_days": 4,
          "ohlcvs_1m_update_after_minutes": 10,
          "pnls_max_lookback_days": 30,
          "price_distance_threshold": 0.002,
          "time_in_force": "good_till_cancelled",
          "user": "bybit_01"},
 "optimize": {"bounds": {"long_close_grid_markup_range": [0, 0],
                         "long_close_grid_min_markup": [0, 0],
                         "long_close_grid_qty_pct": [0, 0],
                         "long_close_trailing_grid_ratio": [-1, -1],
                         "long_close_trailing_qty_pct": [0.1, 0.25],
                         "long_close_trailing_retracement_pct": [0.003, 0.01],
                         "long_close_trailing_threshold_pct": [0.001, 0.005],
                         "long_ema_span_0": [100, 800],
                         "long_ema_span_1": [100, 800],
                         "long_entry_grid_double_down_factor": [0, 0],
                         "long_entry_grid_spacing_pct": [0, 0],
                         "long_entry_grid_spacing_weight": [0, 0],
                         "long_entry_initial_ema_dist": [-0.001, 0.02],
                         "long_entry_initial_qty_pct": [0.01, 0.2],
                         "long_entry_trailing_double_down_factor": [0.6, 3],
                         "long_entry_trailing_grid_ratio": [-1, -0.6],
                         "long_entry_trailing_retracement_pct": [0, 0.15],
                         "long_entry_trailing_threshold_pct": [-0.1, 0.1],
                         "long_filter_noisiness_rolling_window": [60, 60],
                         "long_filter_volume_drop_pct": [0, 0],
                         "long_filter_volume_rolling_window": [60, 60],
                         "long_n_positions": [1, 1],
                         "long_total_wallet_exposure_limit": [1, 2.2],