{"analysis": {"adg": 0.04704310790833932,
              "adg_per_exposure_long": 0.00522701198981548,
              "adg_per_exposure_short": 0.0,
              "adg_w": 0.02165081758469689,
              "adg_w_per_exposure_long": 0.0024056463982996545,
              "adg_w_per_exposure_short": 0.0,
              "calmar_ratio": 0.13508901919321276,
              "calmar_ratio_w": 0.11774019274793775,
              "drawdown_worst": 0.34823783745927805,
              "drawdown_worst_mean_1pct": 0.34823783745927805,
              "equity_balance_diff_neg_max": 0.4206644637873161,
              "equity_balance_diff_neg_mean": 0.011945796494384844,
              "equity_balance_diff_pos_max": 0.9567192678048264,
              "equity_balance_diff_pos_mean": 0.007635979781019089,
              "equity_choppiness": 1.376660863508697,
              "equity_choppiness_w": 1.4442832823660614,
              "equity_jerkiness": 0.07539203983952725,
              "equity_jerkiness_w": 0.03948475939976762,
              "expected_shortfall_1pct": 0.3482378374592781,
              "exponential_fit_error": 0.41363225034214357,
              "exponential_fit_error_w": 0.04516290667524346,
              "gain": 2259.6776359463497,
              "gain_per_exposure_long": 251.07529288292776,
              "gain_per_exposure_short": 0.0,
              "loss_profit_ratio": 0.08450962687293037,
              "loss_profit_ratio_long": 0.08450962687293037,
              "loss_profit_ratio_short": 1.0,
              "loss_profit_ratio_w": 0.07106997880199782,
              "mdg": 0.006498802993529081,
              "mdg_per_exposure_long": 0.0007220892215032312,
              "mdg_per_exposure_short": 0.0,
              "mdg_w": 0.0046925978642721146,
              "mdg_w_per_exposure_long": 0.0005213997626969016,
              "mdg_w_per_exposure_short": 0.0,
              "omega_ratio": 17.559529857351887,
              "omega_ratio_w": 8.492019551029914,
              "pnl_ratio_long_short": 1.0,
              "position_held_hours_max": 26.783333333333335,
              "position_held_hours_mean": 1.2893858477970628,
              "position_held_hours_median": 0.3,
              "position_unchanged_hours_max": 21.4,
              "positions_held_per_day": 4.458333333333333,
              "sharpe_ratio": 0.14798209640521529,
              "sharpe_ratio_w": 0.20745091633897422,
              "sortino_ratio": 0.42290624403501603,
              "sortino_ratio_w": 0.2954780536556959,
              "sterling_ratio": 0.13508901919321276,
              "sterling_ratio_w": 0.11774019274793775,
              "volume_pct_per_day_avg": 8.486784959181998,
              "volume_pct_per_day_avg_w": 5.26317175998807},
 "backtest": {"base_dir": "backtests/pbgui/HYPE_adg_sharpe_omega_twe9_trgr",
              "cache_dir": {"bybit": "caches/hlcvs_data/6d4dcf4311d45290"},
              "coins": {"bybit": ["HYPE"]},
              "combine_ohlcvs": false,
              "compress_cache": true,
              "end_date": "2025-06-21",
              "exchanges": ["binance", "bybit"],
              "gap_tolerance_ohlcvs_minutes": 120,
              "start_date": "2020-01-01",
              "starting_balance": 1000,
              "use_btc_collateral": false},
 "bot": {"long": {"close_grid_markup_end": 0.029183,
                  "close_grid_markup_start": 0.0076128,
                  "close_grid_qty_pct": 0.20678,
                  "close_trailing_grid_ratio": -0.3232,
                  "close_trailing_qty_pct": 0.20215,
                  "close_trailing_retracement_pct": 0.0041667,
                  "close_trailing_threshold_pct": 0.0032118,
                  "ema_span_0": 491.99,
                  "ema_span_1": 568.74,
                  "enforce_exposure_limit": true,
                  "entry_grid_double_down_factor": 8.6264,
                  "entry_grid_spacing_pct": 0.04171,
                  "entry_grid_spacing_weight": 0.3355,
                  "entry_initial_ema_dist": 0.019987,
                  "entry_initial_qty_pct": 0.030232,
                  "entry_trailing_double_down_factor": 1.1008,
                  "entry_trailing_grid_ratio": -0.032034,
                  "entry_trailing_retracement_pct": 0.014789,
                  "entry_trailing_threshold_pct": -0.0094414,
                  "filter_noisiness_rolling_window": 60,
                  "filter_volume_drop_pct": 0,
                  "filter_volume_rolling_window": 60,
                  "n_positions": 1,
                  "total_wallet_exposure_limit": 9,
                  "unstuck_close_pct": 0.016093,
                  "unstuck_ema_dist": -0.092406,
                  "unstuck_loss_allowance_pct": 0.10759,
                  "unstuck_threshold": 0.58972},
         "short": {"close_grid_markup_end": 0.001,
                   "close_grid_markup_start": 0.001,
                   "close_grid_qty_pct": 0.1,
                   "close_trailing_grid_ratio": -1,
                   "close_trailing_qty_pct": 0.1,
                   "close_trailing_retracement_pct": 0.003,
                   "close_trailing_threshold_pct": -0.001,
                   "ema_span_0": 200,
                   "ema_span_1": 200,
                   "enforce_exposure_limit": true,
                   "entry_grid_double_down_factor": 0.6,
                   "entry_grid_spacing_pct": 0.01,
                   "entry_grid_spacing_weight": 0.2,
                   "entry_initial_ema_dist": -0.001,
                   "entry_initial_qty_pct": 0.025,
                   "entry_trailing_double_down_factor": 0.1,
                   "entry_trailing_grid_ratio": -1,
                   "entry_trailing_retracement_pct": 0,
                   "entry_trailing_threshold_pct": -0.1,
                   "filter_noisiness_rolling_window": 60,
                   "filter_volume_drop_pct": 0.53,
                   "filter_volume_rolling_window": 60,
                   "n_positions": 0,
                   "total_wallet_exposure_limit": 0,
                   "unstuck_close_pct": 0.005,
                   "unstuck_ema_dist": -0.1,
                   "unstuck_loss_allowance_pct": 0.01,
                   "unstuck_threshold": 0.55}},
 "disable_plotting": false,
 "live": {"approved_coins": {"long": ["HYPEUSDT"], "short": []},
          "auto_gs": true,
          "coin_flags": {},
          "empty_means_all_approved": false,
          "execution_delay_seconds": 2,
          "filter_by_min_effective_cost": true,
          "forced_mode_long": "",
          "forced_mode_short": "",
          "ignored_coins": {"long": [], "short": []},
          "leverage": 10,
          "market_orders_allowed": true,
          "max_n_cancellations_per_batch": 5,
          "max_n_creations_per_batch": 3,
          "max_n_restarts_per_day": 10,
          "mimic_backtest_1m_delay": false,
          "minimum_coin_age_days": 30,
          "ohlcvs_1m_rolling_window_days": 4,
          "ohlcvs_1m_update_after_minutes": 10,
          "pnls_max_lookback_days": 30,
          "price_distance_threshold": 0.002,
          "time_in_force": "good_till_cancelled",
          "user": "bybit_01"},
 "optimize": {"bounds": {"long_close_grid_markup_end": [0.001, 0.03],
                         "long_close_grid_markup_start": [0.001, 0.03],
                         "long_close_grid_qty_pct": [0.05, 0.4],
                         "long_close_trailing_grid_ratio": [-1, 1],
                         "long_close_trailing_qty_pct": [0.05, 0.25],
                         "long_close_trailing_retracement_pct": [0.003, 0.01],
                         "long_close_trailing_threshold_pct": [0.001, 0.005],
                         "long_ema_span_0": [100, 800],
                         "long_ema_span_1": [100, 800],
                         "long_entry_grid_double_down_factor": [0.4, 10],
                         "long_entry_grid_spacing_pct": [0.01, 0.12],
                         "long_entry_grid_spacing_weight": [0.2, 2],