{
    "adg": 0.0074471085119351965,
    "adg_per_exposure_long": 0.004699084119090861,
    "adg_per_exposure_short": 0.0,
    "adg_w": 0.004725419141760767,
    "adg_w_per_exposure_long": 0.0029817132393745375,
    "adg_w_per_exposure_short": 0.0,
    "calmar_ratio": 0.010566051952307727,
    "calmar_ratio_w": 0.010275080960497208,
    "drawdown_worst": 0.7048146787039672,
    "drawdown_worst_mean_1pct": 0.34594277850401306,
    "equity_balance_diff_neg_max": 0.7343635383097741,
    "equity_balance_diff_neg_mean": 0.047221260964346166,
    "equity_balance_diff_pos_max": 0.17339504565659603,
    "equity_balance_diff_pos_mean": 0.0051813746182152905,
    "equity_choppiness": 1.950696627116415,
    "equity_choppiness_w": 1.9983669385500953,
    "equity_jerkiness": 0.015669348820266576,
    "equity_jerkiness_w": 0.014956756855503673,
    "expected_shortfall_1pct": 0.3075758595352265,
    "exponential_fit_error": 2.5405366043138233,
    "exponential_fit_error_w": 0.26689878166206815,
    "gain": 410362.5677133929,
    "gain_per_exposure_long": 258936.50158593696,
    "gain_per_exposure_short": 0.0,
    "loss_profit_ratio": 0.18291461083138041,
    "loss_profit_ratio_long": 0.18291461083138041,
    "loss_profit_ratio_short": 1.0,
    "loss_profit_ratio_w": 0.16345543210282024,
    "mdg": 0.0,
    "mdg_per_exposure_long": 0.0,
    "mdg_per_exposure_short": 0.0,
    "mdg_w": 0.0,
    "mdg_w_per_exposure_long": 0.0,
    "mdg_w_per_exposure_short": 0.0,
    "omega_ratio": 6.471530019805038,
    "omega_ratio_w": 3.5273718655858906,
    "pnl_ratio_long_short": 1.0,
    "position_held_hours_max": 203.23333333333332,
    "position_held_hours_mean": 0.8130450258053035,
    "position_held_hours_median": 0.16666666666666666,
    "position_unchanged_hours_max": 115.83333333333333,
    "positions_held_per_day": 2.1504018369690012,
    "sharpe_ratio": 0.07568917926073991,
    "sharpe_ratio_w": 0.08063151506350597,
    "sortino_ratio": 0.09402933178068174,
    "sortino_ratio_w": 0.07332134238167864,
    "sterling_ratio": 0.021526995141044135,
    "sterling_ratio_w": 0.013091714093533425,
    "volume_pct_per_day_avg": 3.6014655915499634,
    "volume_pct_per_day_avg_w": 2.851383554098781
}