{
    "adg": 0.023598629035651575,
    "adg_per_exposure_long": 0.004721992363464778,
    "adg_per_exposure_short": 0.0,
    "adg_w": 0.010711293266943468,
    "adg_w_per_exposure_long": 0.0021432874313557443,
    "adg_w_per_exposure_short": 0.0,
    "calmar_ratio": 0.09652169581913368,
    "calmar_ratio_w": 0.05190133595272535,
    "drawdown_worst": 0.2444904105277186,
    "drawdown_worst_mean_1pct": 0.22996663190810462,
    "equity_balance_diff_neg_max": 0.2630275208489595,
    "equity_balance_diff_neg_mean": 0.020842590305976978,
    "equity_balance_diff_pos_max": 0.5610631926223135,
    "equity_balance_diff_pos_mean": 0.007561674941671344,
    "equity_choppiness": 1.5944972492331937,
    "equity_choppiness_w": 1.736424745218536,
    "equity_jerkiness": 0.040742778152104885,
    "equity_jerkiness_w": 0.026934454779132207,
    "expected_shortfall_1pct": 0.22996663190810462,
    "exponential_fit_error": 0.3143111596179598,
    "exponential_fit_error_w": 0.03320533568934539,
    "gain": 543.272592371153,
    "gain_per_exposure_long": 108.70669768912137,
    "gain_per_exposure_short": 0.0,
    "loss_profit_ratio": 0.03650698387342226,
    "loss_profit_ratio_long": 0.03650698387342226,
    "loss_profit_ratio_short": 1.0,
    "loss_profit_ratio_w": 0.05160546473470987,
    "mdg": 0.010857289870798358,
    "mdg_per_exposure_long": 0.0021725007745314467,
    "mdg_per_exposure_short": 0.0,
    "mdg_w": 0.0035162656887038034,
    "mdg_w_per_exposure_long": 0.0007035908613542106,
    "mdg_w_per_exposure_short": 0.0,
    "omega_ratio": 9.966624271495293,
    "omega_ratio_w": 5.301646199497696,
    "pnl_ratio_long_short": 1.0,
    "position_held_hours_max": 112.43333333333334,
    "position_held_hours_mean": 2.26090458488228,
    "position_held_hours_median": 0.6,
    "position_unchanged_hours_max": 87.16666666666667,
    "positions_held_per_day": 2.988896576380083,
    "sharpe_ratio": 0.19512088119057985,
    "sharpe_ratio_w": 0.13671727468286554,
    "sortino_ratio": 0.3503275938698217,
    "sortino_ratio_w": 0.16301770058277992,
    "sterling_ratio": 0.10261762256483219,
    "sterling_ratio_w": 0.05251092862729519,
    "volume_pct_per_day_avg": 8.2082709840015,
    "volume_pct_per_day_avg_w": 4.916406856609913
}