{"analysis": {"adg": 0.023598629035651575,
              "adg_per_exposure_long": 0.004721992363464778,
              "adg_per_exposure_short": 0.0,
              "adg_w": 0.010711293266943468,
              "adg_w_per_exposure_long": 0.0021432874313557443,
              "adg_w_per_exposure_short": 0.0,
              "calmar_ratio": 0.09652169581913368,
              "calmar_ratio_w": 0.05190133595272535,
              "drawdown_worst": 0.2444904105277186,
              "drawdown_worst_mean_1pct": 0.22996663190810462,
              "equity_balance_diff_neg_max": 0.2630275208489595,
              "equity_balance_diff_neg_mean": 0.020842590305976978,
              "equity_balance_diff_pos_max": 0.5610631926223135,
              "equity_balance_diff_pos_mean": 0.007561674941671344,
              "equity_choppiness": 1.5944972492331937,
              "equity_choppiness_w": 1.736424745218536,
              "equity_jerkiness": 0.040742778152104885,
              "equity_jerkiness_w": 0.026934454779132207,
              "expected_shortfall_1pct": 0.22996663190810462,
              "exponential_fit_error": 0.3143111596179598,
              "exponential_fit_error_w": 0.03320533568934539,
              "gain": 543.272592371153,
              "gain_per_exposure_long": 108.70669768912137,
              "gain_per_exposure_short": 0.0,
              "loss_profit_ratio": 0.03650698387342226,
              "loss_profit_ratio_long": 0.03650698387342226,
              "loss_profit_ratio_short": 1.0,
              "loss_profit_ratio_w": 0.05160546473470987,
              "mdg": 0.010857289870798358,
              "mdg_per_exposure_long": 0.0021725007745314467,
              "mdg_per_exposure_short": 0.0,
              "mdg_w": 0.0035162656887038034,
              "mdg_w_per_exposure_long": 0.0007035908613542106,
              "mdg_w_per_exposure_short": 0.0,
              "omega_ratio": 9.966624271495293,
              "omega_ratio_w": 5.301646199497696,
              "pnl_ratio_long_short": 1.0,
              "position_held_hours_max": 112.43333333333334,
              "position_held_hours_mean": 2.26090458488228,
              "position_held_hours_median": 0.6,
              "position_unchanged_hours_max": 87.16666666666667,
              "positions_held_per_day": 2.988896576380083,
              "sharpe_ratio": 0.19512088119057985,
              "sharpe_ratio_w": 0.13671727468286554,
              "sortino_ratio": 0.3503275938698217,
              "sortino_ratio_w": 0.16301770058277992,
              "sterling_ratio": 0.10261762256483219,
              "sterling_ratio_w": 0.05251092862729519,
              "volume_pct_per_day_avg": 8.2082709840015,
              "volume_pct_per_day_avg_w": 4.916406856609913},
 "backtest": {"base_dir": "backtests/pbgui/HYPE_adg_w_sharpe_lpr_gain_48_dd25_dd175",
              "cache_dir": {"bybit": "caches/hlcvs_data/f272b35e093e8d4b"},
              "coins": {"bybit": ["HYPE"]},
              "combine_ohlcvs": false,
              "compress_cache": true,
              "end_date": "2025-10-01",
              "exchanges": ["bybit"],
              "gap_tolerance_ohlcvs_minutes": 120,
              "start_date": "2020-01-01",
              "starting_balance": 1000,
              "use_btc_collateral": false},
 "bot": {"long": {"close_grid_markup_end": 0.0077432,
                  "close_grid_markup_start": 0.0048012,
                  "close_grid_qty_pct": 0.25303,
                  "close_trailing_grid_ratio": -0.94881,
                  "close_trailing_qty_pct": 0.1401,
                  "close_trailing_retracement_pct": 0.0064656,
                  "close_trailing_threshold_pct": 0.0049862,
                  "ema_span_0": 439.97,
                  "ema_span_1": 442.22,
                  "enforce_exposure_limit": true,
                  "entry_grid_double_down_factor": 1.4872,
                  "entry_grid_spacing_pct": 0.040516,
                  "entry_grid_spacing_weight": 1.1833,
                  "entry_initial_ema_dist": 0.018568,
                  "entry_initial_qty_pct": 0.18888,
                  "entry_trailing_double_down_factor": 0.40934,
                  "entry_trailing_grid_ratio": 0.061809,
                  "entry_trailing_retracement_pct": 0.0271,
                  "entry_trailing_threshold_pct": -0.088879,
                  "filter_noisiness_rolling_window": 60,
                  "filter_volume_drop_pct": 0,
                  "filter_volume_rolling_window": 60,
                  "n_positions": 1,
                  "total_wallet_exposure_limit": 4.9976,
                  "unstuck_close_pct": 0.043416,
                  "unstuck_ema_dist": 0.0072599,
                  "unstuck_loss_allowance_pct": 0.095426,
                  "unstuck_threshold": 0.79246},
         "short": {"close_grid_markup_end": 0.001,
                   "close_grid_markup_start": 0.001,
                   "close_grid_qty_pct": 0.05,
                   "close_trailing_grid_ratio": -1,
                   "close_trailing_qty_pct": 0.05,
                   "close_trailing_retracement_pct": 0,
                   "close_trailing_threshold_pct": -0.1,
                   "ema_span_0": 200,
                   "ema_span_1": 200,
                   "enforce_exposure_limit": true,
                   "entry_grid_double_down_factor": 0.1,
                   "entry_grid_spacing_pct": 0.01,
                   "entry_grid_spacing_weight": 0.2,
                   "entry_initial_ema_dist": -0.1,
                   "entry_initial_qty_pct": 0.025,
                   "entry_trailing_double_down_factor": 0.1,
                   "entry_trailing_grid_ratio": -1,
                   "entry_trailing_retracement_pct": 0,
                   "entry_trailing_threshold_pct": -0.1,
                   "filter_noisiness_rolling_window": 10,
                   "filter_volume_drop_pct": 0,
                   "filter_volume_rolling_window": 10,
                   "n_positions": 0,
                   "total_wallet_exposure_limit": 0,
                   "unstuck_close_pct": 0.005,
                   "unstuck_ema_dist": -0.1,
                   "unstuck_loss_allowance_pct": 0.01,
                   "unstuck_threshold": 0.7}},
 "coin_overrides": {},
 "disable_plotting": false,
 "live": {"approved_coins": {"long": ["HYPE"], "short": []},
          "auto_gs": true,
          "base_config_path": "/home/mani/software/pbgui/data/bt_v7/HYPE_adg_w_sharpe_lpr_gain_48_dd25_dd175/backtest.json",
          "empty_means_all_approved": false,
          "execution_delay_seconds": 2,
          "filter_by_min_effective_cost": true,
          "forced_mode_long": "",
          "forced_mode_short": "",
          "ignored_coins": {"long": [], "short": []},
          "leverage": 10,
          "market_orders_allowed": true,
          "max_n_cancellations_per_batch": 5,
          "max_n_creations_per_batch": 3,
          "max_n_restarts_per_day": 10,
          "mimic_backtest_1m_delay": false,
          "minimum_coin_age_days": 30,
          "ohlcvs_1m_rolling_window_days": 4,
          "ohlcvs_1m_update_after_minutes": 10,
          "pnls_max_lookback_days": 30,
          "price_distance_threshold": 0.002,
          "time_in_force": "good_till_cancelled",
          "user": "bybit_01"},
 "optimize": {"bounds": {"long_close_grid_markup_end": [0.001, 0.03],
                         "long_close_grid_markup_start": [0.001, 0.03],
                         "long_close_grid_qty_pct": [0.05, 0.4],
                         "long_close_trailing_grid_ratio": [-1, 1],
                         "long_close_trailing_qty_pct": [0.05, 0.25],
                         "long_close_trailing_retracement_pct": [0.003, 0.01],
                         "long_close_trailing_threshold_pct": [0.001, 0.005],
                         "long_ema_span_0": [1, 800],
                         "long_ema_span_1": [1, 800],
                         "long_entry_grid_double_down_factor": [0, 1.5],