{
    "adg": 0.01569548103802676,
    "adg_per_exposure_long": 0.005231827012675587,
    "adg_per_exposure_short": 0.0,
    "adg_w": 0.003234057649020361,
    "adg_w_per_exposure_long": 0.0010780192163401205,
    "adg_w_per_exposure_short": 0.0,
    "calmar_ratio": 0.0666863092656837,
    "calmar_ratio_w": 0.013749450392986997,
    "drawdown_worst": 0.23536286849366161,
    "drawdown_worst_mean_1pct": 0.22158900205991186,
    "equity_balance_diff_neg_max": 0.20807007064394786,
    "equity_balance_diff_neg_mean": 0.005637100195833328,
    "equity_balance_diff_pos_max": 0.4269598538780697,
    "equity_balance_diff_pos_mean": 0.0024558892592300586,
    "equity_choppiness": 1.5056410247663323,
    "equity_choppiness_w": 35.81686573344935,
    "equity_jerkiness": 0.028012004413698173,
    "equity_jerkiness_w": 0.013500469720681418,
    "expected_shortfall_1pct": 0.18104285480860022,
    "exponential_fit_error": 0.2474773688138887,
    "exponential_fit_error_w": 0.025814895536283976,
    "gain": 67.0116729581713,
    "gain_per_exposure_long": 22.337224319390433,
    "gain_per_exposure_short": 0.0,
    "loss_profit_ratio": 0.12150466047017704,
    "loss_profit_ratio_long": 0.12150466047017704,
    "loss_profit_ratio_short": 1.0,
    "loss_profit_ratio_w": 0.5340775812528271,
    "mdg": 0.002605088551746096,
    "mdg_per_exposure_long": 0.000868362850582032,
    "mdg_per_exposure_short": 0.0,
    "mdg_w": 0.001263610952139556,
    "mdg_w_per_exposure_long": 0.00042120365071318536,
    "mdg_w_per_exposure_short": 0.0,
    "omega_ratio": 12.109334370274889,
    "omega_ratio_w": 3.119205069868738,
    "pnl_ratio_long_short": 1.0,
    "position_held_hours_max": 66.11666666666666,
    "position_held_hours_mean": 3.231016731016731,
    "position_held_hours_median": 1.1666666666666667,
    "position_unchanged_hours_max": 51.11666666666667,
    "positions_held_per_day": 2.8777851794886304,
    "sharpe_ratio": 0.175388148450404,
    "sharpe_ratio_w": 0.06437909769974795,
    "sortino_ratio": 0.30593333101471615,
    "sortino_ratio_w": 0.07242694208355226,
    "sterling_ratio": 0.07083149836914339,
    "sterling_ratio_w": 0.014163969303332972,
    "volume_pct_per_day_avg": 2.1404789339261265,
    "volume_pct_per_day_avg_w": 1.2551914302296192
}