{
    "adg": 0.0037599308848024204,
    "adg_per_exposure_long": 0.000523565166235333,
    "adg_per_exposure_short": 0.0,
    "adg_w": 0.002226784610418253,
    "adg_w_per_exposure_long": 0.00031007667173785794,
    "adg_w_per_exposure_short": 0.0,
    "calmar_ratio": 0.012841902457785635,
    "calmar_ratio_w": 0.009163130328742799,
    "drawdown_worst": 0.29278612706818175,
    "drawdown_worst_mean_1pct": 0.16894182169165473,
    "equity_balance_diff_neg_max": 0.2923572151745736,
    "equity_balance_diff_neg_mean": 0.001762035690660808,
    "equity_balance_diff_pos_max": 1.1138671901639838,
    "equity_balance_diff_pos_mean": 0.007911030996192185,
    "equity_choppiness": 1.57913455140124,
    "equity_choppiness_w": 1.5788611011365568,
    "equity_jerkiness": 0.008158094790172246,
    "equity_jerkiness_w": 0.005735455167897443,
    "expected_shortfall_1pct": 0.13878372721579413,
    "exponential_fit_error": 0.6371859843468382,
    "exponential_fit_error_w": 0.08215045852586918,
    "gain": 884.6632494646218,
    "gain_per_exposure_long": 123.18813176603751,
    "gain_per_exposure_short": 0.0,
    "loss_profit_ratio": 0.013947097885343695,
    "loss_profit_ratio_long": 0.013947097885343695,
    "loss_profit_ratio_short": 1.0,
    "loss_profit_ratio_w": 0.026228829209029487,
    "mdg": 0.0002478607649616614,
    "mdg_per_exposure_long": 3.451426810394372e-05,
    "mdg_per_exposure_short": 0.0,
    "mdg_w": 0.00022442693663296743,
    "mdg_w_per_exposure_long": 3.125113997729794e-05,
    "mdg_w_per_exposure_short": 0.0,
    "omega_ratio": 15.795285624266803,
    "omega_ratio_w": 7.798949201590846,
    "pnl_ratio_long_short": 1.0,
    "position_held_hours_max": 142.81666666666666,
    "position_held_hours_mean": 0.7866612285430558,
    "position_held_hours_median": 0.05,
    "position_unchanged_hours_max": 142.81666666666666,
    "positions_held_per_day": 7.79925292657543,
    "sharpe_ratio": 0.02629418519257489,
    "sharpe_ratio_w": 0.034414340827934,
    "sortino_ratio": 0.139694663970834,
    "sortino_ratio_w": 0.07499765433409854,
    "sterling_ratio": 0.022255773302035792,
    "sterling_ratio_w": 0.011987820418223221,
    "volume_pct_per_day_avg": 1.2615990273289988,
    "volume_pct_per_day_avg_w": 1.0749959658726518
}