{
    "adg": 0.004286736934959512,
    "adg_per_exposure_long": 0.0002944389679895262,
    "adg_per_exposure_short": 0.0,
    "adg_w": 0.0030727529923511463,
    "adg_w_per_exposure_long": 0.00021105522304767818,
    "adg_w_per_exposure_short": 0.0,
    "calmar_ratio": 0.008589696265635435,
    "calmar_ratio_w": 0.008979006509651354,
    "drawdown_worst": 0.4990557060916513,
    "drawdown_worst_mean_1pct": 0.34356351043145017,
    "equity_balance_diff_neg_max": 0.5018318445974513,
    "equity_balance_diff_neg_mean": 0.01392473636009644,
    "equity_balance_diff_pos_max": 0.1246676584978115,
    "equity_balance_diff_pos_mean": 0.0005427111884534237,
    "equity_choppiness": 3.643224000750474,
    "equity_choppiness_w": 3.842043363649329,
    "equity_jerkiness": 0.0198466951696761,
    "equity_jerkiness_w": 0.01862728061603091,
    "expected_shortfall_1pct": 0.25270678676475006,
    "exponential_fit_error": 0.4427492106480364,
    "exponential_fit_error_w": 0.04790327807078425,
    "gain": 7534.887143656055,
    "gain_per_exposure_long": 517.5415305760049,
    "gain_per_exposure_short": 0.0,
    "loss_profit_ratio": 0.0,
    "loss_profit_ratio_long": 0.0,
    "loss_profit_ratio_short": 1.0,
    "loss_profit_ratio_w": 0.0,
    "mdg": 0.0018773994971495365,
    "mdg_per_exposure_long": 0.0001289511296895073,
    "mdg_per_exposure_short": 0.0,
    "mdg_w": 0.0013339562642613193,
    "mdg_w_per_exposure_long": 9.162416816136544e-05,
    "mdg_w_per_exposure_short": 0.0,
    "omega_ratio": 2.1480196886345064,
    "omega_ratio_w": 1.8447607777131125,
    "pnl_ratio_long_short": 1.0,
    "position_held_hours_max": 831.2666666666667,
    "position_held_hours_mean": 9.656908813817628,
    "position_held_hours_median": 0.95,
    "position_unchanged_hours_max": 347.55,
    "positions_held_per_day": 1.8864398658361283,
    "sharpe_ratio": 0.06061652751717577,
    "sharpe_ratio_w": 0.052194516740621144,
    "sortino_ratio": 0.09031313269041902,
    "sortino_ratio_w": 0.07624029116162029,
    "sterling_ratio": 0.012477276558200807,
    "sterling_ratio_w": 0.0108451203570458,
    "volume_pct_per_day_avg": 1.9784657156274759,
    "volume_pct_per_day_avg_w": 1.5492954188049222
}