{"analysis": {"adg": 0.02350312785715225,
              "adg_per_exposure_long": 0.0026114586507946947,
              "adg_per_exposure_short": 0.0,
              "adg_w": 0.010619276146737388,
              "adg_w_per_exposure_long": 0.0011799195718597097,
              "adg_w_per_exposure_short": 0.0,
              "calmar_ratio": 0.07959516740366468,
              "calmar_ratio_w": 0.10063277118211211,
              "drawdown_worst": 0.2952833522914374,
              "drawdown_worst_mean_1pct": 0.29269108077341177,
              "equity_balance_diff_neg_max": 0.3133599216321572,
              "equity_balance_diff_neg_mean": 0.025620457352237697,
              "equity_balance_diff_pos_max": 0.47026817892757394,
              "equity_balance_diff_pos_mean": 0.005844321390626373,
              "equity_choppiness": 1.4076459567746968,
              "equity_choppiness_w": 1.3730744978628797,
              "equity_jerkiness": 0.04112240954230382,
              "equity_jerkiness_w": 0.02177632291711678,
              "expected_shortfall_1pct": 0.2819569543133248,
              "exponential_fit_error": 0.3245662066530798,
              "exponential_fit_error_w": 0.035602444899123016,
              "gain": 529.757408410981,
              "gain_per_exposure_long": 58.86193426788678,
              "gain_per_exposure_short": 0.0,
              "loss_profit_ratio": 0.030647302129885402,
              "loss_profit_ratio_long": 0.030647302129885402,
              "loss_profit_ratio_short": 1.0,
              "loss_profit_ratio_w": 0.01857439638641573,
              "mdg": 0.0072327834758549574,
              "mdg_per_exposure_long": 0.0008036426084283286,
              "mdg_per_exposure_short": 0.0,
              "mdg_w": 0.0013941670622932133,
              "mdg_w_per_exposure_long": 0.00015490745136591258,
              "mdg_w_per_exposure_short": 0.0,
              "omega_ratio": 9.609590229656773,
              "omega_ratio_w": 8.692081955094963,
              "pnl_ratio_long_short": 1.0,
              "position_held_hours_max": 34.9,
              "position_held_hours_mean": 2.264788312462731,
              "position_held_hours_median": 0.5166666666666667,
              "position_unchanged_hours_max": 28.916666666666668,
              "positions_held_per_day": 2.070375695410739,
              "sharpe_ratio": 0.16583914414640707,
              "sharpe_ratio_w": 0.18785433472926288,
              "sortino_ratio": 0.2739567017322744,
              "sortino_ratio_w": 0.31219781799201984,
              "sterling_ratio": 0.08030011640616856,
              "sterling_ratio_w": 0.10070326608236249,
              "volume_pct_per_day_avg": 9.3822891995905,
              "volume_pct_per_day_avg_w": 5.59258940330494},
 "backtest": {"base_dir": "backtests/pbgui/HYPE_cpt_adg_omega_sharpe_grtr_100tr",
              "cache_dir": {"bybit": "caches/hlcvs_data/f272b35e093e8d4b"},
              "coins": {"bybit": ["HYPE"]},
              "combine_ohlcvs": false,
              "compress_cache": true,
              "end_date": "2025-10-01",
              "exchanges": ["bybit"],
              "gap_tolerance_ohlcvs_minutes": 120,
              "start_date": "2020-01-01",
              "starting_balance": 1000,
              "use_btc_collateral": false},
 "bot": {"long": {"close_grid_markup_end": 0.012149,
                  "close_grid_markup_start": 0.0029143,
                  "close_grid_qty_pct": 0.18932,
                  "close_trailing_grid_ratio": -1,
                  "close_trailing_qty_pct": 0.075313,
                  "close_trailing_retracement_pct": 0.00305,
                  "close_trailing_threshold_pct": 0.0049023,
                  "ema_span_0": 691.15,
                  "ema_span_1": 737.58,
                  "enforce_exposure_limit": true,
                  "entry_grid_double_down_factor": 9.2149,
                  "entry_grid_spacing_pct": 0.02045,
                  "entry_grid_spacing_weight": 0.49673,
                  "entry_initial_ema_dist": 0.02475,
                  "entry_initial_qty_pct": 0.1001,
                  "entry_trailing_double_down_factor": 4.2922,
                  "entry_trailing_grid_ratio": -1,
                  "entry_trailing_retracement_pct": 0.00083205,
                  "entry_trailing_threshold_pct": 0.069331,
                  "filter_noisiness_rolling_window": 60,
                  "filter_volume_drop_pct": 0,
                  "filter_volume_rolling_window": 60,
                  "n_positions": 1,
                  "total_wallet_exposure_limit": 9,
                  "unstuck_close_pct": 0.0064998,
                  "unstuck_ema_dist": -0.096913,
                  "unstuck_loss_allowance_pct": 0.20688,
                  "unstuck_threshold": 0.62489},
         "short": {"close_grid_markup_end": 0.001,
                   "close_grid_markup_start": 0.001,
                   "close_grid_qty_pct": 0.1,
                   "close_trailing_grid_ratio": -1,
                   "close_trailing_qty_pct": 0.1,
                   "close_trailing_retracement_pct": 0.003,
                   "close_trailing_threshold_pct": -0.001,
                   "ema_span_0": 200,
                   "ema_span_1": 200,
                   "enforce_exposure_limit": true,
                   "entry_grid_double_down_factor": 0.6,
                   "entry_grid_spacing_pct": 0.01,
                   "entry_grid_spacing_weight": 0.2,
                   "entry_initial_ema_dist": -0.001,
                   "entry_initial_qty_pct": 0.025,
                   "entry_trailing_double_down_factor": 0.1,
                   "entry_trailing_grid_ratio": -1,
                   "entry_trailing_retracement_pct": 0,
                   "entry_trailing_threshold_pct": -0.1,
                   "filter_noisiness_rolling_window": 60,
                   "filter_volume_drop_pct": 0.53,
                   "filter_volume_rolling_window": 60,
                   "n_positions": 0,
                   "total_wallet_exposure_limit": 0,
                   "unstuck_close_pct": 0.005,
                   "unstuck_ema_dist": -0.1,
                   "unstuck_loss_allowance_pct": 0.01,
                   "unstuck_threshold": 0.55}},
 "coin_overrides": {},
 "disable_plotting": false,
 "live": {"approved_coins": {"long": ["HYPE"], "short": []},
          "auto_gs": true,
          "base_config_path": "/home/mani/software/pbgui/data/bt_v7/HYPE_cpt_adg_omega_sharpe_grtr_100tr/backtest.json",
          "empty_means_all_approved": false,
          "execution_delay_seconds": 2,
          "filter_by_min_effective_cost": true,
          "forced_mode_long": "",
          "forced_mode_short": "",
          "ignored_coins": {"long": [], "short": []},
          "leverage": 10,
          "market_orders_allowed": true,
          "max_n_cancellations_per_batch": 5,
          "max_n_creations_per_batch": 3,
          "max_n_restarts_per_day": 10,
          "mimic_backtest_1m_delay": false,
          "minimum_coin_age_days": 30,
          "ohlcvs_1m_rolling_window_days": 4,
          "ohlcvs_1m_update_after_minutes": 10,
          "pnls_max_lookback_days": 30,
          "price_distance_threshold": 0.002,
          "time_in_force": "good_till_cancelled",
          "user": "bybit_01"},
 "optimize": {"bounds": {"long_close_grid_markup_end": [0.001, 0.03],
                         "long_close_grid_markup_start": [0.001, 0.03],
                         "long_close_grid_qty_pct": [0.05, 0.4],
                         "long_close_trailing_grid_ratio": [-1, -1],
                         "long_close_trailing_qty_pct": [0.05, 0.25],
                         "long_close_trailing_retracement_pct": [0.003, 0.01],
                         "long_close_trailing_threshold_pct": [0.001, 0.005],
                         "long_ema_span_0": [50, 800],
                         "long_ema_span_1": [50, 800],
                         "long_entry_grid_double_down_factor": [0.4, 10],