{"analysis": {"adg": 0.007728789083564447,
              "adg_per_exposure_long": 0.0012678043836429984,
              "adg_per_exposure_short": 0.0,
              "adg_w": 0.005357236163953716,
              "adg_w_per_exposure_long": 0.0008787828752261599,
              "adg_w_per_exposure_short": 0.0,
              "calmar_ratio": 0.010747253573126725,
              "calmar_ratio_w": 0.025012698499843767,
              "drawdown_worst": 0.7191408512859617,
              "drawdown_worst_mean_1pct": 0.27629026958198216,
              "equity_balance_diff_neg_max": 0.7498269600162257,
              "equity_balance_diff_neg_mean": 0.010971710823582299,
              "equity_balance_diff_pos_max": 0.802123289942297,
              "equity_balance_diff_pos_mean": 0.00415229332988449,
              "equity_choppiness": 1.5482861942055053,
              "equity_choppiness_w": 1.6379832467185644,
              "equity_jerkiness": 0.013715781736739882,
              "equity_jerkiness_w": 0.013368705257383253,
              "expected_shortfall_1pct": 0.2591785635466724,
              "exponential_fit_error": 3.412081851506265,
              "exponential_fit_error_w": 0.37723425331168137,
              "gain": 738131.0193440792,
              "gain_per_exposure_long": 121080.5123427839,
              "gain_per_exposure_short": 0.0,
              "loss_profit_ratio": 0.1004130665916536,
              "loss_profit_ratio_long": 0.1004130665916536,
              "loss_profit_ratio_short": 1.0,
              "loss_profit_ratio_w": 0.09712647750344466,
              "mdg": 0.0,
              "mdg_per_exposure_long": 0.0,
              "mdg_per_exposure_short": 0.0,
              "mdg_w": 0.0,
              "mdg_w_per_exposure_long": 0.0,
              "mdg_w_per_exposure_short": 0.0,
              "omega_ratio": 15.563555641933949,
              "omega_ratio_w": 7.038019559479086,
              "pnl_ratio_long_short": 1.0,
              "position_held_hours_max": 141.48333333333332,
              "position_held_hours_mean": 0.9274763979665941,
              "position_held_hours_median": 0.13333333333333333,
              "position_unchanged_hours_max": 128.71666666666667,
              "positions_held_per_day": 2.6153846153846154,
              "sharpe_ratio": 0.03332369950199751,
              "sharpe_ratio_w": 0.07029452157906757,
              "sortino_ratio": 0.12160821073429993,
              "sortino_ratio_w": 0.15177549874715543,
              "sterling_ratio": 0.027973439293601774,
              "sterling_ratio_w": 0.02953824870736401,
              "volume_pct_per_day_avg": 3.335833769096926,
              "volume_pct_per_day_avg_w": 2.364403157420997},
 "backtest": {"base_dir": "backtests/pbgui/DOGE_adg_sortino_100tr_TWE10",
              "cache_dir": {"binance": "caches/hlcvs_data/32ccdaa8a1e133cc"},
              "coins": {"binance": ["DOGE"]},
              "combine_ohlcvs": false,
              "compress_cache": true,
              "end_date": "2025-05-28",
              "exchanges": ["bybit", "binance"],
              "gap_tolerance_ohlcvs_minutes": 120,
              "start_date": "2020-01-01",
              "starting_balance": 1000,
              "use_btc_collateral": false},
 "bot": {"long": {"close_grid_markup_end": 0.012839,
                  "close_grid_markup_start": 0.014436599999999999,
                  "close_grid_qty_pct": 0.069299,
                  "close_trailing_grid_ratio": -1,
                  "close_trailing_qty_pct": 0.21215,
                  "close_trailing_retracement_pct": 0.0073914,
                  "close_trailing_threshold_pct": 0.0032252,
                  "ema_span_0": 128.7,
                  "ema_span_1": 109.71,
                  "enforce_exposure_limit": true,
                  "entry_grid_double_down_factor": 3.5085,
                  "entry_grid_spacing_pct": 0.036125,
                  "entry_grid_spacing_weight": 1.836,
                  "entry_initial_ema_dist": 0.021742,
                  "entry_initial_qty_pct": 0.035326,
                  "entry_trailing_double_down_factor": 9.9961,
                  "entry_trailing_grid_ratio": -1,
                  "entry_trailing_retracement_pct": 0.031486,
                  "entry_trailing_threshold_pct": 0.083954,
                  "filter_noisiness_rolling_window": 60,
                  "filter_volume_drop_pct": 0,
                  "filter_volume_rolling_window": 60,
                  "n_positions": 1,
                  "total_wallet_exposure_limit": 6.0962,
                  "unstuck_close_pct": 0.0050545,
                  "unstuck_ema_dist": -0.020136,
                  "unstuck_loss_allowance_pct": 0.2386,
                  "unstuck_threshold": 0.55473},
         "short": {"close_grid_markup_end": 0.013899,
                   "close_grid_markup_start": 0.042165,
                   "close_grid_qty_pct": 0.1,
                   "close_trailing_grid_ratio": -1,
                   "close_trailing_qty_pct": 0.1,
                   "close_trailing_retracement_pct": 0.003,
                   "close_trailing_threshold_pct": -0.001,
                   "ema_span_0": 200,
                   "ema_span_1": 200,
                   "enforce_exposure_limit": true,
                   "entry_grid_double_down_factor": 0.6,
                   "entry_grid_spacing_pct": 0.01,
                   "entry_grid_spacing_weight": 0.2,
                   "entry_initial_ema_dist": -0.001,
                   "entry_initial_qty_pct": 0.025,
                   "entry_trailing_double_down_factor": 0.1,
                   "entry_trailing_grid_ratio": -1,
                   "entry_trailing_retracement_pct": 0,
                   "entry_trailing_threshold_pct": -0.1,
                   "filter_noisiness_rolling_window": 60,
                   "filter_volume_drop_pct": 0.53,
                   "filter_volume_rolling_window": 60,
                   "n_positions": 0,
                   "total_wallet_exposure_limit": 0,
                   "unstuck_close_pct": 0.005,
                   "unstuck_ema_dist": -0.1,
                   "unstuck_loss_allowance_pct": 0.01,
                   "unstuck_threshold": 0.55}},
 "disable_plotting": false,
 "live": {"approved_coins": {"long": ["DOGEUSDT"], "short": []},
          "auto_gs": true,
          "coin_flags": {},
          "empty_means_all_approved": false,
          "execution_delay_seconds": 2,
          "filter_by_min_effective_cost": true,
          "forced_mode_long": "",
          "forced_mode_short": "",
          "ignored_coins": {"long": [], "short": []},
          "leverage": 10,
          "market_orders_allowed": true,
          "max_n_cancellations_per_batch": 5,
          "max_n_creations_per_batch": 3,
          "max_n_restarts_per_day": 10,
          "mimic_backtest_1m_delay": false,
          "minimum_coin_age_days": 30,
          "ohlcvs_1m_rolling_window_days": 4,
          "ohlcvs_1m_update_after_minutes": 10,
          "pnls_max_lookback_days": 30,
          "price_distance_threshold": 0.002,
          "time_in_force": "good_till_cancelled",
          "user": "bybit_01"},
 "optimize": {"bounds": {"long_close_grid_markup_end": [0.001, 0.03],
                         "long_close_grid_markup_start": [0.001, 0.03],
                         "long_close_grid_qty_pct": [0, 0.4],
                         "long_close_trailing_grid_ratio": [-1, -1],
                         "long_close_trailing_qty_pct": [0.1, 0.25],
                         "long_close_trailing_retracement_pct": [0.003, 0.01],
                         "long_close_trailing_threshold_pct": [0.001, 0.005],
                         "long_ema_span_0": [100, 800],
                         "long_ema_span_1": [100, 800],
                         "long_entry_grid_double_down_factor": [0.5, 10],
                         "long_entry_grid_spacing_pct": [0.01, 0.12],
                         "long_entry_grid_spacing_weight": [0.2, 2],