{"analysis": {"adg": 0.008976884807033514,
              "adg_per_exposure_long": 0.00157100589892258,
              "adg_per_exposure_short": 0.0,
              "adg_w": 0.001790090872526706,
              "adg_w_per_exposure_long": 0.0003132760841649089,
              "adg_w_per_exposure_short": 0.0,
              "calmar_ratio": 0.010811411445478251,
              "calmar_ratio_w": 0.01847816589155945,
              "drawdown_worst": 0.83031571338338,
              "drawdown_worst_mean_1pct": 0.21562665906358727,
              "equity_balance_diff_neg_max": 0.833190071935393,
              "equity_balance_diff_neg_mean": 0.03515968096374505,
              "equity_balance_diff_pos_max": 1.2221160307430528,
              "equity_balance_diff_pos_mean": 0.0638073959732004,
              "equity_choppiness": 1.0000000000160454,
              "equity_choppiness_w": 1.0000000000016045,
              "equity_jerkiness": 0.012020172161293663,
              "equity_jerkiness_w": 0.0028491619707095607,
              "expected_shortfall_1pct": 0.20802329537964576,
              "exponential_fit_error": 8.845516918984954,
              "exponential_fit_error_w": 0.8902462256061534,
              "gain": 12220866.401504105,
              "gain_per_exposure_long": 2138721.128699901,
              "gain_per_exposure_short": 0.0,
              "loss_profit_ratio": 5.94351580356599e-05,
              "loss_profit_ratio_long": 5.94351580356599e-05,
              "loss_profit_ratio_short": 1.0,
              "loss_profit_ratio_w": 5.94351580356599e-06,
              "mdg": 0.0,
              "mdg_per_exposure_long": 0.0,
              "mdg_per_exposure_short": 0.0,
              "mdg_w": 0.0,
              "mdg_w_per_exposure_long": 0.0,
              "mdg_w_per_exposure_short": 0.0,
              "omega_ratio": 360361132774.63043,
              "omega_ratio_w": null,
              "pnl_ratio_long_short": 1.0,
              "position_held_hours_max": 8.783333333333333,
              "position_held_hours_mean": 0.12547230227345502,
              "position_held_hours_median": 0.05,
              "position_unchanged_hours_max": 7.483333333333333,
              "positions_held_per_day": 0.5700985761226726,
              "sharpe_ratio": 0.0037871137987465055,
              "sharpe_ratio_w": 0.07044100307314381,
              "sortino_ratio": 0.08456789156349814,
              "sortino_ratio_w": 0.05306041582044677,
              "sterling_ratio": 0.041631609217607335,
              "sterling_ratio_w": 0.02821448823513739,
              "volume_pct_per_day_avg": 3.60633644134625,
              "volume_pct_per_day_avg_w": 1.439101807317677},
 "backtest": {"base_dir": "backtests/pbgui/DOGE_adg_sharpe_omega_max_ema",
              "cache_dir": {"binance": "caches/hlcvs_data/b95c6d2efe729baa"},
              "coins": {"binance": ["DOGE"]},
              "combine_ohlcvs": false,
              "compress_cache": true,
              "end_date": "2025-08-07",
              "exchanges": ["bybit", "binance"],
              "gap_tolerance_ohlcvs_minutes": 120,
              "start_date": "2020-01-01",
              "starting_balance": 1000,
              "use_btc_collateral": false},
 "bot": {"long": {"close_grid_markup_end": 0.0051549,
                  "close_grid_markup_start": 0.011492,
                  "close_grid_qty_pct": 0.11756,
                  "close_trailing_grid_ratio": 0.45096,
                  "close_trailing_qty_pct": 0.093647,
                  "close_trailing_retracement_pct": 0.0030179,
                  "close_trailing_threshold_pct": 0.0034153,
                  "ema_span_0": 1.2912,
                  "ema_span_1": 32.532,
                  "enforce_exposure_limit": true,
                  "entry_grid_double_down_factor": 2.5214,
                  "entry_grid_spacing_pct": 0.0143,
                  "entry_grid_spacing_weight": 0.55693,
                  "entry_initial_ema_dist": 0.019649,
                  "entry_initial_qty_pct": 0.010068,
                  "entry_trailing_double_down_factor": 5.9309,
                  "entry_trailing_grid_ratio": -0.81384,
                  "entry_trailing_retracement_pct": 0.046835,
                  "entry_trailing_threshold_pct": 0.086154,
                  "filter_noisiness_rolling_window": 60,
                  "filter_volume_drop_pct": 0,
                  "filter_volume_rolling_window": 60,
                  "n_positions": 1,
                  "total_wallet_exposure_limit": 5.7141,
                  "unstuck_close_pct": 0.0051416,
                  "unstuck_ema_dist": -0.062126,
                  "unstuck_loss_allowance_pct": 0.114,
                  "unstuck_threshold": 0.66183},
         "short": {"close_grid_markup_end": 0.001,
                   "close_grid_markup_start": 0.001,
                   "close_grid_qty_pct": 0.1,
                   "close_trailing_grid_ratio": -1,
                   "close_trailing_qty_pct": 0.1,
                   "close_trailing_retracement_pct": 0.003,
                   "close_trailing_threshold_pct": -0.001,
                   "ema_span_0": 200,
                   "ema_span_1": 200,
                   "enforce_exposure_limit": true,
                   "entry_grid_double_down_factor": 0.6,
                   "entry_grid_spacing_pct": 0.01,
                   "entry_grid_spacing_weight": 0.2,
                   "entry_initial_ema_dist": -0.001,
                   "entry_initial_qty_pct": 0.025,
                   "entry_trailing_double_down_factor": 0.1,
                   "entry_trailing_grid_ratio": -1,
                   "entry_trailing_retracement_pct": 0,
                   "entry_trailing_threshold_pct": -0.1,
                   "filter_noisiness_rolling_window": 60,
                   "filter_volume_drop_pct": 0.53,
                   "filter_volume_rolling_window": 60,
                   "n_positions": 0,
                   "total_wallet_exposure_limit": 0,
                   "unstuck_close_pct": 0.005,
                   "unstuck_ema_dist": -0.1,
                   "unstuck_loss_allowance_pct": 0.01,
                   "unstuck_threshold": 0.55}},
 "coin_overrides": {},
 "disable_plotting": false,
 "live": {"approved_coins": {"long": ["DOGEUSDT"], "short": []},
          "auto_gs": true,
          "empty_means_all_approved": false,
          "execution_delay_seconds": 2,
          "filter_by_min_effective_cost": true,
          "forced_mode_long": "",
          "forced_mode_short": "",
          "ignored_coins": {"long": [], "short": []},
          "leverage": 10,
          "market_orders_allowed": true,
          "max_n_cancellations_per_batch": 5,
          "max_n_creations_per_batch": 3,
          "max_n_restarts_per_day": 10,
          "mimic_backtest_1m_delay": false,
          "minimum_coin_age_days": 30,
          "ohlcvs_1m_rolling_window_days": 4,
          "ohlcvs_1m_update_after_minutes": 10,
          "pnls_max_lookback_days": 30,
          "price_distance_threshold": 0.002,
          "time_in_force": "good_till_cancelled",
          "user": "bybit_01"},
 "optimize": {"bounds": {"long_close_grid_markup_end": [0.001, 0.03],
                         "long_close_grid_markup_start": [0.001, 0.03],
                         "long_close_grid_qty_pct": [0.05, 0.4],
                         "long_close_trailing_grid_ratio": [-1, 1],
                         "long_close_trailing_qty_pct": [0.05, 0.25],
                         "long_close_trailing_retracement_pct": [0.003, 0.01],
                         "long_close_trailing_threshold_pct": [0.001, 0.005],
                         "long_ema_span_0": [1, 10000],
                         "long_ema_span_1": [1, 10000],
                         "long_entry_grid_double_down_factor": [0, 10],
                         "long_entry_grid_spacing_pct": [0.01, 0.12],
                         "long_entry_grid_spacing_weight": [0.2, 2],
                         "long_entry_initial_ema_dist": [-0.001, 0.02],