{
    "adg": 0.006083159376677916,
    "adg_per_exposure_long": 0.0007200368562897018,
    "adg_per_exposure_short": 0.0,
    "adg_w": 0.005692357157328254,
    "adg_w_per_exposure_long": 0.0006737793141101575,
    "adg_w_per_exposure_short": 0.0,
    "calmar_ratio": 0.008175382639934732,
    "calmar_ratio_w": 0.009792346987605548,
    "drawdown_worst": 0.7440825273380086,
    "drawdown_worst_mean_1pct": 0.4872750297339586,
    "equity_balance_diff_neg_max": 0.7438137988884181,
    "equity_balance_diff_neg_mean": 0.04805627507187508,
    "equity_balance_diff_pos_max": 0.6458322730564903,
    "equity_balance_diff_pos_mean": 0.006768720627184155,
    "equity_choppiness": 2.5077533852599556,
    "equity_choppiness_w": 2.5558424397272974,
    "equity_jerkiness": 0.028348436694669275,
    "equity_jerkiness_w": 0.030579974019720818,
    "expected_shortfall_1pct": 0.27977770148586273,
    "exponential_fit_error": 0.13513825987486486,
    "exponential_fit_error_w": 0.055340697945863035,
    "gain": 6130.8220540076445,
    "gain_per_exposure_long": 725.6784780559212,
    "gain_per_exposure_short": 0.0,
    "loss_profit_ratio": 0.00465664316686326,
    "loss_profit_ratio_long": 0.00465664316686326,
    "loss_profit_ratio_short": 1.0,
    "loss_profit_ratio_w": 0.0019025286294095645,
    "mdg": 0.0,
    "mdg_per_exposure_long": 0.0,
    "mdg_per_exposure_short": 0.0,
    "mdg_w": 0.0,
    "mdg_w_per_exposure_long": 0.0,
    "mdg_w_per_exposure_short": 0.0,
    "omega_ratio": 2.4298330480206287,
    "omega_ratio_w": 2.587892260015962,
    "pnl_ratio_long_short": 1.0,
    "position_held_hours_max": 620.6666666666666,
    "position_held_hours_mean": 9.747159593280283,
    "position_held_hours_median": 0.25,
    "position_unchanged_hours_max": 480.76666666666665,
    "positions_held_per_day": 1.0488960247617365,
    "sharpe_ratio": 0.029250603146905373,
    "sharpe_ratio_w": 0.0359798825916281,
    "sortino_ratio": 0.10743756498127328,
    "sortino_ratio_w": 0.11616084727893428,
    "sterling_ratio": 0.012484036746145573,
    "sterling_ratio_w": 0.011038604827589027,
    "volume_pct_per_day_avg": 2.129558986364869,
    "volume_pct_per_day_avg_w": 1.712656447437776
}