{
    "adg": 0.0073168612271232725,
    "adg_w": 0.0045077763001186485,
    "calmar_ratio": 0.013137152721407662,
    "calmar_ratio_w": 0.013738520085540362,
    "drawdown_worst": 0.5569594403207381,
    "drawdown_worst_mean_1pct": 0.25852933522889576,
    "equity_balance_diff_neg_max": 0.6050301541530688,
    "equity_balance_diff_neg_mean": 0.012186028311591175,
    "equity_balance_diff_pos_max": 0.3284899453561691,
    "equity_balance_diff_pos_mean": 0.003702506554173263,
    "equity_choppiness": 1.1848088888595891,
    "equity_choppiness_w": 1.4458129978159053,
    "equity_jerkiness": 0.010815686911552668,
    "equity_jerkiness_w": 0.009579144092759418,
    "expected_shortfall_1pct": 0.2372631756315426,
    "exponential_fit_error": 3.4139879394123525,
    "exponential_fit_error_w": 0.35523996078685477,
    "gain": 311307.5656859188,
    "loss_profit_ratio": 0.21211881026483187,
    "loss_profit_ratio_long": 0.21211881026483187,
    "loss_profit_ratio_short": 1.0,
    "loss_profit_ratio_w": 0.21980722119644058,
    "mdg": 0.0,
    "mdg_w": 4.240434803329552e-05,
    "omega_ratio": 26.09106663790718,
    "omega_ratio_w": 9.894026824569039,
    "pnl_ratio_long_short": 1.0,
    "position_held_hours_max": 40.733333333333334,
    "position_held_hours_mean": 0.744025857044455,
    "position_held_hours_median": 0.23333333333333334,
    "position_unchanged_hours_max": 33.233333333333334,
    "positions_held_per_day": 3.625936599423631,
    "sharpe_ratio": 0.07543895002113006,
    "sharpe_ratio_w": 0.08061232344046458,
    "sortino_ratio": 0.13534450580856283,
    "sortino_ratio_w": 0.09372527898601928,
    "sterling_ratio": 0.028301860679156958,
    "sterling_ratio_w": 0.017143167885967175
}