{
    "adg": 0.03857107151414918,
    "adg_per_exposure_long": 0.004285674612683242,
    "adg_per_exposure_short": 0.0,
    "adg_w": 0.013674635610629515,
    "adg_w_per_exposure_long": 0.0015194039567366128,
    "adg_w_per_exposure_short": 0.0,
    "calmar_ratio": 0.10241324044165538,
    "calmar_ratio_w": 0.06002361454036227,
    "drawdown_worst": 0.37662192259332955,
    "drawdown_worst_mean_1pct": 0.3747108739787052,
    "equity_balance_diff_neg_max": 0.3879303964790518,
    "equity_balance_diff_neg_mean": 0.014220599652999325,
    "equity_balance_diff_pos_max": 1.0444932796192727,
    "equity_balance_diff_pos_mean": 0.0050563585639364856,
    "equity_choppiness": 1.249605236635143,
    "equity_choppiness_w": 1.2892063877512818,
    "equity_jerkiness": 0.06449700893171902,
    "equity_jerkiness_w": 0.02465494757467391,
    "expected_shortfall_1pct": 0.3698628399952334,
    "exponential_fit_error": 0.7318259516696436,
    "exponential_fit_error_w": 0.07519107505368404,
    "gain": 7015.778018865003,
    "gain_per_exposure_long": 779.5308909850004,
    "gain_per_exposure_short": 0.0,
    "loss_profit_ratio": 0.0,
    "loss_profit_ratio_long": 0.0,
    "loss_profit_ratio_short": 1.0,
    "loss_profit_ratio_w": 0.0,
    "mdg": 0.008215797201311544,
    "mdg_per_exposure_long": 0.0009128663557012827,
    "mdg_per_exposure_short": 0.0,
    "mdg_w": 0.005490291478721809,
    "mdg_w_per_exposure_long": 0.0006100323865246455,
    "mdg_w_per_exposure_short": 0.0,
    "omega_ratio": 16.658852224845067,
    "omega_ratio_w": 10.729872145004254,
    "pnl_ratio_long_short": 1.0,
    "position_held_hours_max": 37.7,
    "position_held_hours_mean": 2.7310149407521895,
    "position_held_hours_median": 1.05,
    "position_unchanged_hours_max": 22.316666666666666,
    "positions_held_per_day": 2.764957264957265,
    "sharpe_ratio": 0.14641777701066533,
    "sharpe_ratio_w": 0.14349202369706457,
    "sortino_ratio": 0.35318626722888047,
    "sortino_ratio_w": 0.18342184987913973,
    "sterling_ratio": 0.10293555429710101,
    "sterling_ratio_w": 0.06007584592590685,
    "volume_pct_per_day_avg": 5.763296239168453,
    "volume_pct_per_day_avg_w": 2.8046694074472454
}