{
    "adg": 0.015893120455892085,
    "adg_per_exposure_long": 0.003181105353354033,
    "adg_per_exposure_short": 0.0,
    "adg_w": 0.006187060347838091,
    "adg_w_per_exposure_long": 0.0012383780044110588,
    "adg_w_per_exposure_short": 0.0,
    "calmar_ratio": 0.07070142439706585,
    "calmar_ratio_w": 0.08035222134653004,
    "drawdown_worst": 0.22479208292374458,
    "drawdown_worst_mean_1pct": 0.2132908878172615,
    "equity_balance_diff_neg_max": 0.47723688050719004,
    "equity_balance_diff_neg_mean": 0.009898456167158877,
    "equity_balance_diff_pos_max": 0.6872625587120854,
    "equity_balance_diff_pos_mean": 0.06624593802924285,
    "equity_choppiness": 1.0,
    "equity_choppiness_w": 1.0,
    "equity_jerkiness": 0.023162785770371522,
    "equity_jerkiness_w": 0.01076691652563677,
    "expected_shortfall_1pct": 0.21329088781726152,
    "exponential_fit_error": 0.40207204639611166,
    "exponential_fit_error_w": 0.041849879745909487,
    "gain": 77.63424512633503,
    "gain_per_exposure_long": 15.53896942141571,
    "gain_per_exposure_short": 0.0,
    "loss_profit_ratio": 0.004093812688523026,
    "loss_profit_ratio_long": 0.004093812688523026,
    "loss_profit_ratio_short": 1.0,
    "loss_profit_ratio_w": 0.011665213151611053,
    "mdg": 0.0005778796581842584,
    "mdg_per_exposure_long": 0.00011566615123481483,
    "mdg_per_exposure_short": 0.0,
    "mdg_w": 9.315293954068941e-05,
    "mdg_w_per_exposure_long": 1.8645131110403996e-05,
    "mdg_w_per_exposure_short": 0.0,
    "omega_ratio": null,
    "omega_ratio_w": null,
    "pnl_ratio_long_short": 1.0,
    "position_held_hours_max": 2.066666666666667,
    "position_held_hours_mean": 0.039345819761129205,
    "position_held_hours_median": 0.016666666666666666,
    "position_unchanged_hours_max": 0.9333333333333333,
    "positions_held_per_day": 4.449275362318841,
    "sharpe_ratio": 0.0849928674926269,
    "sharpe_ratio_w": 0.1380561114653839,
    "sortino_ratio": 0.35308268331622183,
    "sortino_ratio_w": 0.22636194159883694,
    "sterling_ratio": 0.07451382765825716,
    "sterling_ratio_w": 0.08073346167264916,
    "volume_pct_per_day_avg": 3.1879682236379234,
    "volume_pct_per_day_avg_w": 1.8662238000669085
}