{"analysis": {"adg": 0.015893120455892085,
              "adg_per_exposure_long": 0.003181105353354033,
              "adg_per_exposure_short": 0.0,
              "adg_w": 0.006187060347838091,
              "adg_w_per_exposure_long": 0.0012383780044110588,
              "adg_w_per_exposure_short": 0.0,
              "calmar_ratio": 0.07070142439706585,
              "calmar_ratio_w": 0.08035222134653004,
              "drawdown_worst": 0.22479208292374458,
              "drawdown_worst_mean_1pct": 0.2132908878172615,
              "equity_balance_diff_neg_max": 0.47723688050719004,
              "equity_balance_diff_neg_mean": 0.009898456167158877,
              "equity_balance_diff_pos_max": 0.6872625587120854,
              "equity_balance_diff_pos_mean": 0.06624593802924285,
              "equity_choppiness": 1.0,
              "equity_choppiness_w": 1.0,
              "equity_jerkiness": 0.023162785770371522,
              "equity_jerkiness_w": 0.01076691652563677,
              "expected_shortfall_1pct": 0.21329088781726152,
              "exponential_fit_error": 0.40207204639611166,
              "exponential_fit_error_w": 0.041849879745909487,
              "gain": 77.63424512633503,
              "gain_per_exposure_long": 15.53896942141571,
              "gain_per_exposure_short": 0.0,
              "loss_profit_ratio": 0.004093812688523026,
              "loss_profit_ratio_long": 0.004093812688523026,
              "loss_profit_ratio_short": 1.0,
              "loss_profit_ratio_w": 0.011665213151611053,
              "mdg": 0.0005778796581842584,
              "mdg_per_exposure_long": 0.00011566615123481483,
              "mdg_per_exposure_short": 0.0,
              "mdg_w": 9.315293954068941e-05,
              "mdg_w_per_exposure_long": 1.8645131110403996e-05,
              "mdg_w_per_exposure_short": 0.0,
              "omega_ratio": null,
              "omega_ratio_w": null,
              "pnl_ratio_long_short": 1.0,
              "position_held_hours_max": 2.066666666666667,
              "position_held_hours_mean": 0.039345819761129205,
              "position_held_hours_median": 0.016666666666666666,
              "position_unchanged_hours_max": 0.9333333333333333,
              "positions_held_per_day": 4.449275362318841,
              "sharpe_ratio": 0.0849928674926269,
              "sharpe_ratio_w": 0.1380561114653839,
              "sortino_ratio": 0.35308268331622183,
              "sortino_ratio_w": 0.22636194159883694,
              "sterling_ratio": 0.07451382765825716,
              "sterling_ratio_w": 0.08073346167264916,
              "volume_pct_per_day_avg": 3.1879682236379234,
              "volume_pct_per_day_avg_w": 1.8662238000669085},
 "backtest": {"base_dir": "backtests/pbgui/FART_adg_w_sharpe_gain_posmean_lpr01_eema150_72_twe2-5_65-35",
              "cache_dir": {"bybit": "caches/hlcvs_data/3151dbb77dab375d"},
              "coins": {"bybit": ["FARTCOIN"]},
              "combine_ohlcvs": false,
              "compress_cache": true,
              "end_date": "2025-10-03",
              "exchanges": ["binance", "bybit"],
              "gap_tolerance_ohlcvs_minutes": 120,
              "start_date": "2020-01-01",
              "starting_balance": 1000,
              "use_btc_collateral": false},
 "bot": {"long": {"close_grid_markup_end": 0.012449,
                  "close_grid_markup_start": 0.0010116,
                  "close_grid_qty_pct": 0.35662,
                  "close_trailing_grid_ratio": -0.63946,
                  "close_trailing_qty_pct": 0.12372,
                  "close_trailing_retracement_pct": 0.0090362,
                  "close_trailing_threshold_pct": 0.0049794,
                  "ema_span_0": 1.0368,
                  "ema_span_1": 75.348,
                  "enforce_exposure_limit": true,
                  "entry_grid_double_down_factor": 1.3867,
                  "entry_grid_spacing_pct": 0.017209,
                  "entry_grid_spacing_weight": 0.22035,
                  "entry_initial_ema_dist": 0.012373,
                  "entry_initial_qty_pct": 0.024781,
                  "entry_trailing_double_down_factor": 0.95853,
                  "entry_trailing_grid_ratio": -0.39212,
                  "entry_trailing_retracement_pct": 0.046763,
                  "entry_trailing_threshold_pct": -0.05267,
                  "filter_noisiness_rolling_window": 60,
                  "filter_volume_drop_pct": 0,
                  "filter_volume_rolling_window": 60,
                  "n_positions": 1,
                  "total_wallet_exposure_limit": 4.9961,
                  "unstuck_close_pct": 0.0052173,
                  "unstuck_ema_dist": -0.0057316,
                  "unstuck_loss_allowance_pct": 0.21591,
                  "unstuck_threshold": 0.73148},
         "short": {"close_grid_markup_end": 0.001,
                   "close_grid_markup_start": 0.001,
                   "close_grid_qty_pct": 0.1,
                   "close_trailing_grid_ratio": -1,
                   "close_trailing_qty_pct": 0.1,
                   "close_trailing_retracement_pct": 0.003,
                   "close_trailing_threshold_pct": -0.001,
                   "ema_span_0": 200,
                   "ema_span_1": 200,
                   "enforce_exposure_limit": true,
                   "entry_grid_double_down_factor": 0.6,
                   "entry_grid_spacing_pct": 0.01,
                   "entry_grid_spacing_weight": 0.2,
                   "entry_initial_ema_dist": -0.001,
                   "entry_initial_qty_pct": 0.025,
                   "entry_trailing_double_down_factor": 0.1,
                   "entry_trailing_grid_ratio": -1,
                   "entry_trailing_retracement_pct": 0,
                   "entry_trailing_threshold_pct": -0.1,
                   "filter_noisiness_rolling_window": 60,
                   "filter_volume_drop_pct": 0.53,
                   "filter_volume_rolling_window": 60,
                   "n_positions": 0,
                   "total_wallet_exposure_limit": 0,
                   "unstuck_close_pct": 0.005,
                   "unstuck_ema_dist": -0.1,
                   "unstuck_loss_allowance_pct": 0.01,
                   "unstuck_threshold": 0.55}},
 "coin_overrides": {},
 "disable_plotting": false,
 "live": {"approved_coins": {"long": ["FARTCOIN"], "short": []},
          "auto_gs": true,
          "base_config_path": "/home/mani/software/pbgui/data/bt_v7/FART_adg_w_sharpe_gain_posmean_lpr01_eema150_72_twe2-5_65-35/backtest.json",
          "empty_means_all_approved": false,
          "execution_delay_seconds": 2,
          "filter_by_min_effective_cost": true,
          "forced_mode_long": "",
          "forced_mode_short": "",
          "ignored_coins": {"long": [], "short": []},
          "leverage": 10,
          "market_orders_allowed": true,
          "max_n_cancellations_per_batch": 5,
          "max_n_creations_per_batch": 3,
          "max_n_restarts_per_day": 10,
          "mimic_backtest_1m_delay": false,
          "minimum_coin_age_days": 30,
          "ohlcvs_1m_rolling_window_days": 4,
          "ohlcvs_1m_update_after_minutes": 10,
          "pnls_max_lookback_days": 30,
          "price_distance_threshold": 0.002,
          "time_in_force": "good_till_cancelled",
          "user": "bybit_01"},
 "optimize": {"bounds": {"long_close_grid_markup_end": [0.001, 0.03],
                         "long_close_grid_markup_start": [0.001, 0.03],
                         "long_close_grid_qty_pct": [0.05, 0.4],
                         "long_close_trailing_grid_ratio": [-0.65, -0.35],
                         "long_close_trailing_qty_pct": [0.05, 0.25],
                         "long_close_trailing_retracement_pct": [0.003, 0.01],
                         "long_close_trailing_threshold_pct": [0.001, 0.005],
                         "long_ema_span_0": [1, 800],
                         "long_ema_span_1": [1, 800],
                         "long_entry_grid_double_down_factor": [0, 1.5],