{
    "adg": 0.0921646496042583,
    "adg_per_exposure_long": 0.004608232480212915,
    "adg_per_exposure_short": 0.0,
    "adg_w": 0.04598083709134604,
    "adg_w_per_exposure_long": 0.002299041854567302,
    "adg_w_per_exposure_short": 0.0,
    "calmar_ratio": 0.10144711416720736,
    "calmar_ratio_w": 0.10918026009808071,
    "drawdown_worst": 0.9084994714817664,
    "drawdown_worst_mean_1pct": 0.9084994714817664,
    "equity_balance_diff_neg_max": 0.9364003113816907,
    "equity_balance_diff_neg_mean": 0.029276696905611552,
    "equity_balance_diff_pos_max": 1.9523694267625795,
    "equity_balance_diff_pos_mean": 0.015748302401441112,
    "equity_choppiness": 1.531247755022887,
    "equity_choppiness_w": 1.635219989389111,
    "equity_jerkiness": 0.16651388871298728,
    "equity_jerkiness_w": 0.08536588701427249,
    "expected_shortfall_1pct": 0.8883475185933811,
    "exponential_fit_error": 1.3501074550139929,
    "exponential_fit_error_w": 0.15305807888978726,
    "gain": 2706471.1593619958,
    "gain_per_exposure_long": 135323.55796809978,
    "gain_per_exposure_short": 0.0,
    "loss_profit_ratio": 0.08895911652963673,
    "loss_profit_ratio_long": 0.08895911652963673,
    "loss_profit_ratio_short": 1.0,
    "loss_profit_ratio_w": 0.09014957688154993,
    "mdg": 0.0144397408206601,
    "mdg_per_exposure_long": 0.000721987041033005,
    "mdg_per_exposure_short": 0.0,
    "mdg_w": 0.010444842347533442,
    "mdg_w_per_exposure_long": 0.0005222421173766721,
    "mdg_w_per_exposure_short": 0.0,
    "omega_ratio": 14.217796343404068,
    "omega_ratio_w": 8.315886583975194,
    "pnl_ratio_long_short": 1.0,
    "position_held_hours_max": 26.783333333333335,
    "position_held_hours_mean": 1.2951966041108132,
    "position_held_hours_median": 0.30833333333333335,
    "position_unchanged_hours_max": 21.4,
    "positions_held_per_day": 4.440476190476191,
    "sharpe_ratio": 0.027592551633990495,
    "sharpe_ratio_w": 0.15366789071699885,
    "sortino_ratio": 0.3225398145578956,
    "sortino_ratio_w": 0.27048066526559067,
    "sterling_ratio": 0.10144711416720736,
    "sterling_ratio_w": 0.10918026009808071,
    "volume_pct_per_day_avg": 18.67002296239304,
    "volume_pct_per_day_avg_w": 11.576737318939335
}