{
    "adg": 0.003159943475359306,
    "adg_per_exposure_long": 0.0005223824164519194,
    "adg_per_exposure_short": 0.0,
    "adg_w": 0.003864414373645886,
    "adg_w_per_exposure_long": 0.0006388412116919683,
    "adg_w_per_exposure_short": 0.0,
    "calmar_ratio": 0.009732484095352972,
    "calmar_ratio_w": 0.020755186300434676,
    "drawdown_worst": 0.32468005541032463,
    "drawdown_worst_mean_1pct": 0.15378589131717602,
    "equity_balance_diff_neg_max": 0.33276341162265816,
    "equity_balance_diff_neg_mean": 0.002176603787249411,
    "equity_balance_diff_pos_max": 0.5621646398678056,
    "equity_balance_diff_pos_mean": 0.0052734545920565265,
    "equity_choppiness": 1.0410593330754496,
    "equity_choppiness_w": 1.1106671252362461,
    "equity_jerkiness": 0.006155871885468801,
    "equity_jerkiness_w": 0.007926673241816878,
    "expected_shortfall_1pct": 0.15260144133081407,
    "exponential_fit_error": 0.10005688864370607,
    "exponential_fit_error_w": 0.038843332534017186,
    "gain": 67.69608565113286,
    "gain_per_exposure_long": 11.191100436615837,
    "gain_per_exposure_short": 0.0,
    "loss_profit_ratio": 1.5436893704822384e-06,
    "loss_profit_ratio_long": 1.5436893704822384e-06,
    "loss_profit_ratio_short": 1.0,
    "loss_profit_ratio_w": 1.7166109462204387e-06,
    "mdg": 0.0,
    "mdg_per_exposure_long": 0.0,
    "mdg_per_exposure_short": 0.0,
    "mdg_w": 7.027135951776714e-07,
    "mdg_w_per_exposure_long": 1.1616828870041353e-07,
    "mdg_w_per_exposure_short": 0.0,
    "omega_ratio": 64.27779639243681,
    "omega_ratio_w": 52.490998252551535,
    "pnl_ratio_long_short": 1.0,
    "position_held_hours_max": 42.46666666666667,
    "position_held_hours_mean": 0.7223100255427841,
    "position_held_hours_median": 0.13333333333333333,
    "position_unchanged_hours_max": 38.166666666666664,
    "positions_held_per_day": 1.563228526092282,
    "sharpe_ratio": 0.05055583877208429,
    "sharpe_ratio_w": 0.06331849346292323,
    "sortino_ratio": 0.09453131620007411,
    "sortino_ratio_w": 0.11982909155579131,
    "sterling_ratio": 0.020547681248873958,
    "sterling_ratio_w": 0.024913142707651926,
    "volume_pct_per_day_avg": 0.8612979238648435,
    "volume_pct_per_day_avg_w": 0.9401006203730177
}