{
    "adg_btc": 0.000690040196276831,
    "adg_per_exposure_long_btc": 4.6002679751788736e-05,
    "adg_per_exposure_long_usd": 0.00010434977734896655,
    "adg_per_exposure_short_btc": 0.0,
    "adg_per_exposure_short_usd": 0.0,
    "adg_pnl": 0.0036636665090732296,
    "adg_pnl_w": 0.0044810473745923885,
    "adg_strategy_eq": 0.0015652466602344983,
    "adg_strategy_eq_w": 0.0013155267215931854,
    "adg_usd": 0.0015652466602344983,
    "adg_w_btc": 0.0021458653432657516,
    "adg_w_per_exposure_long_btc": 0.0001430576895510501,
    "adg_w_per_exposure_long_usd": 8.770178143954569e-05,
    "adg_w_per_exposure_short_btc": 0.0,
    "adg_w_per_exposure_short_usd": 0.0,
    "adg_w_usd": 0.0013155267215931854,
    "backtest_completion_ratio": 1.0,
    "calmar_ratio_btc": 0.000905886106414933,
    "calmar_ratio_strategy_eq": 0.004016619016969395,
    "calmar_ratio_strategy_eq_w": 0.005381232008793401,
    "calmar_ratio_usd": 0.004016619016969404,
    "calmar_ratio_w_btc": 0.009350366313531746,
    "calmar_ratio_w_usd": 0.005402559100670283,
    "drawdown_worst_btc": 0.7617295280172497,
    "drawdown_worst_ema_strategy_eq": 0.0,
    "drawdown_worst_ema_strategy_eq_long": 0.0,
    "drawdown_worst_ema_strategy_eq_short": 0.0,
    "drawdown_worst_mean_1pct_btc": 0.7582828597795531,
    "drawdown_worst_mean_1pct_ema_strategy_eq": 0.0,
    "drawdown_worst_mean_1pct_ema_strategy_eq_long": 0.0,
    "drawdown_worst_mean_1pct_ema_strategy_eq_short": 0.0,
    "drawdown_worst_mean_1pct_strategy_eq": 0.16618103485022592,
    "drawdown_worst_mean_1pct_strategy_eq_long": 0.0,
    "drawdown_worst_mean_1pct_strategy_eq_short": 0.0,
    "drawdown_worst_mean_1pct_usd": 0.16618103485022515,
    "drawdown_worst_strategy_eq": 0.38969258812490076,
    "drawdown_worst_strategy_eq_long": 0.0,
    "drawdown_worst_strategy_eq_short": 0.0,
    "drawdown_worst_usd": 0.3896925881248999,
    "entry_initial_balance_pct_long": 0.29642999999999997,
    "entry_initial_balance_pct_short": 0.0,
    "entry_interval_hours_max": 1271.0666666666666,
    "entry_interval_hours_mean": 23.384045717864414,
    "entry_interval_hours_median": 2.216666666666667,
    "entry_interval_hours_p95": 113.27666666666666,
    "entry_interval_hours_p99": 254.55999999999915,
    "equity_balance_diff_neg_max_btc": 0.5699501217383462,
    "equity_balance_diff_neg_max_usd": 0.34097528036253183,
    "equity_balance_diff_neg_mean_btc": 0.12066164795828326,
    "equity_balance_diff_neg_mean_usd": 0.006982417744810198,
    "equity_balance_diff_pos_max_btc": 1.6275075103733447,
    "equity_balance_diff_pos_max_usd": 0.7381868086787773,
    "equity_balance_diff_pos_mean_btc": 0.19794824708297795,
    "equity_balance_diff_pos_mean_usd": 0.0684461874017041,
    "equity_choppiness_btc": 18.65373702488551,
    "equity_choppiness_usd": 1.790172841863782,
    "equity_choppiness_w_btc": 10.880265286419725,
    "equity_choppiness_w_usd": 1.6741778985411853,
    "equity_jerkiness_btc": 0.025536237065545152,
    "equity_jerkiness_usd": 0.004886297926679207,
    "equity_jerkiness_w_btc": 0.016474734558660387,
    "equity_jerkiness_w_usd": 0.004334880395037741,
    "expected_shortfall_1pct_btc": 0.1746159149714414,
    "expected_shortfall_1pct_strategy_eq": 0.12892359378722146,
    "expected_shortfall_1pct_usd": 0.12892359378722146,
    "exponential_fit_error_btc": 0.3616067888950317,
    "exponential_fit_error_usd": 0.09505095345487442,
    "exponential_fit_error_w_btc": 0.07768568224574252,
    "exponential_fit_error_w_usd": 0.018359446706404797,
    "exposure_mean_ratio_btc": 0.0228885238402625,
    "exposure_mean_ratio_usd": 0.05191898340411431,
    "exposure_mean_ratio_w_btc": 0.1064279368716489,
    "exposure_mean_ratio_w_usd": 0.06606548660262876,
    "exposure_ratio_btc": 5.7053747255787864e-05,
    "exposure_ratio_usd": 0.0001294173699268939,
    "exposure_ratio_w_btc": 0.00018331560228980058,
    "exposure_ratio_w_usd": 0.00011205794494274645,
    "gain_btc": 4.201654752894501,
    "gain_per_exposure_long_btc": 0.2801103168596334,
    "gain_per_exposure_long_usd": 1.7275108093200051,
    "gain_per_exposure_short_btc": 0.0,
    "gain_per_exposure_short_usd": 0.0,
    "gain_strategy_eq": 25.912662139800055,
    "gain_usd": 25.912662139800076,
    "hard_stop_duration_minutes_max": 0.0,
    "hard_stop_duration_minutes_mean": 0.0,
    "hard_stop_flatten_time_minutes_mean": 0.0,
    "hard_stop_halt_to_restart_equity_loss_pct": 0.0,
    "hard_stop_panic_close_loss_max": 0.0,
    "hard_stop_panic_close_loss_sum": 0.0,
    "hard_stop_post_restart_retrigger_pct": 0.0,
    "hard_stop_restarts": 0,
    "hard_stop_restarts_long": 0,
    "hard_stop_restarts_per_year": 0.0,
    "hard_stop_restarts_per_year_long": 0.0,
    "hard_stop_restarts_per_year_short": 0.0,
    "hard_stop_restarts_short": 0,
    "hard_stop_time_in_orange_pct": 0.0,
    "hard_stop_time_in_red_pct": 0.0,
    "hard_stop_time_in_yellow_pct": 0.0,
    "hard_stop_trigger_drawdown_mean": 0.0,
    "hard_stop_triggers": 0,
    "hard_stop_triggers_long": 0,
    "hard_stop_triggers_per_year": 0.0,
    "hard_stop_triggers_short": 0,
    "high_exposure_days_max_long": 6.716666666666666,
    "high_exposure_days_max_short": 0.0,
    "high_exposure_days_mean_long": 0.0715105062829136,
    "high_exposure_days_mean_short": 0.0,
    "high_exposure_hours_max_long": 161.2,
    "high_exposure_hours_max_short": 0.0,
    "high_exposure_hours_mean_long": 1.7162521507899264,
    "high_exposure_hours_mean_short": 0.0,
    "liquidated": false,
    "long_short_profit_ratio": 1.0,
    "loss_profit_ratio": 0.25902995971806797,
    "loss_profit_ratio_long": 0.25902995971806797,
    "loss_profit_ratio_short": 1.0,
    "loss_profit_ratio_w": 0.20496090050929233,
    "mdg_btc": 0.0,
    "mdg_per_exposure_long_btc": 0.0,
    "mdg_per_exposure_long_usd": 0.0,
    "mdg_per_exposure_short_btc": 0.0,
    "mdg_per_exposure_short_usd": 0.0,
    "mdg_pnl": -0.00011765955661041628,
    "mdg_pnl_w": -0.00011879061926235441,
    "mdg_strategy_eq": 0.0,
    "mdg_strategy_eq_w": 0.0,
    "mdg_usd": 0.0,
    "mdg_w_btc": 0.0,
    "mdg_w_per_exposure_long_btc": 0.0,
    "mdg_w_per_exposure_long_usd": 0.0,
    "mdg_w_per_exposure_short_btc": 0.0,
    "mdg_w_per_exposure_short_usd": 0.0,
    "mdg_w_usd": 0.0,
    "omega_ratio_btc": 1.2212818767328721,
    "omega_ratio_strategy_eq": 4.169181004532464,
    "omega_ratio_strategy_eq_w": 4.451565759856894,
    "omega_ratio_usd": 4.169181004532461,
    "omega_ratio_w_btc": 1.864079121741946,
    "omega_ratio_w_usd": 4.451565759856897,
    "paper_loss_mean_ratio_btc": 0.005718803016144789,
    "paper_loss_mean_ratio_usd": 0.22416972421879153,
    "paper_loss_mean_ratio_w_btc": 0.5374941595893254,
    "paper_loss_mean_ratio_w_usd": 0.26115752606843196,
    "paper_loss_ratio_btc": 0.0012107027789944327,
    "paper_loss_ratio_usd": 0.004590498931682955,
    "paper_loss_ratio_w_btc": 0.1913738325435676,
    "paper_loss_ratio_w_usd": 0.009417524607089093,
    "peak_recovery_days_equity_btc": 330.18819444444443,
    "peak_recovery_days_equity_usd": 218.98819444444442,
    "peak_recovery_days_pnl": 184.79305555555558,
    "peak_recovery_days_strategy_eq": 218.98819444444445,
    "peak_recovery_days_strategy_eq_long": 0.0,
    "peak_recovery_days_strategy_eq_short": 0.0,
    "peak_recovery_hours_equity_btc": 7924.516666666666,
    "peak_recovery_hours_equity_usd": 5255.716666666666,
    "peak_recovery_hours_pnl": 4435.033333333334,
    "peak_recovery_hours_strategy_eq": 5255.716666666667,
    "peak_recovery_hours_strategy_eq_long": 0.0,
    "peak_recovery_hours_strategy_eq_short": 0.0,
    "pnl_ratio_long_short": 1.0,
    "position_held_days_max": 6.716666666666666,
    "position_held_days_mean": 0.0715105062829136,
    "position_held_days_median": 0.011805555555555555,
    "position_held_hours_max": 161.2,
    "position_held_hours_mean": 1.7162521507899264,
    "position_held_hours_median": 0.2833333333333333,
    "position_unchanged_days_max": 4.834722222222222,