{
    "adg": 0.02293757211289149,
    "adg_per_exposure_long": 0.005734393028222873,
    "adg_per_exposure_short": 0.0,
    "adg_w": 0.008936984457208341,
    "adg_w_per_exposure_long": 0.0022342461143020852,
    "adg_w_per_exposure_short": 0.0,
    "calmar_ratio": 0.10656691973088131,
    "calmar_ratio_w": 0.04249878931212291,
    "drawdown_worst": 0.21524101635682885,
    "drawdown_worst_mean_1pct": 0.21238927300722998,
    "equity_balance_diff_neg_max": 0.18580624658125688,
    "equity_balance_diff_neg_mean": 0.003089284076219138,
    "equity_balance_diff_pos_max": 0.5634897727527909,
    "equity_balance_diff_pos_mean": 0.0022571148962653126,
    "equity_choppiness": 1.4898327747672768,
    "equity_choppiness_w": 1.7119336500283544,
    "equity_jerkiness": 0.038404693341512745,
    "equity_jerkiness_w": 0.019736833197586994,
    "expected_shortfall_1pct": 0.16945867451910862,
    "exponential_fit_error": 0.27450125750535675,
    "exponential_fit_error_w": 0.029290927034779285,
    "gain": 456.3154791574883,
    "gain_per_exposure_long": 114.07886978937208,
    "gain_per_exposure_short": 0.0,
    "loss_profit_ratio": 0.25686840214648754,
    "loss_profit_ratio_long": 0.25686840214648754,
    "loss_profit_ratio_short": 1.0,
    "loss_profit_ratio_w": 0.3249370154547019,
    "mdg": 0.010530479919329297,
    "mdg_per_exposure_long": 0.0026326199798323243,
    "mdg_per_exposure_short": 0.0,
    "mdg_w": 0.006627803984287364,
    "mdg_w_per_exposure_long": 0.001656950996071841,
    "mdg_w_per_exposure_short": 0.0,
    "omega_ratio": 8.623591979261926,
    "omega_ratio_w": 4.70464650884549,
    "pnl_ratio_long_short": 1.0,
    "position_held_hours_max": 105.56666666666666,
    "position_held_hours_mean": 7.879179487179488,
    "position_held_hours_median": 4.458333333333333,
    "position_unchanged_hours_max": 34.75,
    "positions_held_per_day": 2.407413599314813,
    "sharpe_ratio": 0.2500623523177209,
    "sharpe_ratio_w": 0.19179363400591706,
    "sortino_ratio": 0.37764927980648877,
    "sortino_ratio_w": 0.1681623449911867,
    "sterling_ratio": 0.10799779003956884,
    "sterling_ratio_w": 0.04264187634299167,
    "volume_pct_per_day_avg": 6.605260505085978,
    "volume_pct_per_day_avg_w": 4.098719008433187
}