{
    "adg": 0.0032754282997027317,
    "adg_w": 0.0018478479311208273,
    "calmar_ratio": 0.00557092666571456,
    "calmar_ratio_w": 0.026908730984425273,
    "drawdown_worst": 0.5879503530105445,
    "drawdown_worst_mean_1pct": 0.27412639892486673,
    "equity_balance_diff_neg_max": 0.6333926521934173,
    "equity_balance_diff_neg_mean": 0.01788780496332814,
    "equity_balance_diff_pos_max": 0.3055086680941023,
    "equity_balance_diff_pos_mean": 0.01121149118302148,
    "equity_choppiness": 1.3852315210599058,
    "equity_choppiness_w": 1.1895316918371546,
    "equity_jerkiness": 0.00747722173094763,
    "equity_jerkiness_w": 0.003901213732967812,
    "expected_shortfall_1pct": 0.20072161138655972,
    "exponential_fit_error": 0.3919699270417351,
    "exponential_fit_error_w": 0.04444016945803013,
    "gain": 442.3720003654249,
    "loss_profit_ratio": 0.12632716958992357,
    "loss_profit_ratio_long": 0.12632716958992357,
    "loss_profit_ratio_short": 1.0,
    "loss_profit_ratio_w": 0.07342629789319519,
    "mdg": 0.0,
    "mdg_w": 0.0,
    "omega_ratio": 7.8560631293639425,
    "omega_ratio_w": 14.796142987510667,
    "pnl_ratio_long_short": 1.0,
    "position_held_hours_max": 122.2,
    "position_held_hours_mean": 2.040631880228974,
    "position_held_hours_median": 0.5,
    "position_unchanged_hours_max": 63.233333333333334,
    "positions_held_per_day": 0.8128604473237975,
    "sharpe_ratio": 0.04525749445758019,
    "sharpe_ratio_w": 0.08386324590369303,
    "sortino_ratio": 0.05721477613336482,
    "sortino_ratio_w": 0.13300709544715655,
    "sterling_ratio": 0.01194860587141215,
    "sterling_ratio_w": 0.03299423233243228
}