{
    "adg": 0.0332786739378097,
    "adg_per_exposure_long": 0.003747598416420011,
    "adg_per_exposure_short": 0.0,
    "adg_w": 0.012143940910175389,
    "adg_w_per_exposure_long": 0.001367560913308039,
    "adg_w_per_exposure_short": 0.0,
    "calmar_ratio": 0.08282806129602396,
    "calmar_ratio_w": 0.04567828418475932,
    "drawdown_worst": 0.40178018677599053,
    "drawdown_worst_mean_1pct": 0.3364224365574394,
    "equity_balance_diff_neg_max": 0.3901799358484695,
    "equity_balance_diff_neg_mean": 0.013720791682003837,
    "equity_balance_diff_pos_max": 0.8803698346363267,
    "equity_balance_diff_pos_mean": 0.007826298932290199,
    "equity_choppiness": 1.4605277644046406,
    "equity_choppiness_w": 1.66334630129519,
    "equity_jerkiness": 0.05685953384159429,
    "equity_jerkiness_w": 0.030849473672933808,
    "expected_shortfall_1pct": 0.2585536270368749,
    "exponential_fit_error": 1.5966992226060752,
    "exponential_fit_error_w": 0.16456146713248868,
    "gain": 7364.626861341331,
    "gain_per_exposure_long": 829.3498717726724,
    "gain_per_exposure_short": 0.0,
    "loss_profit_ratio": 0.036341560008421,
    "loss_profit_ratio_long": 0.036341560008421,
    "loss_profit_ratio_short": 1.0,
    "loss_profit_ratio_w": 0.026280327709405492,
    "mdg": 0.007592069085862346,
    "mdg_per_exposure_long": 0.0008549627348944083,
    "mdg_per_exposure_short": 0.0,
    "mdg_w": 0.0034757989589264656,
    "mdg_w_per_exposure_long": 0.0003914188016809083,
    "mdg_w_per_exposure_short": 0.0,
    "omega_ratio": 14.243334207473742,
    "omega_ratio_w": 5.130672173784196,
    "pnl_ratio_long_short": 1.0,
    "position_held_hours_max": 111.2,
    "position_held_hours_mean": 4.158704188481676,
    "position_held_hours_median": 0.7833333333333333,
    "position_unchanged_hours_max": 103.8,
    "positions_held_per_day": 2.8088307006502773,
    "sharpe_ratio": 0.15554304741446842,
    "sharpe_ratio_w": 0.10196496279305427,
    "sortino_ratio": 0.48391395782384933,
    "sortino_ratio_w": 0.21186827689264048,
    "sterling_ratio": 0.09891930597241196,
    "sterling_ratio_w": 0.04728740865239811,
    "volume_pct_per_day_avg": 3.4212099571714876,
    "volume_pct_per_day_avg_w": 2.0340127501857177
}