{"analysis": {"adg": 0.015666438978187314,
              "adg_per_exposure_long": 0.005222146326062438,
              "adg_per_exposure_short": 0.0,
              "adg_w": 0.005719773696072639,
              "adg_w_per_exposure_long": 0.001906591232024213,
              "adg_w_per_exposure_short": 0.0,
              "calmar_ratio": 0.06788621842993826,
              "calmar_ratio_w": 0.05258659510406506,
              "drawdown_worst": 0.2307749546302363,
              "drawdown_worst_mean_1pct": 0.21982316802812052,
              "equity_balance_diff_neg_max": 0.22816066107641444,
              "equity_balance_diff_neg_mean": 0.01740494597613206,
              "equity_balance_diff_pos_max": 0.25031851414915035,
              "equity_balance_diff_pos_mean": 0.003908555219156077,
              "equity_choppiness": 1.9945678904065318,
              "equity_choppiness_w": 4.208567496821174,
              "equity_jerkiness": 0.037774744691711236,
              "equity_jerkiness_w": 0.018807963856769923,
              "expected_shortfall_1pct": 0.1954386822231103,
              "exponential_fit_error": 0.05609123308278007,
              "exponential_fit_error_w": 0.007644539444233128,
              "gain": 39.81174449982992,
              "gain_per_exposure_long": 13.270581499943306,
              "gain_per_exposure_short": 0.0,
              "loss_profit_ratio": 0.31356102023119675,
              "loss_profit_ratio_long": 0.31356102023119675,
              "loss_profit_ratio_short": 1.0,
              "loss_profit_ratio_w": 0.34592845573167497,
              "mdg": 0.010848204894723868,
              "mdg_per_exposure_long": 0.0036160682982412894,
              "mdg_per_exposure_short": 0.0,
              "mdg_w": 0.004995019618507909,
              "mdg_w_per_exposure_long": 0.0016650065395026363,
              "mdg_w_per_exposure_short": 0.0,
              "omega_ratio": 3.7518388431775116,
              "omega_ratio_w": 3.2491530543617024,
              "pnl_ratio_long_short": 1.0,
              "position_held_hours_max": 83.83333333333333,
              "position_held_hours_mean": 3.4886697015680324,
              "position_held_hours_median": 1.2166666666666666,
              "position_unchanged_hours_max": 38.55,
              "positions_held_per_day": 2.780590717299578,
              "sharpe_ratio": 0.22766478041764387,
              "sharpe_ratio_w": 0.16364852371855934,
              "sortino_ratio": 0.2710054086024632,
              "sortino_ratio_w": 0.17519993882238852,
              "sterling_ratio": 0.07126837047577811,
              "sterling_ratio_w": 0.05292481030864904,
              "volume_pct_per_day_avg": 6.799979270446894,
              "volume_pct_per_day_avg_w": 3.6867925835169664},
 "backtest": {"base_dir": "backtests/pbgui/HYPE_adg_w_sharpe_omega_48_dd25_tr",
              "cache_dir": {"bybit": "caches/hlcvs_data/2e9399f17a40967f"},
              "coins": {"bybit": ["HYPE"]},
              "combine_ohlcvs": false,
              "compress_cache": true,
              "end_date": "2025-08-29",
              "exchanges": ["bybit", "binance"],
              "gap_tolerance_ohlcvs_minutes": 120,
              "start_date": "2020-01-01",
              "starting_balance": 1000,
              "use_btc_collateral": false},
 "bot": {"long": {"close_grid_markup_end": 0.019454,
                  "close_grid_markup_start": 0.013358,
                  "close_grid_qty_pct": 0.16835,
                  "close_trailing_grid_ratio": -1,
                  "close_trailing_qty_pct": 0.050194,
                  "close_trailing_retracement_pct": 0.0030815,
                  "close_trailing_threshold_pct": 0.0049995,
                  "ema_span_0": 74.096,
                  "ema_span_1": 40.823,
                  "enforce_exposure_limit": true,
                  "entry_grid_double_down_factor": 0.62379,
                  "entry_grid_spacing_pct": 0.023012,
                  "entry_grid_spacing_weight": 1.2476,
                  "entry_initial_ema_dist": 0.012256,
                  "entry_initial_qty_pct": 0.24999,
                  "entry_trailing_double_down_factor": 0.91907,
                  "entry_trailing_grid_ratio": -1,
                  "entry_trailing_retracement_pct": 0.0016395,
                  "entry_trailing_threshold_pct": 0.053058,
                  "filter_noisiness_rolling_window": 60,
                  "filter_volume_drop_pct": 0,
                  "filter_volume_rolling_window": 60,
                  "n_positions": 1,
                  "total_wallet_exposure_limit": 3,
                  "unstuck_close_pct": 0.039987,
                  "unstuck_ema_dist": -0.068001,
                  "unstuck_loss_allowance_pct": 0.050122,
                  "unstuck_threshold": 0.56784},
         "short": {"close_grid_markup_end": 0.001,
                   "close_grid_markup_start": 0.001,
                   "close_grid_qty_pct": 0.05,
                   "close_trailing_grid_ratio": -1,
                   "close_trailing_qty_pct": 0.05,
                   "close_trailing_retracement_pct": 0,
                   "close_trailing_threshold_pct": -0.1,
                   "ema_span_0": 200,
                   "ema_span_1": 200,
                   "enforce_exposure_limit": true,
                   "entry_grid_double_down_factor": 0.1,
                   "entry_grid_spacing_pct": 0.01,
                   "entry_grid_spacing_weight": 0.2,
                   "entry_initial_ema_dist": -0.1,
                   "entry_initial_qty_pct": 0.025,
                   "entry_trailing_double_down_factor": 0.1,
                   "entry_trailing_grid_ratio": -1,
                   "entry_trailing_retracement_pct": 0,
                   "entry_trailing_threshold_pct": -0.1,
                   "filter_noisiness_rolling_window": 10,
                   "filter_volume_drop_pct": 0,
                   "filter_volume_rolling_window": 10,
                   "n_positions": 0,
                   "total_wallet_exposure_limit": 0,
                   "unstuck_close_pct": 0.005,
                   "unstuck_ema_dist": -0.1,
                   "unstuck_loss_allowance_pct": 0.01,
                   "unstuck_threshold": 0.7}},
 "coin_overrides": {},
 "disable_plotting": false,
 "live": {"approved_coins": {"long": ["HYPE"], "short": []},
          "auto_gs": true,
          "base_config_path": "",
          "empty_means_all_approved": false,
          "execution_delay_seconds": 2,
          "filter_by_min_effective_cost": true,
          "forced_mode_long": "",
          "forced_mode_short": "",
          "ignored_coins": {"long": [], "short": []},
          "leverage": 10,
          "market_orders_allowed": true,
          "max_n_cancellations_per_batch": 5,
          "max_n_creations_per_batch": 3,
          "max_n_restarts_per_day": 10,
          "mimic_backtest_1m_delay": false,
          "minimum_coin_age_days": 30,
          "ohlcvs_1m_rolling_window_days": 4,
          "ohlcvs_1m_update_after_minutes": 10,
          "pnls_max_lookback_days": 30,
          "price_distance_threshold": 0.002,
          "time_in_force": "good_till_cancelled",
          "user": "bybit_01"},
 "optimize": {"bounds": {"long_close_grid_markup_end": [0.001, 0.03],
                         "long_close_grid_markup_start": [0.001, 0.03],
                         "long_close_grid_qty_pct": [0.05, 0.4],
                         "long_close_trailing_grid_ratio": [-1, -1],
                         "long_close_trailing_qty_pct": [0.05, 0.25],
                         "long_close_trailing_retracement_pct": [0.003, 0.01],
                         "long_close_trailing_threshold_pct": [0.001, 0.005],
                         "long_ema_span_0": [1, 800],
                         "long_ema_span_1": [1, 800],
                         "long_entry_grid_double_down_factor": [0, 1],
                         "long_entry_grid_spacing_pct": [0.01, 0.12],
                         "long_entry_grid_spacing_weight": [0.2, 2],