{
    "adg": 0.0018573006403759251,
    "adg_w": 0.0010689087084988502,
    "calmar_ratio": 0.004506084640742696,
    "calmar_ratio_w": 0.009821195883160116,
    "drawdown_worst": 0.4121761547891838,
    "drawdown_worst_mean_1pct": 0.23853997643140679,
    "equity_balance_diff_neg_max": 0.42127510199400486,
    "equity_balance_diff_neg_mean": 0.0275865078040627,
    "equity_balance_diff_pos_max": 0.13787110703584604,
    "equity_balance_diff_pos_mean": 0.005125559714349613,
    "equity_choppiness": 1.9546016499535006,
    "equity_choppiness_w": 1.6372151133406774,
    "equity_jerkiness": 0.005910348948737811,
    "equity_jerkiness_w": 0.0031474639503255215,
    "expected_shortfall_1pct": 0.14466247673246574,
    "exponential_fit_error": 0.15509370990866606,
    "exponential_fit_error_w": 0.016050409969038275,
    "gain": 31.956132652183285,
    "loss_profit_ratio": 0.17760569145736946,
    "loss_profit_ratio_long": 0.17760569145736946,
    "loss_profit_ratio_short": 1.0,
    "loss_profit_ratio_w": 0.13235068850554194,
    "mdg": 0.0,
    "mdg_w": 0.0,
    "omega_ratio": 3.4388334190343883,
    "omega_ratio_w": 4.64341829292034,
    "pnl_ratio_long_short": 1.0,
    "position_held_hours_max": 336.5833333333333,
    "position_held_hours_mean": 3.409072338380197,
    "position_held_hours_median": 0.5666666666666667,
    "position_unchanged_hours_max": 94.36666666666666,
    "positions_held_per_day": 0.7430788393969293,
    "sharpe_ratio": 0.051014272946991075,
    "sharpe_ratio_w": 0.08229477837179165,
    "sortino_ratio": 0.04579652728726116,
    "sortino_ratio_w": 0.07033663961542827,
    "sterling_ratio": 0.007786118990038553,
    "sterling_ratio_w": 0.012174495875734711
}