{"analysis": {"adg": 0.0018573006403759251,
              "adg_w": 0.0010689087084988502,
              "calmar_ratio": 0.004506084640742696,
              "calmar_ratio_w": 0.009821195883160116,
              "drawdown_worst": 0.4121761547891838,
              "drawdown_worst_mean_1pct": 0.23853997643140679,
              "equity_balance_diff_neg_max": 0.42127510199400486,
              "equity_balance_diff_neg_mean": 0.0275865078040627,
              "equity_balance_diff_pos_max": 0.13787110703584604,
              "equity_balance_diff_pos_mean": 0.005125559714349613,
              "equity_choppiness": 1.9546016499535006,
              "equity_choppiness_w": 1.6372151133406774,
              "equity_jerkiness": 0.005910348948737811,
              "equity_jerkiness_w": 0.0031474639503255215,
              "expected_shortfall_1pct": 0.14466247673246574,
              "exponential_fit_error": 0.15509370990866606,
              "exponential_fit_error_w": 0.016050409969038275,
              "gain": 31.956132652183285,
              "loss_profit_ratio": 0.17760569145736946,
              "loss_profit_ratio_long": 0.17760569145736946,
              "loss_profit_ratio_short": 1.0,
              "loss_profit_ratio_w": 0.13235068850554194,
              "mdg": 0.0,
              "mdg_w": 0.0,
              "omega_ratio": 3.4388334190343883,
              "omega_ratio_w": 4.64341829292034,
              "pnl_ratio_long_short": 1.0,
              "position_held_hours_max": 336.5833333333333,
              "position_held_hours_mean": 3.409072338380197,
              "position_held_hours_median": 0.5666666666666667,
              "position_unchanged_hours_max": 94.36666666666666,
              "positions_held_per_day": 0.7430788393969293,
              "sharpe_ratio": 0.051014272946991075,
              "sharpe_ratio_w": 0.08229477837179165,
              "sortino_ratio": 0.04579652728726116,
              "sortino_ratio_w": 0.07033663961542827,
              "sterling_ratio": 0.007786118990038553,
              "sterling_ratio_w": 0.012174495875734711},
 "backtest": {"base_dir": "backtests/pbgui/BTC_adg_sharp_omega_e60tr_c100tr",
              "cache_dir": {"bybit": "caches/hlcvs_data/927c8cbbfbee96b6"},
              "coins": {"bybit": ["BTC"]},
              "combine_ohlcvs": false,
              "compress_cache": true,
              "end_date": "2025-05-05",
              "exchanges": ["binance", "bybit"],
              "gap_tolerance_ohlcvs_minutes": 120,
              "start_date": "2020-01-01",
              "starting_balance": 100000,
              "use_btc_collateral": false},
 "bot": {"long": {"close_grid_markup_range": 0,
                  "close_grid_min_markup": 0,
                  "close_grid_qty_pct": 0,
                  "close_trailing_grid_ratio": -1,
                  "close_trailing_qty_pct": 0.13654,
                  "close_trailing_retracement_pct": 0.0087326,
                  "close_trailing_threshold_pct": 0.0037021,
                  "ema_span_0": 133.34,
                  "ema_span_1": 337.85,
                  "enforce_exposure_limit": true,
                  "entry_grid_double_down_factor": 2.8919,
                  "entry_grid_spacing_pct": 0.027325,
                  "entry_grid_spacing_weight": 0.65634,
                  "entry_initial_ema_dist": 0.018216,
                  "entry_initial_qty_pct": 0.060519,
                  "entry_trailing_double_down_factor": 1.6567,
                  "entry_trailing_grid_ratio": -0.62523,
                  "entry_trailing_retracement_pct": 0.021901,
                  "entry_trailing_threshold_pct": 0.01947,
                  "filter_noisiness_rolling_window": 60,
                  "filter_volume_drop_pct": 0,
                  "filter_volume_rolling_window": 60,
                  "n_positions": 1,
                  "total_wallet_exposure_limit": 2.49,
                  "unstuck_close_pct": 0.0050016,
                  "unstuck_ema_dist": 0.0091752,
                  "unstuck_loss_allowance_pct": 0.053188,
                  "unstuck_threshold": 0.73191},
         "short": {"close_grid_markup_range": 0.01,
                   "close_grid_min_markup": 0.002,
                   "close_grid_qty_pct": 0.05,
                   "close_trailing_grid_ratio": 0,
                   "close_trailing_qty_pct": 0.05,
                   "close_trailing_retracement_pct": 0,
                   "close_trailing_threshold_pct": 0,
                   "ema_span_0": 200,
                   "ema_span_1": 200,
                   "enforce_exposure_limit": true,
                   "entry_grid_double_down_factor": 0.1,
                   "entry_grid_spacing_pct": 0.01,
                   "entry_grid_spacing_weight": 0.2,
                   "entry_initial_ema_dist": 0,
                   "entry_initial_qty_pct": 0.025,
                   "entry_trailing_double_down_factor": 0.1,
                   "entry_trailing_grid_ratio": 0,
                   "entry_trailing_retracement_pct": 0,
                   "entry_trailing_threshold_pct": 0,
                   "filter_noisiness_rolling_window": 10,
                   "filter_volume_drop_pct": 0,
                   "filter_volume_rolling_window": 10,
                   "n_positions": 0,
                   "total_wallet_exposure_limit": 0,
                   "unstuck_close_pct": 0.005,
                   "unstuck_ema_dist": 0,
                   "unstuck_loss_allowance_pct": 0.01,
                   "unstuck_threshold": 0.7}},
 "disable_plotting": false,
 "live": {"approved_coins": {"long": ["BTCUSDT"], "short": []},
          "auto_gs": true,
          "coin_flags": {},
          "empty_means_all_approved": false,
          "execution_delay_seconds": 2,
          "filter_by_min_effective_cost": true,
          "forced_mode_long": "",
          "forced_mode_short": "",
          "ignored_coins": {"long": [], "short": []},
          "leverage": 10,
          "market_orders_allowed": true,
          "max_n_cancellations_per_batch": 5,
          "max_n_creations_per_batch": 3,
          "max_n_restarts_per_day": 10,
          "minimum_coin_age_days": 30,
          "ohlcvs_1m_rolling_window_days": 4,
          "ohlcvs_1m_update_after_minutes": 10,
          "pnls_max_lookback_days": 30,
          "price_distance_threshold": 0.002,
          "time_in_force": "good_till_cancelled",
          "user": "bybit_01"},
 "optimize": {"bounds": {"long_close_grid_markup_range": [0, 0],
                         "long_close_grid_min_markup": [0, 0],
                         "long_close_grid_qty_pct": [0, 0],
                         "long_close_trailing_grid_ratio": [-1, -1],
                         "long_close_trailing_qty_pct": [0.05, 0.35],
                         "long_close_trailing_retracement_pct": [0.003, 0.01],
                         "long_close_trailing_threshold_pct": [0.001, 0.005],
                         "long_ema_span_0": [100, 800],
                         "long_ema_span_1": [100, 800],
                         "long_entry_grid_double_down_factor": [0.5, 3],
                         "long_entry_grid_spacing_pct": [0.01, 0.12],
                         "long_entry_grid_spacing_weight": [0.2, 2],
                         "long_entry_initial_ema_dist": [-0.001, 0.02],
                         "long_entry_initial_qty_pct": [0.01, 0.2],
                         "long_entry_trailing_double_down_factor": [0.6, 3],
                         "long_entry_trailing_grid_ratio": [-1, -0.6],
                         "long_entry_trailing_retracement_pct": [0, 0.15],
                         "long_entry_trailing_threshold_pct": [-0.1, 0.1],
                         "long_filter_noisiness_rolling_window": [60, 60],
                         "long_filter_volume_drop_pct": [0, 0],
                         "long_filter_volume_rolling_window": [60, 60],
                         "long_n_positions": [1, 1],
                         "long_total_wallet_exposure_limit": [1, 2.5],