{
    "adg": 0.04196588396147827,
    "adg_per_exposure_long": 0.004662875995719807,
    "adg_per_exposure_short": 0.0,
    "adg_w": 0.01376974348838278,
    "adg_w_per_exposure_long": 0.0015299714987091978,
    "adg_w_per_exposure_short": 0.0,
    "calmar_ratio": 0.25394569043982385,
    "calmar_ratio_w": 0.18547256775704224,
    "drawdown_worst": 0.16525535002698816,
    "drawdown_worst_mean_1pct": 0.16525535002698816,
    "equity_balance_diff_neg_max": 0.2353438317351928,
    "equity_balance_diff_neg_mean": 0.03254365751760105,
    "equity_balance_diff_pos_max": 0.3067228777721851,
    "equity_balance_diff_pos_mean": 0.015743513975535757,
    "equity_choppiness": 1.0308077993573743,
    "equity_choppiness_w": 1.7787242509418655,
    "equity_jerkiness": 0.05145959769411676,
    "equity_jerkiness_w": 0.03047257837264793,
    "expected_shortfall_1pct": 0.16525535002698813,
    "exponential_fit_error": 0.020902338503191568,
    "exponential_fit_error_w": 0.004942231332505866,
    "gain": 4.215727041370885,
    "gain_per_exposure_long": 0.46841411570787606,
    "gain_per_exposure_short": 0.0,
    "loss_profit_ratio": 0.0,
    "loss_profit_ratio_long": 0.0,
    "loss_profit_ratio_short": 1.0,
    "loss_profit_ratio_w": 0.0,
    "mdg": 0.011283194656664391,
    "mdg_per_exposure_long": 0.0012536882951849323,
    "mdg_per_exposure_short": 0.0,
    "mdg_w": 0.0032049131058710183,
    "mdg_w_per_exposure_long": 0.0003561014562078909,
    "mdg_w_per_exposure_short": 0.0,
    "omega_ratio": 52.99690943090766,
    "omega_ratio_w": null,
    "pnl_ratio_long_short": 1.0,
    "position_held_hours_max": 14.75,
    "position_held_hours_mean": 2.1345959595959596,
    "position_held_hours_median": 0.825,
    "position_unchanged_hours_max": 14.5,
    "positions_held_per_day": 1.9095840867992766,
    "sharpe_ratio": 0.3276021718951557,
    "sharpe_ratio_w": 0.1953770087767209,
    "sortino_ratio": 0.6314820192669921,
    "sortino_ratio_w": 0.3225433969786299,
    "sterling_ratio": 0.25394569043982385,
    "sterling_ratio_w": 0.18547256775704224,
    "volume_pct_per_day_avg": 13.934943128986959,
    "volume_pct_per_day_avg_w": 6.915078679540315
}