{
    "adg": 0.005777416177235706,
    "adg_per_exposure_long": 0.0022718899635217086,
    "adg_per_exposure_short": 0.0,
    "adg_w": 0.003432107124841699,
    "adg_w_per_exposure_long": 0.0013496292272283518,
    "adg_w_per_exposure_short": 0.0,
    "calmar_ratio": 0.011729283419338411,
    "calmar_ratio_w": 0.01123805293863735,
    "drawdown_worst": 0.4925634389318542,
    "drawdown_worst_mean_1pct": 0.2902248856926188,
    "equity_balance_diff_neg_max": 0.5071785552733271,
    "equity_balance_diff_neg_mean": 0.022447516916114685,
    "equity_balance_diff_pos_max": 0.17286422090338419,
    "equity_balance_diff_pos_mean": 0.004127977495104567,
    "equity_choppiness": 1.7372681222082704,
    "equity_choppiness_w": 2.5374305719775343,
    "equity_jerkiness": 0.01290130850793571,
    "equity_jerkiness_w": 0.011383063053790655,
    "expected_shortfall_1pct": 0.2312494634929674,
    "exponential_fit_error": 0.22568707625004328,
    "exponential_fit_error_w": 0.0345997942861562,
    "gain": 5281.983011890434,
    "gain_per_exposure_long": 2077.067641325377,
    "gain_per_exposure_short": 0.0,
    "loss_profit_ratio": 0.049267119051181356,
    "loss_profit_ratio_long": 0.049267119051181356,
    "loss_profit_ratio_short": 1.0,
    "loss_profit_ratio_w": 0.06188821429860238,
    "mdg": 0.00019231217620794725,
    "mdg_per_exposure_long": 7.562413535507167e-05,
    "mdg_per_exposure_short": 0.0,
    "mdg_w": 6.577163944221414e-05,
    "mdg_w_per_exposure_long": 2.586379844365479e-05,
    "mdg_w_per_exposure_short": 0.0,
    "omega_ratio": 6.723240621083866,
    "omega_ratio_w": 3.7976154838423968,
    "pnl_ratio_long_short": 1.0,
    "position_held_hours_max": 309.7,
    "position_held_hours_mean": 2.03342034029389,
    "position_held_hours_median": 0.5666666666666667,
    "position_unchanged_hours_max": 157.58333333333334,
    "positions_held_per_day": 2.317204301075269,
    "sharpe_ratio": 0.08233019391414954,
    "sharpe_ratio_w": 0.06511880128626593,
    "sortino_ratio": 0.11597661462368172,
    "sortino_ratio_w": 0.08020090592065267,
    "sterling_ratio": 0.01990668775163081,
    "sterling_ratio_w": 0.01385677123227672,
    "volume_pct_per_day_avg": 1.2798370018818377,
    "volume_pct_per_day_avg_w": 0.9783614473845568
}