{
    "adg": 0.007178427560406098,
    "adg_per_exposure_long": 0.001467410936528976,
    "adg_per_exposure_short": 0.0,
    "adg_w": 0.003465163299764029,
    "adg_w_per_exposure_long": 0.0007083471247907825,
    "adg_w_per_exposure_short": 0.0,
    "calmar_ratio": 0.009302234416935852,
    "calmar_ratio_w": 0.01755636174205893,
    "drawdown_worst": 0.7716885254296425,
    "drawdown_worst_mean_1pct": 0.3323231352230931,
    "equity_balance_diff_neg_max": 0.77224477361592,
    "equity_balance_diff_neg_mean": 0.002846016664026855,
    "equity_balance_diff_pos_max": 0.35949788306355246,
    "equity_balance_diff_pos_mean": 0.0008063166147032226,
    "equity_choppiness": 1.40711254683683,
    "equity_choppiness_w": 1.4440139997404047,
    "equity_jerkiness": 0.012830721110057538,
    "equity_jerkiness_w": 0.007289997067524199,
    "expected_shortfall_1pct": 0.30468268074578336,
    "exponential_fit_error": 0.7531716282040828,
    "exponential_fit_error_w": 0.08030315241000753,
    "gain": 155174.29066120385,
    "gain_per_exposure_long": 31720.658774955307,
    "gain_per_exposure_short": 0.0,
    "loss_profit_ratio": 0.004043213081487669,
    "loss_profit_ratio_long": 0.004043213081487669,
    "loss_profit_ratio_short": 1.0,
    "loss_profit_ratio_w": 0.004940616742689354,
    "mdg": 0.001516546960968603,
    "mdg_per_exposure_long": 0.00031001184835515914,
    "mdg_per_exposure_short": 0.0,
    "mdg_w": 0.0009142970913300862,
    "mdg_w_per_exposure_long": 0.00018690020060305532,
    "mdg_w_per_exposure_short": 0.0,
    "omega_ratio": 11.876404907866926,
    "omega_ratio_w": 7.438410499552465,
    "pnl_ratio_long_short": 1.0,
    "position_held_hours_max": 108.8,
    "position_held_hours_mean": 1.9331651299941857,
    "position_held_hours_median": 0.35,
    "position_unchanged_hours_max": 90.26666666666667,
    "positions_held_per_day": 4.803111909036505,
    "sharpe_ratio": 0.05037050710621368,
    "sharpe_ratio_w": 0.08468076432893093,
    "sortino_ratio": 0.12010675570180222,
    "sortino_ratio_w": 0.12435947711094837,
    "sterling_ratio": 0.021600745778915215,
    "sterling_ratio_w": 0.02234631368551094,
    "volume_pct_per_day_avg": 1.7504246996979451,
    "volume_pct_per_day_avg_w": 1.143447592734482
}