{
    "adg": 0.006258634074627123,
    "adg_per_exposure_long": 0.0006296665936885913,
    "adg_per_exposure_short": 0.0,
    "adg_w": 0.005232327300846528,
    "adg_w_per_exposure_long": 0.0005264122601358735,
    "adg_w_per_exposure_short": 0.0,
    "calmar_ratio": 0.01256510556727538,
    "calmar_ratio_w": 0.012654085146830366,
    "drawdown_worst": 0.498096417982125,
    "drawdown_worst_mean_1pct": 0.28651296456584113,
    "equity_balance_diff_neg_max": 0.5410462045744524,
    "equity_balance_diff_neg_mean": 0.006184341648864091,
    "equity_balance_diff_pos_max": 0.4173715824629034,
    "equity_balance_diff_pos_mean": 0.002804002983257622,
    "equity_choppiness": 1.5988171438359375,
    "equity_choppiness_w": 1.7446243397764867,
    "equity_jerkiness": 0.010316003441204745,
    "equity_jerkiness_w": 0.012492704416027041,
    "expected_shortfall_1pct": 0.2779840281479877,
    "exponential_fit_error": 0.8914752895624298,
    "exponential_fit_error_w": 0.11330541565104776,
    "gain": 185140.26987865596,
    "gain_per_exposure_long": 18626.53123653426,
    "gain_per_exposure_short": 0.0,
    "loss_profit_ratio": 0.016011900075802214,
    "loss_profit_ratio_long": 0.016011900075802214,
    "loss_profit_ratio_short": 1.0,
    "loss_profit_ratio_w": 0.018080454287951808,
    "mdg": 0.0004890586962462935,
    "mdg_per_exposure_long": 4.920305608337292e-05,
    "mdg_per_exposure_short": 0.0,
    "mdg_w": 0.0003811579165844455,
    "mdg_w_per_exposure_long": 3.8347410014934755e-05,
    "mdg_w_per_exposure_short": 0.0,
    "omega_ratio": 22.826354836624628,
    "omega_ratio_w": 7.950246320562103,
    "pnl_ratio_long_short": 1.0,
    "position_held_hours_max": 331.45,
    "position_held_hours_mean": 0.9014418634292451,
    "position_held_hours_median": 0.13333333333333333,
    "position_unchanged_hours_max": 280.93333333333334,
    "positions_held_per_day": 10.762345679012345,
    "sharpe_ratio": 0.0581320670942219,
    "sharpe_ratio_w": 0.05583998052129034,
    "sortino_ratio": 0.11009717549904731,
    "sortino_ratio_w": 0.09130434615244179,
    "sterling_ratio": 0.02184415663043715,
    "sterling_ratio_w": 0.0176052013835811,
    "volume_pct_per_day_avg": 1.0473195204254548,
    "volume_pct_per_day_avg_w": 1.169323661947018
}