{"analysis": {"adg": 0.008974812585220482,
              "adg_per_exposure_long": 0.0021177999398792964,
              "adg_per_exposure_short": 0.0,
              "adg_w": 0.003768924516997041,
              "adg_w_per_exposure_long": 0.0008893587514741236,
              "adg_w_per_exposure_short": 0.0,
              "calmar_ratio": 0.01820862023585271,
              "calmar_ratio_w": 0.03238464375339291,
              "drawdown_worst": 0.49288811941659955,
              "drawdown_worst_mean_1pct": 0.2694158927129145,
              "equity_balance_diff_neg_max": 0.49488744757597325,
              "equity_balance_diff_neg_mean": 0.005093611351763553,
              "equity_balance_diff_pos_max": 0.5141242897797358,
              "equity_balance_diff_pos_mean": 0.0036948104714740995,
              "equity_choppiness": 1.2376499395893965,
              "equity_choppiness_w": 1.4420086597710875,
              "equity_jerkiness": 0.015795458650441026,
              "equity_jerkiness_w": 0.008156121995260588,
              "expected_shortfall_1pct": 0.25458697070747943,
              "exponential_fit_error": 0.30408602796151185,
              "exponential_fit_error_w": 0.03551726630413239,
              "gain": 1035.1718667735172,
              "gain_per_exposure_long": 244.27105261539413,
              "gain_per_exposure_short": 0.0,
              "loss_profit_ratio": 0.051575391358171,
              "loss_profit_ratio_long": 0.051575391358171,
              "loss_profit_ratio_short": 1.0,
              "loss_profit_ratio_w": 0.05086465396818365,
              "mdg": 0.0014036542137981225,
              "mdg_per_exposure_long": 0.00033122238279251556,
              "mdg_per_exposure_short": 0.0,
              "mdg_w": 0.001030150263809106,
              "mdg_w_per_exposure_long": 0.00024308609745837603,
              "mdg_w_per_exposure_short": 0.0,
              "omega_ratio": 21.28125252367637,
              "omega_ratio_w": 8.150739874115375,
              "pnl_ratio_long_short": 1.0,
              "position_held_hours_max": 114.38333333333334,
              "position_held_hours_mean": 1.4319329832458114,
              "position_held_hours_median": 0.1,
              "position_unchanged_hours_max": 81.18333333333334,
              "positions_held_per_day": 3.4311454311454312,
              "sharpe_ratio": 0.09156105298697742,
              "sharpe_ratio_w": 0.12202195535987825,
              "sortino_ratio": 0.1766424759745591,
              "sortino_ratio_w": 0.17677466177008916,
              "sterling_ratio": 0.033312112714834925,
              "sterling_ratio_w": 0.03504231291472738,
              "volume_pct_per_day_avg": 1.4456531196114069,
              "volume_pct_per_day_avg_w": 1.004045940652017},
 "backtest": {"base_dir": "backtests/pbgui/PEPE_adg_sharpe_omega_twe9_trgr",
              "cache_dir": {"bybit": "caches/hlcvs_data/63a7191b27ff0582"},
              "coins": {"bybit": ["PEPE"]},
              "combine_ohlcvs": false,
              "compress_cache": true,
              "end_date": "2025-07-04",
              "exchanges": ["binance", "bybit"],
              "gap_tolerance_ohlcvs_minutes": 120,
              "start_date": "2020-01-01",
              "starting_balance": 1000,
              "use_btc_collateral": false},
 "bot": {"long": {"close_grid_markup_end": 0.028783,
                  "close_grid_markup_start": 0.0050301,
                  "close_grid_qty_pct": 0.30449,
                  "close_trailing_grid_ratio": -0.46372,
                  "close_trailing_qty_pct": 0.1094,
                  "close_trailing_retracement_pct": 0.0065279,
                  "close_trailing_threshold_pct": 0.0031027,
                  "ema_span_0": 106.25,
                  "ema_span_1": 108.43,
                  "enforce_exposure_limit": true,
                  "entry_grid_double_down_factor": 2.9366,
                  "entry_grid_spacing_pct": 0.065098,
                  "entry_grid_spacing_weight": 0.25523,
                  "entry_initial_ema_dist": 0.01829,
                  "entry_initial_qty_pct": 0.025168,
                  "entry_trailing_double_down_factor": 1.5935,
                  "entry_trailing_grid_ratio": 0.0034525,
                  "entry_trailing_retracement_pct": 0.12995,
                  "entry_trailing_threshold_pct": 0.0091922,
                  "filter_noisiness_rolling_window": 60,
                  "filter_volume_drop_pct": 0,
                  "filter_volume_rolling_window": 60,
                  "n_positions": 1,
                  "total_wallet_exposure_limit": 4.2378,
                  "unstuck_close_pct": 0.0051279,
                  "unstuck_ema_dist": -0.051616,
                  "unstuck_loss_allowance_pct": 0.12203,
                  "unstuck_threshold": 0.87711},
         "short": {"close_grid_markup_end": 0.001,
                   "close_grid_markup_start": 0.001,
                   "close_grid_qty_pct": 0.1,
                   "close_trailing_grid_ratio": -1,
                   "close_trailing_qty_pct": 0.1,
                   "close_trailing_retracement_pct": 0.003,
                   "close_trailing_threshold_pct": -0.001,
                   "ema_span_0": 200,
                   "ema_span_1": 200,
                   "enforce_exposure_limit": true,
                   "entry_grid_double_down_factor": 0.6,
                   "entry_grid_spacing_pct": 0.01,
                   "entry_grid_spacing_weight": 0.2,
                   "entry_initial_ema_dist": -0.001,
                   "entry_initial_qty_pct": 0.025,
                   "entry_trailing_double_down_factor": 0.1,
                   "entry_trailing_grid_ratio": -1,
                   "entry_trailing_retracement_pct": 0,
                   "entry_trailing_threshold_pct": -0.1,
                   "filter_noisiness_rolling_window": 60,
                   "filter_volume_drop_pct": 0.53,
                   "filter_volume_rolling_window": 60,
                   "n_positions": 0,
                   "total_wallet_exposure_limit": 0,
                   "unstuck_close_pct": 0.005,
                   "unstuck_ema_dist": -0.1,
                   "unstuck_loss_allowance_pct": 0.01,
                   "unstuck_threshold": 0.55}},
 "disable_plotting": false,
 "live": {"approved_coins": {"long": ["1000PEPEUSDT"], "short": []},
          "auto_gs": true,
          "coin_flags": {},
          "empty_means_all_approved": false,
          "execution_delay_seconds": 2,
          "filter_by_min_effective_cost": true,
          "forced_mode_long": "",
          "forced_mode_short": "",
          "ignored_coins": {"long": [], "short": []},
          "leverage": 10,
          "market_orders_allowed": true,
          "max_n_cancellations_per_batch": 5,
          "max_n_creations_per_batch": 3,
          "max_n_restarts_per_day": 10,
          "mimic_backtest_1m_delay": false,
          "minimum_coin_age_days": 30,
          "ohlcvs_1m_rolling_window_days": 4,
          "ohlcvs_1m_update_after_minutes": 10,
          "pnls_max_lookback_days": 30,
          "price_distance_threshold": 0.002,
          "time_in_force": "good_till_cancelled",
          "user": "bybit_01"},
 "optimize": {"bounds": {"long_close_grid_markup_end": [0.001, 0.03],
                         "long_close_grid_markup_start": [0.001, 0.03],
                         "long_close_grid_qty_pct": [0.05, 0.4],
                         "long_close_trailing_grid_ratio": [-1, 1],
                         "long_close_trailing_qty_pct": [0.05, 0.25],
                         "long_close_trailing_retracement_pct": [0.003, 0.01],
                         "long_close_trailing_threshold_pct": [0.001, 0.005],
                         "long_ema_span_0": [100, 800],
                         "long_ema_span_1": [100, 800],
                         "long_entry_grid_double_down_factor": [0.4, 10],
                         "long_entry_grid_spacing_pct": [0.01, 0.12],
                         "long_entry_grid_spacing_weight": [0.2, 2],