{
    "adg": 0.0017622192369237677,
    "adg_w": 0.0012323263454617095,
    "calmar_ratio": 0.004179558442992788,
    "calmar_ratio_w": 0.008075418376530443,
    "drawdown_worst": 0.42162808845948907,
    "drawdown_worst_mean_1pct": 0.24006488304583876,
    "equity_balance_diff_neg_max": 0.4218613902269456,
    "equity_balance_diff_neg_mean": 0.03663031396233123,
    "equity_balance_diff_pos_max": 0.0699566888201311,
    "equity_balance_diff_pos_mean": 0.0004745356824984871,
    "equity_choppiness": 2.758754064737548,
    "equity_choppiness_w": 2.078794865406581,
    "equity_jerkiness": 0.006789020012633823,
    "equity_jerkiness_w": 0.004299528285231449,
    "expected_shortfall_1pct": 0.15282255845151668,
    "exponential_fit_error": 0.11183862760951412,
    "exponential_fit_error_w": 0.01197211707601779,
    "gain": 26.346140533126363,
    "loss_profit_ratio": 0.14412526793036795,
    "loss_profit_ratio_long": 0.14412526793036795,
    "loss_profit_ratio_short": 1.0,
    "loss_profit_ratio_w": 0.08676674924793482,
    "mdg": 0.00020916127350885258,
    "mdg_w": 0.0001613972254841818,
    "omega_ratio": 2.4495109335739036,
    "omega_ratio_w": 3.359415076385062,
    "pnl_ratio_long_short": 1.0,
    "position_held_hours_max": 1781.35,
    "position_held_hours_mean": 212.73273195876288,
    "position_held_hours_median": 122.375,
    "position_unchanged_hours_max": 470.25,
    "positions_held_per_day": 0.10443817376753534,
    "sharpe_ratio": 0.05566323089383299,
    "sharpe_ratio_w": 0.0647883238956154,
    "sortino_ratio": 0.05654546478790991,
    "sortino_ratio_w": 0.0676817515090897,
    "sterling_ratio": 0.007340595652998044,
    "sterling_ratio_w": 0.00950117195237261
}