{
    "adg": 0.0010924606961404404,
    "adg_w": 0.0004570171267821221,
    "calmar_ratio": 0.006662447772842098,
    "calmar_ratio_w": 0.004890961661013421,
    "drawdown_worst": 0.16397287204165406,
    "drawdown_worst_mean_1pct": 0.06072136516591095,
    "equity_balance_diff_neg_max": 0.16339176340592726,
    "equity_balance_diff_neg_mean": 0.0037916928460332267,
    "equity_balance_diff_pos_max": 0.1595964876723568,
    "equity_balance_diff_pos_mean": 0.0028524863021627263,
    "equity_choppiness": 1.1188107653100137,
    "equity_choppiness_w": 1.7976373138209798,
    "equity_jerkiness": 0.0022207801991199465,
    "equity_jerkiness_w": 0.001307875805242787,
    "expected_shortfall_1pct": 0.05623704313822039,
    "exponential_fit_error": 0.05566055065513123,
    "exponential_fit_error_w": 0.00599405272139169,
    "gain": 7.679165065709797,
    "loss_profit_ratio": 0.05535140261169196,
    "loss_profit_ratio_long": 0.05535140261169196,
    "loss_profit_ratio_short": 1.0,
    "loss_profit_ratio_w": 0.20242735836836828,
    "mdg": 0.0,
    "mdg_w": 0.0,
    "omega_ratio": 21.540347369459514,
    "omega_ratio_w": 49.367321599931685,
    "pnl_ratio_long_short": 1.0,
    "position_held_hours_max": 71.5,
    "position_held_hours_mean": 0.5215354511970534,
    "position_held_hours_median": 0.11666666666666667,
    "position_unchanged_hours_max": 61.35,
    "positions_held_per_day": 0.7757593074598079,
    "sharpe_ratio": 0.06375909940811753,
    "sharpe_ratio_w": 0.04237106530441358,
    "sortino_ratio": 0.061028325892104066,
    "sortino_ratio_w": 0.03171751800313247,
    "sterling_ratio": 0.017991372446180594,
    "sterling_ratio_w": 0.01004061313016687
}