{"analysis": {"adg": 0.04951340985838071,
              "adg_per_exposure_long": 0.00615915037422325,
              "adg_per_exposure_short": 0.0,
              "adg_w": 0.02423674445111277,
              "adg_w_per_exposure_long": 0.0030148954411136674,
              "adg_w_per_exposure_short": 0.0,
              "calmar_ratio": 0.11074460696726157,
              "calmar_ratio_w": 0.17551445203982097,
              "drawdown_worst": 0.4470954497406624,
              "drawdown_worst_mean_1pct": 0.4439787846999313,
              "equity_balance_diff_neg_max": 0.4873732410682865,
              "equity_balance_diff_neg_mean": 0.04440232784351052,
              "equity_balance_diff_pos_max": 0.5693411468064395,
              "equity_balance_diff_pos_mean": 0.01887750007180818,
              "equity_choppiness": 1.3966628669894203,
              "equity_choppiness_w": 1.3652659394533895,
              "equity_jerkiness": 0.08761967033070792,
              "equity_jerkiness_w": 0.046824243958345585,
              "expected_shortfall_1pct": 0.4384125953044329,
              "exponential_fit_error": 0.49140334438366107,
              "exponential_fit_error_w": 0.05601586052437348,
              "gain": 41434.13207988019,
              "gain_per_exposure_long": 5154.140077109117,
              "gain_per_exposure_short": 0.0,
              "loss_profit_ratio": 0.04516764443714935,
              "loss_profit_ratio_long": 0.04516764443714935,
              "loss_profit_ratio_short": 1.0,
              "loss_profit_ratio_w": 0.04497082585172576,
              "mdg": 0.021489478064373357,
              "mdg_per_exposure_long": 0.002673153136506202,
              "mdg_per_exposure_short": 0.0,
              "mdg_w": 0.010290533984180608,
              "mdg_w_per_exposure_long": 0.001280076375691082,
              "mdg_w_per_exposure_short": 0.0,
              "omega_ratio": 10.276838692320432,
              "omega_ratio_w": 8.45545109171963,
              "pnl_ratio_long_short": 1.0,
              "position_held_hours_max": 66.81666666666666,
              "position_held_hours_mean": 1.171723377441714,
              "position_held_hours_median": 0.1,
              "position_unchanged_hours_max": 66.81666666666666,
              "positions_held_per_day": 4.8090909090909095,
              "sharpe_ratio": 0.19937856335172638,
              "sharpe_ratio_w": 0.25799995609232595,
              "sortino_ratio": 0.3545898919977252,
              "sortino_ratio_w": 0.48047627375949453,
              "sterling_ratio": 0.11152201763839904,
              "sterling_ratio_w": 0.1755921931069347,
              "volume_pct_per_day_avg": 22.737417850523737,
              "volume_pct_per_day_avg_w": 14.206103505138188},
 "backtest": {"base_dir": "backtests/pbgui/HYPE_adg_w_sharpe_gain_ema800",
              "cache_dir": {"bybit": "caches/hlcvs_data/7f39bf971541e011"},
              "coins": {"bybit": ["HYPE"]},
              "combine_ohlcvs": false,
              "compress_cache": true,
              "end_date": "2025-08-12",
              "exchanges": ["bybit", "binance"],
              "gap_tolerance_ohlcvs_minutes": 120,
              "start_date": "2020-01-01",
              "starting_balance": 1000,
              "use_btc_collateral": false},
 "bot": {"long": {"close_grid_markup_end": 0.0046074,
                  "close_grid_markup_start": 0.0045743,
                  "close_grid_qty_pct": 0.11492,
                  "close_trailing_grid_ratio": -0.60053,
                  "close_trailing_qty_pct": 0.19997,
                  "close_trailing_retracement_pct": 0.0047478,
                  "close_trailing_threshold_pct": 0.0032118,
                  "ema_span_0": 471.55,
                  "ema_span_1": 771.09,
                  "enforce_exposure_limit": true,
                  "entry_grid_double_down_factor": 6.3518,
                  "entry_grid_spacing_pct": 0.059446,
                  "entry_grid_spacing_weight": 1.0771,
                  "entry_initial_ema_dist": 0.019314,
                  "entry_initial_qty_pct": 0.20869,
                  "entry_trailing_double_down_factor": 9.3507,
                  "entry_trailing_grid_ratio": -0.43749,
                  "entry_trailing_retracement_pct": 0.00016183,
                  "entry_trailing_threshold_pct": 0.022244,
                  "filter_noisiness_rolling_window": 60,
                  "filter_volume_drop_pct": 0,
                  "filter_volume_rolling_window": 60,
                  "n_positions": 1,
                  "total_wallet_exposure_limit": 8.039,
                  "unstuck_close_pct": 0.0054156,
                  "unstuck_ema_dist": -0.037133,
                  "unstuck_loss_allowance_pct": 0.125,
                  "unstuck_threshold": 0.66509},
         "short": {"close_grid_markup_end": 0.001,
                   "close_grid_markup_start": 0.001,
                   "close_grid_qty_pct": 0.1,
                   "close_trailing_grid_ratio": -1,
                   "close_trailing_qty_pct": 0.1,
                   "close_trailing_retracement_pct": 0.003,
                   "close_trailing_threshold_pct": -0.001,
                   "ema_span_0": 200,
                   "ema_span_1": 200,
                   "enforce_exposure_limit": true,
                   "entry_grid_double_down_factor": 0.6,
                   "entry_grid_spacing_pct": 0.01,
                   "entry_grid_spacing_weight": 0.2,
                   "entry_initial_ema_dist": -0.001,
                   "entry_initial_qty_pct": 0.025,
                   "entry_trailing_double_down_factor": 0.1,
                   "entry_trailing_grid_ratio": -1,
                   "entry_trailing_retracement_pct": 0,
                   "entry_trailing_threshold_pct": -0.1,
                   "filter_noisiness_rolling_window": 60,
                   "filter_volume_drop_pct": 0.53,
                   "filter_volume_rolling_window": 60,
                   "n_positions": 0,
                   "total_wallet_exposure_limit": 0,
                   "unstuck_close_pct": 0.005,
                   "unstuck_ema_dist": -0.1,
                   "unstuck_loss_allowance_pct": 0.01,
                   "unstuck_threshold": 0.55}},
 "coin_overrides": {},
 "disable_plotting": false,
 "live": {"approved_coins": {"long": ["HYPEUSDT"], "short": []},
          "auto_gs": true,
          "base_config_path": "",
          "empty_means_all_approved": false,
          "execution_delay_seconds": 2,
          "filter_by_min_effective_cost": true,
          "forced_mode_long": "",
          "forced_mode_short": "",
          "ignored_coins": {"long": [], "short": []},
          "leverage": 10,
          "market_orders_allowed": true,
          "max_n_cancellations_per_batch": 5,
          "max_n_creations_per_batch": 3,
          "max_n_restarts_per_day": 10,
          "mimic_backtest_1m_delay": false,
          "minimum_coin_age_days": 30,
          "ohlcvs_1m_rolling_window_days": 4,
          "ohlcvs_1m_update_after_minutes": 10,
          "pnls_max_lookback_days": 30,
          "price_distance_threshold": 0.002,
          "time_in_force": "good_till_cancelled",
          "user": "bybit_01"},
 "optimize": {"bounds": {"long_close_grid_markup_end": [0.001, 0.03],
                         "long_close_grid_markup_start": [0.001, 0.03],
                         "long_close_grid_qty_pct": [0.05, 0.4],
                         "long_close_trailing_grid_ratio": [-1, 1],
                         "long_close_trailing_qty_pct": [0.05, 0.25],
                         "long_close_trailing_retracement_pct": [0.003, 0.01],
                         "long_close_trailing_threshold_pct": [0.001, 0.005],
                         "long_ema_span_0": [1, 800],
                         "long_ema_span_1": [1, 800],
                         "long_entry_grid_double_down_factor": [0, 10],
                         "long_entry_grid_spacing_pct": [0.01, 0.12],
                         "long_entry_grid_spacing_weight": [0.2, 2],