{
    "adg": 0.003263241452935217,
    "adg_per_exposure_long": 0.001433069014507583,
    "adg_per_exposure_short": 0.0,
    "adg_w": 0.0035237015669730364,
    "adg_w_per_exposure_long": 0.0015474513929880271,
    "adg_w_per_exposure_short": 0.0,
    "calmar_ratio": 0.00550113296332907,
    "calmar_ratio_w": 0.012019473804041694,
    "drawdown_worst": 0.5931944337081486,
    "drawdown_worst_mean_1pct": 0.34476720766234575,
    "equity_balance_diff_neg_max": 0.5672000464400443,
    "equity_balance_diff_neg_mean": 0.01876006946012553,
    "equity_balance_diff_pos_max": 0.08406347823104193,
    "equity_balance_diff_pos_mean": 0.001175178443309456,
    "equity_choppiness": 1.5834934765971396,
    "equity_choppiness_w": 1.609561576075881,
    "equity_jerkiness": 0.0106013481235963,
    "equity_jerkiness_w": 0.008513849243641524,
    "expected_shortfall_1pct": 0.2802899088940891,
    "exponential_fit_error": 0.02864738946660025,
    "exponential_fit_error_w": 0.011984105586910676,
    "gain": 110.79779552928017,
    "gain_per_exposure_long": 48.6574131699443,
    "gain_per_exposure_short": 0.0,
    "loss_profit_ratio": 0.2881654712394498,
    "loss_profit_ratio_long": 0.2881654712394498,
    "loss_profit_ratio_short": 1.0,
    "loss_profit_ratio_w": 0.29070337737819046,
    "mdg": 0.00022458721181887987,
    "mdg_per_exposure_long": 9.862861175129765e-05,
    "mdg_per_exposure_short": 0.0,
    "mdg_w": 0.00014688193941545888,
    "mdg_w_per_exposure_long": 6.450394774733603e-05,
    "mdg_w_per_exposure_short": 0.0,
    "omega_ratio": 3.226476786115965,
    "omega_ratio_w": 5.70238018156593,
    "pnl_ratio_long_short": 1.0,
    "position_held_hours_max": 86.01666666666667,
    "position_held_hours_mean": 0.5338875445580621,
    "position_held_hours_median": 0.13333333333333333,
    "position_unchanged_hours_max": 20.883333333333333,
    "positions_held_per_day": 8.868488709500634,
    "sharpe_ratio": 0.05785610019636804,
    "sharpe_ratio_w": 0.07285003866231729,
    "sortino_ratio": 0.05020083246705988,
    "sortino_ratio_w": 0.07598510853770551,
    "sterling_ratio": 0.009465057524064568,
    "sterling_ratio_w": 0.014226329574013995,
    "volume_pct_per_day_avg": 1.728908106597316,
    "volume_pct_per_day_avg_w": 1.7975001452834172
}