{"analysis": {"adg": 0.003978556630038099,
              "adg_per_exposure_long": 0.001621253720471923,
              "adg_per_exposure_short": 0.0,
              "adg_w": 0.002234942993436917,
              "adg_w_per_exposure_long": 0.0009107347161519629,
              "adg_w_per_exposure_short": 0.0,
              "calmar_ratio": 0.00868759817051506,
              "calmar_ratio_w": 0.009297045485113554,
              "drawdown_worst": 0.457958178077454,
              "drawdown_worst_mean_1pct": 0.2294133061067494,
              "equity_balance_diff_neg_max": 0.48150664775581326,
              "equity_balance_diff_neg_mean": 0.006596704349373822,
              "equity_balance_diff_pos_max": 0.8158656651740903,
              "equity_balance_diff_pos_mean": 0.004977111721211689,
              "equity_choppiness": 1.7807675336236606,
              "equity_choppiness_w": 2.4007076338060203,
              "equity_jerkiness": 0.008609741383616335,
              "equity_jerkiness_w": 0.007652521890682251,
              "expected_shortfall_1pct": 0.2020981625718235,
              "exponential_fit_error": 0.597640496958534,
              "exponential_fit_error_w": 0.06278567825738875,
              "gain": 2407.8038499824424,
              "gain_per_exposure_long": 981.1751629920302,
              "gain_per_exposure_short": 0.0,
              "loss_profit_ratio": 0.03684802360477345,
              "loss_profit_ratio_long": 0.03684802360477345,
              "loss_profit_ratio_short": 1.0,
              "loss_profit_ratio_w": 0.046283777156752366,
              "mdg": 0.0002848510211318573,
              "mdg_per_exposure_long": 0.0001160762107301782,
              "mdg_per_exposure_short": 0.0,
              "mdg_w": 5.95020278444288e-05,
              "mdg_w_per_exposure_long": 2.4246955111829176e-05,
              "mdg_w_per_exposure_short": 0.0,
              "omega_ratio": 7.064496384348407,
              "omega_ratio_w": 3.227428301272178,
              "pnl_ratio_long_short": 1.0,
              "position_held_hours_max": 312.05,
              "position_held_hours_mean": 4.351019405551462,
              "position_held_hours_median": 0.7333333333333333,
              "position_unchanged_hours_max": 165.13333333333333,
              "positions_held_per_day": 1.383987761346252,
              "sharpe_ratio": 0.0668093848532306,
              "sharpe_ratio_w": 0.05737526223976917,
              "sortino_ratio": 0.09579096236710628,
              "sortino_ratio_w": 0.06795346931723531,
              "sterling_ratio": 0.017342309814352346,
              "sterling_ratio_w": 0.010975921322383606,
              "volume_pct_per_day_avg": 0.5435542758947807,
              "volume_pct_per_day_avg_w": 0.46411889714206367},
 "backtest": {"base_dir": "backtests/pbgui/LINK_adg_sharpe_omega_new_markup_grtr_TWE9",
              "cache_dir": {"binance": "caches/hlcvs_data/84625b45e240fecd"},
              "coins": {"binance": ["LINK"]},
              "combine_ohlcvs": false,
              "compress_cache": true,
              "end_date": "2025-06-30",
              "exchanges": ["bybit", "binance"],
              "gap_tolerance_ohlcvs_minutes": 120,
              "start_date": "2020-01-01",
              "starting_balance": 1000,
              "use_btc_collateral": false},
 "bot": {"long": {"close_grid_markup_end": 0.029777,
                  "close_grid_markup_start": 0.011411,
                  "close_grid_qty_pct": 0.3972,
                  "close_trailing_grid_ratio": -0.76523,
                  "close_trailing_qty_pct": 0.050349,
                  "close_trailing_retracement_pct": 0.0099079,
                  "close_trailing_threshold_pct": 0.0036734,
                  "ema_span_0": 174.28,
                  "ema_span_1": 156.8,
                  "enforce_exposure_limit": true,
                  "entry_grid_double_down_factor": 5.6025,
                  "entry_grid_spacing_pct": 0.049065,
                  "entry_grid_spacing_weight": 0.49489,
                  "entry_initial_ema_dist": 0.019317,
                  "entry_initial_qty_pct": 0.01032,
                  "entry_trailing_double_down_factor": 9.842,
                  "entry_trailing_grid_ratio": -0.53197,
                  "entry_trailing_retracement_pct": 0.090171,
                  "entry_trailing_threshold_pct": 0.082199,
                  "filter_noisiness_rolling_window": 60,
                  "filter_volume_drop_pct": 0,
                  "filter_volume_rolling_window": 60,
                  "n_positions": 1,
                  "total_wallet_exposure_limit": 2.454,
                  "unstuck_close_pct": 0.0073813,
                  "unstuck_ema_dist": 0.00029324,
                  "unstuck_loss_allowance_pct": 0.22166,
                  "unstuck_threshold": 0.9447},
         "short": {"close_grid_markup_end": 0.001,
                   "close_grid_markup_start": 0.001,
                   "close_grid_qty_pct": 0.05,
                   "close_trailing_grid_ratio": -1,
                   "close_trailing_qty_pct": 0.05,
                   "close_trailing_retracement_pct": 0,
                   "close_trailing_threshold_pct": -0.1,
                   "ema_span_0": 200,
                   "ema_span_1": 200,
                   "enforce_exposure_limit": true,
                   "entry_grid_double_down_factor": 0.1,
                   "entry_grid_spacing_pct": 0.01,
                   "entry_grid_spacing_weight": 0.2,
                   "entry_initial_ema_dist": -0.1,
                   "entry_initial_qty_pct": 0.025,
                   "entry_trailing_double_down_factor": 0.1,
                   "entry_trailing_grid_ratio": -1,
                   "entry_trailing_retracement_pct": 0,
                   "entry_trailing_threshold_pct": -0.1,
                   "filter_noisiness_rolling_window": 10,
                   "filter_volume_drop_pct": 0,
                   "filter_volume_rolling_window": 10,
                   "n_positions": 0,
                   "total_wallet_exposure_limit": 0,
                   "unstuck_close_pct": 0.005,
                   "unstuck_ema_dist": -0.1,
                   "unstuck_loss_allowance_pct": 0.01,
                   "unstuck_threshold": 0.7}},
 "disable_plotting": false,
 "live": {"approved_coins": {"long": ["LINKUSDT"], "short": []},
          "auto_gs": true,
          "coin_flags": {},
          "empty_means_all_approved": false,
          "execution_delay_seconds": 2,
          "filter_by_min_effective_cost": true,
          "forced_mode_long": "",
          "forced_mode_short": "",
          "ignored_coins": {"long": [], "short": []},
          "leverage": 10,
          "market_orders_allowed": true,
          "max_n_cancellations_per_batch": 5,
          "max_n_creations_per_batch": 3,
          "max_n_restarts_per_day": 10,
          "mimic_backtest_1m_delay": false,
          "minimum_coin_age_days": 30,
          "ohlcvs_1m_rolling_window_days": 4,
          "ohlcvs_1m_update_after_minutes": 10,
          "pnls_max_lookback_days": 30,
          "price_distance_threshold": 0.002,
          "time_in_force": "good_till_cancelled",
          "user": "bybit_01"},
 "optimize": {"bounds": {"long_close_grid_markup_end": [0.001, 0.03],
                         "long_close_grid_markup_start": [0.001, 0.03],
                         "long_close_grid_qty_pct": [0.05, 0.4],
                         "long_close_trailing_grid_ratio": [-1, 1],
                         "long_close_trailing_qty_pct": [0.05, 0.25],
                         "long_close_trailing_retracement_pct": [0.003, 0.01],
                         "long_close_trailing_threshold_pct": [0.001, 0.005],
                         "long_ema_span_0": [100, 800],
                         "long_ema_span_1": [100, 800],
                         "long_entry_grid_double_down_factor": [0.4, 10],
                         "long_entry_grid_spacing_pct": [0.01, 0.12],
                         "long_entry_grid_spacing_weight": [0.2, 2],