{
    "adg_btc": 0.003995688231157812,
    "adg_per_exposure_long_btc": 0.002746366232151909,
    "adg_per_exposure_long_usd": 0.0030110227056826568,
    "adg_per_exposure_short_btc": 0.0,
    "adg_per_exposure_short_usd": 0.0,
    "adg_pnl": 0.008064491988491162,
    "adg_pnl_w": 0.0038014132515405002,
    "adg_strategy_eq": 0.004380736934497698,
    "adg_strategy_eq_w": 0.0008758978686470243,
    "adg_usd": 0.004380736934497698,
    "adg_w_btc": 0.001905297889696289,
    "adg_w_per_exposure_long_btc": 0.0013095730907253344,
    "adg_w_per_exposure_long_usd": 0.0006020330391415384,
    "adg_w_per_exposure_short_btc": 0.0,
    "adg_w_per_exposure_short_usd": 0.0,
    "adg_w_usd": 0.0008758978686470243,
    "backtest_completion_ratio": 1.0,
    "calmar_ratio_btc": 0.006082036061735732,
    "calmar_ratio_strategy_eq": 0.008229779214659288,
    "calmar_ratio_strategy_eq_w": 0.001515097155786948,
    "calmar_ratio_usd": 0.008229779214659292,
    "calmar_ratio_w_btc": 0.0031374576990684383,
    "calmar_ratio_w_usd": 0.0015150971557869489,
    "drawdown_worst_btc": 0.6569655606444228,
    "drawdown_worst_ema_strategy_eq": 0.0,
    "drawdown_worst_ema_strategy_eq_long": 0.0,
    "drawdown_worst_ema_strategy_eq_short": 0.0,
    "drawdown_worst_mean_1pct_btc": 0.4802796317063971,
    "drawdown_worst_mean_1pct_ema_strategy_eq": 0.0,
    "drawdown_worst_mean_1pct_ema_strategy_eq_long": 0.0,
    "drawdown_worst_mean_1pct_ema_strategy_eq_short": 0.0,
    "drawdown_worst_mean_1pct_strategy_eq": 0.35719725225219806,
    "drawdown_worst_mean_1pct_strategy_eq_long": 0.0,
    "drawdown_worst_mean_1pct_strategy_eq_short": 0.0,
    "drawdown_worst_mean_1pct_usd": 0.3571972522521983,
    "drawdown_worst_strategy_eq": 0.532303093465073,
    "drawdown_worst_strategy_eq_long": 0.0,
    "drawdown_worst_strategy_eq_short": 0.0,
    "drawdown_worst_usd": 0.5323030934650728,
    "entry_initial_balance_pct_long": 0.12045408080000002,
    "entry_initial_balance_pct_short": 0.0,
    "entry_interval_hours_max": 512.3,
    "entry_interval_hours_mean": 19.882389791183293,
    "entry_interval_hours_median": 6.45,
    "entry_interval_hours_p95": 83.5183333333333,
    "entry_interval_hours_p99": 190.96,
    "equity_balance_diff_neg_max_btc": 0.5692752267027965,
    "equity_balance_diff_neg_max_usd": 0.5233974390130917,
    "equity_balance_diff_neg_mean_btc": 0.09320524227012128,
    "equity_balance_diff_neg_mean_usd": 0.10510001934169225,
    "equity_balance_diff_pos_max_btc": 1.7594855374533327,
    "equity_balance_diff_pos_max_usd": 1.5542321786995914,
    "equity_balance_diff_pos_mean_btc": 0.2243578143935324,
    "equity_balance_diff_pos_mean_usd": 0.13343087826886688,
    "equity_choppiness_btc": 8.003674782411817,
    "equity_choppiness_usd": 3.4095236739305332,
    "equity_choppiness_w_btc": 11.471932358941391,
    "equity_choppiness_w_usd": 23.84963213874752,
    "equity_jerkiness_btc": 0.029483992850319964,
    "equity_jerkiness_usd": 0.011910740666742404,
    "equity_jerkiness_w_btc": 0.024756086159015773,
    "equity_jerkiness_w_usd": 0.008986418296564685,
    "expected_shortfall_1pct_btc": 0.2522970221557952,
    "expected_shortfall_1pct_strategy_eq": 0.24739911040544507,
    "expected_shortfall_1pct_usd": 0.24739911040544538,
    "exponential_fit_error_btc": 0.730816603884205,
    "exponential_fit_error_usd": 0.3464294019983829,
    "exponential_fit_error_w_btc": 0.09321220783656822,
    "exponential_fit_error_w_usd": 0.0454130546256508,
    "exposure_mean_ratio_btc": 0.03465625405545873,
    "exposure_mean_ratio_usd": 0.03799594046607874,
    "exposure_mean_ratio_w_btc": 0.012219281874788813,
    "exposure_mean_ratio_w_usd": 0.007530140161263225,
    "exposure_ratio_btc": 0.0027356520846463376,
    "exposure_ratio_usd": 0.0029992760780720956,
    "exposure_ratio_w_btc": 0.0013078669434552434,
    "exposure_ratio_w_usd": 0.0006003658873042222,
    "gain_btc": 1424.605576217562,
    "gain_per_exposure_long_btc": 979.1776590951694,
    "gain_per_exposure_long_usd": 1968.3725764178487,
    "gain_per_exposure_short_btc": 0.0,
    "gain_per_exposure_short_usd": 0.0,
    "gain_strategy_eq": 2863.785261430331,
    "gain_usd": 2863.7852614303283,
    "hard_stop_duration_minutes_max": 0.0,
    "hard_stop_duration_minutes_mean": 0.0,
    "hard_stop_flatten_time_minutes_mean": 0.0,
    "hard_stop_halt_to_restart_equity_loss_pct": 0.0,
    "hard_stop_panic_close_loss_max": 0.0,
    "hard_stop_panic_close_loss_sum": 0.0,
    "hard_stop_post_restart_retrigger_pct": 0.0,
    "hard_stop_restarts": 0,
    "hard_stop_restarts_long": 0,
    "hard_stop_restarts_per_year": 0.0,
    "hard_stop_restarts_per_year_long": 0.0,
    "hard_stop_restarts_per_year_short": 0.0,
    "hard_stop_restarts_short": 0,
    "hard_stop_time_in_orange_pct": 0.0,
    "hard_stop_time_in_red_pct": 0.0,
    "hard_stop_time_in_yellow_pct": 0.0,
    "hard_stop_trigger_drawdown_mean": 0.0,
    "hard_stop_triggers": 0,
    "hard_stop_triggers_long": 0,
    "hard_stop_triggers_per_year": 0.0,
    "hard_stop_triggers_short": 0,
    "high_exposure_days_max_long": 28.2,
    "high_exposure_days_max_short": 0.0,
    "high_exposure_days_mean_long": 0.24546953286177423,
    "high_exposure_days_mean_short": 0.0,
    "high_exposure_hours_max_long": 676.8,
    "high_exposure_hours_max_short": 0.0,
    "high_exposure_hours_mean_long": 5.891268788682582,
    "high_exposure_hours_mean_short": 0.0,
    "liquidated": false,
    "long_short_profit_ratio": 1.0,
    "loss_profit_ratio": 0.06912120201442196,
    "loss_profit_ratio_long": 0.06912120201442196,
    "loss_profit_ratio_short": 1.0,
    "loss_profit_ratio_w": 0.129012870344116,
    "mdg_btc": 0.0,
    "mdg_per_exposure_long_btc": 0.0,
    "mdg_per_exposure_long_usd": 0.0005651283187262296,
    "mdg_per_exposure_short_btc": 0.0,
    "mdg_per_exposure_short_usd": 0.0,
    "mdg_pnl": 0.0040591883073553305,
    "mdg_pnl_w": 0.0018456903108694483,
    "mdg_strategy_eq": 0.0008222051909147913,
    "mdg_strategy_eq_w": 8.222051909147912e-05,
    "mdg_usd": 0.0008222051909147915,
    "mdg_w_btc": 0.0,
    "mdg_w_per_exposure_long_btc": 0.0,
    "mdg_w_per_exposure_long_usd": 5.651283187262296e-05,
    "mdg_w_per_exposure_short_btc": 0.0,
    "mdg_w_per_exposure_short_usd": 0.0,
    "mdg_w_usd": 8.222051909147915e-05,
    "omega_ratio_btc": 1.6700139670178324,
    "omega_ratio_strategy_eq": 3.495173347949251,
    "omega_ratio_strategy_eq_w": 1.5439736025045447,
    "omega_ratio_usd": 3.495173347949247,
    "omega_ratio_w_btc": 1.3881900649250434,
    "omega_ratio_w_usd": 1.543973602504543,
    "paper_loss_mean_ratio_btc": 0.04286978000204938,
    "paper_loss_mean_ratio_usd": 0.04168159969843029,
    "paper_loss_mean_ratio_w_btc": 0.049084925089165274,
    "paper_loss_mean_ratio_w_usd": 0.02387496588270633,
    "paper_loss_ratio_btc": 0.007018904114799739,
    "paper_loss_ratio_usd": 0.00836980964744102,
    "paper_loss_ratio_w_btc": 0.007721244424380105,
    "paper_loss_ratio_w_usd": 0.0033590680155978227,
    "peak_recovery_days_equity_btc": 218.72708333333333,
    "peak_recovery_days_equity_usd": 20.727777777777778,
    "peak_recovery_days_pnl": 40.10277777777778,
    "peak_recovery_days_strategy_eq": 50.955555555555556,
    "peak_recovery_days_strategy_eq_long": 0.0,
    "peak_recovery_days_strategy_eq_short": 0.0,
    "peak_recovery_hours_equity_btc": 5249.45,
    "peak_recovery_hours_equity_usd": 497.46666666666664,
    "peak_recovery_hours_pnl": 962.4666666666667,
    "peak_recovery_hours_strategy_eq": 1222.9333333333334,
    "peak_recovery_hours_strategy_eq_long": 0.0,
    "peak_recovery_hours_strategy_eq_short": 0.0,
    "pnl_ratio_long_short": 1.0,
    "position_held_days_max": 35.43125,
    "position_held_days_mean": 0.13804538196054192,
    "position_held_days_median": 0.02361111111111111,
    "position_held_hours_max": 850.35,
    "position_held_hours_mean": 3.313089167053006,
    "position_held_hours_median": 0.5666666666666667,