{
    "adg": 0.005579753962852818,
    "adg_per_exposure_long": 0.0025258041568298486,
    "adg_per_exposure_short": 0.0,
    "adg_w": 0.004465802700697341,
    "adg_w_per_exposure_long": 0.002021548458963986,
    "adg_w_per_exposure_short": 0.0,
    "calmar_ratio": 0.007650911291633196,
    "calmar_ratio_w": 0.015227030319999299,
    "drawdown_worst": 0.7292927273846016,
    "drawdown_worst_mean_1pct": 0.3348913958322942,
    "equity_balance_diff_neg_max": 0.74388885605828,
    "equity_balance_diff_neg_mean": 0.012174276784342066,
    "equity_balance_diff_pos_max": 0.10718750031051369,
    "equity_balance_diff_pos_mean": 0.0012509381133790558,
    "equity_choppiness": 1.5028476432933475,
    "equity_choppiness_w": 1.5962807677160973,
    "equity_jerkiness": 0.011348014353853013,
    "equity_jerkiness_w": 0.009830061909714027,
    "expected_shortfall_1pct": 0.28255480320563336,
    "exponential_fit_error": 1.1788590850576974,
    "exponential_fit_error_w": 0.13091588186652373,
    "gain": 36711.98061891537,
    "gain_per_exposure_long": 16618.52366072852,
    "gain_per_exposure_short": 0.0,
    "loss_profit_ratio": 0.28829795361054067,
    "loss_profit_ratio_long": 0.28829795361054067,
    "loss_profit_ratio_short": 1.0,
    "loss_profit_ratio_w": 0.2854822225989243,
    "mdg": 0.0007052775802258402,
    "mdg_per_exposure_long": 0.00031926014224156453,
    "mdg_per_exposure_short": 0.0,
    "mdg_w": 0.00044308819639873675,
    "mdg_w_per_exposure_long": 0.0002005740783118631,
    "mdg_w_per_exposure_short": 0.0,
    "omega_ratio": 5.572049279694281,
    "omega_ratio_w": 5.8300585934277,
    "pnl_ratio_long_short": 1.0,
    "position_held_hours_max": 107.16666666666667,
    "position_held_hours_mean": 0.6110786798201949,
    "position_held_hours_median": 0.2,
    "position_unchanged_hours_max": 59.516666666666666,
    "positions_held_per_day": 11.698253043938593,
    "sharpe_ratio": 0.07696724382205973,
    "sharpe_ratio_w": 0.09165833665647392,
    "sortino_ratio": 0.08737343470790844,
    "sortino_ratio_w": 0.08941443029458851,
    "sterling_ratio": 0.016661383458316824,
    "sterling_ratio_w": 0.017753405974937513,
    "volume_pct_per_day_avg": 2.2170882341579863,
    "volume_pct_per_day_avg_w": 2.045869723276742
}