{
    "adg": 0.07306144533885495,
    "adg_per_exposure_long": 0.002087469866824427,
    "adg_per_exposure_short": 0.0,
    "adg_w": 0.03441648564057691,
    "adg_w_per_exposure_long": 0.0009833281611593403,
    "adg_w_per_exposure_short": 0.0,
    "calmar_ratio": 0.09293265150531854,
    "calmar_ratio_w": 0.7802072963748734,
    "drawdown_worst": 0.7861762701850128,
    "drawdown_worst_mean_1pct": 0.7861762701850128,
    "equity_balance_diff_neg_max": 0.8034822855764023,
    "equity_balance_diff_neg_mean": 0.06554832439324954,
    "equity_balance_diff_pos_max": 0.5298010280639442,
    "equity_balance_diff_pos_mean": 0.016130253924042867,
    "equity_choppiness": 1.0374631288161635,
    "equity_choppiness_w": 1.3477586627392057,
    "equity_jerkiness": 0.0881794475206185,
    "equity_jerkiness_w": 0.059566271790274426,
    "expected_shortfall_1pct": 0.7855087536266939,
    "exponential_fit_error": 0.0596135919344028,
    "exponential_fit_error_w": 0.01903537651765401,
    "gain": 11.79942079519582,
    "gain_per_exposure_long": 0.3371263084341663,
    "gain_per_exposure_short": 0.0,
    "loss_profit_ratio": 0.0008632976103069407,
    "loss_profit_ratio_long": 0.0008632976103069407,
    "loss_profit_ratio_short": 1.0,
    "loss_profit_ratio_w": 0.00018480682097659222,
    "mdg": 0.039953959608565695,
    "mdg_per_exposure_long": 0.001141541703101877,
    "mdg_per_exposure_short": 0.0,
    "mdg_w": 0.02650951912949575,
    "mdg_w_per_exposure_long": 0.0007574148322713071,
    "mdg_w_per_exposure_short": 0.0,
    "omega_ratio": 32.850143799910356,
    "omega_ratio_w": null,
    "pnl_ratio_long_short": 1.0,
    "position_held_hours_max": 20.633333333333333,
    "position_held_hours_mean": 1.4905864197530865,
    "position_held_hours_median": 0.2,
    "position_unchanged_hours_max": 16.75,
    "positions_held_per_day": 3.124773960216998,
    "sharpe_ratio": 0.06633546570488721,
    "sharpe_ratio_w": 0.3156401226586335,
    "sortino_ratio": 0.24054881636849218,
    "sortino_ratio_w": 1.2328386868320824,
    "sterling_ratio": 0.09293265150531854,
    "sterling_ratio_w": 0.7802072963748734,
    "volume_pct_per_day_avg": 22.39241888152411,
    "volume_pct_per_day_avg_w": 13.8988003035986
}