{"analysis": {"adg": 0.003815214455256344,
              "adg_per_exposure_long": 0.0004239127172507049,
              "adg_per_exposure_short": 0.0,
              "adg_w": 0.0007984124560080463,
              "adg_w_per_exposure_long": 8.871249511200515e-05,
              "adg_w_per_exposure_short": 0.0,
              "calmar_ratio": 0.011480470803390269,
              "calmar_ratio_w": 0.004794976197414547,
              "drawdown_worst": 0.3323221251631669,
              "drawdown_worst_mean_1pct": 0.19625927250247174,
              "equity_balance_diff_neg_max": 0.5748514021608385,
              "equity_balance_diff_neg_mean": 0.008975130364592545,
              "equity_balance_diff_pos_max": 1.8506801281538008,
              "equity_balance_diff_pos_mean": 0.01688559119929312,
              "equity_choppiness": 1.5772336588996032,
              "equity_choppiness_w": 2.3966836963970315,
              "equity_jerkiness": 0.008115886412575005,
              "equity_jerkiness_w": 0.002143710144323835,
              "expected_shortfall_1pct": 0.14386748856551984,
              "exponential_fit_error": 0.8882724420563723,
              "exponential_fit_error_w": 0.08983240693871684,
              "gain": 2742.8105167269778,
              "gain_per_exposure_long": 304.7567240807753,
              "gain_per_exposure_short": 0.0,
              "loss_profit_ratio": 0.03450073473425614,
              "loss_profit_ratio_long": 0.03450073473425614,
              "loss_profit_ratio_short": 1.0,
              "loss_profit_ratio_w": 0.06311566950720511,
              "mdg": 0.0,
              "mdg_per_exposure_long": 0.0,
              "mdg_per_exposure_short": 0.0,
              "mdg_w": 0.0,
              "mdg_w_per_exposure_long": 0.0,
              "mdg_w_per_exposure_short": 0.0,
              "omega_ratio": 11.899928373177765,
              "omega_ratio_w": 5.146074672538029,
              "pnl_ratio_long_short": 1.0,
              "position_held_hours_max": 194.7,
              "position_held_hours_mean": 1.7064465408805032,
              "position_held_hours_median": 0.03333333333333333,
              "position_unchanged_hours_max": 115.6,
              "positions_held_per_day": 1.1726791726791728,
              "sharpe_ratio": 0.03646963542461252,
              "sharpe_ratio_w": 0.038161510967144874,
              "sortino_ratio": 0.10160824742068318,
              "sortino_ratio_w": 0.03560168227821031,
              "sterling_ratio": 0.019439664718049407,
              "sterling_ratio_w": 0.008125527596966286,
              "volume_pct_per_day_avg": 1.580335794273674,
              "volume_pct_per_day_avg_w": 0.978028518301713},
 "backtest": {"base_dir": "backtests/pbgui/btc_adg_w_sharpe_chop_gain_125_dd55_TWE9_fix",
              "cache_dir": {"binance": "caches/hlcvs_data/bb2dc4c2371de47d"},
              "coins": {"binance": ["BTC"]},
              "combine_ohlcvs": false,
              "compress_cache": true,
              "end_date": "2025-09-10",
              "exchanges": ["bybit", "binance"],
              "gap_tolerance_ohlcvs_minutes": 120,
              "start_date": "2020-01-01",
              "starting_balance": 1000,
              "use_btc_collateral": false},
 "bot": {"long": {"close_grid_markup_end": 0.029665,
                  "close_grid_markup_start": 0.0030336,
                  "close_grid_qty_pct": 0.15708,
                  "close_trailing_grid_ratio": -0.89974,
                  "close_trailing_qty_pct": 0.11641,
                  "close_trailing_retracement_pct": 0.0062193,
                  "close_trailing_threshold_pct": 0.0023212,
                  "ema_span_0": 8.1749,
                  "ema_span_1": 125.04,
                  "enforce_exposure_limit": true,
                  "entry_grid_double_down_factor": 1.8418,
                  "entry_grid_spacing_pct": 0.040961,
                  "entry_grid_spacing_weight": 0.78156,
                  "entry_initial_ema_dist": 0.0088856,
                  "entry_initial_qty_pct": 0.020957,
                  "entry_trailing_double_down_factor": 1.9416,
                  "entry_trailing_grid_ratio": -0.00030805,
                  "entry_trailing_retracement_pct": 0.012388,
                  "entry_trailing_threshold_pct": 0.07519,
                  "filter_noisiness_rolling_window": 60,
                  "filter_volume_drop_pct": 0,
                  "filter_volume_rolling_window": 60,
                  "n_positions": 1,
                  "total_wallet_exposure_limit": 9,
                  "unstuck_close_pct": 0.0050284,
                  "unstuck_ema_dist": -0.079764,
                  "unstuck_loss_allowance_pct": 0.22591,
                  "unstuck_threshold": 0.66233},
         "short": {"close_grid_markup_end": 0.001,
                   "close_grid_markup_start": 0.001,
                   "close_grid_qty_pct": 0.1,
                   "close_trailing_grid_ratio": -1,
                   "close_trailing_qty_pct": 0.1,
                   "close_trailing_retracement_pct": 0.003,
                   "close_trailing_threshold_pct": -0.001,
                   "ema_span_0": 200,
                   "ema_span_1": 200,
                   "enforce_exposure_limit": true,
                   "entry_grid_double_down_factor": 0.6,
                   "entry_grid_spacing_pct": 0.01,
                   "entry_grid_spacing_weight": 0.2,
                   "entry_initial_ema_dist": -0.001,
                   "entry_initial_qty_pct": 0.025,
                   "entry_trailing_double_down_factor": 0.1,
                   "entry_trailing_grid_ratio": -1,
                   "entry_trailing_retracement_pct": 0,
                   "entry_trailing_threshold_pct": -0.1,
                   "filter_noisiness_rolling_window": 60,
                   "filter_volume_drop_pct": 0.53,
                   "filter_volume_rolling_window": 60,
                   "n_positions": 0,
                   "total_wallet_exposure_limit": 0,
                   "unstuck_close_pct": 0.005,
                   "unstuck_ema_dist": -0.1,
                   "unstuck_loss_allowance_pct": 0.01,
                   "unstuck_threshold": 0.55}},
 "coin_overrides": {},
 "disable_plotting": false,
 "live": {"approved_coins": {"long": ["BTC"], "short": []},
          "auto_gs": true,
          "base_config_path": "",
          "empty_means_all_approved": false,
          "execution_delay_seconds": 2,
          "filter_by_min_effective_cost": true,
          "forced_mode_long": "",
          "forced_mode_short": "",
          "ignored_coins": {"long": [], "short": []},
          "leverage": 10,
          "market_orders_allowed": true,
          "max_n_cancellations_per_batch": 5,
          "max_n_creations_per_batch": 3,
          "max_n_restarts_per_day": 10,
          "mimic_backtest_1m_delay": false,
          "minimum_coin_age_days": 30,
          "ohlcvs_1m_rolling_window_days": 4,
          "ohlcvs_1m_update_after_minutes": 10,
          "pnls_max_lookback_days": 30,
          "price_distance_threshold": 0.002,
          "time_in_force": "good_till_cancelled",
          "user": "bybit_01"},
 "optimize": {"bounds": {"long_close_grid_markup_end": [0.001, 0.03],
                         "long_close_grid_markup_start": [0.001, 0.03],
                         "long_close_grid_qty_pct": [0.05, 0.4],
                         "long_close_trailing_grid_ratio": [-1, 1],
                         "long_close_trailing_qty_pct": [0.05, 0.25],
                         "long_close_trailing_retracement_pct": [0.003, 0.01],
                         "long_close_trailing_threshold_pct": [0.001, 0.005],
                         "long_ema_span_0": [1, 800],
                         "long_ema_span_1": [1, 800],
                         "long_entry_grid_double_down_factor": [0.4, 2],
                         "long_entry_grid_spacing_pct": [0.01, 0.12],
                         "long_entry_grid_spacing_weight": [0.2, 2],