{"analysis": {"adg": 0.009041279871079944,
              "adg_per_exposure_long": 0.002260319967769986,
              "adg_per_exposure_short": 0.0,
              "adg_w": 0.005357029463295193,
              "adg_w_per_exposure_long": 0.0013392573658237983,
              "adg_w_per_exposure_short": 0.0,
              "calmar_ratio": 0.011468881383107902,
              "calmar_ratio_w": 0.011081581407355047,
              "drawdown_worst": 0.7883314482959529,
              "drawdown_worst_mean_1pct": 0.4562511799128938,
              "equity_balance_diff_neg_max": 0.7978233435810383,
              "equity_balance_diff_neg_mean": 0.034643393048274525,
              "equity_balance_diff_pos_max": 0.27050867948906065,
              "equity_balance_diff_pos_mean": 0.006445817010142926,
              "equity_choppiness": 1.9738311359870582,
              "equity_choppiness_w": 2.678909675118846,
              "equity_jerkiness": 0.020253849488126807,
              "equity_jerkiness_w": 0.018015055751733643,
              "expected_shortfall_1pct": 0.36634584829794126,
              "exponential_fit_error": 0.5549306732682191,
              "exponential_fit_error_w": 0.08500008187689491,
              "gain": 655379.9839907842,
              "gain_per_exposure_long": 163844.99599769604,
              "gain_per_exposure_short": 0.0,
              "loss_profit_ratio": 0.056090776883566645,
              "loss_profit_ratio_long": 0.056090776883566645,
              "loss_profit_ratio_short": 1.0,
              "loss_profit_ratio_w": 0.0650574677850497,
              "mdg": 0.00030249684113015465,
              "mdg_per_exposure_long": 7.562421028253866e-05,
              "mdg_per_exposure_short": 0.0,
              "mdg_w": 0.00010081835285550712,
              "mdg_w_per_exposure_long": 2.520458821387678e-05,
              "mdg_w_per_exposure_short": 0.0,
              "omega_ratio": 6.863820779821975,
              "omega_ratio_w": 3.8549204899053833,
              "pnl_ratio_long_short": 1.0,
              "position_held_hours_max": 308.1,
              "position_held_hours_mean": 2.0005678022712092,
              "position_held_hours_median": 0.5666666666666667,
              "position_unchanged_hours_max": 157.58333333333334,
              "positions_held_per_day": 2.34744623655914,
              "sharpe_ratio": 0.05210007048991639,
              "sharpe_ratio_w": 0.05350596089428293,
              "sortino_ratio": 0.11302281876440433,
              "sortino_ratio_w": 0.07764815740078093,
              "sterling_ratio": 0.019816452579489392,
              "sterling_ratio_w": 0.013663622871686525,
              "volume_pct_per_day_avg": 2.036386668218748,
              "volume_pct_per_day_avg_w": 1.5381834548180329},
 "backtest": {"base_dir": "backtests/pbgui/SHIB_adg_sharpe_omega_twe9_trgr_TWE2-9",
              "cache_dir": {"binance": "caches/hlcvs_data/4ba616eb6a22fe85"},
              "coins": {"binance": ["SHIB"]},
              "combine_ohlcvs": false,
              "compress_cache": true,
              "end_date": "2025-06-27",
              "exchanges": ["binance", "bybit"],
              "gap_tolerance_ohlcvs_minutes": 120,
              "start_date": "2020-01-01",
              "starting_balance": 1000,
              "use_btc_collateral": false},
 "bot": {"long": {"close_grid_markup_end": 0.024435,
                  "close_grid_markup_start": 0.022973,
                  "close_grid_qty_pct": 0.24643,
                  "close_trailing_grid_ratio": 0.56934,
                  "close_trailing_qty_pct": 0.068516,
                  "close_trailing_retracement_pct": 0.0083347,
                  "close_trailing_threshold_pct": 0.0044662,
                  "ema_span_0": 718.96,
                  "ema_span_1": 266.95,
                  "enforce_exposure_limit": true,
                  "entry_grid_double_down_factor": 6.9136,
                  "entry_grid_spacing_pct": 0.036029,
                  "entry_grid_spacing_weight": 0.2746,
                  "entry_initial_ema_dist": 0.018065,
                  "entry_initial_qty_pct": 0.020276,
                  "entry_trailing_double_down_factor": 0.94823,
                  "entry_trailing_grid_ratio": -0.60788,
                  "entry_trailing_retracement_pct": 0.08911,
                  "entry_trailing_threshold_pct": 0.01251,
                  "filter_noisiness_rolling_window": 60,
                  "filter_volume_drop_pct": 0,
                  "filter_volume_rolling_window": 60,
                  "n_positions": 1,
                  "total_wallet_exposure_limit": 4,
                  "unstuck_close_pct": 0.012228,
                  "unstuck_ema_dist": -0.025758,
                  "unstuck_loss_allowance_pct": 0.22862,
                  "unstuck_threshold": 0.9451},
         "short": {"close_grid_markup_end": 0.001,
                   "close_grid_markup_start": 0.001,
                   "close_grid_qty_pct": 0.1,
                   "close_trailing_grid_ratio": -1,
                   "close_trailing_qty_pct": 0.1,
                   "close_trailing_retracement_pct": 0.003,
                   "close_trailing_threshold_pct": -0.001,
                   "ema_span_0": 200,
                   "ema_span_1": 200,
                   "enforce_exposure_limit": true,
                   "entry_grid_double_down_factor": 0.6,
                   "entry_grid_spacing_pct": 0.01,
                   "entry_grid_spacing_weight": 0.2,
                   "entry_initial_ema_dist": -0.001,
                   "entry_initial_qty_pct": 0.025,
                   "entry_trailing_double_down_factor": 0.1,
                   "entry_trailing_grid_ratio": -1,
                   "entry_trailing_retracement_pct": 0,
                   "entry_trailing_threshold_pct": -0.1,
                   "filter_noisiness_rolling_window": 60,
                   "filter_volume_drop_pct": 0.53,
                   "filter_volume_rolling_window": 60,
                   "n_positions": 0,
                   "total_wallet_exposure_limit": 0,
                   "unstuck_close_pct": 0.005,
                   "unstuck_ema_dist": -0.1,
                   "unstuck_loss_allowance_pct": 0.01,
                   "unstuck_threshold": 0.55}},
 "disable_plotting": false,
 "live": {"approved_coins": {"long": ["1000SHIBUSDT", "SHIB1000USDT"],
                             "short": []},
          "auto_gs": true,
          "coin_flags": {},
          "empty_means_all_approved": false,
          "execution_delay_seconds": 2,
          "filter_by_min_effective_cost": true,
          "forced_mode_long": "",
          "forced_mode_short": "",
          "ignored_coins": {"long": [], "short": []},
          "leverage": 10,
          "market_orders_allowed": true,
          "max_n_cancellations_per_batch": 5,
          "max_n_creations_per_batch": 3,
          "max_n_restarts_per_day": 10,
          "mimic_backtest_1m_delay": false,
          "minimum_coin_age_days": 30,
          "ohlcvs_1m_rolling_window_days": 4,
          "ohlcvs_1m_update_after_minutes": 10,
          "pnls_max_lookback_days": 30,
          "price_distance_threshold": 0.002,
          "time_in_force": "good_till_cancelled",
          "user": "bybit_01"},
 "optimize": {"bounds": {"long_close_grid_markup_end": [0.001, 0.03],
                         "long_close_grid_markup_start": [0.001, 0.03],
                         "long_close_grid_qty_pct": [0.05, 0.4],
                         "long_close_trailing_grid_ratio": [-1, 1],
                         "long_close_trailing_qty_pct": [0.05, 0.25],
                         "long_close_trailing_retracement_pct": [0.003, 0.01],
                         "long_close_trailing_threshold_pct": [0.001, 0.005],
                         "long_ema_span_0": [100, 800],
                         "long_ema_span_1": [100, 800],
                         "long_entry_grid_double_down_factor": [0.4, 10],
                         "long_entry_grid_spacing_pct": [0.01, 0.12],