{
    "adg": 0.021019426050595813,
    "adg_per_exposure_long": 0.0023361147473321565,
    "adg_per_exposure_short": 0.0,
    "adg_w": 0.017339771785246195,
    "adg_w_per_exposure_long": 0.0019271552175298074,
    "adg_w_per_exposure_short": 0.0,
    "calmar_ratio": 0.06525176510126475,
    "calmar_ratio_w": 0.06082809287333346,
    "drawdown_worst": 0.3221280837074,
    "drawdown_worst_mean_1pct": 0.3147729752126435,
    "equity_balance_diff_neg_max": 0.38586256268845603,
    "equity_balance_diff_neg_mean": 0.020353427721996036,
    "equity_balance_diff_pos_max": 0.4785566278270495,
    "equity_balance_diff_pos_mean": 0.00909577575558349,
    "equity_choppiness": 1.7368569271293823,
    "equity_choppiness_w": 1.9844226532092712,
    "equity_jerkiness": 0.04840665915342692,
    "equity_jerkiness_w": 0.05707079698030313,
    "expected_shortfall_1pct": 0.30056818432034826,
    "exponential_fit_error": 0.07314695879179235,
    "exponential_fit_error_w": 0.015130654677841008,
    "gain": 918.6576078667193,
    "gain_per_exposure_long": 102.10029428588949,
    "gain_per_exposure_short": 0.0,
    "loss_profit_ratio": 0.12466258065976886,
    "loss_profit_ratio_long": 0.12466258065976886,
    "loss_profit_ratio_short": 1.0,
    "loss_profit_ratio_w": 0.15597643004985878,
    "mdg": 0.0007231568982929881,
    "mdg_per_exposure_long": 8.03721990634156e-05,
    "mdg_per_exposure_short": 0.0,
    "mdg_w": 0.0010243916900787241,
    "mdg_w_per_exposure_long": 0.00011385165934012672,
    "mdg_w_per_exposure_short": 0.0,
    "omega_ratio": 5.912707894694753,
    "omega_ratio_w": 3.9163935251851982,
    "pnl_ratio_long_short": 1.0,
    "position_held_hours_max": 324.9166666666667,
    "position_held_hours_mean": 48.518264840182646,
    "position_held_hours_median": 13.708333333333334,
    "position_unchanged_hours_max": 319.4,
    "positions_held_per_day": 0.4451219512195122,
    "sharpe_ratio": 0.16176357583468937,
    "sharpe_ratio_w": 0.14827888026011077,
    "sortino_ratio": 0.31482890279224984,
    "sortino_ratio_w": 0.24167554972357302,
    "sterling_ratio": 0.06677646337458364,
    "sterling_ratio_w": 0.06098056270066534,
    "volume_pct_per_day_avg": 6.890754245152966,
    "volume_pct_per_day_avg_w": 7.590904452497679
}