{
    "adg": 0.07938835352655071,
    "adg_per_exposure_long": 0.003969417676327536,
    "adg_per_exposure_short": 0.0,
    "adg_w": 0.04938501347686788,
    "adg_w_per_exposure_long": 0.002469250673843394,
    "adg_w_per_exposure_short": 0.0,
    "calmar_ratio": 0.11907702626387062,
    "calmar_ratio_w": 0.25382569593390236,
    "drawdown_worst": 0.6666974816000933,
    "drawdown_worst_mean_1pct": 0.6666974816000933,
    "equity_balance_diff_neg_max": 0.6709589450079877,
    "equity_balance_diff_neg_mean": 0.03594778763567107,
    "equity_balance_diff_pos_max": 0.5749463150613549,
    "equity_balance_diff_pos_mean": 0.017670279355255024,
    "equity_choppiness": 1.2204929023177542,
    "equity_choppiness_w": 1.0345540364505763,
    "equity_jerkiness": 0.14089734779955995,
    "equity_jerkiness_w": 0.07497911771593388,
    "expected_shortfall_1pct": 0.5940120989776958,
    "exponential_fit_error": 1.1067002112617421,
    "exponential_fit_error_w": 0.1339479486808361,
    "gain": 549220.7082769442,
    "gain_per_exposure_long": 27461.03541384721,
    "gain_per_exposure_short": 0.0,
    "loss_profit_ratio": 0.000571779864914178,
    "loss_profit_ratio_long": 0.000571779864914178,
    "loss_profit_ratio_short": 1.0,
    "loss_profit_ratio_w": 5.717798649141781e-05,
    "mdg": 0.008652531491179817,
    "mdg_per_exposure_long": 0.00043262657455899085,
    "mdg_per_exposure_short": 0.0,
    "mdg_w": 0.0071596587703490425,
    "mdg_w_per_exposure_long": 0.00035798293851745214,
    "mdg_w_per_exposure_short": 0.0,
    "omega_ratio": 14.518791001510644,
    "omega_ratio_w": null,
    "pnl_ratio_long_short": 1.0,
    "position_held_hours_max": 83.1,
    "position_held_hours_mean": 1.2754950495049504,
    "position_held_hours_median": 0.21666666666666667,
    "position_unchanged_hours_max": 46.833333333333336,
    "positions_held_per_day": 5.838150289017341,
    "sharpe_ratio": 0.10358941437946058,
    "sharpe_ratio_w": 0.2057384954975215,
    "sortino_ratio": 0.33889670209925643,
    "sortino_ratio_w": 0.6777686377675691,
    "sterling_ratio": 0.11907702626387062,
    "sterling_ratio_w": 0.25382569593390236,
    "volume_pct_per_day_avg": 10.61454424060841,
    "volume_pct_per_day_avg_w": 6.982429894138228
}