{
    "adg": 0.001472513540190068,
    "adg_per_exposure_long": 0.0004908378467300226,
    "adg_per_exposure_short": 0.0,
    "adg_w": 0.000587114024915647,
    "adg_w_per_exposure_long": 0.00019570467497188234,
    "adg_w_per_exposure_short": 0.0,
    "calmar_ratio": 0.00856384969665838,
    "calmar_ratio_w": 0.011842252538590465,
    "drawdown_worst": 0.17194528072633547,
    "drawdown_worst_mean_1pct": 0.08276817594711193,
    "equity_balance_diff_neg_max": 0.24688328034884288,
    "equity_balance_diff_neg_mean": 0.003464403646862617,
    "equity_balance_diff_pos_max": 0.2575990445088549,
    "equity_balance_diff_pos_mean": 0.0018281806283685855,
    "equity_choppiness": 1.1252098676370086,
    "equity_choppiness_w": 1.1390970329577361,
    "equity_jerkiness": 0.0029596977521405415,
    "equity_jerkiness_w": 0.0011379742802622383,
    "expected_shortfall_1pct": 0.08127073776967263,
    "exponential_fit_error": 0.07167026797511906,
    "exponential_fit_error_w": 0.0077642042202318,
    "gain": 13.543454071190398,
    "gain_per_exposure_long": 4.5144846903968,
    "gain_per_exposure_short": 0.0,
    "loss_profit_ratio": 0.13767813971987986,
    "loss_profit_ratio_long": 0.13767813971987986,
    "loss_profit_ratio_short": 1.0,
    "loss_profit_ratio_w": 0.14747012444198895,
    "mdg": 0.0,
    "mdg_per_exposure_long": 0.0,
    "mdg_per_exposure_short": 0.0,
    "mdg_w": 0.0,
    "mdg_w_per_exposure_long": 0.0,
    "mdg_w_per_exposure_short": 0.0,
    "omega_ratio": 19.414576965114613,
    "omega_ratio_w": 29.053582642548086,
    "pnl_ratio_long_short": 1.0,
    "position_held_hours_max": 50.166666666666664,
    "position_held_hours_mean": 0.4925185185185185,
    "position_held_hours_median": 0.11666666666666667,
    "position_unchanged_hours_max": 17.266666666666666,
    "positions_held_per_day": 2.414429155761665,
    "sharpe_ratio": 0.05952073213929259,
    "sharpe_ratio_w": 0.06472818839817565,
    "sortino_ratio": 0.07481854068628208,
    "sortino_ratio_w": 0.06140635923951739,
    "sterling_ratio": 0.017790817827506432,
    "sterling_ratio_w": 0.0172657848600121,
    "volume_pct_per_day_avg": 0.5717657929791249,
    "volume_pct_per_day_avg_w": 0.329245895146801
}