{
    "adg": 0.030879552879352845,
    "adg_per_exposure_long": 0.0048592485804986535,
    "adg_per_exposure_short": 0.0,
    "adg_w": 0.007539481108632606,
    "adg_w_per_exposure_long": 0.0011864230359149943,
    "adg_w_per_exposure_short": 0.0,
    "calmar_ratio": 0.09008664512894625,
    "calmar_ratio_w": 0.03544580340362361,
    "drawdown_worst": 0.3427761444013499,
    "drawdown_worst_mean_1pct": 0.3427761444013499,
    "equity_balance_diff_neg_max": 0.40786840114110645,
    "equity_balance_diff_neg_mean": 0.0576323222908762,
    "equity_balance_diff_pos_max": 0.6799974359437493,
    "equity_balance_diff_pos_mean": 0.010567319824294121,
    "equity_choppiness": 1.8236408823461132,
    "equity_choppiness_w": 2.381369594312723,
    "equity_jerkiness": 0.0897271208939025,
    "equity_jerkiness_w": 0.029107260633495786,
    "expected_shortfall_1pct": 0.3282575825271565,
    "exponential_fit_error": 0.35300610592432224,
    "exponential_fit_error_w": 0.03770933852410542,
    "gain": 125.90998618228426,
    "gain_per_exposure_long": 19.81336724716502,
    "gain_per_exposure_short": 0.0,
    "loss_profit_ratio": 0.10977258509073227,
    "loss_profit_ratio_long": 0.10977258509073227,
    "loss_profit_ratio_short": 1.0,
    "loss_profit_ratio_w": 0.12061165690149614,
    "mdg": 0.006798024098689301,
    "mdg_per_exposure_long": 0.001069746349010087,
    "mdg_per_exposure_short": 0.0,
    "mdg_w": 0.0019172667090702014,
    "mdg_w_per_exposure_long": 0.00030170370571382284,
    "mdg_w_per_exposure_short": 0.0,
    "omega_ratio": 4.2903609276835715,
    "omega_ratio_w": 3.2401015698000513,
    "pnl_ratio_long_short": 1.0,
    "position_held_hours_max": 32.81666666666667,
    "position_held_hours_mean": 1.1756140350877193,
    "position_held_hours_median": 0.16666666666666666,
    "position_unchanged_hours_max": 18.7,
    "positions_held_per_day": 5.377358490566038,
    "sharpe_ratio": 0.1896118137882802,
    "sharpe_ratio_w": 0.09665030309783415,
    "sortino_ratio": 0.32025679392529266,
    "sortino_ratio_w": 0.13162794638191996,
    "sterling_ratio": 0.09008664512894625,
    "sterling_ratio_w": 0.03544580340362361,
    "volume_pct_per_day_avg": 8.32089958674947,
    "volume_pct_per_day_avg_w": 4.21983293564021
}