{
    "adg": 0.02025273693579721,
    "adg_per_exposure_long": 0.005063184233949303,
    "adg_per_exposure_short": 0.0,
    "adg_w": 0.007011156375274319,
    "adg_w_per_exposure_long": 0.0017527890938185797,
    "adg_w_per_exposure_short": 0.0,
    "calmar_ratio": 0.08587396748847685,
    "calmar_ratio_w": 0.11625570282044169,
    "drawdown_worst": 0.235842567056365,
    "drawdown_worst_mean_1pct": 0.23349403245561912,
    "equity_balance_diff_neg_max": 0.2416709096944852,
    "equity_balance_diff_neg_mean": 0.006060668995630771,
    "equity_balance_diff_pos_max": 0.5237776223567995,
    "equity_balance_diff_pos_mean": 0.0029781534752759287,
    "equity_choppiness": 1.2494306139752687,
    "equity_choppiness_w": 1.2561512080286543,
    "equity_jerkiness": 0.03340604353653929,
    "equity_jerkiness_w": 0.01216903295753886,
    "expected_shortfall_1pct": 0.22047689989762828,
    "exponential_fit_error": 0.2390282417001656,
    "exponential_fit_error_w": 0.02444371073822859,
    "gain": 156.44354875732944,
    "gain_per_exposure_long": 39.11088718933236,
    "gain_per_exposure_short": 0.0,
    "loss_profit_ratio": 0.06750488741850874,
    "loss_profit_ratio_long": 0.06750488741850874,
    "loss_profit_ratio_short": 1.0,
    "loss_profit_ratio_w": 0.03321042392702193,
    "mdg": 0.007097342695002961,
    "mdg_per_exposure_long": 0.0017743356737507402,
    "mdg_per_exposure_short": 0.0,
    "mdg_w": 0.00390965340484091,
    "mdg_w_per_exposure_long": 0.0009774133512102275,
    "mdg_w_per_exposure_short": 0.0,
    "omega_ratio": 14.246408670883154,
    "omega_ratio_w": 10.720519001101461,
    "pnl_ratio_long_short": 1.0,
    "position_held_hours_max": 87.91666666666667,
    "position_held_hours_mean": 5.830661881977671,
    "position_held_hours_median": 2.7916666666666665,
    "position_unchanged_hours_max": 58.96666666666667,
    "positions_held_per_day": 1.6587301587301588,
    "sharpe_ratio": 0.18330006210616395,
    "sharpe_ratio_w": 0.2929203378987125,
    "sortino_ratio": 0.36846463969375,
    "sortino_ratio_w": 0.3834438269437035,
    "sterling_ratio": 0.08673770683902471,
    "sterling_ratio_w": 0.11634207675549649,
    "volume_pct_per_day_avg": 3.5716296108074084,
    "volume_pct_per_day_avg_w": 1.3728405041389222
}