{"analysis": {"adg": 0.025444625321916048,
              "adg_per_exposure_long": 0.002860103561206336,
              "adg_per_exposure_short": 0.0,
              "adg_w": 0.012249753262731655,
              "adg_w_per_exposure_long": 0.0013769337330528815,
              "adg_w_per_exposure_short": 0.0,
              "calmar_ratio": 0.06951672447965505,
              "calmar_ratio_w": 0.04242479800962609,
              "drawdown_worst": 0.36602163741709004,
              "drawdown_worst_mean_1pct": 0.2999284555084084,
              "equity_balance_diff_neg_max": 0.368828926773855,
              "equity_balance_diff_neg_mean": 0.005885770300997314,
              "equity_balance_diff_pos_max": 0.5850923425057379,
              "equity_balance_diff_pos_mean": 0.015851451061598975,
              "equity_choppiness": 1.2215651930452869,
              "equity_choppiness_w": 1.237717840553733,
              "equity_jerkiness": 0.046995192887139825,
              "equity_jerkiness_w": 0.025610518905114465,
              "expected_shortfall_1pct": 0.28177088111423426,
              "exponential_fit_error": 0.5083384412574931,
              "exponential_fit_error_w": 0.07199286959338579,
              "gain": 3794.9487396031604,
              "gain_per_exposure_long": 426.57128047335556,
              "gain_per_exposure_short": 0.0,
              "loss_profit_ratio": 0.055736823797580756,
              "loss_profit_ratio_long": 0.055736823797580756,
              "loss_profit_ratio_short": 1.0,
              "loss_profit_ratio_w": 0.057647837206426834,
              "mdg": 0.0013478112361701147,
              "mdg_per_exposure_long": 0.0001515007459388196,
              "mdg_per_exposure_short": 0.0,
              "mdg_w": 0.0007077316941445583,
              "mdg_w_per_exposure_long": 7.955259364962887e-05,
              "mdg_w_per_exposure_short": 0.0,
              "omega_ratio": 21.892697316666514,
              "omega_ratio_w": 11.815170647081837,
              "pnl_ratio_long_short": 1.0,
              "position_held_hours_max": 54.833333333333336,
              "position_held_hours_mean": 1.4364625850340136,
              "position_held_hours_median": 0.3333333333333333,
              "position_unchanged_hours_max": 54.833333333333336,
              "positions_held_per_day": 5.228658536585366,
              "sharpe_ratio": 0.14477551849020492,
              "sharpe_ratio_w": 0.10894797587548019,
              "sortino_ratio": 0.46520556303323574,
              "sortino_ratio_w": 0.22330906625152808,
              "sterling_ratio": 0.08483564948442418,
              "sterling_ratio_w": 0.043956690510103,
              "volume_pct_per_day_avg": 4.041308268052033,
              "volume_pct_per_day_avg_w": 2.6277805721221257},
 "backtest": {"base_dir": "backtests/pbgui/RENDER_adg_sharpe_omega_twe9_trgr_eema125",
              "cache_dir": {"binance": "caches/hlcvs_data/54c80a69b6c05ee6"},
              "coins": {"binance": ["RENDER"]},
              "combine_ohlcvs": false,
              "compress_cache": true,
              "end_date": "2025-07-11",
              "exchanges": ["binance", "bybit"],
              "gap_tolerance_ohlcvs_minutes": 120,
              "start_date": "2020-01-01",
              "starting_balance": 1000,
              "use_btc_collateral": false},
 "bot": {"long": {"close_grid_markup_end": 0.027587,
                  "close_grid_markup_start": 0.029959,
                  "close_grid_qty_pct": 0.15805,
                  "close_trailing_grid_ratio": 0.74468,
                  "close_trailing_qty_pct": 0.086169,
                  "close_trailing_retracement_pct": 0.0054279,
                  "close_trailing_threshold_pct": 0.0022318,
                  "ema_span_0": 667.45,
                  "ema_span_1": 224.98,
                  "enforce_exposure_limit": true,
                  "entry_grid_double_down_factor": 6.0669,
                  "entry_grid_spacing_pct": 0.049648,
                  "entry_grid_spacing_weight": 1.4731,
                  "entry_initial_ema_dist": 0.011759,
                  "entry_initial_qty_pct": 0.020822,
                  "entry_trailing_double_down_factor": 8.5265,
                  "entry_trailing_grid_ratio": -0.88446,
                  "entry_trailing_retracement_pct": 6.0287e-05,
                  "entry_trailing_threshold_pct": 0.045463,
                  "filter_noisiness_rolling_window": 60,
                  "filter_volume_drop_pct": 0,
                  "filter_volume_rolling_window": 60,
                  "n_positions": 1,
                  "total_wallet_exposure_limit": 8.8964,
                  "unstuck_close_pct": 0.014469,
                  "unstuck_ema_dist": -0.025656,
                  "unstuck_loss_allowance_pct": 0.23382,
                  "unstuck_threshold": 0.93503},
         "short": {"close_grid_markup_end": 0.001,
                   "close_grid_markup_start": 0.001,
                   "close_grid_qty_pct": 0.1,
                   "close_trailing_grid_ratio": -1,
                   "close_trailing_qty_pct": 0.1,
                   "close_trailing_retracement_pct": 0.003,
                   "close_trailing_threshold_pct": -0.001,
                   "ema_span_0": 200,
                   "ema_span_1": 200,
                   "enforce_exposure_limit": true,
                   "entry_grid_double_down_factor": 0.6,
                   "entry_grid_spacing_pct": 0.01,
                   "entry_grid_spacing_weight": 0.2,
                   "entry_initial_ema_dist": -0.001,
                   "entry_initial_qty_pct": 0.025,
                   "entry_trailing_double_down_factor": 0.1,
                   "entry_trailing_grid_ratio": -1,
                   "entry_trailing_retracement_pct": 0,
                   "entry_trailing_threshold_pct": -0.1,
                   "filter_noisiness_rolling_window": 60,
                   "filter_volume_drop_pct": 0.53,
                   "filter_volume_rolling_window": 60,
                   "n_positions": 0,
                   "total_wallet_exposure_limit": 0,
                   "unstuck_close_pct": 0.005,
                   "unstuck_ema_dist": -0.1,
                   "unstuck_loss_allowance_pct": 0.01,
                   "unstuck_threshold": 0.55}},
 "disable_plotting": false,
 "live": {"approved_coins": {"long": ["RENDERUSDT"], "short": []},
          "auto_gs": true,
          "coin_flags": {},
          "empty_means_all_approved": false,
          "execution_delay_seconds": 2,
          "filter_by_min_effective_cost": true,
          "forced_mode_long": "",
          "forced_mode_short": "",
          "ignored_coins": {"long": [], "short": []},
          "leverage": 10,
          "market_orders_allowed": true,
          "max_n_cancellations_per_batch": 5,
          "max_n_creations_per_batch": 3,
          "max_n_restarts_per_day": 10,
          "mimic_backtest_1m_delay": false,
          "minimum_coin_age_days": 30,
          "ohlcvs_1m_rolling_window_days": 4,
          "ohlcvs_1m_update_after_minutes": 10,
          "pnls_max_lookback_days": 30,
          "price_distance_threshold": 0.002,
          "time_in_force": "good_till_cancelled",
          "user": "bybit_01"},
 "optimize": {"bounds": {"long_close_grid_markup_end": [0.001, 0.03],
                         "long_close_grid_markup_start": [0.001, 0.03],
                         "long_close_grid_qty_pct": [0.05, 0.4],
                         "long_close_trailing_grid_ratio": [-1, 1],
                         "long_close_trailing_qty_pct": [0.05, 0.25],
                         "long_close_trailing_retracement_pct": [0.003, 0.01],
                         "long_close_trailing_threshold_pct": [0.001, 0.005],
                         "long_ema_span_0": [100, 800],
                         "long_ema_span_1": [100, 800],
                         "long_entry_grid_double_down_factor": [0.4, 10],
                         "long_entry_grid_spacing_pct": [0.01, 0.12],