{"analysis": {"adg": 0.022109691363421335,
              "adg_per_exposure_long": 0.002456632373713482,
              "adg_per_exposure_short": 0.0,
              "adg_w": 0.009111626357799696,
              "adg_w_per_exposure_long": 0.0010124029286444106,
              "adg_w_per_exposure_short": 0.0,
              "calmar_ratio": 0.036964324688328824,
              "calmar_ratio_w": 0.025601718870651706,
              "drawdown_worst": 0.598135947290883,
              "drawdown_worst_mean_1pct": 0.42848515873003706,
              "equity_balance_diff_neg_max": 0.6376222536672836,
              "equity_balance_diff_neg_mean": 0.015807210070529782,
              "equity_balance_diff_pos_max": 1.3659180198515584,
              "equity_balance_diff_pos_mean": 0.008121384883804598,
              "equity_choppiness": 1.645830653828258,
              "equity_choppiness_w": 2.001884273884784,
              "equity_jerkiness": 0.04264222946697573,
              "equity_jerkiness_w": 0.02832535423385406,
              "expected_shortfall_1pct": 0.4132931499977251,
              "exponential_fit_error": 0.6706816357377361,
              "exponential_fit_error_w": 0.09236438131740896,
              "gain": 59875.010494817274,
              "gain_per_exposure_long": 6652.778943868586,
              "gain_per_exposure_short": 0.0,
              "loss_profit_ratio": 0.06260001896477752,
              "loss_profit_ratio_long": 0.06260001896477752,
              "loss_profit_ratio_short": 1.0,
              "loss_profit_ratio_w": 0.051075013860268456,
              "mdg": 0.0004245872156436456,
              "mdg_per_exposure_long": 4.71763572937384e-05,
              "mdg_per_exposure_short": 0.0,
              "mdg_w": 4.245872156436456e-05,
              "mdg_w_per_exposure_long": 4.7176357293738395e-06,
              "mdg_w_per_exposure_short": 0.0,
              "omega_ratio": 14.30988943865722,
              "omega_ratio_w": 4.67527267980177,
              "pnl_ratio_long_short": 1.0,
              "position_held_hours_max": 145.31666666666666,
              "position_held_hours_mean": 7.93294930875576,
              "position_held_hours_median": 2.325,
              "position_unchanged_hours_max": 92.26666666666667,
              "positions_held_per_day": 0.8628230616302187,
              "sharpe_ratio": 0.07504306282944431,
              "sharpe_ratio_w": 0.07416317891547738,
              "sortino_ratio": 0.2448746150237729,
              "sortino_ratio_w": 0.11931921495565886,
              "sterling_ratio": 0.05159966666978852,
              "sterling_ratio_w": 0.02721287463191071,
              "volume_pct_per_day_avg": 2.521162405975012,
              "volume_pct_per_day_avg_w": 1.9520035529825406},
 "backtest": {"base_dir": "backtests/pbgui/ONDO_adg_omega_sharpe_grtr",
              "cache_dir": {"bybit": "caches/hlcvs_data/9c1117307683a450"},
              "coins": {"bybit": ["ONDO"]},
              "combine_ohlcvs": false,
              "compress_cache": true,
              "end_date": "2025-06-27",
              "exchanges": ["bybit", "binance"],
              "gap_tolerance_ohlcvs_minutes": 120,
              "start_date": "2020-01-01",
              "starting_balance": 1000,
              "use_btc_collateral": false},
 "bot": {"long": {"close_grid_markup_end": 0.029097,
                  "close_grid_markup_start": 0.021912,
                  "close_grid_qty_pct": 0.091464,
                  "close_trailing_grid_ratio": -0.8149,
                  "close_trailing_qty_pct": 0.05766,
                  "close_trailing_retracement_pct": 0.003979,
                  "close_trailing_threshold_pct": 0.004861,
                  "ema_span_0": 140.47,
                  "ema_span_1": 232.3,
                  "enforce_exposure_limit": true,
                  "entry_grid_double_down_factor": 7.4516,
                  "entry_grid_spacing_pct": 0.069213,
                  "entry_grid_spacing_weight": 1.5162,
                  "entry_initial_ema_dist": 0.02416,
                  "entry_initial_qty_pct": 0.025041,
                  "entry_trailing_double_down_factor": 5.8569,
                  "entry_trailing_grid_ratio": -0.0031544,
                  "entry_trailing_retracement_pct": 0.066512,
                  "entry_trailing_threshold_pct": -0.045456,
                  "filter_noisiness_rolling_window": 60,
                  "filter_volume_drop_pct": 0,
                  "filter_volume_rolling_window": 60,
                  "n_positions": 1,
                  "total_wallet_exposure_limit": 9,
                  "unstuck_close_pct": 0.0060583,
                  "unstuck_ema_dist": -0.088427,
                  "unstuck_loss_allowance_pct": 0.22851,
                  "unstuck_threshold": 0.82425},
         "short": {"close_grid_markup_end": 0.001,
                   "close_grid_markup_start": 0.001,
                   "close_grid_qty_pct": 0.1,
                   "close_trailing_grid_ratio": -1,
                   "close_trailing_qty_pct": 0.1,
                   "close_trailing_retracement_pct": 0.003,
                   "close_trailing_threshold_pct": -0.001,
                   "ema_span_0": 200,
                   "ema_span_1": 200,
                   "enforce_exposure_limit": true,
                   "entry_grid_double_down_factor": 0.6,
                   "entry_grid_spacing_pct": 0.01,
                   "entry_grid_spacing_weight": 0.2,
                   "entry_initial_ema_dist": -0.001,
                   "entry_initial_qty_pct": 0.025,
                   "entry_trailing_double_down_factor": 0.1,
                   "entry_trailing_grid_ratio": -1,
                   "entry_trailing_retracement_pct": 0,
                   "entry_trailing_threshold_pct": -0.1,
                   "filter_noisiness_rolling_window": 60,
                   "filter_volume_drop_pct": 0.53,
                   "filter_volume_rolling_window": 60,
                   "n_positions": 0,
                   "total_wallet_exposure_limit": 0,
                   "unstuck_close_pct": 0.005,
                   "unstuck_ema_dist": -0.1,
                   "unstuck_loss_allowance_pct": 0.01,
                   "unstuck_threshold": 0.55}},
 "disable_plotting": false,
 "live": {"approved_coins": {"long": ["ONDOUSDT"], "short": []},
          "auto_gs": true,
          "coin_flags": {},
          "empty_means_all_approved": false,
          "execution_delay_seconds": 2,
          "filter_by_min_effective_cost": true,
          "forced_mode_long": "",
          "forced_mode_short": "",
          "ignored_coins": {"long": [], "short": []},
          "leverage": 10,
          "market_orders_allowed": true,
          "max_n_cancellations_per_batch": 5,
          "max_n_creations_per_batch": 3,
          "max_n_restarts_per_day": 10,
          "mimic_backtest_1m_delay": false,
          "minimum_coin_age_days": 30,
          "ohlcvs_1m_rolling_window_days": 4,
          "ohlcvs_1m_update_after_minutes": 10,
          "pnls_max_lookback_days": 30,
          "price_distance_threshold": 0.002,
          "time_in_force": "good_till_cancelled",
          "user": "bybit_01"},
 "optimize": {"bounds": {"long_close_grid_markup_end": [0.001, 0.03],
                         "long_close_grid_markup_start": [0.001, 0.03],
                         "long_close_grid_qty_pct": [0.05, 0.4],
                         "long_close_trailing_grid_ratio": [-1, 1],
                         "long_close_trailing_qty_pct": [0.05, 0.25],
                         "long_close_trailing_retracement_pct": [0.003, 0.01],
                         "long_close_trailing_threshold_pct": [0.001, 0.005],
                         "long_ema_span_0": [100, 800],
                         "long_ema_span_1": [100, 800],
                         "long_entry_grid_double_down_factor": [0.4, 10],
                         "long_entry_grid_spacing_pct": [0.01, 0.12],
                         "long_entry_grid_spacing_weight": [0.2, 2],