{
    "adg_btc": 0.001405228594512531,
    "adg_per_exposure_long_btc": 0.00023420476575208848,
    "adg_per_exposure_long_usd": 0.00029364557693567495,
    "adg_per_exposure_short_btc": 0.0,
    "adg_per_exposure_short_usd": 0.0,
    "adg_pnl": 0.004620509271064614,
    "adg_pnl_w": 0.0016692525355355755,
    "adg_strategy_eq": 0.0017618734616140497,
    "adg_strategy_eq_w": 0.0004986567583190382,
    "adg_usd": 0.0017618734616140497,
    "adg_w_btc": 0.0014885824681071913,
    "adg_w_per_exposure_long_btc": 0.0002480970780178652,
    "adg_w_per_exposure_long_usd": 8.31094597198397e-05,
    "adg_w_per_exposure_short_btc": 0.0,
    "adg_w_per_exposure_short_usd": 0.0,
    "adg_w_usd": 0.0004986567583190382,
    "backtest_completion_ratio": 1.0,
    "calmar_ratio_btc": 0.0018545754937131082,
    "calmar_ratio_strategy_eq": 0.0026749668687478883,
    "calmar_ratio_strategy_eq_w": 0.002575224494289971,
    "calmar_ratio_usd": 0.00267496686874789,
    "calmar_ratio_w_btc": 0.0059101073796484814,
    "calmar_ratio_w_usd": 0.0032932913597671343,
    "drawdown_worst_btc": 0.7577090279021618,
    "drawdown_worst_ema_strategy_eq": 0.0,
    "drawdown_worst_ema_strategy_eq_long": 0.0,
    "drawdown_worst_ema_strategy_eq_short": 0.0,
    "drawdown_worst_mean_1pct_btc": 0.630635185291677,
    "drawdown_worst_mean_1pct_ema_strategy_eq": 0.0,
    "drawdown_worst_mean_1pct_ema_strategy_eq_long": 0.0,
    "drawdown_worst_mean_1pct_ema_strategy_eq_short": 0.0,
    "drawdown_worst_mean_1pct_strategy_eq": 0.3729121555813967,
    "drawdown_worst_mean_1pct_strategy_eq_long": 0.0,
    "drawdown_worst_mean_1pct_strategy_eq_short": 0.0,
    "drawdown_worst_mean_1pct_usd": 0.3729121555813953,
    "drawdown_worst_strategy_eq": 0.6586524424651121,
    "drawdown_worst_strategy_eq_long": 0.0,
    "drawdown_worst_strategy_eq_short": 0.0,
    "drawdown_worst_usd": 0.6586524424651117,
    "entry_initial_balance_pct_long": 0.071118,
    "entry_initial_balance_pct_short": 0.0,
    "entry_interval_hours_max": 1270.2166666666667,
    "entry_interval_hours_mean": 26.52025772219064,
    "entry_interval_hours_median": 1.6666666666666667,
    "entry_interval_hours_p95": 135.76333333333307,
    "entry_interval_hours_p99": 307.5523333333343,
    "equity_balance_diff_neg_max_btc": 0.6343520422575483,
    "equity_balance_diff_neg_max_usd": 0.6132359056501083,
    "equity_balance_diff_neg_mean_btc": 0.11889149710598261,
    "equity_balance_diff_neg_mean_usd": 0.07008415775013535,
    "equity_balance_diff_pos_max_btc": 5.258420962899261,
    "equity_balance_diff_pos_max_usd": 2.997664742788137,
    "equity_balance_diff_pos_mean_btc": 0.2643170764161233,
    "equity_balance_diff_pos_mean_usd": 0.07731039490553204,
    "equity_choppiness_btc": 14.738090794189835,
    "equity_choppiness_usd": 1.546531251998546,
    "equity_choppiness_w_btc": 14.262986278038728,
    "equity_choppiness_w_usd": 1.6660783566686224,
    "equity_jerkiness_btc": 0.02407695836140003,
    "equity_jerkiness_usd": 0.004735278655237255,
    "equity_jerkiness_w_btc": 0.015240572395005656,
    "equity_jerkiness_w_usd": 0.0013200640680006872,
    "expected_shortfall_1pct_btc": 0.21904684047479653,
    "expected_shortfall_1pct_strategy_eq": 0.16091708330069335,
    "expected_shortfall_1pct_usd": 0.16091708330069313,
    "exponential_fit_error_btc": 0.29643462140509785,
    "exponential_fit_error_usd": 0.06283487046835858,
    "exponential_fit_error_w_btc": 0.04602259590817111,
    "exponential_fit_error_w_usd": 0.008729936573754687,
    "exposure_mean_ratio_btc": 0.045068490624899094,
    "exposure_mean_ratio_usd": 0.056506804584742054,
    "exposure_mean_ratio_w_btc": 0.10130015652658617,
    "exposure_mean_ratio_w_usd": 0.028835954968433452,
    "exposure_ratio_btc": 0.00022579530069393152,
    "exposure_ratio_usd": 0.00028310180251335244,
    "exposure_ratio_w_btc": 0.000470407319555944,
    "exposure_ratio_w_usd": 0.00011405455286097844,
    "gain_btc": 15.395257905521024,
    "gain_per_exposure_long_btc": 2.5658763175868375,
    "gain_per_exposure_long_usd": 5.1324840821319455,
    "gain_per_exposure_short_btc": 0.0,
    "gain_per_exposure_short_usd": 0.0,
    "gain_strategy_eq": 30.794904492791566,
    "gain_usd": 30.794904492791673,
    "hard_stop_duration_minutes_max": 0.0,
    "hard_stop_duration_minutes_mean": 0.0,
    "hard_stop_flatten_time_minutes_mean": 0.0,
    "hard_stop_halt_to_restart_equity_loss_pct": 0.0,
    "hard_stop_panic_close_loss_max": 0.0,
    "hard_stop_panic_close_loss_sum": 0.0,
    "hard_stop_post_restart_retrigger_pct": 0.0,
    "hard_stop_restarts": 0,
    "hard_stop_restarts_long": 0,
    "hard_stop_restarts_per_year": 0.0,
    "hard_stop_restarts_per_year_long": 0.0,
    "hard_stop_restarts_per_year_short": 0.0,
    "hard_stop_restarts_short": 0,
    "hard_stop_time_in_orange_pct": 0.0,
    "hard_stop_time_in_red_pct": 0.0,
    "hard_stop_time_in_yellow_pct": 0.0,
    "hard_stop_trigger_drawdown_mean": 0.0,
    "hard_stop_triggers": 0,
    "hard_stop_triggers_long": 0,
    "hard_stop_triggers_per_year": 0.0,
    "hard_stop_triggers_short": 0,
    "high_exposure_days_max_long": 3.536111111111111,
    "high_exposure_days_max_short": 0.0,
    "high_exposure_days_mean_long": 0.1326615562149687,
    "high_exposure_days_mean_short": 0.0,
    "high_exposure_hours_max_long": 84.86666666666666,
    "high_exposure_hours_max_short": 0.0,
    "high_exposure_hours_mean_long": 3.1838773491592485,
    "high_exposure_hours_mean_short": 0.0,
    "liquidated": false,
    "long_short_profit_ratio": 1.0,
    "loss_profit_ratio": 0.17258095533362705,
    "loss_profit_ratio_long": 0.17258095533362705,
    "loss_profit_ratio_short": 1.0,
    "loss_profit_ratio_w": 0.23191518667788516,
    "mdg_btc": 0.0,
    "mdg_per_exposure_long_btc": 0.0,
    "mdg_per_exposure_long_usd": 0.0,
    "mdg_per_exposure_short_btc": 0.0,
    "mdg_per_exposure_short_usd": 0.0,
    "mdg_pnl": 0.0004152514097090161,
    "mdg_pnl_w": 0.0002681694732708741,
    "mdg_strategy_eq": 0.0,
    "mdg_strategy_eq_w": 0.0,
    "mdg_usd": 0.0,
    "mdg_w_btc": 0.0,
    "mdg_w_per_exposure_long_btc": 0.0,
    "mdg_w_per_exposure_long_usd": 0.0,
    "mdg_w_per_exposure_short_btc": 0.0,
    "mdg_w_per_exposure_short_usd": 0.0,
    "mdg_w_usd": 0.0,
    "omega_ratio_btc": 1.3785626997732756,
    "omega_ratio_strategy_eq": 4.943931881658182,
    "omega_ratio_strategy_eq_w": 4.9478184957365965,
    "omega_ratio_usd": 4.943931881658197,
    "omega_ratio_w_btc": 1.555869308309854,
    "omega_ratio_w_usd": 4.947818495736661,
    "paper_loss_mean_ratio_btc": 0.011819420469235726,
    "paper_loss_mean_ratio_usd": 0.02513939695038494,
    "paper_loss_mean_ratio_w_btc": 0.22422931296829582,
    "paper_loss_mean_ratio_w_usd": 0.1363567750389431,
    "paper_loss_ratio_btc": 0.0022152188389140634,
    "paper_loss_ratio_usd": 0.0028730761610350243,
    "paper_loss_ratio_w_btc": 0.05807372590529399,
    "paper_loss_ratio_w_usd": 0.009114126706015552,
    "peak_recovery_days_equity_btc": 185.06458333333333,
    "peak_recovery_days_equity_usd": 262.59930555555553,
    "peak_recovery_days_pnl": 266.42569444444445,
    "peak_recovery_days_strategy_eq": 262.59930555555553,
    "peak_recovery_days_strategy_eq_long": 0.0,
    "peak_recovery_days_strategy_eq_short": 0.0,
    "peak_recovery_hours_equity_btc": 4441.55,
    "peak_recovery_hours_equity_usd": 6302.383333333333,
    "peak_recovery_hours_pnl": 6394.216666666666,
    "peak_recovery_hours_strategy_eq": 6302.383333333333,
    "peak_recovery_hours_strategy_eq_long": 0.0,
    "peak_recovery_hours_strategy_eq_short": 0.0,
    "pnl_ratio_long_short": 1.0,
    "position_held_days_max": 3.738888888888889,
    "position_held_days_mean": 0.07523790424059394,
    "position_held_days_median": 0.015277777777777777,
    "position_held_hours_max": 89.73333333333333,
    "position_held_hours_mean": 1.8057097017742545,
    "position_held_hours_median": 0.36666666666666664,
    "position_unchanged_days_max": 3.0083333333333333,