{
    "adg": 0.006714447669121437,
    "adg_w": 0.004056282940214073,
    "calmar_ratio": 0.010823388437064891,
    "calmar_ratio_w": 0.01020240942542407,
    "drawdown_worst": 0.62036465827353,
    "drawdown_worst_mean_1pct": 0.33125331352292053,
    "equity_balance_diff_neg_max": 0.6641867419831619,
    "equity_balance_diff_neg_mean": 0.021139267576010038,
    "equity_balance_diff_pos_max": 0.3013179904691365,
    "equity_balance_diff_pos_mean": 0.0034332760254560907,
    "equity_choppiness": 1.597719552011043,
    "equity_choppiness_w": 2.1687382304814453,
    "equity_jerkiness": 0.011267353401923762,
    "equity_jerkiness_w": 0.011838492157353811,
    "expected_shortfall_1pct": 0.276323658592055,
    "exponential_fit_error": 2.5167202395297146,
    "exponential_fit_error_w": 0.2623365389587802,
    "gain": 110263.77126594115,
    "loss_profit_ratio": 0.3413635553188295,
    "loss_profit_ratio_long": 0.3413635553188295,
    "loss_profit_ratio_short": 1.0,
    "loss_profit_ratio_w": 0.3812568438733544,
    "mdg": 0.0,
    "mdg_w": 8.296974129916523e-05,
    "omega_ratio": 9.808446569072741,
    "omega_ratio_w": 4.43884564354005,
    "pnl_ratio_long_short": 1.0,
    "position_held_hours_max": 38.9,
    "position_held_hours_mean": 0.8126823224643802,
    "position_held_hours_median": 0.25,
    "position_unchanged_hours_max": 33.233333333333334,
    "positions_held_per_day": 3.411527377521614,
    "sharpe_ratio": 0.07306663569796076,
    "sharpe_ratio_w": 0.06702115924454287,
    "sortino_ratio": 0.10723565102759784,
    "sortino_ratio_w": 0.0691852241748184,
    "sterling_ratio": 0.020269827938360657,
    "sterling_ratio_w": 0.0123901388099699
}