{
    "adg": 0.0057520443617946615,
    "adg_per_exposure_long": 0.0014380110904486654,
    "adg_per_exposure_short": 0.0,
    "adg_w": 0.0037594911738842774,
    "adg_w_per_exposure_long": 0.0009398727934710694,
    "adg_w_per_exposure_short": 0.0,
    "calmar_ratio": 0.008460540262758573,
    "calmar_ratio_w": 0.009778596767618454,
    "drawdown_worst": 0.679867264164428,
    "drawdown_worst_mean_1pct": 0.34989555541767486,
    "equity_balance_diff_neg_max": 0.6801938355764044,
    "equity_balance_diff_neg_mean": 0.006032182678616735,
    "equity_balance_diff_pos_max": 0.21899485864737372,
    "equity_balance_diff_pos_mean": 0.00044445590718931804,
    "equity_choppiness": 2.239892815709256,
    "equity_choppiness_w": 2.997345538685603,
    "equity_jerkiness": 0.013806405447075456,
    "equity_jerkiness_w": 0.0142443816780047,
    "expected_shortfall_1pct": 0.3021274644529918,
    "exponential_fit_error": 0.0947132921762747,
    "exponential_fit_error_w": 0.020884416212779512,
    "gain": 5029.364313829258,
    "gain_per_exposure_long": 1257.3410784573146,
    "gain_per_exposure_short": 0.0,
    "loss_profit_ratio": 0.2331794012165386,
    "loss_profit_ratio_long": 0.2331794012165386,
    "loss_profit_ratio_short": 1.0,
    "loss_profit_ratio_w": 0.3164663683840023,
    "mdg": 0.0019925597427326415,
    "mdg_per_exposure_long": 0.0004981399356831604,
    "mdg_per_exposure_short": 0.0,
    "mdg_w": 0.0013541923310790387,
    "mdg_w_per_exposure_long": 0.00033854808276975967,
    "mdg_w_per_exposure_short": 0.0,
    "omega_ratio": 5.084645588115947,
    "omega_ratio_w": 3.1921023007919658,
    "pnl_ratio_long_short": 1.0,
    "position_held_hours_max": 184.45,
    "position_held_hours_mean": 3.592581406052238,
    "position_held_hours_median": 0.7833333333333333,
    "position_unchanged_hours_max": 82.0,
    "positions_held_per_day": 3.900231675825871,
    "sharpe_ratio": 0.06121810036171835,
    "sharpe_ratio_w": 0.05727379046373428,
    "sortino_ratio": 0.08847281975006464,
    "sortino_ratio_w": 0.06470804199330449,
    "sterling_ratio": 0.016439318170041833,
    "sterling_ratio_w": 0.011702312417211078,
    "volume_pct_per_day_avg": 1.403943388995091,
    "volume_pct_per_day_avg_w": 1.330340454604301
}