{"analysis": {"adg": 0.009682295043188516,
              "adg_per_exposure_long": 0.0008510411394206307,
              "adg_per_exposure_short": 0.0,
              "adg_w": 0.005646586008260268,
              "adg_w_per_exposure_long": 0.0004963159012270605,
              "adg_w_per_exposure_short": 0.0,
              "calmar_ratio": 0.02034829807835736,
              "calmar_ratio_w": 0.03161903119434497,
              "drawdown_worst": 0.47582824892302394,
              "drawdown_worst_mean_1pct": 0.3343765465640791,
              "equity_balance_diff_neg_max": 0.47517591878026355,
              "equity_balance_diff_neg_mean": 0.07662165491787452,
              "equity_balance_diff_pos_max": 0.11318169167346842,
              "equity_balance_diff_pos_mean": 0.004818762557676236,
              "equity_choppiness": 1.7895681809096047,
              "equity_choppiness_w": 1.6996574108560085,
              "equity_jerkiness": 0.02383055380892138,
              "equity_jerkiness_w": 0.017703387793957342,
              "expected_shortfall_1pct": 0.2591911980469476,
              "exponential_fit_error": 0.10383920681702649,
              "exponential_fit_error_w": 0.01892417438492331,
              "gain": 1416.1520810787113,
              "gain_per_exposure_long": 124.47500053429825,
              "gain_per_exposure_short": 0.0,
              "loss_profit_ratio": 0.0,
              "loss_profit_ratio_long": 0.0,
              "loss_profit_ratio_short": 1.0,
              "loss_profit_ratio_w": 0.0,
              "mdg": 0.0,
              "mdg_per_exposure_long": 0.0,
              "mdg_per_exposure_short": 0.0,
              "mdg_w": 0.0,
              "mdg_w_per_exposure_long": 0.0,
              "mdg_w_per_exposure_short": 0.0,
              "omega_ratio": 4.513643403164544,
              "omega_ratio_w": 4.505909844271675,
              "pnl_ratio_long_short": 1.0,
              "position_held_hours_max": 330.85,
              "position_held_hours_mean": 6.031796349663785,
              "position_held_hours_median": 0.23333333333333334,
              "position_unchanged_hours_max": 303.7,
              "positions_held_per_day": 0.46082337317397076,
              "sharpe_ratio": 0.1065046536319874,
              "sharpe_ratio_w": 0.12014887853409464,
              "sortino_ratio": 0.11764301382166406,
              "sortino_ratio_w": 0.09763011043204825,
              "sterling_ratio": 0.028956262461228045,
              "sterling_ratio_w": 0.03275915449419565,
              "volume_pct_per_day_avg": 4.03998335244077,
              "volume_pct_per_day_avg_w": 3.063506999268557},
 "backtest": {"base_dir": "backtests/pbgui/PEPE_adg_sharpe_omega_twe20_trgr",
              "cache_dir": {"binance": "caches/hlcvs_data/8a7b491216941e5b"},
              "coins": {"binance": ["PEPE"]},
              "combine_ohlcvs": false,
              "compress_cache": true,
              "end_date": "2025-06-10",
              "exchanges": ["binance", "bybit"],
              "gap_tolerance_ohlcvs_minutes": 120,
              "start_date": "2020-01-01",
              "starting_balance": 1000,
              "use_btc_collateral": false},
 "bot": {"long": {"close_grid_markup_end": 0.014101,
                  "close_grid_markup_start": 0.016468,
                  "close_grid_qty_pct": 0.19519,
                  "close_trailing_grid_ratio": -0.22581,
                  "close_trailing_qty_pct": 0.19268,
                  "close_trailing_retracement_pct": 0.0031939,
                  "close_trailing_threshold_pct": 0.005,
                  "ema_span_0": 198.77,
                  "ema_span_1": 150.87,
                  "enforce_exposure_limit": true,
                  "entry_grid_double_down_factor": 7.04,
                  "entry_grid_spacing_pct": 0.10393,
                  "entry_grid_spacing_weight": 0.74339,
                  "entry_initial_ema_dist": 0.044946,
                  "entry_initial_qty_pct": 0.089869,
                  "entry_trailing_double_down_factor": 2.3104,
                  "entry_trailing_grid_ratio": 0.79647,
                  "entry_trailing_retracement_pct": 0.11618,
                  "entry_trailing_threshold_pct": -0.02569,
                  "filter_noisiness_rolling_window": 60,
                  "filter_volume_drop_pct": 0,
                  "filter_volume_rolling_window": 60,
                  "n_positions": 1,
                  "total_wallet_exposure_limit": 11.377,
                  "unstuck_close_pct": 0.022933,
                  "unstuck_ema_dist": -0.088726,
                  "unstuck_loss_allowance_pct": 0.12646,
                  "unstuck_threshold": 0.89803},
         "short": {"close_grid_markup_end": 0.001,
                   "close_grid_markup_start": 0.001,
                   "close_grid_qty_pct": 0.1,
                   "close_trailing_grid_ratio": -1,
                   "close_trailing_qty_pct": 0.1,
                   "close_trailing_retracement_pct": 0.003,
                   "close_trailing_threshold_pct": -0.001,
                   "ema_span_0": 200,
                   "ema_span_1": 200,
                   "enforce_exposure_limit": true,
                   "entry_grid_double_down_factor": 0.6,
                   "entry_grid_spacing_pct": 0.01,
                   "entry_grid_spacing_weight": 0.2,
                   "entry_initial_ema_dist": -0.001,
                   "entry_initial_qty_pct": 0.025,
                   "entry_trailing_double_down_factor": 0.1,
                   "entry_trailing_grid_ratio": -1,
                   "entry_trailing_retracement_pct": 0,
                   "entry_trailing_threshold_pct": -0.1,
                   "filter_noisiness_rolling_window": 60,
                   "filter_volume_drop_pct": 0.53,
                   "filter_volume_rolling_window": 60,
                   "n_positions": 0,
                   "total_wallet_exposure_limit": 0,
                   "unstuck_close_pct": 0.005,
                   "unstuck_ema_dist": -0.1,
                   "unstuck_loss_allowance_pct": 0.01,
                   "unstuck_threshold": 0.55}},
 "disable_plotting": false,
 "live": {"approved_coins": {"long": ["1000PEPEUSDT"], "short": []},
          "auto_gs": true,
          "coin_flags": {},
          "empty_means_all_approved": false,
          "execution_delay_seconds": 2,
          "filter_by_min_effective_cost": true,
          "forced_mode_long": "",
          "forced_mode_short": "",
          "ignored_coins": {"long": [], "short": []},
          "leverage": 10,
          "market_orders_allowed": true,
          "max_n_cancellations_per_batch": 5,
          "max_n_creations_per_batch": 3,
          "max_n_restarts_per_day": 10,
          "mimic_backtest_1m_delay": false,
          "minimum_coin_age_days": 30,
          "ohlcvs_1m_rolling_window_days": 4,
          "ohlcvs_1m_update_after_minutes": 10,
          "pnls_max_lookback_days": 30,
          "price_distance_threshold": 0.002,
          "time_in_force": "good_till_cancelled",
          "user": "bybit_01"},
 "optimize": {"bounds": {"long_close_grid_markup_end": [0.001, 0.03],
                         "long_close_grid_markup_start": [0.001, 0.03],
                         "long_close_grid_qty_pct": [0, 0.4],
                         "long_close_trailing_grid_ratio": [-1, 1],
                         "long_close_trailing_qty_pct": [0.1, 0.25],
                         "long_close_trailing_retracement_pct": [0.003, 0.01],
                         "long_close_trailing_threshold_pct": [0.001, 0.005],
                         "long_ema_span_0": [100, 800],
                         "long_ema_span_1": [100, 800],
                         "long_entry_grid_double_down_factor": [0.5, 10],
                         "long_entry_grid_spacing_pct": [0.01, 0.12],
                         "long_entry_grid_spacing_weight": [0.2, 2],
                         "long_entry_initial_ema_dist": [-0.001, 0.05],