{
    "adg": 0.013117894298227517,
    "adg_per_exposure_long": 0.0014575438109141687,
    "adg_per_exposure_short": 0.0,
    "adg_w": 0.006001513962919924,
    "adg_w_per_exposure_long": 0.0006668348847688805,
    "adg_w_per_exposure_short": 0.0,
    "calmar_ratio": 0.03625998423865415,
    "calmar_ratio_w": 0.02643536735612901,
    "drawdown_worst": 0.3617733039233778,
    "drawdown_worst_mean_1pct": 0.28381858679523475,
    "equity_balance_diff_neg_max": 0.35225837453621506,
    "equity_balance_diff_neg_mean": 0.013981285053422495,
    "equity_balance_diff_pos_max": 0.7394035633357551,
    "equity_balance_diff_pos_mean": 0.012621691861247565,
    "equity_choppiness": 1.823277412752927,
    "equity_choppiness_w": 2.5282868565225796,
    "equity_jerkiness": 0.026824041222701815,
    "equity_jerkiness_w": 0.01845926935325488,
    "expected_shortfall_1pct": 0.260271511450399,
    "exponential_fit_error": 0.535129759163899,
    "exponential_fit_error_w": 0.07805413013822177,
    "gain": 24992.475342145706,
    "gain_per_exposure_long": 2776.941704682856,
    "gain_per_exposure_short": 0.0,
    "loss_profit_ratio": 0.02383712308759219,
    "loss_profit_ratio_long": 0.02383712308759219,
    "loss_profit_ratio_short": 1.0,
    "loss_profit_ratio_w": 0.02895405935821262,
    "mdg": 0.0014398921703570903,
    "mdg_per_exposure_long": 0.0001599880189285656,
    "mdg_per_exposure_short": 0.0,
    "mdg_w": 0.001000081730430004,
    "mdg_w_per_exposure_long": 0.00011112019227000044,
    "mdg_w_per_exposure_short": 0.0,
    "omega_ratio": 10.006423054051956,
    "omega_ratio_w": 3.9091053447980455,
    "pnl_ratio_long_short": 1.0,
    "position_held_hours_max": 142.88333333333333,
    "position_held_hours_mean": 2.4921925380009213,
    "position_held_hours_median": 0.26666666666666666,
    "position_unchanged_hours_max": 142.88333333333333,
    "positions_held_per_day": 2.794079794079794,
    "sharpe_ratio": 0.08703060099232414,
    "sharpe_ratio_w": 0.08177834069995873,
    "sortino_ratio": 0.271060416249002,
    "sortino_ratio_w": 0.1562131991790169,
    "sterling_ratio": 0.04621929256413225,
    "sterling_ratio_w": 0.02802888112081243,
    "volume_pct_per_day_avg": 2.3745891703125497,
    "volume_pct_per_day_avg_w": 1.7087232731985367
}