{
    "adg": 0.004143420887140259,
    "adg_per_exposure_long": 0.00041434208871402587,
    "adg_per_exposure_short": 0.0,
    "adg_w": 0.003461737227731221,
    "adg_w_per_exposure_long": 0.0003461737227731221,
    "adg_w_per_exposure_short": 0.0,
    "calmar_ratio": 0.0053976331225889735,
    "calmar_ratio_w": 0.010562653798560653,
    "drawdown_worst": 0.7676366275803621,
    "drawdown_worst_mean_1pct": 0.5364102084017134,
    "equity_balance_diff_neg_max": 0.7562598637987222,
    "equity_balance_diff_neg_mean": 0.058311272678190584,
    "equity_balance_diff_pos_max": 0.5956620933273299,
    "equity_balance_diff_pos_mean": 0.008505201627345993,
    "equity_choppiness": 4.019893122362046,
    "equity_choppiness_w": 4.05290115416663,
    "equity_jerkiness": 0.0284071960764968,
    "equity_jerkiness_w": 0.022951126596088767,
    "expected_shortfall_1pct": 0.3145115824368296,
    "exponential_fit_error": 0.052529542111548005,
    "exponential_fit_error_w": 0.008894638846850496,
    "gain": 627.7316381464398,
    "gain_per_exposure_long": 62.77316381464398,
    "gain_per_exposure_short": 0.0,
    "loss_profit_ratio": 0.006983667314169114,
    "loss_profit_ratio_long": 0.006983667314169114,
    "loss_profit_ratio_short": 1.0,
    "loss_profit_ratio_w": 0.0011596069907557458,
    "mdg": 0.0,
    "mdg_per_exposure_long": 0.0,
    "mdg_per_exposure_short": 0.0,
    "mdg_w": 0.0,
    "mdg_w_per_exposure_long": 0.0,
    "mdg_w_per_exposure_short": 0.0,
    "omega_ratio": 1.8014484969135482,
    "omega_ratio_w": 1.7690728992644789,
    "pnl_ratio_long_short": 1.0,
    "position_held_hours_max": 1982.8,
    "position_held_hours_mean": 38.50255747126437,
    "position_held_hours_median": 4.816666666666666,
    "position_unchanged_hours_max": 700.3833333333333,
    "positions_held_per_day": 0.37235180826021824,
    "sharpe_ratio": 0.03745394878654895,
    "sharpe_ratio_w": 0.07307698793044022,
    "sortino_ratio": 0.06906879048782011,
    "sortino_ratio_w": 0.10965793512594027,
    "sterling_ratio": 0.007724351293548246,
    "sterling_ratio_w": 0.011756383029226731,
    "volume_pct_per_day_avg": 0.8899934295494368,
    "volume_pct_per_day_avg_w": 0.7643760959428596
}