{"analysis": {"adg": 0.004143420887140259,
              "adg_per_exposure_long": 0.00041434208871402587,
              "adg_per_exposure_short": 0.0,
              "adg_w": 0.003461737227731221,
              "adg_w_per_exposure_long": 0.0003461737227731221,
              "adg_w_per_exposure_short": 0.0,
              "calmar_ratio": 0.0053976331225889735,
              "calmar_ratio_w": 0.010562653798560653,
              "drawdown_worst": 0.7676366275803621,
              "drawdown_worst_mean_1pct": 0.5364102084017134,
              "equity_balance_diff_neg_max": 0.7562598637987222,
              "equity_balance_diff_neg_mean": 0.058311272678190584,
              "equity_balance_diff_pos_max": 0.5956620933273299,
              "equity_balance_diff_pos_mean": 0.008505201627345993,
              "equity_choppiness": 4.019893122362046,
              "equity_choppiness_w": 4.05290115416663,
              "equity_jerkiness": 0.0284071960764968,
              "equity_jerkiness_w": 0.022951126596088767,
              "expected_shortfall_1pct": 0.3145115824368296,
              "exponential_fit_error": 0.052529542111548005,
              "exponential_fit_error_w": 0.008894638846850496,
              "gain": 627.7316381464398,
              "gain_per_exposure_long": 62.77316381464398,
              "gain_per_exposure_short": 0.0,
              "loss_profit_ratio": 0.006983667314169114,
              "loss_profit_ratio_long": 0.006983667314169114,
              "loss_profit_ratio_short": 1.0,
              "loss_profit_ratio_w": 0.0011596069907557458,
              "mdg": 0.0,
              "mdg_per_exposure_long": 0.0,
              "mdg_per_exposure_short": 0.0,
              "mdg_w": 0.0,
              "mdg_w_per_exposure_long": 0.0,
              "mdg_w_per_exposure_short": 0.0,
              "omega_ratio": 1.8014484969135482,
              "omega_ratio_w": 1.7690728992644789,
              "pnl_ratio_long_short": 1.0,
              "position_held_hours_max": 1982.8,
              "position_held_hours_mean": 38.50255747126437,
              "position_held_hours_median": 4.816666666666666,
              "position_unchanged_hours_max": 700.3833333333333,
              "positions_held_per_day": 0.37235180826021824,
              "sharpe_ratio": 0.03745394878654895,
              "sharpe_ratio_w": 0.07307698793044022,
              "sortino_ratio": 0.06906879048782011,
              "sortino_ratio_w": 0.10965793512594027,
              "sterling_ratio": 0.007724351293548246,
              "sterling_ratio_w": 0.011756383029226731,
              "volume_pct_per_day_avg": 0.8899934295494368,
              "volume_pct_per_day_avg_w": 0.7643760959428596},
 "backtest": {"base_dir": "backtests/pbgui/UNI_adg_sharpe_omega_twe9_trgr",
              "cache_dir": {"bybit": "caches/hlcvs_data/3ff7d97ad8fe9b9c"},
              "coins": {"bybit": ["UNI"]},
              "combine_ohlcvs": false,
              "compress_cache": true,
              "end_date": "2025-06-23",
              "exchanges": ["binance", "bybit"],
              "gap_tolerance_ohlcvs_minutes": 120,
              "start_date": "2020-01-01",
              "starting_balance": 1000,
              "use_btc_collateral": false},
 "bot": {"long": {"close_grid_markup_end": 0.023778,
                  "close_grid_markup_start": 0.020117,
                  "close_grid_qty_pct": 0.18068,
                  "close_trailing_grid_ratio": -0.5563,
                  "close_trailing_qty_pct": 0.050058,
                  "close_trailing_retracement_pct": 0.0095435,
                  "close_trailing_threshold_pct": 0.0049547,
                  "ema_span_0": 124.6,
                  "ema_span_1": 784.55,
                  "enforce_exposure_limit": true,
                  "entry_grid_double_down_factor": 1.9996,
                  "entry_grid_spacing_pct": 0.095904,
                  "entry_grid_spacing_weight": 0.53541,
                  "entry_initial_ema_dist": 0.019962,
                  "entry_initial_qty_pct": 0.026602,
                  "entry_trailing_double_down_factor": 0.88048,
                  "entry_trailing_grid_ratio": 0.3624,
                  "entry_trailing_retracement_pct": 0.086844,
                  "entry_trailing_threshold_pct": -0.046347,
                  "filter_noisiness_rolling_window": 60,
                  "filter_volume_drop_pct": 0,
                  "filter_volume_rolling_window": 60,
                  "n_positions": 1,
                  "total_wallet_exposure_limit": 10,
                  "unstuck_close_pct": 0.0054152,
                  "unstuck_ema_dist": -0.05984,
                  "unstuck_loss_allowance_pct": 0.13278,
                  "unstuck_threshold": 0.94434},
         "short": {"close_grid_markup_end": 0.001,
                   "close_grid_markup_start": 0.001,
                   "close_grid_qty_pct": 0.1,
                   "close_trailing_grid_ratio": -1,
                   "close_trailing_qty_pct": 0.1,
                   "close_trailing_retracement_pct": 0.003,
                   "close_trailing_threshold_pct": -0.001,
                   "ema_span_0": 200,
                   "ema_span_1": 200,
                   "enforce_exposure_limit": true,
                   "entry_grid_double_down_factor": 0.6,
                   "entry_grid_spacing_pct": 0.01,
                   "entry_grid_spacing_weight": 0.2,
                   "entry_initial_ema_dist": -0.001,
                   "entry_initial_qty_pct": 0.025,
                   "entry_trailing_double_down_factor": 0.1,
                   "entry_trailing_grid_ratio": -1,
                   "entry_trailing_retracement_pct": 0,
                   "entry_trailing_threshold_pct": -0.1,
                   "filter_noisiness_rolling_window": 60,
                   "filter_volume_drop_pct": 0.53,
                   "filter_volume_rolling_window": 60,
                   "n_positions": 0,
                   "total_wallet_exposure_limit": 0,
                   "unstuck_close_pct": 0.005,
                   "unstuck_ema_dist": -0.1,
                   "unstuck_loss_allowance_pct": 0.01,
                   "unstuck_threshold": 0.55}},
 "disable_plotting": false,
 "live": {"approved_coins": {"long": ["UNIUSDT"], "short": []},
          "auto_gs": true,
          "coin_flags": {},
          "empty_means_all_approved": false,
          "execution_delay_seconds": 2,
          "filter_by_min_effective_cost": true,
          "forced_mode_long": "",
          "forced_mode_short": "",
          "ignored_coins": {"long": [], "short": []},
          "leverage": 10,
          "market_orders_allowed": true,
          "max_n_cancellations_per_batch": 5,
          "max_n_creations_per_batch": 3,
          "max_n_restarts_per_day": 10,
          "mimic_backtest_1m_delay": false,
          "minimum_coin_age_days": 30,
          "ohlcvs_1m_rolling_window_days": 4,
          "ohlcvs_1m_update_after_minutes": 10,
          "pnls_max_lookback_days": 30,
          "price_distance_threshold": 0.002,
          "time_in_force": "good_till_cancelled",
          "user": "bybit_01"},
 "optimize": {"bounds": {"long_close_grid_markup_end": [0.001, 0.03],
                         "long_close_grid_markup_start": [0.001, 0.03],
                         "long_close_grid_qty_pct": [0.05, 0.4],
                         "long_close_trailing_grid_ratio": [-1, 1],
                         "long_close_trailing_qty_pct": [0.05, 0.25],
                         "long_close_trailing_retracement_pct": [0.003, 0.01],
                         "long_close_trailing_threshold_pct": [0.001, 0.005],
                         "long_ema_span_0": [100, 800],
                         "long_ema_span_1": [100, 800],
                         "long_entry_grid_double_down_factor": [0.4, 10],
                         "long_entry_grid_spacing_pct": [0.01, 0.12],
                         "long_entry_grid_spacing_weight": [0.2, 2],
                         "long_entry_initial_ema_dist": [-0.001, 0.02],