{
    "adg": 0.005179169591331467,
    "adg_w": 0.0026886868560579867,
    "calmar_ratio": 0.0074297763079381,
    "calmar_ratio_w": 0.0074646325296978564,
    "drawdown_worst": 0.6970828429649967,
    "drawdown_worst_mean_1pct": 0.3086705038242665,
    "equity_balance_diff_neg_max": 0.6962787863383832,
    "equity_balance_diff_neg_mean": 0.011912633984918704,
    "equity_balance_diff_pos_max": 0.7714152292568841,
    "equity_balance_diff_pos_mean": 0.007604964063862897,
    "equity_choppiness": 1.2898178243081795,
    "equity_choppiness_w": 1.5510235391850244,
    "equity_jerkiness": 0.010354391800122204,
    "equity_jerkiness_w": 0.007024780855945542,
    "expected_shortfall_1pct": 0.2464688325570057,
    "exponential_fit_error": 1.2653616166325312,
    "exponential_fit_error_w": 0.1314282320036304,
    "gain": 15437.512994394941,
    "loss_profit_ratio": 0.14781636766376505,
    "loss_profit_ratio_long": 0.14781636766376505,
    "loss_profit_ratio_short": 1.0,
    "loss_profit_ratio_w": 0.1968648411423454,
    "mdg": 0.0,
    "mdg_w": 0.0,
    "omega_ratio": 16.147147759096075,
    "omega_ratio_w": 12.163334046941026,
    "pnl_ratio_long_short": 1.0,
    "position_held_hours_max": 88.43333333333334,
    "position_held_hours_mean": 1.1001690331304936,
    "position_held_hours_median": 0.26666666666666666,
    "position_unchanged_hours_max": 72.36666666666666,
    "positions_held_per_day": 1.0564898855737164,
    "sharpe_ratio": 0.045239298444035625,
    "sharpe_ratio_w": 0.052665680260413336,
    "sortino_ratio": 0.08149640386749164,
    "sortino_ratio_w": 0.05624486888612999,
    "sterling_ratio": 0.01677895855666239,
    "sterling_ratio_w": 0.012294777444224875
}