{
    "adg": 0.010003700083289546,
    "adg_per_exposure_long": 0.003384774178071239,
    "adg_per_exposure_short": 0.0,
    "adg_w": 0.006052371328453132,
    "adg_w_per_exposure_long": 0.0020478333034860876,
    "adg_w_per_exposure_short": 0.0,
    "calmar_ratio": 0.025014687479112067,
    "calmar_ratio_w": 0.03662864710632853,
    "drawdown_worst": 0.3999130547460528,
    "drawdown_worst_mean_1pct": 0.28239807001545075,
    "equity_balance_diff_neg_max": 0.40176782419383916,
    "equity_balance_diff_neg_mean": 0.013449054694190827,
    "equity_balance_diff_pos_max": 0.28666019343685456,
    "equity_balance_diff_pos_mean": 0.004655793975642214,
    "equity_choppiness": 1.4675714648430136,
    "equity_choppiness_w": 1.3580356259963131,
    "equity_jerkiness": 0.018122922092442997,
    "equity_jerkiness_w": 0.012511353597068727,
    "expected_shortfall_1pct": 0.2587164572355127,
    "exponential_fit_error": 0.10902763125235182,
    "exponential_fit_error_w": 0.020459492424023066,
    "gain": 3302.8841689596793,
    "gain_per_exposure_long": 1117.5382063812144,
    "gain_per_exposure_short": 0.0,
    "loss_profit_ratio": 0.10277064285743495,
    "loss_profit_ratio_long": 0.10277064285743495,
    "loss_profit_ratio_short": 1.0,
    "loss_profit_ratio_w": 0.08802763323959376,
    "mdg": 0.0018055493981847183,
    "mdg_per_exposure_long": 0.0006109116556199352,
    "mdg_per_exposure_short": 0.0,
    "mdg_w": 0.0011714944099168755,
    "mdg_w_per_exposure_long": 0.00039637773977901393,
    "mdg_w_per_exposure_short": 0.0,
    "omega_ratio": 10.177057529439654,
    "omega_ratio_w": 11.519173965995964,
    "pnl_ratio_long_short": 1.0,
    "position_held_hours_max": 173.98333333333332,
    "position_held_hours_mean": 0.696987338550614,
    "position_held_hours_median": 0.13333333333333333,
    "position_unchanged_hours_max": 37.81666666666667,
    "positions_held_per_day": 6.436117936117936,
    "sharpe_ratio": 0.13525606636762186,
    "sharpe_ratio_w": 0.13435866516571943,
    "sortino_ratio": 0.16820140296949518,
    "sortino_ratio_w": 0.19034159871831277,
    "sterling_ratio": 0.03542410924671765,
    "sterling_ratio_w": 0.039451237279526055,
    "volume_pct_per_day_avg": 2.8321908837962066,
    "volume_pct_per_day_avg_w": 2.115526673801231
}