{"analysis": {"adg": 0.07499420118407651,
              "adg_per_exposure_long": 0.008394058917874741,
              "adg_per_exposure_short": 0.0,
              "adg_w": 0.030059876542299312,
              "adg_w_per_exposure_long": 0.0033645851382663595,
              "adg_w_per_exposure_short": 0.0,
              "calmar_ratio": 0.11754045994813045,
              "calmar_ratio_w": 0.17922797666430332,
              "drawdown_worst": 0.6380288218811699,
              "drawdown_worst_mean_1pct": 0.6234314705471466,
              "equity_balance_diff_neg_max": 0.6797451501204531,
              "equity_balance_diff_neg_mean": 0.020203660863555954,
              "equity_balance_diff_pos_max": 0.4324796445384114,
              "equity_balance_diff_pos_mean": 0.010825913377227865,
              "equity_choppiness": 1.097518058122677,
              "equity_choppiness_w": 1.0176415660060605,
              "equity_jerkiness": 0.12622533866671456,
              "equity_jerkiness_w": 0.04191053520174194,
              "expected_shortfall_1pct": 0.5126848946167382,
              "exponential_fit_error": 1.561954437529289,
              "exponential_fit_error_w": 0.17233079344145638,
              "gain": 2054141.8569900403,
              "gain_per_exposure_long": 229918.94707864613,
              "gain_per_exposure_short": 0.0,
              "loss_profit_ratio": 0.14498408291856524,
              "loss_profit_ratio_long": 0.14498408291856524,
              "loss_profit_ratio_short": 1.0,
              "loss_profit_ratio_w": 0.10460796211199101,
              "mdg": 0.027497661817493538,
              "mdg_per_exposure_long": 0.003077797879775865,
              "mdg_per_exposure_short": 0.0,
              "mdg_w": 0.007201578942942243,
              "mdg_w_per_exposure_long": 0.0008060686959036335,
              "mdg_w_per_exposure_short": 0.0,
              "omega_ratio": 9.306681083349075,
              "omega_ratio_w": null,
              "pnl_ratio_long_short": 1.0,
              "position_held_hours_max": 23.966666666666665,
              "position_held_hours_mean": 0.7221062618595825,
              "position_held_hours_median": 0.2833333333333333,
              "position_unchanged_hours_max": 23.733333333333334,
              "positions_held_per_day": 5.243781094527363,
              "sharpe_ratio": 0.21999998802325302,
              "sharpe_ratio_w": 0.30355505524649296,
              "sortino_ratio": 0.39762006398010874,
              "sortino_ratio_w": 0.4329419924236878,
              "sterling_ratio": 0.12029261390712088,
              "sterling_ratio_w": 0.17950319206020238,
              "volume_pct_per_day_avg": 44.26876367253646,
              "volume_pct_per_day_avg_w": 22.231212623984693},
 "backtest": {"base_dir": "backtests/pbgui/HYPE_adg_sharpe_omega_eied175_24h_48h",
              "cache_dir": {"bybit": "caches/hlcvs_data/b75fa3328466c01b"},
              "coins": {"bybit": ["HYPE"]},
              "combine_ohlcvs": false,
              "compress_cache": true,
              "end_date": "2025-07-24",
              "exchanges": ["bybit", "binance"],
              "gap_tolerance_ohlcvs_minutes": 120,
              "start_date": "2020-01-01",
              "starting_balance": 1000,
              "use_btc_collateral": false},
 "bot": {"long": {"close_grid_markup_end": 0.0087988,
                  "close_grid_markup_start": 0.0014626,
                  "close_grid_qty_pct": 0.39514,
                  "close_trailing_grid_ratio": 0.43786,
                  "close_trailing_qty_pct": 0.10008,
                  "close_trailing_retracement_pct": 0.0030276,
                  "close_trailing_threshold_pct": 0.0034509,
                  "ema_span_0": 60.756,
                  "ema_span_1": 57.693,
                  "enforce_exposure_limit": true,
                  "entry_grid_double_down_factor": 6.9035,
                  "entry_grid_spacing_pct": 0.010701,
                  "entry_grid_spacing_weight": 0.99193,
                  "entry_initial_ema_dist": 0.01417,
                  "entry_initial_qty_pct": 0.14869,
                  "entry_trailing_double_down_factor": 2.1244,
                  "entry_trailing_grid_ratio": 0.097502,
                  "entry_trailing_retracement_pct": 0.01021,
                  "entry_trailing_threshold_pct": 0.074567,
                  "filter_noisiness_rolling_window": 60,
                  "filter_volume_drop_pct": 0,
                  "filter_volume_rolling_window": 60,
                  "n_positions": 1,
                  "total_wallet_exposure_limit": 8.9342,
                  "unstuck_close_pct": 0.021173,
                  "unstuck_ema_dist": -0.087932,
                  "unstuck_loss_allowance_pct": 0.21814,
                  "unstuck_threshold": 0.77975},
         "short": {"close_grid_markup_end": 0.001,
                   "close_grid_markup_start": 0.001,
                   "close_grid_qty_pct": 0.05,
                   "close_trailing_grid_ratio": -1,
                   "close_trailing_qty_pct": 0.05,
                   "close_trailing_retracement_pct": 0,
                   "close_trailing_threshold_pct": -0.1,
                   "ema_span_0": 200,
                   "ema_span_1": 200,
                   "enforce_exposure_limit": true,
                   "entry_grid_double_down_factor": 0.1,
                   "entry_grid_spacing_pct": 0.01,
                   "entry_grid_spacing_weight": 0.2,
                   "entry_initial_ema_dist": -0.1,
                   "entry_initial_qty_pct": 0.025,
                   "entry_trailing_double_down_factor": 0.1,
                   "entry_trailing_grid_ratio": -1,
                   "entry_trailing_retracement_pct": 0,
                   "entry_trailing_threshold_pct": -0.1,
                   "filter_noisiness_rolling_window": 10,
                   "filter_volume_drop_pct": 0,
                   "filter_volume_rolling_window": 10,
                   "n_positions": 0,
                   "total_wallet_exposure_limit": 0,
                   "unstuck_close_pct": 0.005,
                   "unstuck_ema_dist": -0.1,
                   "unstuck_loss_allowance_pct": 0.01,
                   "unstuck_threshold": 0.7}},
 "disable_plotting": false,
 "live": {"approved_coins": {"long": ["HYPEUSDT"], "short": []},
          "auto_gs": true,
          "coin_flags": {},
          "empty_means_all_approved": false,
          "execution_delay_seconds": 2,
          "filter_by_min_effective_cost": true,
          "forced_mode_long": "",
          "forced_mode_short": "",
          "ignored_coins": {"long": [], "short": []},
          "leverage": 10,
          "market_orders_allowed": true,
          "max_n_cancellations_per_batch": 5,
          "max_n_creations_per_batch": 3,
          "max_n_restarts_per_day": 10,
          "mimic_backtest_1m_delay": false,
          "minimum_coin_age_days": 30,
          "ohlcvs_1m_rolling_window_days": 4,
          "ohlcvs_1m_update_after_minutes": 10,
          "pnls_max_lookback_days": 30,
          "price_distance_threshold": 0.002,
          "time_in_force": "good_till_cancelled",
          "user": "bybit_01"},
 "optimize": {"bounds": {"long_close_grid_markup_end": [0.001, 0.03],
                         "long_close_grid_markup_start": [0.001, 0.03],
                         "long_close_grid_qty_pct": [0.05, 0.4],
                         "long_close_trailing_grid_ratio": [-1, 1],
                         "long_close_trailing_qty_pct": [0.05, 0.25],
                         "long_close_trailing_retracement_pct": [0.003, 0.01],
                         "long_close_trailing_threshold_pct": [0.001, 0.005],
                         "long_ema_span_0": [50, 800],
                         "long_ema_span_1": [50, 800],
                         "long_entry_grid_double_down_factor": [0, 10],
                         "long_entry_grid_spacing_pct": [0.01, 0.12],
                         "long_entry_grid_spacing_weight": [0.2, 2],