{
    "adg": 0.025727865058435162,
    "adg_per_exposure_long": 0.005151445659739135,
    "adg_per_exposure_short": 0.0,
    "adg_w": 0.01420282423448449,
    "adg_w_per_exposure_long": 0.0028438067866336605,
    "adg_w_per_exposure_short": 0.0,
    "calmar_ratio": 0.10359028079461567,
    "calmar_ratio_w": 0.17760994464461008,
    "drawdown_worst": 0.2483617658054695,
    "drawdown_worst_mean_1pct": 0.24244928485229186,
    "equity_balance_diff_neg_max": 0.28114027207933123,
    "equity_balance_diff_neg_mean": 0.0113877364247942,
    "equity_balance_diff_pos_max": 0.6515796882560209,
    "equity_balance_diff_pos_mean": 0.004913067734602094,
    "equity_choppiness": 1.5128392732983351,
    "equity_choppiness_w": 1.299854601602612,
    "equity_jerkiness": 0.04592444976289948,
    "equity_jerkiness_w": 0.02410872788969448,
    "expected_shortfall_1pct": 0.241384242287276,
    "exponential_fit_error": 0.21241716741143427,
    "exponential_fit_error_w": 0.0217837685330216,
    "gain": 467.49956832856145,
    "gain_per_exposure_long": 93.60662521846133,
    "gain_per_exposure_short": 0.0,
    "loss_profit_ratio": 0.12409328688684666,
    "loss_profit_ratio_long": 0.12409328688684666,
    "loss_profit_ratio_short": 1.0,
    "loss_profit_ratio_w": 0.034004217896591526,
    "mdg": 0.01625864557033647,
    "mdg_per_exposure_long": 0.0032554403160275657,
    "mdg_per_exposure_short": 0.0,
    "mdg_w": 0.011591350272689241,
    "mdg_w_per_exposure_long": 0.002320915898662323,
    "mdg_w_per_exposure_short": 0.0,
    "omega_ratio": 7.422486314037196,
    "omega_ratio_w": 11.647692179406743,
    "pnl_ratio_long_short": 1.0,
    "position_held_hours_max": 87.9,
    "position_held_hours_mean": 6.850074404761905,
    "position_held_hours_median": 2.525,
    "position_unchanged_hours_max": 59.05,
    "positions_held_per_day": 1.8512396694214877,
    "sharpe_ratio": 0.18854387579448664,
    "sharpe_ratio_w": 0.33950259229876295,
    "sortino_ratio": 0.3687594943633185,
    "sortino_ratio_w": 0.5070245339701432,
    "sterling_ratio": 0.10611648153183637,
    "sterling_ratio_w": 0.17786256471833214,
    "volume_pct_per_day_avg": 4.516060940166125,
    "volume_pct_per_day_avg_w": 2.3445265849731056
}