{
    "adg_btc": 0.010109138075048874,
    "adg_per_exposure_long_btc": 0.0020227176107585087,
    "adg_per_exposure_long_usd": 0.0018412879405761077,
    "adg_per_exposure_short_btc": 0.0,
    "adg_per_exposure_short_usd": 0.0,
    "adg_pnl": 0.008926218072138776,
    "adg_pnl_w": 0.005335596258565132,
    "adg_strategy_eq": 0.009202388869411271,
    "adg_strategy_eq_w": 0.005040682854220302,
    "adg_usd": 0.009202388869411271,
    "adg_w_btc": 0.0068002968783322125,
    "adg_w_per_exposure_long_btc": 0.0013606580652151372,
    "adg_w_per_exposure_long_usd": 0.0010085803461963912,
    "adg_w_per_exposure_short_btc": 0.0,
    "adg_w_per_exposure_short_usd": 0.0,
    "adg_w_usd": 0.005040682854220324,
    "backtest_completion_ratio": 1.0,
    "calmar_ratio_btc": 0.012678486946278697,
    "calmar_ratio_strategy_eq": 0.012024457254875368,
    "calmar_ratio_strategy_eq_w": 0.017398391483049825,
    "calmar_ratio_usd": 0.012024457254875328,
    "calmar_ratio_w_btc": 0.023977905243633767,
    "calmar_ratio_w_usd": 0.017510813071315183,
    "drawdown_worst_btc": 0.7973457809187585,
    "drawdown_worst_ema_strategy_eq": 0.0,
    "drawdown_worst_ema_strategy_eq_long": 0.0,
    "drawdown_worst_ema_strategy_eq_short": 0.0,
    "drawdown_worst_mean_1pct_btc": 0.5237760309999234,
    "drawdown_worst_mean_1pct_ema_strategy_eq": 0.0,
    "drawdown_worst_mean_1pct_ema_strategy_eq_long": 0.0,
    "drawdown_worst_mean_1pct_ema_strategy_eq_short": 0.0,
    "drawdown_worst_mean_1pct_strategy_eq": 0.5226941241802656,
    "drawdown_worst_mean_1pct_strategy_eq_long": 0.0,
    "drawdown_worst_mean_1pct_strategy_eq_short": 0.0,
    "drawdown_worst_mean_1pct_usd": 0.5226941241802667,
    "drawdown_worst_strategy_eq": 0.7653059655295562,
    "drawdown_worst_strategy_eq_long": 0.0,
    "drawdown_worst_strategy_eq_short": 0.0,
    "drawdown_worst_usd": 0.7653059655295588,
    "entry_initial_balance_pct_long": 0.05733476159999999,
    "entry_initial_balance_pct_short": 0.0,
    "entry_interval_hours_max": 84.21666666666667,
    "entry_interval_hours_mean": 3.9229282622139765,
    "entry_interval_hours_median": 1.05,
    "entry_interval_hours_p95": 18.678333333333327,
    "entry_interval_hours_p99": 39.8571666666667,
    "equity_balance_diff_neg_max_btc": 0.7824472160381689,
    "equity_balance_diff_neg_max_usd": 0.74960546263933,
    "equity_balance_diff_neg_mean_btc": 0.03139857597744574,
    "equity_balance_diff_neg_mean_usd": 0.057696738830116466,
    "equity_balance_diff_pos_max_btc": 1.9024783680445319,
    "equity_balance_diff_pos_max_usd": 1.660169329599691,
    "equity_balance_diff_pos_mean_btc": 0.07849533255741853,
    "equity_balance_diff_pos_mean_usd": 0.03361347054444971,
    "equity_choppiness_btc": 3.2247193810060826,
    "equity_choppiness_usd": 1.622491138574241,
    "equity_choppiness_w_btc": 3.07596044289222,
    "equity_choppiness_w_usd": 1.3277128204242992,
    "equity_jerkiness_btc": 0.040327511984092915,
    "equity_jerkiness_usd": 0.022615428244521184,
    "equity_jerkiness_w_btc": 0.02891456928791462,
    "equity_jerkiness_w_usd": 0.011253767146734903,
    "expected_shortfall_1pct_btc": 0.403612202114613,
    "expected_shortfall_1pct_strategy_eq": 0.40709412887778057,
    "expected_shortfall_1pct_usd": 0.4070941288777816,
    "exponential_fit_error_btc": 0.11444488105795504,
    "exponential_fit_error_usd": 0.070073476033717,
    "exponential_fit_error_w_btc": 0.033565364721549654,
    "exponential_fit_error_w_usd": 0.015156520936406941,
    "exposure_mean_ratio_btc": 0.06261307553549417,
    "exposure_mean_ratio_usd": 0.056996933379471426,
    "exposure_mean_ratio_w_btc": 0.04666275913684753,
    "exposure_mean_ratio_w_usd": 0.03472655707171255,
    "exposure_ratio_btc": 0.0019959014629819883,
    "exposure_ratio_usd": 0.001816877093876109,
    "exposure_ratio_w_btc": 0.001354403188541731,
    "exposure_ratio_w_usd": 0.0010035618818931562,
    "gain_btc": 206.6326818474961,
    "gain_per_exposure_long_btc": 41.34472804984115,
    "gain_per_exposure_long_usd": 25.686453908791147,
    "gain_per_exposure_short_btc": 0.0,
    "gain_per_exposure_short_usd": 0.0,
    "gain_strategy_eq": 128.37575934535644,
    "gain_usd": 128.37575934535639,
    "hard_stop_duration_minutes_max": 0.0,
    "hard_stop_duration_minutes_mean": 0.0,
    "hard_stop_flatten_time_minutes_mean": 0.0,
    "hard_stop_halt_to_restart_equity_loss_pct": 0.0,
    "hard_stop_panic_close_loss_max": 0.0,
    "hard_stop_panic_close_loss_sum": 0.0,
    "hard_stop_post_restart_retrigger_pct": 0.0,
    "hard_stop_restarts": 0,
    "hard_stop_restarts_long": 0,
    "hard_stop_restarts_per_year": 0.0,
    "hard_stop_restarts_per_year_long": 0.0,
    "hard_stop_restarts_per_year_short": 0.0,
    "hard_stop_restarts_short": 0,
    "hard_stop_time_in_orange_pct": 0.0,
    "hard_stop_time_in_red_pct": 0.0,
    "hard_stop_time_in_yellow_pct": 0.0,
    "hard_stop_trigger_drawdown_mean": 0.0,
    "hard_stop_triggers": 0,
    "hard_stop_triggers_long": 0,
    "hard_stop_triggers_per_year": 0.0,
    "hard_stop_triggers_short": 0,
    "high_exposure_days_max_long": 1.909027777777778,
    "high_exposure_days_max_short": 0.0,
    "high_exposure_days_mean_long": 0.13532186948853617,
    "high_exposure_days_mean_short": 0.0,
    "high_exposure_hours_max_long": 45.81666666666667,
    "high_exposure_hours_max_short": 0.0,
    "high_exposure_hours_mean_long": 3.247724867724868,
    "high_exposure_hours_mean_short": 0.0,
    "liquidated": false,
    "long_short_profit_ratio": 1.0,
    "loss_profit_ratio": 0.05171236940255865,
    "loss_profit_ratio_long": 0.05171236940255865,
    "loss_profit_ratio_short": 1.0,
    "loss_profit_ratio_w": 0.021784776321034267,
    "mdg_btc": 0.001803110174140294,
    "mdg_per_exposure_long_btc": 0.00036078077837054185,
    "mdg_per_exposure_long_usd": 0.00024300822935634472,
    "mdg_per_exposure_short_btc": 0.0,
    "mdg_per_exposure_short_usd": 0.0,
    "mdg_pnl": 0.0013794031469893308,
    "mdg_pnl_w": 0.0009356357278178593,
    "mdg_strategy_eq": 0.001214506528677343,
    "mdg_strategy_eq_w": 0.0007691993772429897,
    "mdg_usd": 0.0012145065286771396,
    "mdg_w_btc": 0.000807486027602294,
    "mdg_w_per_exposure_long_btc": 0.00016156829557050984,
    "mdg_w_per_exposure_long_usd": 0.0001539075947903015,
    "mdg_w_per_exposure_short_btc": 0.0,
    "mdg_w_per_exposure_short_usd": 0.0,
    "mdg_w_usd": 0.0007691993772429689,
    "omega_ratio_btc": 2.4728265254039217,
    "omega_ratio_strategy_eq": 5.214480481639631,
    "omega_ratio_strategy_eq_w": 8.631699392633521,
    "omega_ratio_usd": 5.2144804816396135,
    "omega_ratio_w_btc": 2.219643484613699,
    "omega_ratio_w_usd": 8.631699392633472,
    "paper_loss_mean_ratio_btc": 0.32196167374948725,
    "paper_loss_mean_ratio_usd": 0.15949582343825333,
    "paper_loss_mean_ratio_w_btc": 0.1966921080042142,
    "paper_loss_mean_ratio_w_usd": 0.6815294738595996,
    "paper_loss_ratio_btc": 0.01291989781270528,
    "paper_loss_ratio_usd": 0.012276309776358936,
    "paper_loss_ratio_w_btc": 0.06440596159752472,
    "paper_loss_ratio_w_usd": 0.04212746734780305,
    "peak_recovery_days_equity_btc": 74.42708333333333,
    "peak_recovery_days_equity_usd": 42.90416666666667,
    "peak_recovery_days_pnl": 41.49930555555556,
    "peak_recovery_days_strategy_eq": 42.90416666666667,
    "peak_recovery_days_strategy_eq_long": 0.0,
    "peak_recovery_days_strategy_eq_short": 0.0,
    "peak_recovery_hours_equity_btc": 1786.25,
    "peak_recovery_hours_equity_usd": 1029.7,
    "peak_recovery_hours_pnl": 995.9833333333333,
    "peak_recovery_hours_strategy_eq": 1029.7,
    "peak_recovery_hours_strategy_eq_long": 0.0,
    "peak_recovery_hours_strategy_eq_short": 0.0,
    "pnl_ratio_long_short": 1.0,
    "position_held_days_max": 1.9361111111111111,
    "position_held_days_mean": 0.06165979735531513,
    "position_held_days_median": 0.018055555555555557,
    "position_held_hours_max": 46.46666666666667,