{"analysis": {"adg": 0.004354166108988089,
              "adg_per_exposure_long": 0.0009017076932132391,
              "adg_per_exposure_short": 0.0,
              "adg_w": 0.002132024515683284,
              "adg_w_per_exposure_long": 0.0004415226382710578,
              "adg_w_per_exposure_short": 0.0,
              "calmar_ratio": 0.011036636376459614,
              "calmar_ratio_w": 0.010644331332486004,
              "drawdown_worst": 0.3945193046565551,
              "drawdown_worst_mean_1pct": 0.2761479551457249,
              "equity_balance_diff_neg_max": 0.4047893794891443,
              "equity_balance_diff_neg_mean": 0.02994275372479019,
              "equity_balance_diff_pos_max": 0.7033722032815333,
              "equity_balance_diff_pos_mean": 0.002544511143627839,
              "equity_choppiness": 2.6036917971402613,
              "equity_choppiness_w": 2.5207475792678133,
              "equity_jerkiness": 0.015292710827855773,
              "equity_jerkiness_w": 0.0088264732493357,
              "expected_shortfall_1pct": 0.1757190196681051,
              "exponential_fit_error": 0.501864415805055,
              "exponential_fit_error_w": 0.054178006207891295,
              "flat_btc_balance_hours": 0.0,
              "gain": 2963.9379293735856,
              "gain_per_exposure_long": 613.8042431605338,
              "gain_per_exposure_short": 0.0,
              "loss_profit_ratio": 0.062498946494868396,
              "loss_profit_ratio_long": 0.062498946494868396,
              "loss_profit_ratio_short": 1.0,
              "loss_profit_ratio_w": 0.022552272537660255,
              "mdg": 0.00046521922115299973,
              "mdg_per_exposure_long": 9.634261538125409e-05,
              "mdg_per_exposure_short": 0.0,
              "mdg_w": 4.6521922115299974e-05,
              "mdg_w_per_exposure_long": 9.634261538125409e-06,
              "mdg_w_per_exposure_short": 0.0,
              "omega_ratio": 2.6578331953235432,
              "omega_ratio_w": 2.539759125891184,
              "pnl_ratio_long_short": 1.0,
              "position_held_hours_max": 545.3833333333333,
              "position_held_hours_mean": 4.467781124497992,
              "position_held_hours_median": 0.2833333333333333,
              "position_unchanged_hours_max": 282.75,
              "positions_held_per_day": 1.8043478260869565,
              "sharpe_ratio": 0.0668267217100321,
              "sharpe_ratio_w": 0.05435214897417425,
              "sortino_ratio": 0.11451030072637584,
              "sortino_ratio_w": 0.10030920824342364,
              "sterling_ratio": 0.015767511682968537,
              "sterling_ratio_w": 0.012273834323237634,
              "volume_pct_per_day_avg": 1.983408700971779,
              "volume_pct_per_day_avg_w": 1.0772353061800137},
 "backtest": {"base_dir": "backtests/pbgui/SOL_adg_w_gain_sharpe_eema150_twe5_tr",
              "cache_dir": {"binance": "caches/hlcvs_data/c8cd955ff7b503e5"},
              "coins": {"binance": ["SOL"]},
              "combine_ohlcvs": false,
              "compress_cache": true,
              "end_date": "2025-10-28",
              "exchanges": ["binance", "bybit"],
              "gap_tolerance_ohlcvs_minutes": 120,
              "start_date": "2020-01-01",
              "starting_balance": 1000,
              "use_btc_collateral": false},
 "bot": {"long": {"close_grid_markup_end": 0.0041541,
                  "close_grid_markup_start": 0.0097311,
                  "close_grid_qty_pct": 0.29695,
                  "close_trailing_grid_ratio": -1,
                  "close_trailing_qty_pct": 0.050695,
                  "close_trailing_retracement_pct": 0.0030679,
                  "close_trailing_threshold_pct": 0.0049988,
                  "ema_span_0": 12.465,
                  "ema_span_1": 12.513,
                  "enforce_exposure_limit": true,
                  "entry_grid_double_down_factor": 1.2108,
                  "entry_grid_spacing_log_span_hours": 243.91,
                  "entry_grid_spacing_log_weight": 98.977,
                  "entry_grid_spacing_pct": 0.083689,
                  "entry_grid_spacing_we_weight": 3.9918,
                  "entry_initial_ema_dist": 0.011217,
                  "entry_initial_qty_pct": 0.051174,
                  "entry_trailing_double_down_factor": 1.1608,
                  "entry_trailing_grid_ratio": -1,
                  "entry_trailing_retracement_pct": 0.085449,
                  "entry_trailing_threshold_pct": 0.08185,
                  "filter_log_range_ema_span": 60,
                  "filter_volume_drop_pct": 0,
                  "filter_volume_ema_span": 215.41,
                  "n_positions": 1,
                  "total_wallet_exposure_limit": 4.8288,
                  "unstuck_close_pct": 0.0054814,
                  "unstuck_ema_dist": -0.033358,
                  "unstuck_loss_allowance_pct": 0.14871,
                  "unstuck_threshold": 0.57428},
         "short": {"close_grid_markup_end": 0.001,
                   "close_grid_markup_start": 0.001,
                   "close_grid_qty_pct": 0.1,
                   "close_trailing_grid_ratio": -1,
                   "close_trailing_qty_pct": 0.1,
                   "close_trailing_retracement_pct": 0.003,
                   "close_trailing_threshold_pct": -0.001,
                   "ema_span_0": 200,
                   "ema_span_1": 200,
                   "enforce_exposure_limit": true,
                   "entry_grid_double_down_factor": 0.6,
                   "entry_grid_spacing_log_span_hours": 24,
                   "entry_grid_spacing_log_weight": 0,
                   "entry_grid_spacing_pct": 0.01,
                   "entry_grid_spacing_we_weight": 0,
                   "entry_initial_ema_dist": -0.001,
                   "entry_initial_qty_pct": 0.025,
                   "entry_trailing_double_down_factor": 0.1,
                   "entry_trailing_grid_ratio": -1,
                   "entry_trailing_retracement_pct": 0,
                   "entry_trailing_threshold_pct": -0.1,
                   "filter_log_range_ema_span": 60,
                   "filter_volume_drop_pct": 0.53,
                   "filter_volume_ema_span": 10,
                   "n_positions": 0,
                   "total_wallet_exposure_limit": 0,
                   "unstuck_close_pct": 0.005,
                   "unstuck_ema_dist": -0.1,
                   "unstuck_loss_allowance_pct": 0.01,
                   "unstuck_threshold": 0.55}},
 "coin_overrides": {},
 "disable_plotting": false,
 "live": {"approved_coins": {"long": ["SOL"], "short": []},
          "auto_gs": true,
          "base_config_path": "/home/mani/software/pb7/optimize_results/2025-10-29T23_20_02_binance_bybit_2127days_SOL_d17d1165/pareto/000.6761_d8b59986faf88f05c6b6ed6112eb6030ff45fdce6e03537ee8050efbc6013948.json",
          "empty_means_all_approved": false,
          "execution_delay_seconds": 2,
          "filter_by_min_effective_cost": true,
          "forced_mode_long": "",
          "forced_mode_short": "",
          "ignored_coins": {"long": [], "short": []},
          "inactive_coin_candle_ttl_minutes": 10,
          "leverage": 10,
          "market_orders_allowed": true,
          "max_disk_candles_per_symbol_per_tf": 2000000,
          "max_memory_candles_per_symbol": 20000,
          "max_n_cancellations_per_batch": 5,
          "max_n_creations_per_batch": 3,
          "max_n_restarts_per_day": 10,
          "max_warmup_minutes": 0,
          "memory_snapshot_interval_minutes": 30,
          "minimum_coin_age_days": 30,
          "pnls_max_lookback_days": 30,
          "price_distance_threshold": 0.002,
          "time_in_force": "good_till_cancelled",
          "user": "bybit_01",
          "warmup_ratio": 0.2},
 "logging": {"level": 1},
 "optimize": {"bounds": {"long_close_grid_markup_end": [0.001, 0.03],
                         "long_close_grid_markup_start": [0.001, 0.03],