{
    "adg_btc": 0.005511788087200875,
    "adg_per_exposure_long_btc": 0.0025437456558985026,
    "adg_per_exposure_long_usd": 0.0021656523750699973,
    "adg_per_exposure_short_btc": 0.0,
    "adg_per_exposure_short_usd": 0.0,
    "adg_pnl": 0.009957033214148972,
    "adg_pnl_w": 0.006035048223806863,
    "adg_strategy_eq": 0.00469253556630167,
    "adg_strategy_eq_w": 0.0019642290098310865,
    "adg_usd": 0.00469253556630167,
    "adg_w_btc": 0.0030875908795855666,
    "adg_w_per_exposure_long_btc": 0.0014249542549314967,
    "adg_w_per_exposure_long_usd": 0.0009065114499866563,
    "adg_w_per_exposure_short_btc": 0.0,
    "adg_w_per_exposure_short_usd": 0.0,
    "adg_w_usd": 0.0019642290098310865,
    "backtest_completion_ratio": 1.0,
    "calmar_ratio_btc": 0.017033866759474256,
    "calmar_ratio_strategy_eq": 0.01297648453141148,
    "calmar_ratio_strategy_eq_w": 0.008031137014862827,
    "calmar_ratio_usd": 0.012976484531411472,
    "calmar_ratio_w_btc": 0.011848553720875659,
    "calmar_ratio_w_usd": 0.011640334493963388,
    "drawdown_worst_btc": 0.323578208343987,
    "drawdown_worst_ema_strategy_eq": 0.0,
    "drawdown_worst_ema_strategy_eq_long": 0.0,
    "drawdown_worst_ema_strategy_eq_short": 0.0,
    "drawdown_worst_mean_1pct_btc": 0.3050163802200352,
    "drawdown_worst_mean_1pct_ema_strategy_eq": 0.0,
    "drawdown_worst_mean_1pct_ema_strategy_eq_long": 0.0,
    "drawdown_worst_mean_1pct_ema_strategy_eq_short": 0.0,
    "drawdown_worst_mean_1pct_strategy_eq": 0.3193371927740852,
    "drawdown_worst_mean_1pct_strategy_eq_long": 0.0,
    "drawdown_worst_mean_1pct_strategy_eq_short": 0.0,
    "drawdown_worst_mean_1pct_usd": 0.31933719277408495,
    "drawdown_worst_strategy_eq": 0.3616183994164753,
    "drawdown_worst_strategy_eq_long": 0.0,
    "drawdown_worst_strategy_eq_short": 0.0,
    "drawdown_worst_usd": 0.3616183994164755,
    "entry_initial_balance_pct_long": 0.31214920799999996,
    "entry_initial_balance_pct_short": 0.0,
    "entry_interval_hours_max": 1052.5333333333333,
    "entry_interval_hours_mean": 41.37042483660131,
    "entry_interval_hours_median": 14.525,
    "entry_interval_hours_p95": 185.77916666666667,
    "entry_interval_hours_p99": 357.6624999999991,
    "equity_balance_diff_neg_max_btc": 0.3063611179324511,
    "equity_balance_diff_neg_max_usd": 0.3030348369158473,
    "equity_balance_diff_neg_mean_btc": 0.037620525641403516,
    "equity_balance_diff_neg_mean_usd": 0.038901232237117986,
    "equity_balance_diff_pos_max_btc": 0.4405642273532462,
    "equity_balance_diff_pos_max_usd": 0.3562284590374937,
    "equity_balance_diff_pos_mean_btc": 0.057990848565665054,
    "equity_balance_diff_pos_mean_usd": 0.03331092200633155,
    "equity_choppiness_btc": 3.5343172035000405,
    "equity_choppiness_usd": 2.9302471593562034,
    "equity_choppiness_w_btc": 3.8879843960186404,
    "equity_choppiness_w_usd": 3.380969161966515,
    "equity_jerkiness_btc": 0.024531922193782744,
    "equity_jerkiness_usd": 0.014248355356312975,
    "equity_jerkiness_w_btc": 0.020828465788441674,
    "equity_jerkiness_w_usd": 0.010849655486973985,
    "expected_shortfall_1pct_btc": 0.19187400770993893,
    "expected_shortfall_1pct_strategy_eq": 0.21998459237816276,
    "expected_shortfall_1pct_usd": 0.2199845923781627,
    "exponential_fit_error_btc": 0.046689807763614304,
    "exponential_fit_error_usd": 0.06334310214488921,
    "exponential_fit_error_w_btc": 0.014151303823104717,
    "exponential_fit_error_w_usd": 0.00795016713885976,
    "exposure_mean_ratio_btc": 0.04746850669873895,
    "exposure_mean_ratio_usd": 0.04041295718177411,
    "exposure_mean_ratio_w_btc": 0.029316782583359857,
    "exposure_mean_ratio_w_usd": 0.018762109212803583,
    "exposure_ratio_btc": 0.0025352928269280596,
    "exposure_ratio_usd": 0.0021584559444467345,
    "exposure_ratio_w_btc": 0.001420219153141854,
    "exposure_ratio_w_usd": 0.0009034991259248079,
    "gain_btc": 18.416122387642556,
    "gain_per_exposure_long_btc": 8.499225765018718,
    "gain_per_exposure_long_usd": 5.517778564273836,
    "gain_per_exposure_short_btc": 0.0,
    "gain_per_exposure_short_usd": 0.0,
    "gain_strategy_eq": 11.955922593068571,
    "gain_usd": 11.955922593068548,
    "hard_stop_duration_minutes_max": 0.0,
    "hard_stop_duration_minutes_mean": 0.0,
    "hard_stop_flatten_time_minutes_mean": 0.0,
    "hard_stop_halt_to_restart_equity_loss_pct": 0.0,
    "hard_stop_panic_close_loss_max": 0.0,
    "hard_stop_panic_close_loss_sum": 0.0,
    "hard_stop_post_restart_retrigger_pct": 0.0,
    "hard_stop_restarts": 0,
    "hard_stop_restarts_long": 0,
    "hard_stop_restarts_per_year": 0.0,
    "hard_stop_restarts_per_year_long": 0.0,
    "hard_stop_restarts_per_year_short": 0.0,
    "hard_stop_restarts_short": 0,
    "hard_stop_time_in_orange_pct": 0.0,
    "hard_stop_time_in_red_pct": 0.0,
    "hard_stop_time_in_yellow_pct": 0.0,
    "hard_stop_trigger_drawdown_mean": 0.0,
    "hard_stop_triggers": 0,
    "hard_stop_triggers_long": 0,
    "hard_stop_triggers_per_year": 0.0,
    "hard_stop_triggers_short": 0,
    "high_exposure_days_max_long": 4.353472222222222,
    "high_exposure_days_max_short": 0.0,
    "high_exposure_days_mean_long": 0.3018935334047874,
    "high_exposure_days_mean_short": 0.0,
    "high_exposure_hours_max_long": 104.48333333333333,
    "high_exposure_hours_max_short": 0.0,
    "high_exposure_hours_mean_long": 7.245444801714898,
    "high_exposure_hours_mean_short": 0.0,
    "liquidated": false,
    "long_short_profit_ratio": 1.0,
    "loss_profit_ratio": 0.44014166120775616,
    "loss_profit_ratio_long": 0.44014166120775616,
    "loss_profit_ratio_short": 1.0,
    "loss_profit_ratio_w": 0.4169916558663716,
    "mdg_btc": 0.0,
    "mdg_per_exposure_long_btc": 0.0,
    "mdg_per_exposure_long_usd": 0.0,
    "mdg_per_exposure_short_btc": 0.0,
    "mdg_per_exposure_short_usd": 0.0,
    "mdg_pnl": 0.00802571411240406,
    "mdg_pnl_w": 0.0068793225487527145,
    "mdg_strategy_eq": 0.0,
    "mdg_strategy_eq_w": 0.0,
    "mdg_usd": 0.0,
    "mdg_w_btc": 0.0,
    "mdg_w_per_exposure_long_btc": 0.0,
    "mdg_w_per_exposure_long_usd": 0.0,
    "mdg_w_per_exposure_short_btc": 0.0,
    "mdg_w_per_exposure_short_usd": 0.0,
    "mdg_w_usd": 0.0,
    "omega_ratio_btc": 2.2327428172759864,
    "omega_ratio_strategy_eq": 2.9022862260105478,
    "omega_ratio_strategy_eq_w": 1.998484848685564,
    "omega_ratio_usd": 2.90228622601055,
    "omega_ratio_w_btc": 1.8293756301802442,
    "omega_ratio_w_usd": 1.9984848486855593,
    "paper_loss_mean_ratio_btc": 0.14651012959624468,
    "paper_loss_mean_ratio_usd": 0.12062691324785958,
    "paper_loss_mean_ratio_w_btc": 0.14414870718221567,
    "paper_loss_mean_ratio_w_usd": 0.08042188881865382,
    "paper_loss_ratio_btc": 0.01799114758556325,
    "paper_loss_ratio_usd": 0.01548513568294719,
    "paper_loss_ratio_w_btc": 0.02247733499466692,
    "paper_loss_ratio_w_usd": 0.013981351594275751,
    "peak_recovery_days_equity_btc": 118.06736111111111,
    "peak_recovery_days_equity_usd": 200.2076388888889,
    "peak_recovery_days_pnl": 203.5513888888889,
    "peak_recovery_days_strategy_eq": 200.20763888888888,
    "peak_recovery_days_strategy_eq_long": 0.0,
    "peak_recovery_days_strategy_eq_short": 0.0,
    "peak_recovery_hours_equity_btc": 2833.616666666667,
    "peak_recovery_hours_equity_usd": 4804.983333333334,
    "peak_recovery_hours_pnl": 4885.233333333334,
    "peak_recovery_hours_strategy_eq": 4804.983333333334,
    "peak_recovery_hours_strategy_eq_long": 0.0,
    "peak_recovery_hours_strategy_eq_short": 0.0,
    "pnl_ratio_long_short": 1.0,
    "position_held_days_max": 4.353472222222222,
    "position_held_days_mean": 0.29769026471612675,
    "position_held_days_median": 0.08194444444444444,
    "position_held_hours_max": 104.48333333333333,
    "position_held_hours_mean": 7.1445663531870425,
    "position_held_hours_median": 1.9666666666666666,
    "position_unchanged_days_max": 2.3159722222222223,