{
    "adg": 0.007101495484776343,
    "adg_per_exposure_long": 0.0011835825807960572,
    "adg_per_exposure_short": 0.0,
    "adg_w": 0.005988738748881861,
    "adg_w_per_exposure_long": 0.0009981231248136436,
    "adg_w_per_exposure_short": 0.0,
    "calmar_ratio": 0.013607137223833641,
    "calmar_ratio_w": 0.019369480587067455,
    "drawdown_worst": 0.5218948973585485,
    "drawdown_worst_mean_1pct": 0.2445938311612784,
    "equity_balance_diff_neg_max": 0.630350938358655,
    "equity_balance_diff_neg_mean": 0.004232148018125694,
    "equity_balance_diff_pos_max": 0.6085188177565043,
    "equity_balance_diff_pos_mean": 0.0016158522686941636,
    "equity_choppiness": 1.270099819817145,
    "equity_choppiness_w": 1.2867941397031046,
    "equity_jerkiness": 0.013287300673958868,
    "equity_jerkiness_w": 0.012879441785175,
    "expected_shortfall_1pct": 0.2260386098727418,
    "exponential_fit_error": 2.0709763634467118,
    "exponential_fit_error_w": 0.24291668594195084,
    "gain": 1216233.3865838442,
    "gain_per_exposure_long": 202705.5644306407,
    "gain_per_exposure_short": 0.0,
    "loss_profit_ratio": 0.013193984968232202,
    "loss_profit_ratio_long": 0.013193984968232202,
    "loss_profit_ratio_short": 1.0,
    "loss_profit_ratio_w": 0.012259877109339998,
    "mdg": 0.00043987776621470706,
    "mdg_per_exposure_long": 7.331296103578451e-05,
    "mdg_per_exposure_short": 0.0,
    "mdg_w": 0.0003307525470465133,
    "mdg_w_per_exposure_long": 5.512542450775222e-05,
    "mdg_w_per_exposure_short": 0.0,
    "omega_ratio": 15.411522224921521,
    "omega_ratio_w": 11.557434723227654,
    "pnl_ratio_long_short": 1.0,
    "position_held_hours_max": 312.6666666666667,
    "position_held_hours_mean": 3.342250290956391,
    "position_held_hours_median": 0.43333333333333335,
    "position_unchanged_hours_max": 309.3833333333333,
    "positions_held_per_day": 2.459090909090909,
    "sharpe_ratio": 0.07629669538945882,
    "sharpe_ratio_w": 0.07927720706443743,
    "sortino_ratio": 0.16301255311596782,
    "sortino_ratio_w": 0.13878258463747722,
    "sterling_ratio": 0.02903382906698826,
    "sterling_ratio_w": 0.024313893154368955,
    "volume_pct_per_day_avg": 1.6574166483852264,
    "volume_pct_per_day_avg_w": 1.4264968675408385
}