{
    "adg_btc": 0.0016682984924651922,
    "adg_per_exposure_long_btc": 0.00019740140480934202,
    "adg_per_exposure_long_usd": 0.0002942266493368178,
    "adg_per_exposure_short_btc": 0.0,
    "adg_per_exposure_short_usd": 0.0,
    "adg_pnl": 0.004247153338365622,
    "adg_pnl_w": 0.0034326815927228768,
    "adg_strategy_eq": 0.002486597681540248,
    "adg_strategy_eq_w": 0.0016608614278420086,
    "adg_usd": 0.002486597681540248,
    "adg_w_btc": 0.0025498017497141536,
    "adg_w_per_exposure_long_btc": 0.0003017052701612951,
    "adg_w_per_exposure_long_usd": 0.00019652141420160315,
    "adg_w_per_exposure_short_btc": 0.0,
    "adg_w_per_exposure_short_usd": 0.0,
    "adg_w_usd": 0.0016608614278420086,
    "backtest_completion_ratio": 1.0,
    "calmar_ratio_btc": 0.0020845399712438434,
    "calmar_ratio_strategy_eq": 0.005069743841905556,
    "calmar_ratio_strategy_eq_w": 0.004925201954078787,
    "calmar_ratio_usd": 0.005069743841905553,
    "calmar_ratio_w_btc": 0.007664177381834654,
    "calmar_ratio_w_usd": 0.005201295439814216,
    "drawdown_worst_btc": 0.8003197422353671,
    "drawdown_worst_ema_strategy_eq": 0.0,
    "drawdown_worst_ema_strategy_eq_long": 0.0,
    "drawdown_worst_ema_strategy_eq_short": 0.0,
    "drawdown_worst_mean_1pct_btc": 0.786800999165711,
    "drawdown_worst_mean_1pct_ema_strategy_eq": 0.0,
    "drawdown_worst_mean_1pct_ema_strategy_eq_long": 0.0,
    "drawdown_worst_mean_1pct_ema_strategy_eq_short": 0.0,
    "drawdown_worst_mean_1pct_strategy_eq": 0.2391809129377779,
    "drawdown_worst_mean_1pct_strategy_eq_long": 0.0,
    "drawdown_worst_mean_1pct_strategy_eq_short": 0.0,
    "drawdown_worst_mean_1pct_usd": 0.23918091293777768,
    "drawdown_worst_strategy_eq": 0.4904779726712217,
    "drawdown_worst_strategy_eq_long": 0.0,
    "drawdown_worst_strategy_eq_short": 0.0,
    "drawdown_worst_usd": 0.490477972671222,
    "entry_initial_balance_pct_long": 0.0888316143,
    "entry_initial_balance_pct_short": 0.0,
    "entry_interval_hours_max": 397.0833333333333,
    "entry_interval_hours_mean": 14.20998788217748,
    "entry_interval_hours_median": 1.7333333333333334,
    "entry_interval_hours_p95": 70.78333333333333,
    "entry_interval_hours_p99": 169.46666666666667,
    "equity_balance_diff_neg_max_btc": 0.23385616715344795,
    "equity_balance_diff_neg_max_usd": 0.4436028564111362,
    "equity_balance_diff_neg_mean_btc": 0.0435195113476012,
    "equity_balance_diff_neg_mean_usd": 0.002179112245897874,
    "equity_balance_diff_pos_max_btc": 1.3851648750120953,
    "equity_balance_diff_pos_max_usd": 1.202198136581206,
    "equity_balance_diff_pos_mean_btc": 0.06092448676356881,
    "equity_balance_diff_pos_mean_usd": 0.011380668190550728,
    "equity_choppiness_btc": 7.212620876045429,
    "equity_choppiness_usd": 1.0808599946741437,
    "equity_choppiness_w_btc": 4.978857562343033,
    "equity_choppiness_w_usd": 1.1707348741334693,
    "equity_jerkiness_btc": 0.031134639605210852,
    "equity_jerkiness_usd": 0.004949476024220248,
    "equity_jerkiness_w_btc": 0.021725789385981836,
    "equity_jerkiness_w_usd": 0.0034262703065120665,
    "expected_shortfall_1pct_btc": 0.16406534963983277,
    "expected_shortfall_1pct_strategy_eq": 0.14049024931470286,
    "expected_shortfall_1pct_usd": 0.14049024931470283,
    "exponential_fit_error_btc": 0.35419390756728747,
    "exponential_fit_error_usd": 0.055665419956134,
    "exponential_fit_error_w_btc": 0.06848078490818348,
    "exponential_fit_error_w_usd": 0.01852398634703622,
    "exposure_mean_ratio_btc": 0.13111100106718168,
    "exposure_mean_ratio_usd": 0.19542085109501295,
    "exposure_mean_ratio_w_btc": 0.19891002114445205,
    "exposure_mean_ratio_w_usd": 0.14743502616832177,
    "exposure_ratio_btc": 0.00019332612487048557,
    "exposure_ratio_usd": 0.0002881524475717524,
    "exposure_ratio_w_btc": 0.0002993875952088708,
    "exposure_ratio_w_usd": 0.00019426485289153966,
    "gain_btc": 34.31260490230266,
    "gain_per_exposure_long_btc": 4.060038680712158,
    "gain_per_exposure_long_usd": 22.947454311097896,
    "gain_per_exposure_short_btc": 0.0,
    "gain_per_exposure_short_usd": 0.0,
    "gain_strategy_eq": 193.93582061938184,
    "gain_usd": 193.93582061938164,
    "hard_stop_duration_minutes_max": 0.0,
    "hard_stop_duration_minutes_mean": 0.0,
    "hard_stop_flatten_time_minutes_mean": 0.0,
    "hard_stop_halt_to_restart_equity_loss_pct": 0.0,
    "hard_stop_panic_close_loss_max": 0.0,
    "hard_stop_panic_close_loss_sum": 0.0,
    "hard_stop_post_restart_retrigger_pct": 0.0,
    "hard_stop_restarts": 0,
    "hard_stop_restarts_long": 0,
    "hard_stop_restarts_per_year": 0.0,
    "hard_stop_restarts_per_year_long": 0.0,
    "hard_stop_restarts_per_year_short": 0.0,
    "hard_stop_restarts_short": 0,
    "hard_stop_time_in_orange_pct": 0.0,
    "hard_stop_time_in_red_pct": 0.0,
    "hard_stop_time_in_yellow_pct": 0.0,
    "hard_stop_trigger_drawdown_mean": 0.0,
    "hard_stop_triggers": 0,
    "hard_stop_triggers_long": 0,
    "hard_stop_triggers_per_year": 0.0,
    "hard_stop_triggers_short": 0,
    "high_exposure_days_max_long": 2.097916666666667,
    "high_exposure_days_max_short": 0.0,
    "high_exposure_days_mean_long": 0.01185113088616982,
    "high_exposure_days_mean_short": 0.0,
    "high_exposure_hours_max_long": 50.35,
    "high_exposure_hours_max_short": 0.0,
    "high_exposure_hours_mean_long": 0.28442714126807567,
    "high_exposure_hours_mean_short": 0.0,
    "liquidated": false,
    "long_short_profit_ratio": 1.0,
    "loss_profit_ratio": 0.06582203300034156,
    "loss_profit_ratio_long": 0.06582203300034156,
    "loss_profit_ratio_short": 1.0,
    "loss_profit_ratio_w": 0.1262622856948903,
    "mdg_btc": 0.0,
    "mdg_per_exposure_long_btc": 0.0,
    "mdg_per_exposure_long_usd": 0.0,
    "mdg_per_exposure_short_btc": 0.0,
    "mdg_per_exposure_short_usd": 0.0,
    "mdg_pnl": 0.000348576325242108,
    "mdg_pnl_w": 0.00032863828677151226,
    "mdg_strategy_eq": 0.0,
    "mdg_strategy_eq_w": 0.0,
    "mdg_usd": 0.0,
    "mdg_w_btc": 0.0,
    "mdg_w_per_exposure_long_btc": 0.0,
    "mdg_w_per_exposure_long_usd": 0.0,
    "mdg_w_per_exposure_short_btc": 0.0,
    "mdg_w_per_exposure_short_usd": 0.0,
    "mdg_w_usd": 0.0,
    "omega_ratio_btc": 1.347039834461251,
    "omega_ratio_strategy_eq": 36.451664770592195,
    "omega_ratio_strategy_eq_w": 32.472184049441964,
    "omega_ratio_usd": 36.45166477059233,
    "omega_ratio_w_btc": 1.729890123347483,
    "omega_ratio_w_usd": 32.472184049442276,
    "paper_loss_mean_ratio_btc": 0.03833449505303669,
    "paper_loss_mean_ratio_usd": 1.1411058270271335,
    "paper_loss_mean_ratio_w_btc": 0.31511641915357463,
    "paper_loss_mean_ratio_w_usd": 0.6075022381375871,
    "paper_loss_ratio_btc": 0.0071338657122970595,
    "paper_loss_ratio_usd": 0.005605459129946721,
    "paper_loss_ratio_w_btc": 0.19346272085359878,
    "paper_loss_ratio_w_usd": 0.006375548766871235,
    "peak_recovery_days_equity_btc": 622.1451388888889,
    "peak_recovery_days_equity_usd": 182.0354166666667,
    "peak_recovery_days_pnl": 160.92222222222222,
    "peak_recovery_days_strategy_eq": 252.08541666666667,
    "peak_recovery_days_strategy_eq_long": 0.0,
    "peak_recovery_days_strategy_eq_short": 0.0,
    "peak_recovery_hours_equity_btc": 14931.483333333334,
    "peak_recovery_hours_equity_usd": 4368.85,
    "peak_recovery_hours_pnl": 3862.133333333333,
    "peak_recovery_hours_strategy_eq": 6050.05,
    "peak_recovery_hours_strategy_eq_long": 0.0,
    "peak_recovery_hours_strategy_eq_short": 0.0,
    "pnl_ratio_long_short": 1.0,
    "position_held_days_max": 2.097916666666667,
    "position_held_days_mean": 0.01185113088616982,
    "position_held_days_median": 0.0006944444444444445,
    "position_held_hours_max": 50.35,
    "position_held_hours_mean": 0.28442714126807567,
    "position_held_hours_median": 0.016666666666666666,
    "position_unchanged_days_max": 1.2034722222222223,