{"analysis": {"adg": 0.0031903052895003725,
              "adg_per_exposure_long": 0.00138708925630451,
              "adg_per_exposure_short": 0.0,
              "adg_w": 0.004869645161398206,
              "adg_w_per_exposure_long": 0.0021172370266948726,
              "adg_w_per_exposure_short": 0.0,
              "calmar_ratio": 0.008660102037615131,
              "calmar_ratio_w": 0.014817884025693215,
              "drawdown_worst": 0.36839118934664855,
              "drawdown_worst_mean_1pct": 0.3122928113974527,
              "equity_balance_diff_neg_max": 0.4021896293679667,
              "equity_balance_diff_neg_mean": 0.03951268949963117,
              "equity_balance_diff_pos_max": 0.17432710868747284,
              "equity_balance_diff_pos_mean": 0.014036437771591954,
              "equity_choppiness": 3.2552855849187674,
              "equity_choppiness_w": 3.228358712034764,
              "equity_jerkiness": 0.017708901220500492,
              "equity_jerkiness_w": 0.020954620375636494,
              "expected_shortfall_1pct": 0.20152244858029603,
              "exponential_fit_error": 0.07460214210710554,
              "exponential_fit_error_w": 0.021365891274315308,
              "gain": 210.1867118020358,
              "gain_per_exposure_long": 91.38552687045035,
              "gain_per_exposure_short": 0.0,
              "loss_profit_ratio": 0.1048926672495638,
              "loss_profit_ratio_long": 0.1048926672495638,
              "loss_profit_ratio_short": 1.0,
              "loss_profit_ratio_w": 0.10260866103832975,
              "mdg": 0.00035602293611894636,
              "mdg_per_exposure_long": 0.00015479258092128103,
              "mdg_per_exposure_short": 0.0,
              "mdg_w": 0.0005295544823681671,
              "mdg_w_per_exposure_long": 0.00023024107929050746,
              "mdg_w_per_exposure_short": 0.0,
              "omega_ratio": 1.8816559835564126,
              "omega_ratio_w": 2.289262251384434,
              "pnl_ratio_long_short": 1.0,
              "position_held_hours_max": 2035.5333333333333,
              "position_held_hours_mean": 4.292655831801619,
              "position_held_hours_median": 0.26666666666666666,
              "position_unchanged_hours_max": 422.8333333333333,
              "positions_held_per_day": 6.158090113689815,
              "sharpe_ratio": 0.07340007455972267,
              "sharpe_ratio_w": 0.10885390376614242,
              "sortino_ratio": 0.07544123519521867,
              "sortino_ratio_w": 0.12335620532884628,
              "sterling_ratio": 0.01021575000469702,
              "sterling_ratio_w": 0.01624725799102171,
              "volume_pct_per_day_avg": 0.5320111121011577,
              "volume_pct_per_day_avg_w": 0.7182771886949809},
 "backtest": {"base_dir": "backtests/pbgui/binance_5coin_adg_sharpe_new_markup_TWE2_3",
              "cache_dir": {"bybit": "caches/hlcvs_data/492588324ca83f9d"},
              "coins": {"bybit": ["DOGE", "ICP", "INJ", "LINK", "VET"]},
              "combine_ohlcvs": false,
              "compress_cache": true,
              "end_date": "2025-05-27",
              "exchanges": ["binance", "bybit"],
              "gap_tolerance_ohlcvs_minutes": 120,
              "start_date": "2020-01-01",
              "starting_balance": 1000,
              "use_btc_collateral": false},
 "bot": {"long": {"close_grid_markup_end": 0.094625,
                  "close_grid_markup_start": 0.099923,
                  "close_grid_qty_pct": 0.29087,
                  "close_trailing_grid_ratio": 0.72298,
                  "close_trailing_qty_pct": 0.10932,
                  "close_trailing_retracement_pct": 0.0039222,
                  "close_trailing_threshold_pct": 0.0048431,
                  "ema_span_0": 211,
                  "ema_span_1": 145.81,
                  "enforce_exposure_limit": true,
                  "entry_grid_double_down_factor": 6.7581,
                  "entry_grid_spacing_pct": 0.060119,
                  "entry_grid_spacing_weight": 0.55402,
                  "entry_initial_ema_dist": 0.019089,
                  "entry_initial_qty_pct": 0.031564,
                  "entry_trailing_double_down_factor": 6.273,
                  "entry_trailing_grid_ratio": -0.41963,
                  "entry_trailing_retracement_pct": 0.08565,
                  "entry_trailing_threshold_pct": 0.098531,
                  "filter_noisiness_rolling_window": 60,
                  "filter_volume_drop_pct": 0,
                  "filter_volume_rolling_window": 60,
                  "n_positions": 5,
                  "total_wallet_exposure_limit": 2.3,
                  "unstuck_close_pct": 0.017463,
                  "unstuck_ema_dist": -0.025086,
                  "unstuck_loss_allowance_pct": 0.16355,
                  "unstuck_threshold": 0.94715},
         "short": {"close_grid_markup_end": 0.001,
                   "close_grid_markup_start": 0.001,
                   "close_grid_qty_pct": 0.05,
                   "close_trailing_grid_ratio": -1,
                   "close_trailing_qty_pct": 0.05,
                   "close_trailing_retracement_pct": 0,
                   "close_trailing_threshold_pct": -0.1,
                   "ema_span_0": 200,
                   "ema_span_1": 200,
                   "enforce_exposure_limit": true,
                   "entry_grid_double_down_factor": 0.1,
                   "entry_grid_spacing_pct": 0.01,
                   "entry_grid_spacing_weight": 0.2,
                   "entry_initial_ema_dist": -0.1,
                   "entry_initial_qty_pct": 0.025,
                   "entry_trailing_double_down_factor": 0.1,
                   "entry_trailing_grid_ratio": -1,
                   "entry_trailing_retracement_pct": 0,
                   "entry_trailing_threshold_pct": -0.1,
                   "filter_noisiness_rolling_window": 10,
                   "filter_volume_drop_pct": 0,
                   "filter_volume_rolling_window": 10,
                   "n_positions": 0,
                   "total_wallet_exposure_limit": 0,
                   "unstuck_close_pct": 0.005,
                   "unstuck_ema_dist": -0.1,
                   "unstuck_loss_allowance_pct": 0.01,
                   "unstuck_threshold": 0.7}},
 "disable_plotting": false,
 "live": {"approved_coins": {"long": ["DOGEUSDT",
                                      "LINKUSDT",
                                      "INJUSDT",
                                      "VETUSDT",
                                      "ICPUSDT"],
                             "short": []},
          "auto_gs": true,
          "coin_flags": {},
          "empty_means_all_approved": false,
          "execution_delay_seconds": 2,
          "filter_by_min_effective_cost": true,
          "forced_mode_long": "",
          "forced_mode_short": "",
          "ignored_coins": {"long": [], "short": []},
          "leverage": 10,
          "market_orders_allowed": true,
          "max_n_cancellations_per_batch": 5,
          "max_n_creations_per_batch": 3,
          "max_n_restarts_per_day": 10,
          "mimic_backtest_1m_delay": false,
          "minimum_coin_age_days": 30,
          "ohlcvs_1m_rolling_window_days": 4,
          "ohlcvs_1m_update_after_minutes": 10,
          "pnls_max_lookback_days": 30,
          "price_distance_threshold": 0.002,
          "time_in_force": "good_till_cancelled",
          "user": "bybit_01"},
 "optimize": {"bounds": {"long_close_grid_markup_end": [0, 0.1],
                         "long_close_grid_markup_start": [0, 0.1],
                         "long_close_grid_qty_pct": [0, 0.4],
                         "long_close_trailing_grid_ratio": [-1, 1],
                         "long_close_trailing_qty_pct": [0.1, 0.25],
                         "long_close_trailing_retracement_pct": [0.003, 0.01],
                         "long_close_trailing_threshold_pct": [0.001, 0.005],
                         "long_ema_span_0": [100, 800],