{
    "adg": 0.0707868811620731,
    "adg_per_exposure_long": 0.004719125410804873,
    "adg_per_exposure_short": 0.0,
    "adg_w": 0.022202267062870828,
    "adg_w_per_exposure_long": 0.001480151137524722,
    "adg_w_per_exposure_short": 0.0,
    "calmar_ratio": 0.10677155791639156,
    "calmar_ratio_w": 0.04869383818057134,
    "drawdown_worst": 0.6629750707346933,
    "drawdown_worst_mean_1pct": 0.6629750707346933,
    "equity_balance_diff_neg_max": 0.8178048172091528,
    "equity_balance_diff_neg_mean": 0.028184273701233404,
    "equity_balance_diff_pos_max": 1.4186147738387829,
    "equity_balance_diff_pos_mean": 0.007178040471857164,
    "equity_choppiness": 1.4100914692497133,
    "equity_choppiness_w": 1.736642024150537,
    "equity_jerkiness": 0.1134970043136648,
    "equity_jerkiness_w": 0.05886076822537858,
    "expected_shortfall_1pct": 0.6629750707346933,
    "exponential_fit_error": 3.4419685158303444,
    "exponential_fit_error_w": 0.3469428218917432,
    "gain": 312653.0890807315,
    "gain_per_exposure_long": 20843.539272048765,
    "gain_per_exposure_short": 0.0,
    "loss_profit_ratio": 0.003952401065169194,
    "loss_profit_ratio_long": 0.003952401065169194,
    "loss_profit_ratio_short": 1.0,
    "loss_profit_ratio_w": 0.008097621186071765,
    "mdg": 0.0174999342392791,
    "mdg_per_exposure_long": 0.0011666622826186069,
    "mdg_per_exposure_short": 0.0,
    "mdg_w": 0.00885507903262657,
    "mdg_w_per_exposure_long": 0.0005903386021751046,
    "mdg_w_per_exposure_short": 0.0,
    "omega_ratio": 19.156059591361313,
    "omega_ratio_w": 5.728799507131606,
    "pnl_ratio_long_short": 1.0,
    "position_held_hours_max": 126.31666666666666,
    "position_held_hours_mean": 4.188999397227246,
    "position_held_hours_median": 1.05,
    "position_unchanged_hours_max": 82.8,
    "positions_held_per_day": 2.9891891891891893,
    "sharpe_ratio": 0.11158795009113105,
    "sharpe_ratio_w": 0.0994160926284177,
    "sortino_ratio": 0.4455279237016956,
    "sortino_ratio_w": 0.16546524488516878,
    "sterling_ratio": 0.10677155791639156,
    "sterling_ratio_w": 0.04869383818057134,
    "volume_pct_per_day_avg": 7.149337656755457,
    "volume_pct_per_day_avg_w": 3.6216249290984495
}