{
    "adg": 0.008184755879651506,
    "adg_per_exposure_long": 0.0010913007839535342,
    "adg_per_exposure_short": 0.0,
    "adg_w": 0.0047051937173726134,
    "adg_w_per_exposure_long": 0.0006273591623163485,
    "adg_w_per_exposure_short": 0.0,
    "calmar_ratio": 0.01427582079824374,
    "calmar_ratio_w": 0.017081956237024708,
    "drawdown_worst": 0.5733299678753618,
    "drawdown_worst_mean_1pct": 0.3269657737879041,
    "equity_balance_diff_neg_max": 0.6693324066668854,
    "equity_balance_diff_neg_mean": 0.002487782944659783,
    "equity_balance_diff_pos_max": 0.50960142250283,
    "equity_balance_diff_pos_mean": 0.0006935449341991626,
    "equity_choppiness": 1.2762608476142756,
    "equity_choppiness_w": 1.407436227227843,
    "equity_jerkiness": 0.013475983924718571,
    "equity_jerkiness_w": 0.010106767911510137,
    "expected_shortfall_1pct": 0.2991302993693105,
    "exponential_fit_error": 0.35113671836794846,
    "exponential_fit_error_w": 0.05369426599131074,
    "gain": 126276.41117334487,
    "gain_per_exposure_long": 16836.854823112648,
    "gain_per_exposure_short": 0.0,
    "loss_profit_ratio": 0.027875170821651443,
    "loss_profit_ratio_long": 0.027875170821651443,
    "loss_profit_ratio_short": 1.0,
    "loss_profit_ratio_w": 0.04045064103497966,
    "mdg": 0.0015351069226660278,
    "mdg_per_exposure_long": 0.00020468092302213705,
    "mdg_per_exposure_short": 0.0,
    "mdg_w": 0.001104444936244444,
    "mdg_w_per_exposure_long": 0.00014725932483259253,
    "mdg_w_per_exposure_short": 0.0,
    "omega_ratio": 21.250112480865663,
    "omega_ratio_w": 11.000358325962171,
    "pnl_ratio_long_short": 1.0,
    "position_held_hours_max": 72.21666666666667,
    "position_held_hours_mean": 1.7543345457936952,
    "position_held_hours_median": 0.55,
    "position_unchanged_hours_max": 52.18333333333333,
    "positions_held_per_day": 4.961469885197755,
    "sharpe_ratio": 0.05872553129222243,
    "sharpe_ratio_w": 0.0744559042133981,
    "sortino_ratio": 0.1353282605784089,
    "sortino_ratio_w": 0.11437718259153476,
    "sterling_ratio": 0.02503245457416221,
    "sterling_ratio_w": 0.01947716411302803,
    "volume_pct_per_day_avg": 2.3096209920054496,
    "volume_pct_per_day_avg_w": 1.6732235822295098
}