{"analysis": {"adg": 0.05550762067806603,
              "adg_per_exposure_long": 0.004625635056505502,
              "adg_per_exposure_short": 0.0,
              "adg_w": 0.04430454210336077,
              "adg_w_per_exposure_long": 0.003692045175280064,
              "adg_w_per_exposure_short": 0.0,
              "calmar_ratio": 0.08143751407719498,
              "calmar_ratio_w": 0.23934851481915026,
              "drawdown_worst": 0.6815976802220425,
              "drawdown_worst_mean_1pct": 0.6815976802220425,
              "equity_balance_diff_neg_max": 0.7500276189608589,
              "equity_balance_diff_neg_mean": 0.026150830340863546,
              "equity_balance_diff_pos_max": 0.37850334839359806,
              "equity_balance_diff_pos_mean": 0.005650275267399063,
              "equity_choppiness": 1.344881762211052,
              "equity_choppiness_w": 1.180415506447545,
              "equity_jerkiness": 0.08848852411814241,
              "equity_jerkiness_w": 0.06404179319013403,
              "expected_shortfall_1pct": 0.6815976802220425,
              "exponential_fit_error": 0.38960370606931805,
              "exponential_fit_error_w": 0.053982794597097296,
              "gain": 17640.405083871934,
              "gain_per_exposure_long": 1470.033756989328,
              "gain_per_exposure_short": 0.0,
              "loss_profit_ratio": 0.0205880212058412,
              "loss_profit_ratio_long": 0.0205880212058412,
              "loss_profit_ratio_short": 1.0,
              "loss_profit_ratio_w": 0.007471098981893173,
              "mdg": 0.017144304728725898,
              "mdg_per_exposure_long": 0.0014286920607271582,
              "mdg_per_exposure_short": 0.0,
              "mdg_w": 0.01633904338269283,
              "mdg_w_per_exposure_long": 0.0013615869485577357,
              "mdg_w_per_exposure_short": 0.0,
              "omega_ratio": 9.308401028333723,
              "omega_ratio_w": 25.777821293262427,
              "pnl_ratio_long_short": 1.0,
              "position_held_hours_max": 97.63333333333334,
              "position_held_hours_mean": 5.695129664769134,
              "position_held_hours_median": 1.6666666666666667,
              "position_unchanged_hours_max": 72.03333333333333,
              "positions_held_per_day": 2.911602209944751,
              "sharpe_ratio": 0.14311899834720415,
              "sharpe_ratio_w": 0.31429135005917036,
              "sortino_ratio": 0.2871047813607231,
              "sortino_ratio_w": 0.44678905694139265,
              "sterling_ratio": 0.08143751407719498,
              "sterling_ratio_w": 0.23934851481915026,
              "volume_pct_per_day_avg": 10.360117915614614,
              "volume_pct_per_day_avg_w": 8.058809997711165},
 "backtest": {"base_dir": "backtests/pbgui/HYPE_cpt_adg_omega_sharpe_grtr_maxdd75_any",
              "cache_dir": {"bybit": "caches/hlcvs_data/60347e4d92303158"},
              "coins": {"bybit": ["HYPE"]},
              "combine_ohlcvs": false,
              "compress_cache": true,
              "end_date": "2025-07-04",
              "exchanges": ["bybit", "binance"],
              "gap_tolerance_ohlcvs_minutes": 120,
              "start_date": "2020-01-01",
              "starting_balance": 1000,
              "use_btc_collateral": false},
 "bot": {"long": {"close_grid_markup_end": 0.01741,
                  "close_grid_markup_start": 0.015077,
                  "close_grid_qty_pct": 0.20321,
                  "close_trailing_grid_ratio": -0.75298,
                  "close_trailing_qty_pct": 0.10104,
                  "close_trailing_retracement_pct": 0.0038095,
                  "close_trailing_threshold_pct": 0.0025249,
                  "ema_span_0": 705.84,
                  "ema_span_1": 694.38,
                  "enforce_exposure_limit": true,
                  "entry_grid_double_down_factor": 8.7786,
                  "entry_grid_spacing_pct": 0.055866,
                  "entry_grid_spacing_weight": 1.8716,
                  "entry_initial_ema_dist": -0.001,
                  "entry_initial_qty_pct": 0.026455,
                  "entry_trailing_double_down_factor": 4.4812,
                  "entry_trailing_grid_ratio": -0.51854,
                  "entry_trailing_retracement_pct": 0.0011445,
                  "entry_trailing_threshold_pct": 0.030149,
                  "filter_noisiness_rolling_window": 60,
                  "filter_volume_drop_pct": 0,
                  "filter_volume_rolling_window": 60,
                  "n_positions": 1,
                  "total_wallet_exposure_limit": 12,
                  "unstuck_close_pct": 0.034767,
                  "unstuck_ema_dist": -0.026749,
                  "unstuck_loss_allowance_pct": 0.056444,
                  "unstuck_threshold": 0.80746},
         "short": {"close_grid_markup_end": 0.001,
                   "close_grid_markup_start": 0.001,
                   "close_grid_qty_pct": 0.1,
                   "close_trailing_grid_ratio": -1,
                   "close_trailing_qty_pct": 0.1,
                   "close_trailing_retracement_pct": 0.003,
                   "close_trailing_threshold_pct": -0.001,
                   "ema_span_0": 200,
                   "ema_span_1": 200,
                   "enforce_exposure_limit": true,
                   "entry_grid_double_down_factor": 0.6,
                   "entry_grid_spacing_pct": 0.01,
                   "entry_grid_spacing_weight": 0.2,
                   "entry_initial_ema_dist": -0.001,
                   "entry_initial_qty_pct": 0.025,
                   "entry_trailing_double_down_factor": 0.1,
                   "entry_trailing_grid_ratio": -1,
                   "entry_trailing_retracement_pct": 0,
                   "entry_trailing_threshold_pct": -0.1,
                   "filter_noisiness_rolling_window": 60,
                   "filter_volume_drop_pct": 0.53,
                   "filter_volume_rolling_window": 60,
                   "n_positions": 0,
                   "total_wallet_exposure_limit": 0,
                   "unstuck_close_pct": 0.005,
                   "unstuck_ema_dist": -0.1,
                   "unstuck_loss_allowance_pct": 0.01,
                   "unstuck_threshold": 0.55}},
 "disable_plotting": false,
 "live": {"approved_coins": {"long": ["HYPEUSDT"], "short": []},
          "auto_gs": true,
          "coin_flags": {},
          "empty_means_all_approved": false,
          "execution_delay_seconds": 2,
          "filter_by_min_effective_cost": true,
          "forced_mode_long": "",
          "forced_mode_short": "",
          "ignored_coins": {"long": [], "short": []},
          "leverage": 10,
          "market_orders_allowed": true,
          "max_n_cancellations_per_batch": 5,
          "max_n_creations_per_batch": 3,
          "max_n_restarts_per_day": 10,
          "mimic_backtest_1m_delay": false,
          "minimum_coin_age_days": 30,
          "ohlcvs_1m_rolling_window_days": 4,
          "ohlcvs_1m_update_after_minutes": 10,
          "pnls_max_lookback_days": 30,
          "price_distance_threshold": 0.002,
          "time_in_force": "good_till_cancelled",
          "user": "bybit_01"},
 "optimize": {"bounds": {"long_close_grid_markup_end": [0.001, 0.03],
                         "long_close_grid_markup_start": [0.001, 0.03],
                         "long_close_grid_qty_pct": [0.05, 0.4],
                         "long_close_trailing_grid_ratio": [-1, 1],
                         "long_close_trailing_qty_pct": [0.05, 0.25],
                         "long_close_trailing_retracement_pct": [0.003, 0.01],
                         "long_close_trailing_threshold_pct": [0.001, 0.005],
                         "long_ema_span_0": [50, 800],
                         "long_ema_span_1": [50, 800],
                         "long_entry_grid_double_down_factor": [0.4, 10],
                         "long_entry_grid_spacing_pct": [0.01, 0.12],
                         "long_entry_grid_spacing_weight": [0.2, 2],