{"analysis": {"adg": 0.0075090063609351,
              "adg_per_exposure_long": 0.0004622633809982209,
              "adg_per_exposure_short": 0.0,
              "adg_w": 0.002232515555097825,
              "adg_w_per_exposure_long": 0.00013743631833894516,
              "adg_w_per_exposure_short": 0.0,
              "calmar_ratio": 0.01006885108689904,
              "calmar_ratio_w": 0.013948124907345089,
              "drawdown_worst": 0.7457659564262848,
              "drawdown_worst_mean_1pct": 0.3883513237592077,
              "equity_balance_diff_neg_max": 0.842522775152537,
              "equity_balance_diff_neg_mean": 0.02569260659086574,
              "equity_balance_diff_pos_max": 0.8152617543697956,
              "equity_balance_diff_pos_mean": 0.011372911883898345,
              "equity_choppiness": 1.064254397134675,
              "equity_choppiness_w": 1.0426023081997378,
              "equity_jerkiness": 0.012752708346343325,
              "equity_jerkiness_w": 0.003977902031868067,
              "expected_shortfall_1pct": 0.3723166973534352,
              "exponential_fit_error": 3.385737484724266,
              "exponential_fit_error_w": 0.3420582863184088,
              "gain": 3416744.396726118,
              "gain_per_exposure_long": 210338.85722273565,
              "gain_per_exposure_short": 0.0,
              "loss_profit_ratio": 0.0036418626971662675,
              "loss_profit_ratio_long": 0.0036418626971662675,
              "loss_profit_ratio_short": 1.0,
              "loss_profit_ratio_w": 0.0029018695370853498,
              "mdg": 0.0,
              "mdg_per_exposure_long": 0.0,
              "mdg_per_exposure_short": 0.0,
              "mdg_w": 0.0,
              "mdg_w_per_exposure_long": 0.0,
              "mdg_w_per_exposure_short": 0.0,
              "omega_ratio": 37.69094921767293,
              "omega_ratio_w": null,
              "pnl_ratio_long_short": 1.0,
              "position_held_hours_max": 73.08333333333333,
              "position_held_hours_mean": 0.28771306016480414,
              "position_held_hours_median": 0.03333333333333333,
              "position_unchanged_hours_max": 58.96666666666667,
              "positions_held_per_day": 1.468423669816012,
              "sharpe_ratio": 0.023650882132248262,
              "sharpe_ratio_w": 0.07173316134940097,
              "sortino_ratio": 0.0679899714426807,
              "sortino_ratio_w": 0.05913371216896531,
              "sterling_ratio": 0.019335601301029588,
              "sterling_ratio_w": 0.019909145004464862,
              "volume_pct_per_day_avg": 8.66666972690404,
              "volume_pct_per_day_avg_w": 4.874667114859387},
 "backtest": {"base_dir": "backtests/pbgui/BTC_cpt_adg_omega_sharpe_grtr_maxdd75_eema2_dd65_ftwe25",
              "cache_dir": {"binance": "caches/hlcvs_data/a79aef82b6883c61"},
              "coins": {"binance": ["BTC"]},
              "combine_ohlcvs": false,
              "compress_cache": true,
              "end_date": "2025-07-04",
              "exchanges": ["bybit", "binance"],
              "gap_tolerance_ohlcvs_minutes": 120,
              "start_date": "2020-01-01",
              "starting_balance": 1000,
              "use_btc_collateral": false},
 "bot": {"long": {"close_grid_markup_end": 0.0035961,
                  "close_grid_markup_start": 0.003598,
                  "close_grid_qty_pct": 0.20586,
                  "close_trailing_grid_ratio": -0.47579,
                  "close_trailing_qty_pct": 0.22963,
                  "close_trailing_retracement_pct": 0.0073865,
                  "close_trailing_threshold_pct": 0.0026393,
                  "ema_span_0": 130.7,
                  "ema_span_1": 93.982,
                  "enforce_exposure_limit": true,
                  "entry_grid_double_down_factor": 2.2647,
                  "entry_grid_spacing_pct": 0.016157,
                  "entry_grid_spacing_weight": 0.8179,
                  "entry_initial_ema_dist": 0.017485,
                  "entry_initial_qty_pct": 0.025298,
                  "entry_trailing_double_down_factor": 6.4055,
                  "entry_trailing_grid_ratio": -0.5664,
                  "entry_trailing_retracement_pct": 0.016955,
                  "entry_trailing_threshold_pct": 0.041584,
                  "filter_noisiness_rolling_window": 60,
                  "filter_volume_drop_pct": 0,
                  "filter_volume_rolling_window": 60,
                  "n_positions": 1,
                  "total_wallet_exposure_limit": 16.244,
                  "unstuck_close_pct": 0.0086719,
                  "unstuck_ema_dist": -0.068293,
                  "unstuck_loss_allowance_pct": 0.17356,
                  "unstuck_threshold": 0.55975},
         "short": {"close_grid_markup_end": 0.001,
                   "close_grid_markup_start": 0.001,
                   "close_grid_qty_pct": 0.1,
                   "close_trailing_grid_ratio": -1,
                   "close_trailing_qty_pct": 0.1,
                   "close_trailing_retracement_pct": 0.003,
                   "close_trailing_threshold_pct": -0.001,
                   "ema_span_0": 200,
                   "ema_span_1": 200,
                   "enforce_exposure_limit": true,
                   "entry_grid_double_down_factor": 0.6,
                   "entry_grid_spacing_pct": 0.01,
                   "entry_grid_spacing_weight": 0.2,
                   "entry_initial_ema_dist": -0.001,
                   "entry_initial_qty_pct": 0.025,
                   "entry_trailing_double_down_factor": 0.1,
                   "entry_trailing_grid_ratio": -1,
                   "entry_trailing_retracement_pct": 0,
                   "entry_trailing_threshold_pct": -0.1,
                   "filter_noisiness_rolling_window": 60,
                   "filter_volume_drop_pct": 0.53,
                   "filter_volume_rolling_window": 60,
                   "n_positions": 0,
                   "total_wallet_exposure_limit": 0,
                   "unstuck_close_pct": 0.005,
                   "unstuck_ema_dist": -0.1,
                   "unstuck_loss_allowance_pct": 0.01,
                   "unstuck_threshold": 0.55}},
 "disable_plotting": false,
 "live": {"approved_coins": {"long": ["BTCUSDT"], "short": []},
          "auto_gs": true,
          "coin_flags": {},
          "empty_means_all_approved": false,
          "execution_delay_seconds": 2,
          "filter_by_min_effective_cost": true,
          "forced_mode_long": "",
          "forced_mode_short": "",
          "ignored_coins": {"long": [], "short": []},
          "leverage": 10,
          "market_orders_allowed": true,
          "max_n_cancellations_per_batch": 5,
          "max_n_creations_per_batch": 3,
          "max_n_restarts_per_day": 10,
          "mimic_backtest_1m_delay": false,
          "minimum_coin_age_days": 30,
          "ohlcvs_1m_rolling_window_days": 4,
          "ohlcvs_1m_update_after_minutes": 10,
          "pnls_max_lookback_days": 30,
          "price_distance_threshold": 0.002,
          "time_in_force": "good_till_cancelled",
          "user": "bybit_01"},
 "optimize": {"bounds": {"long_close_grid_markup_end": [0.001, 0.03],
                         "long_close_grid_markup_start": [0.001, 0.03],
                         "long_close_grid_qty_pct": [0.05, 0.4],
                         "long_close_trailing_grid_ratio": [-1, 1],
                         "long_close_trailing_qty_pct": [0.05, 0.25],
                         "long_close_trailing_retracement_pct": [0.003, 0.01],
                         "long_close_trailing_threshold_pct": [0.001, 0.005],
                         "long_ema_span_0": [50, 800],
                         "long_ema_span_1": [50, 800],
                         "long_entry_grid_double_down_factor": [0.4, 10],
                         "long_entry_grid_spacing_pct": [0.01, 0.12],
                         "long_entry_grid_spacing_weight": [0.2, 2],