{
    "adg": 0.017294528521485608,
    "adg_per_exposure_long": 0.0008647264260742804,
    "adg_per_exposure_short": 0.0,
    "adg_w": 0.009671164979049874,
    "adg_w_per_exposure_long": 0.0004835582489524937,
    "adg_w_per_exposure_short": 0.0,
    "calmar_ratio": 0.019190149932572044,
    "calmar_ratio_w": 0.02949094522077202,
    "drawdown_worst": 0.9012190411358413,
    "drawdown_worst_mean_1pct": 0.5919806535322694,
    "equity_balance_diff_neg_max": 0.9065512001508366,
    "equity_balance_diff_neg_mean": 0.13540113712641144,
    "equity_balance_diff_pos_max": 0.3823545324779955,
    "equity_balance_diff_pos_mean": 0.009044428054193254,
    "equity_choppiness": 1.7930953521570383,
    "equity_choppiness_w": 1.6976857355621113,
    "equity_jerkiness": 0.04245206340494142,
    "equity_jerkiness_w": 0.031113167861778195,
    "expected_shortfall_1pct": 0.5067087602218189,
    "exponential_fit_error": 0.433619998208543,
    "exponential_fit_error_w": 0.06979449790545401,
    "gain": 404922.23678132286,
    "gain_per_exposure_long": 20246.111839066143,
    "gain_per_exposure_short": 0.0,
    "loss_profit_ratio": 0.0,
    "loss_profit_ratio_long": 0.0,
    "loss_profit_ratio_short": 1.0,
    "loss_profit_ratio_w": 0.0,
    "mdg": 0.0,
    "mdg_per_exposure_long": 0.0,
    "mdg_per_exposure_short": 0.0,
    "mdg_w": 0.0,
    "mdg_w_per_exposure_long": 0.0,
    "mdg_w_per_exposure_short": 0.0,
    "omega_ratio": 4.842291090907944,
    "omega_ratio_w": 4.558809877835719,
    "pnl_ratio_long_short": 1.0,
    "position_held_hours_max": 330.85,
    "position_held_hours_mean": 5.716808309726157,
    "position_held_hours_median": 0.21666666666666667,
    "position_unchanged_hours_max": 303.7,
    "positions_held_per_day": 0.46879150066401065,
    "sharpe_ratio": 0.03567198266234253,
    "sharpe_ratio_w": 0.09513845266157303,
    "sortino_ratio": 0.10751198789731359,
    "sortino_ratio_w": 0.09034916090505551,
    "sterling_ratio": 0.029214685341981145,
    "sterling_ratio_w": 0.03077730436946564,
    "volume_pct_per_day_avg": 7.140612222612749,
    "volume_pct_per_day_avg_w": 5.202784577886667
}