{
    "adg": 0.005634242360953667,
    "adg_per_exposure_long": 0.0026109839941395184,
    "adg_per_exposure_short": 0.0,
    "adg_w": 0.004380010106319965,
    "adg_w_per_exposure_long": 0.0020297558303535683,
    "adg_w_per_exposure_short": 0.0,
    "calmar_ratio": 0.012015239879338127,
    "calmar_ratio_w": 0.015375180403055244,
    "drawdown_worst": 0.4689246671339895,
    "drawdown_worst_mean_1pct": 0.3093968018393093,
    "equity_balance_diff_neg_max": 0.4649718833456809,
    "equity_balance_diff_neg_mean": 0.010893235710344656,
    "equity_balance_diff_pos_max": 0.1032259768882654,
    "equity_balance_diff_pos_mean": 0.0012404962778252183,
    "equity_choppiness": 1.5421629326091177,
    "equity_choppiness_w": 1.6583331370902468,
    "equity_jerkiness": 0.011219466815278516,
    "equity_jerkiness_w": 0.00972709083975203,
    "expected_shortfall_1pct": 0.2559040979017088,
    "exponential_fit_error": 1.3090234212889713,
    "exponential_fit_error_w": 0.14472567181882495,
    "gain": 40668.662417309846,
    "gain_per_exposure_long": 18846.407348491517,
    "gain_per_exposure_short": 0.0,
    "loss_profit_ratio": 0.29433366113983594,
    "loss_profit_ratio_long": 0.29433366113983594,
    "loss_profit_ratio_short": 1.0,
    "loss_profit_ratio_w": 0.294241444764274,
    "mdg": 0.000693812986347549,
    "mdg_per_exposure_long": 0.00032152230703348113,
    "mdg_per_exposure_short": 0.0,
    "mdg_w": 0.00046012833573603844,
    "mdg_w_per_exposure_long": 0.0002132296842930805,
    "mdg_w_per_exposure_short": 0.0,
    "omega_ratio": 5.574615429727199,
    "omega_ratio_w": 5.5338177651813165,
    "pnl_ratio_long_short": 1.0,
    "position_held_hours_max": 525.1,
    "position_held_hours_mean": 0.7059544268347018,
    "position_held_hours_median": 0.21666666666666667,
    "position_unchanged_hours_max": 508.53333333333336,
    "positions_held_per_day": 11.089465325569083,
    "sharpe_ratio": 0.09521098333885719,
    "sharpe_ratio_w": 0.09244183569519186,
    "sortino_ratio": 0.09825368248284815,
    "sortino_ratio_w": 0.08986260567919067,
    "sterling_ratio": 0.01821040918153999,
    "sterling_ratio_w": 0.017750750830500144,
    "volume_pct_per_day_avg": 2.120714523014056,
    "volume_pct_per_day_avg_w": 1.9644375183953522
}