{"analysis": {"adg": 0.005634242360953667,
              "adg_per_exposure_long": 0.0026109839941395184,
              "adg_per_exposure_short": 0.0,
              "adg_w": 0.004380010106319965,
              "adg_w_per_exposure_long": 0.0020297558303535683,
              "adg_w_per_exposure_short": 0.0,
              "calmar_ratio": 0.012015239879338127,
              "calmar_ratio_w": 0.015375180403055244,
              "drawdown_worst": 0.4689246671339895,
              "drawdown_worst_mean_1pct": 0.3093968018393093,
              "equity_balance_diff_neg_max": 0.4649718833456809,
              "equity_balance_diff_neg_mean": 0.010893235710344656,
              "equity_balance_diff_pos_max": 0.1032259768882654,
              "equity_balance_diff_pos_mean": 0.0012404962778252183,
              "equity_choppiness": 1.5421629326091177,
              "equity_choppiness_w": 1.6583331370902468,
              "equity_jerkiness": 0.011219466815278516,
              "equity_jerkiness_w": 0.00972709083975203,
              "expected_shortfall_1pct": 0.2559040979017088,
              "exponential_fit_error": 1.3090234212889713,
              "exponential_fit_error_w": 0.14472567181882495,
              "gain": 40668.662417309846,
              "gain_per_exposure_long": 18846.407348491517,
              "gain_per_exposure_short": 0.0,
              "loss_profit_ratio": 0.29433366113983594,
              "loss_profit_ratio_long": 0.29433366113983594,
              "loss_profit_ratio_short": 1.0,
              "loss_profit_ratio_w": 0.294241444764274,
              "mdg": 0.000693812986347549,
              "mdg_per_exposure_long": 0.00032152230703348113,
              "mdg_per_exposure_short": 0.0,
              "mdg_w": 0.00046012833573603844,
              "mdg_w_per_exposure_long": 0.0002132296842930805,
              "mdg_w_per_exposure_short": 0.0,
              "omega_ratio": 5.574615429727199,
              "omega_ratio_w": 5.5338177651813165,
              "pnl_ratio_long_short": 1.0,
              "position_held_hours_max": 525.1,
              "position_held_hours_mean": 0.7059544268347018,
              "position_held_hours_median": 0.21666666666666667,
              "position_unchanged_hours_max": 508.53333333333336,
              "positions_held_per_day": 11.089465325569083,
              "sharpe_ratio": 0.09521098333885719,
              "sharpe_ratio_w": 0.09244183569519186,
              "sortino_ratio": 0.09825368248284815,
              "sortino_ratio_w": 0.08986260567919067,
              "sterling_ratio": 0.01821040918153999,
              "sterling_ratio_w": 0.017750750830500144,
              "volume_pct_per_day_avg": 2.120714523014056,
              "volume_pct_per_day_avg_w": 1.9644375183953522},
 "backtest": {"base_dir": "backtests/pbgui/bybit_CPT1_sharpe_adg_c100tr_dd50_twe2_3",
              "cache_dir": {"binance": "caches/hlcvs_data/b20709644f3572d7"},
              "coins": {"binance": ["DOGE", "ICP", "SOL", "VET"]},
              "combine_ohlcvs": false,
              "compress_cache": true,
              "end_date": "2025-05-17",
              "exchanges": ["binance", "bybit"],
              "gap_tolerance_ohlcvs_minutes": 120,
              "start_date": "2020-01-01",
              "starting_balance": 1000,
              "use_btc_collateral": false},
 "bot": {"long": {"close_grid_markup_range": 0.071154,
                  "close_grid_min_markup": 0.06776,
                  "close_grid_qty_pct": 0.21915,
                  "close_trailing_grid_ratio": -1,
                  "close_trailing_qty_pct": 0.23495,
                  "close_trailing_retracement_pct": 0.0053248,
                  "close_trailing_threshold_pct": 0.0048193,
                  "ema_span_0": 140.1,
                  "ema_span_1": 125.37,
                  "enforce_exposure_limit": true,
                  "entry_grid_double_down_factor": 3.3007,
                  "entry_grid_spacing_pct": 0.016349,
                  "entry_grid_spacing_weight": 1.7483,
                  "entry_initial_ema_dist": 0.017729,
                  "entry_initial_qty_pct": 0.038272,
                  "entry_trailing_double_down_factor": 0.68911,
                  "entry_trailing_grid_ratio": 0.017779,
                  "entry_trailing_retracement_pct": 0.11412,
                  "entry_trailing_threshold_pct": 0.027688,
                  "filter_noisiness_rolling_window": 60,
                  "filter_volume_drop_pct": 0,
                  "filter_volume_rolling_window": 60,
                  "n_positions": 4,
                  "total_wallet_exposure_limit": 2.1579,
                  "unstuck_close_pct": 0.0062112,
                  "unstuck_ema_dist": -0.011586,
                  "unstuck_loss_allowance_pct": 0.088711,
                  "unstuck_threshold": 0.73675},
         "short": {"close_grid_markup_range": 0.01,
                   "close_grid_min_markup": 0.002,
                   "close_grid_qty_pct": 0.05,
                   "close_trailing_grid_ratio": -1,
                   "close_trailing_qty_pct": 0.05,
                   "close_trailing_retracement_pct": 0,
                   "close_trailing_threshold_pct": -0.1,
                   "ema_span_0": 200,
                   "ema_span_1": 200,
                   "enforce_exposure_limit": true,
                   "entry_grid_double_down_factor": 0.1,
                   "entry_grid_spacing_pct": 0.01,
                   "entry_grid_spacing_weight": 0.2,
                   "entry_initial_ema_dist": -0.1,
                   "entry_initial_qty_pct": 0.025,
                   "entry_trailing_double_down_factor": 0.1,
                   "entry_trailing_grid_ratio": -1,
                   "entry_trailing_retracement_pct": 0,
                   "entry_trailing_threshold_pct": -0.1,
                   "filter_noisiness_rolling_window": 10,
                   "filter_volume_drop_pct": 0,
                   "filter_volume_rolling_window": 10,
                   "n_positions": 0,
                   "total_wallet_exposure_limit": 0,
                   "unstuck_close_pct": 0.005,
                   "unstuck_ema_dist": -0.1,
                   "unstuck_loss_allowance_pct": 0.01,
                   "unstuck_threshold": 0.7}},
 "disable_plotting": false,
 "live": {"approved_coins": {"long": ["DOGEUSDT",
                                      "VETUSDT",
                                      "ICPUSDT",
                                      "SOLUSDT"],
                             "short": []},
          "auto_gs": true,
          "coin_flags": {},
          "empty_means_all_approved": false,
          "execution_delay_seconds": 2,
          "filter_by_min_effective_cost": true,
          "forced_mode_long": "",
          "forced_mode_short": "",
          "ignored_coins": {"long": [], "short": []},
          "leverage": 10,
          "market_orders_allowed": true,
          "max_n_cancellations_per_batch": 5,
          "max_n_creations_per_batch": 3,
          "max_n_restarts_per_day": 10,
          "minimum_coin_age_days": 30,
          "ohlcvs_1m_rolling_window_days": 4,
          "ohlcvs_1m_update_after_minutes": 10,
          "pnls_max_lookback_days": 30,
          "price_distance_threshold": 0.002,
          "time_in_force": "good_till_cancelled",
          "user": "bybit_01"},
 "optimize": {"bounds": {"long_close_grid_markup_range": [0.02, 0.1],
                         "long_close_grid_min_markup": [0.02, 0.1],
                         "long_close_grid_qty_pct": [0, 0.4],
                         "long_close_trailing_grid_ratio": [-1, -1],
                         "long_close_trailing_qty_pct": [0.1, 0.25],
                         "long_close_trailing_retracement_pct": [0.003, 0.01],
                         "long_close_trailing_threshold_pct": [0.001, 0.005],
                         "long_ema_span_0": [100, 800],
                         "long_ema_span_1": [100, 800],