{
    "adg_btc": -0.0003118056744556563,
    "adg_per_exposure_long_btc": -0.00012602791902334437,
    "adg_per_exposure_long_usd": 0.00021569893255434883,
    "adg_per_exposure_short_btc": 0.0,
    "adg_per_exposure_short_usd": 0.0,
    "adg_pnl": 0.0010909354044271753,
    "adg_pnl_w": -0.0009927455387832255,
    "adg_strategy_eq": 0.0005336607290327144,
    "adg_strategy_eq_w": -0.0017212269101081201,
    "adg_usd": 0.0005336607290327144,
    "adg_w_btc": -0.0009809741054909837,
    "adg_w_per_exposure_long_btc": -0.000396497354792039,
    "adg_w_per_exposure_long_usd": -0.0006956981973679893,
    "adg_w_per_exposure_short_btc": 0.0,
    "adg_w_per_exposure_short_usd": 0.0,
    "adg_w_usd": -0.0017212269101081422,
    "backtest_completion_ratio": 1.0,
    "calmar_ratio_btc": -0.00035914856087418526,
    "calmar_ratio_strategy_eq": 0.0007077600693384641,
    "calmar_ratio_strategy_eq_w": -0.0022827530881903706,
    "calmar_ratio_usd": 0.0007077600693384595,
    "calmar_ratio_w_btc": -0.0013929443911597384,
    "calmar_ratio_w_usd": -0.002282753088190385,
    "drawdown_worst_btc": 0.8681802140504363,
    "drawdown_worst_ema_strategy_eq": 0.0,
    "drawdown_worst_ema_strategy_eq_long": 0.0,
    "drawdown_worst_ema_strategy_eq_short": 0.0,
    "drawdown_worst_mean_1pct_btc": 0.8127778433183718,
    "drawdown_worst_mean_1pct_ema_strategy_eq": 0.0,
    "drawdown_worst_mean_1pct_ema_strategy_eq_long": 0.0,
    "drawdown_worst_mean_1pct_ema_strategy_eq_short": 0.0,
    "drawdown_worst_mean_1pct_strategy_eq": 0.6236273241632366,
    "drawdown_worst_mean_1pct_strategy_eq_long": 0.0,
    "drawdown_worst_mean_1pct_strategy_eq_short": 0.0,
    "drawdown_worst_mean_1pct_usd": 0.6236273241632402,
    "drawdown_worst_strategy_eq": 0.7540136158451571,
    "drawdown_worst_strategy_eq_long": 0.0,
    "drawdown_worst_strategy_eq_short": 0.0,
    "drawdown_worst_usd": 0.754013615845162,
    "entry_initial_balance_pct_long": 0.050377624200000005,
    "entry_initial_balance_pct_short": 0.0,
    "entry_interval_hours_max": 1058.4666666666667,
    "entry_interval_hours_mean": 9.645854271356784,
    "entry_interval_hours_median": 1.8166666666666667,
    "entry_interval_hours_p95": 44.31249999999996,
    "entry_interval_hours_p99": 136.15449999999922,
    "equity_balance_diff_neg_max_btc": 0.6339742860632027,
    "equity_balance_diff_neg_max_usd": 0.6883270929808367,
    "equity_balance_diff_neg_mean_btc": 0.041853930986880034,
    "equity_balance_diff_neg_mean_usd": 0.021182070024516223,
    "equity_balance_diff_pos_max_btc": 0.5994327495340536,
    "equity_balance_diff_pos_max_usd": 0.1422921404029155,
    "equity_balance_diff_pos_mean_btc": 0.0412007968407485,
    "equity_balance_diff_pos_mean_usd": 0.00467120798067284,
    "equity_choppiness_btc": 74.99517298409991,
    "equity_choppiness_usd": 25.025848102599866,
    "equity_choppiness_w_btc": 38.88651032746921,
    "equity_choppiness_w_usd": 17.000290806793906,
    "equity_jerkiness_btc": 0.03233738190977368,
    "equity_jerkiness_usd": 0.009774102927821713,
    "equity_jerkiness_w_btc": 0.04175122287035285,
    "equity_jerkiness_w_usd": 0.027534992524614905,
    "expected_shortfall_1pct_btc": 0.1526844556011388,
    "expected_shortfall_1pct_strategy_eq": 0.16130249370970795,
    "expected_shortfall_1pct_usd": 0.16130249370970895,
    "exponential_fit_error_btc": 0.22819867452268439,
    "exponential_fit_error_usd": 0.03865450539780248,
    "exponential_fit_error_w_btc": 0.04665771141959373,
    "exponential_fit_error_w_usd": 0.03398658245556643,
    "exposure_mean_ratio_btc": -0.001570536995122235,
    "exposure_mean_ratio_usd": 0.002688000849416794,
    "exposure_mean_ratio_w_btc": -0.0019190278241825527,
    "exposure_mean_ratio_w_usd": -0.002582167929676842,
    "exposure_ratio_btc": -0.00012525565288843622,
    "exposure_ratio_usd": 0.00021437718589504943,
    "exposure_ratio_w_btc": -0.00039552253899959527,
    "exposure_ratio_w_usd": -0.0006944293230720827,
    "gain_btc": 0.5156234517303869,
    "gain_per_exposure_long_btc": 0.20840849267628103,
    "gain_per_exposure_long_usd": 1.255226898065777,
    "gain_per_exposure_short_btc": 0.0,
    "gain_per_exposure_short_usd": 0.0,
    "gain_strategy_eq": 3.1055568685045762,
    "gain_usd": 3.105556868504539,
    "hard_stop_duration_minutes_max": 0.0,
    "hard_stop_duration_minutes_mean": 0.0,
    "hard_stop_flatten_time_minutes_mean": 0.0,
    "hard_stop_halt_to_restart_equity_loss_pct": 0.0,
    "hard_stop_panic_close_loss_max": 0.0,
    "hard_stop_panic_close_loss_sum": 0.0,
    "hard_stop_post_restart_retrigger_pct": 0.0,
    "hard_stop_restarts": 0,
    "hard_stop_restarts_long": 0,
    "hard_stop_restarts_per_year": 0.0,
    "hard_stop_restarts_per_year_long": 0.0,
    "hard_stop_restarts_per_year_short": 0.0,
    "hard_stop_restarts_short": 0,
    "hard_stop_time_in_orange_pct": 0.0,
    "hard_stop_time_in_red_pct": 0.0,
    "hard_stop_time_in_yellow_pct": 0.0,
    "hard_stop_trigger_drawdown_mean": 0.0,
    "hard_stop_triggers": 0,
    "hard_stop_triggers_long": 0,
    "hard_stop_triggers_per_year": 0.0,
    "hard_stop_triggers_short": 0,
    "high_exposure_days_max_long": 41.77777777777778,
    "high_exposure_days_max_short": 0.0,
    "high_exposure_days_mean_long": 1.050952515015015,
    "high_exposure_days_mean_short": 0.0,
    "high_exposure_hours_max_long": 1002.6666666666666,
    "high_exposure_hours_max_short": 0.0,
    "high_exposure_hours_mean_long": 25.22286036036036,
    "high_exposure_hours_mean_short": 0.0,
    "liquidated": false,
    "long_short_profit_ratio": 1.0,
    "loss_profit_ratio": 0.3623215086182389,
    "loss_profit_ratio_long": 0.3623215086182389,
    "loss_profit_ratio_short": 1.0,
    "loss_profit_ratio_w": 1.683323723774635,
    "mdg_btc": -0.0007527526241109235,
    "mdg_per_exposure_long_btc": -0.0003042531118834823,
    "mdg_per_exposure_long_usd": 5.4876141645482386e-05,
    "mdg_per_exposure_short_btc": 0.0,
    "mdg_per_exposure_short_usd": 0.0,
    "mdg_pnl": 0.0004514618968090115,
    "mdg_pnl_w": 0.00010936885629318398,
    "mdg_strategy_eq": 0.00013576906204508768,
    "mdg_strategy_eq_w": -0.00012566593968425647,
    "mdg_usd": 0.00013576906204508797,
    "mdg_w_btc": -0.0008361720312761604,
    "mdg_w_per_exposure_long_btc": -0.00033797018361269167,
    "mdg_w_per_exposure_long_usd": -5.079258707581704e-05,
    "mdg_w_per_exposure_short_btc": 0.0,
    "mdg_w_per_exposure_short_usd": 0.0,
    "mdg_w_usd": -0.00012566593968427894,
    "omega_ratio_btc": 1.0382835715848135,
    "omega_ratio_strategy_eq": 1.309230305241036,
    "omega_ratio_strategy_eq_w": 1.0154358863707653,
    "omega_ratio_usd": 1.3092303052410355,
    "omega_ratio_w_btc": 1.0379460403957652,
    "omega_ratio_w_usd": 1.0154358863707662,
    "paper_loss_mean_ratio_btc": -0.007449853982733382,
    "paper_loss_mean_ratio_usd": 0.025193983799272363,
    "paper_loss_mean_ratio_w_btc": -0.007908300792319215,
    "paper_loss_mean_ratio_w_usd": -0.005441664137109954,
    "paper_loss_ratio_btc": -0.000491827005148552,
    "paper_loss_ratio_usd": 0.0007753010661278325,
    "paper_loss_ratio_w_btc": -0.001693620300828565,
    "paper_loss_ratio_w_usd": -0.0023974934197714703,
    "peak_recovery_days_equity_btc": 613.3645833333334,
    "peak_recovery_days_equity_usd": 111.67986111111111,
    "peak_recovery_days_pnl": 143.28472222222223,
    "peak_recovery_days_strategy_eq": 143.30277777777778,
    "peak_recovery_days_strategy_eq_long": 0.0,
    "peak_recovery_days_strategy_eq_short": 0.0,
    "peak_recovery_hours_equity_btc": 14720.75,
    "peak_recovery_hours_equity_usd": 2680.3166666666666,
    "peak_recovery_hours_pnl": 3438.8333333333335,
    "peak_recovery_hours_strategy_eq": 3439.2666666666664,
    "peak_recovery_hours_strategy_eq_long": 0.0,
    "peak_recovery_hours_strategy_eq_short": 0.0,
    "pnl_ratio_long_short": 1.0,
    "position_held_days_max": 44.512499999999996,
    "position_held_days_mean": 0.39059327581396347,