{
    "adg": 0.003717938118760422,
    "adg_per_exposure_long": 0.0013067864464378835,
    "adg_per_exposure_short": 0.0,
    "adg_w": 0.0030076690074794187,
    "adg_w_per_exposure_long": 0.0010571399977081363,
    "adg_w_per_exposure_short": 0.0,
    "calmar_ratio": 0.012517255604002358,
    "calmar_ratio_w": 0.013831090992208537,
    "drawdown_worst": 0.2970250218084243,
    "drawdown_worst_mean_1pct": 0.22108496334184952,
    "equity_balance_diff_neg_max": 0.3216324993307974,
    "equity_balance_diff_neg_mean": 0.007916429684718765,
    "equity_balance_diff_pos_max": 0.8381705194482761,
    "equity_balance_diff_pos_mean": 0.004303618655438525,
    "equity_choppiness": 1.6804127379664662,
    "equity_choppiness_w": 1.9697836683587748,
    "equity_jerkiness": 0.010071033047015496,
    "equity_jerkiness_w": 0.010065366171110085,
    "expected_shortfall_1pct": 0.16865265645882827,
    "exponential_fit_error": 0.11601602485392098,
    "exponential_fit_error_w": 0.020193587472048764,
    "gain": 158.47147520570255,
    "gain_per_exposure_long": 55.69979094081141,
    "gain_per_exposure_short": 0.0,
    "loss_profit_ratio": 0.027108359685494653,
    "loss_profit_ratio_long": 0.027108359685494653,
    "loss_profit_ratio_short": 1.0,
    "loss_profit_ratio_w": 0.02212753320021658,
    "mdg": 0.0004519165951494374,
    "mdg_per_exposure_long": 0.00015884032025216598,
    "mdg_per_exposure_short": 0.0,
    "mdg_w": 0.0003049517227157269,
    "mdg_w_per_exposure_long": 0.00010718488725026429,
    "mdg_w_per_exposure_short": 0.0,
    "omega_ratio": 4.657032051591504,
    "omega_ratio_w": 3.6270558247048674,
    "pnl_ratio_long_short": 1.0,
    "position_held_hours_max": 488.1333333333333,
    "position_held_hours_mean": 10.521220218214205,
    "position_held_hours_median": 1.05,
    "position_unchanged_hours_max": 256.71666666666664,
    "positions_held_per_day": 1.096854521558477,
    "sharpe_ratio": 0.057778163465007096,
    "sharpe_ratio_w": 0.05635656217277908,
    "sortino_ratio": 0.12093644428527626,
    "sortino_ratio_w": 0.09464326123439568,
    "sterling_ratio": 0.01681678420169902,
    "sterling_ratio_w": 0.014875611895134755,
    "volume_pct_per_day_avg": 0.43906569942222934,
    "volume_pct_per_day_avg_w": 0.4420068288441753
}