{"analysis": {"adg": 0.003717938118760422,
              "adg_per_exposure_long": 0.0013067864464378835,
              "adg_per_exposure_short": 0.0,
              "adg_w": 0.0030076690074794187,
              "adg_w_per_exposure_long": 0.0010571399977081363,
              "adg_w_per_exposure_short": 0.0,
              "calmar_ratio": 0.012517255604002358,
              "calmar_ratio_w": 0.013831090992208537,
              "drawdown_worst": 0.2970250218084243,
              "drawdown_worst_mean_1pct": 0.22108496334184952,
              "equity_balance_diff_neg_max": 0.3216324993307974,
              "equity_balance_diff_neg_mean": 0.007916429684718765,
              "equity_balance_diff_pos_max": 0.8381705194482761,
              "equity_balance_diff_pos_mean": 0.004303618655438525,
              "equity_choppiness": 1.6804127379664662,
              "equity_choppiness_w": 1.9697836683587748,
              "equity_jerkiness": 0.010071033047015496,
              "equity_jerkiness_w": 0.010065366171110085,
              "expected_shortfall_1pct": 0.16865265645882827,
              "exponential_fit_error": 0.11601602485392098,
              "exponential_fit_error_w": 0.020193587472048764,
              "gain": 158.47147520570255,
              "gain_per_exposure_long": 55.69979094081141,
              "gain_per_exposure_short": 0.0,
              "loss_profit_ratio": 0.027108359685494653,
              "loss_profit_ratio_long": 0.027108359685494653,
              "loss_profit_ratio_short": 1.0,
              "loss_profit_ratio_w": 0.02212753320021658,
              "mdg": 0.0004519165951494374,
              "mdg_per_exposure_long": 0.00015884032025216598,
              "mdg_per_exposure_short": 0.0,
              "mdg_w": 0.0003049517227157269,
              "mdg_w_per_exposure_long": 0.00010718488725026429,
              "mdg_w_per_exposure_short": 0.0,
              "omega_ratio": 4.657032051591504,
              "omega_ratio_w": 3.6270558247048674,
              "pnl_ratio_long_short": 1.0,
              "position_held_hours_max": 488.1333333333333,
              "position_held_hours_mean": 10.521220218214205,
              "position_held_hours_median": 1.05,
              "position_unchanged_hours_max": 256.71666666666664,
              "positions_held_per_day": 1.096854521558477,
              "sharpe_ratio": 0.057778163465007096,
              "sharpe_ratio_w": 0.05635656217277908,
              "sortino_ratio": 0.12093644428527626,
              "sortino_ratio_w": 0.09464326123439568,
              "sterling_ratio": 0.01681678420169902,
              "sterling_ratio_w": 0.014875611895134755,
              "volume_pct_per_day_avg": 0.43906569942222934,
              "volume_pct_per_day_avg_w": 0.4420068288441753},
 "backtest": {"base_dir": "backtests/pbgui/NEAR_adg_sharpe_omega_new_markup_grtr_TWE9",
              "cache_dir": {"bybit": "caches/hlcvs_data/e4d2149243efcaf5"},
              "coins": {"bybit": ["NEAR"]},
              "combine_ohlcvs": false,
              "compress_cache": true,
              "end_date": "2025-07-07",
              "exchanges": ["bybit", "binance"],
              "gap_tolerance_ohlcvs_minutes": 120,
              "start_date": "2020-01-01",
              "starting_balance": 1000,
              "use_btc_collateral": false},
 "bot": {"long": {"close_grid_markup_end": 0.023618,
                  "close_grid_markup_start": 0.0099346,
                  "close_grid_qty_pct": 0.085853,
                  "close_trailing_grid_ratio": -0.69121,
                  "close_trailing_qty_pct": 0.0559,
                  "close_trailing_retracement_pct": 0.0097086,
                  "close_trailing_threshold_pct": 0.0042919,
                  "ema_span_0": 497.34,
                  "ema_span_1": 700.23,
                  "enforce_exposure_limit": true,
                  "entry_grid_double_down_factor": 5.4631,
                  "entry_grid_spacing_pct": 0.10948,
                  "entry_grid_spacing_weight": 0.75765,
                  "entry_initial_ema_dist": 0.01861,
                  "entry_initial_qty_pct": 0.016039,
                  "entry_trailing_double_down_factor": 8.6996,
                  "entry_trailing_grid_ratio": -0.34254,
                  "entry_trailing_retracement_pct": 0.005163,
                  "entry_trailing_threshold_pct": -0.02138,
                  "filter_noisiness_rolling_window": 60,
                  "filter_volume_drop_pct": 0,
                  "filter_volume_rolling_window": 60,
                  "n_positions": 1,
                  "total_wallet_exposure_limit": 2.8451,
                  "unstuck_close_pct": 0.017793,
                  "unstuck_ema_dist": -0.083231,
                  "unstuck_loss_allowance_pct": 0.21418,
                  "unstuck_threshold": 0.65367},
         "short": {"close_grid_markup_end": 0.001,
                   "close_grid_markup_start": 0.001,
                   "close_grid_qty_pct": 0.05,
                   "close_trailing_grid_ratio": -1,
                   "close_trailing_qty_pct": 0.05,
                   "close_trailing_retracement_pct": 0,
                   "close_trailing_threshold_pct": -0.1,
                   "ema_span_0": 200,
                   "ema_span_1": 200,
                   "enforce_exposure_limit": true,
                   "entry_grid_double_down_factor": 0.1,
                   "entry_grid_spacing_pct": 0.01,
                   "entry_grid_spacing_weight": 0.2,
                   "entry_initial_ema_dist": -0.1,
                   "entry_initial_qty_pct": 0.025,
                   "entry_trailing_double_down_factor": 0.1,
                   "entry_trailing_grid_ratio": -1,
                   "entry_trailing_retracement_pct": 0,
                   "entry_trailing_threshold_pct": -0.1,
                   "filter_noisiness_rolling_window": 10,
                   "filter_volume_drop_pct": 0,
                   "filter_volume_rolling_window": 10,
                   "n_positions": 0,
                   "total_wallet_exposure_limit": 0,
                   "unstuck_close_pct": 0.005,
                   "unstuck_ema_dist": -0.1,
                   "unstuck_loss_allowance_pct": 0.01,
                   "unstuck_threshold": 0.7}},
 "disable_plotting": false,
 "live": {"approved_coins": {"long": ["NEARUSDT"], "short": []},
          "auto_gs": true,
          "coin_flags": {},
          "empty_means_all_approved": false,
          "execution_delay_seconds": 2,
          "filter_by_min_effective_cost": true,
          "forced_mode_long": "",
          "forced_mode_short": "",
          "ignored_coins": {"long": [], "short": []},
          "leverage": 10,
          "market_orders_allowed": true,
          "max_n_cancellations_per_batch": 5,
          "max_n_creations_per_batch": 3,
          "max_n_restarts_per_day": 10,
          "mimic_backtest_1m_delay": false,
          "minimum_coin_age_days": 30,
          "ohlcvs_1m_rolling_window_days": 4,
          "ohlcvs_1m_update_after_minutes": 10,
          "pnls_max_lookback_days": 30,
          "price_distance_threshold": 0.002,
          "time_in_force": "good_till_cancelled",
          "user": "bybit_01"},
 "optimize": {"bounds": {"long_close_grid_markup_end": [0.001, 0.03],
                         "long_close_grid_markup_start": [0.001, 0.03],
                         "long_close_grid_qty_pct": [0.05, 0.4],
                         "long_close_trailing_grid_ratio": [-1, 1],
                         "long_close_trailing_qty_pct": [0.05, 0.25],
                         "long_close_trailing_retracement_pct": [0.003, 0.01],
                         "long_close_trailing_threshold_pct": [0.001, 0.005],
                         "long_ema_span_0": [100, 800],
                         "long_ema_span_1": [100, 800],
                         "long_entry_grid_double_down_factor": [0.4, 10],
                         "long_entry_grid_spacing_pct": [0.01, 0.12],