{
    "adg_btc": 0.000624371204490437,
    "adg_per_exposure_long_btc": 0.0003121856022452185,
    "adg_per_exposure_long_usd": 0.0006899938766694591,
    "adg_per_exposure_short_btc": 0.0,
    "adg_per_exposure_short_usd": 0.0,
    "adg_pnl": 0.0019874966921689897,
    "adg_pnl_w": 0.0007999813698414294,
    "adg_strategy_eq": 0.0013799877533389182,
    "adg_strategy_eq_w": 0.0004833007407260226,
    "adg_usd": 0.0013799877533389182,
    "adg_w_btc": 0.001577211938835199,
    "adg_w_per_exposure_long_btc": 0.0007886059694175995,
    "adg_w_per_exposure_long_usd": 0.0002416503703630113,
    "adg_w_per_exposure_short_btc": 0.0,
    "adg_w_per_exposure_short_usd": 0.0,
    "adg_w_usd": 0.0004833007407260226,
    "backtest_completion_ratio": 1.0,
    "calmar_ratio_btc": 0.0008927177772729425,
    "calmar_ratio_strategy_eq": 0.005586454031136553,
    "calmar_ratio_strategy_eq_w": 0.006574103535846747,
    "calmar_ratio_usd": 0.005586454031136556,
    "calmar_ratio_w_btc": 0.005452137436566392,
    "calmar_ratio_w_usd": 0.006574103535846842,
    "drawdown_worst_btc": 0.6994049187613968,
    "drawdown_worst_ema_strategy_eq": 0.005342526870294351,
    "drawdown_worst_ema_strategy_eq_long": 0.005342526870294351,
    "drawdown_worst_ema_strategy_eq_short": 0.0,
    "drawdown_worst_mean_1pct_btc": 0.6818843597710221,
    "drawdown_worst_mean_1pct_ema_strategy_eq": 0.0021298800466052724,
    "drawdown_worst_mean_1pct_ema_strategy_eq_long": 0.0021298800466052724,
    "drawdown_worst_mean_1pct_ema_strategy_eq_short": 0.0,
    "drawdown_worst_mean_1pct_strategy_eq": 0.17491587943526804,
    "drawdown_worst_mean_1pct_strategy_eq_long": 0.17031871770870655,
    "drawdown_worst_mean_1pct_strategy_eq_short": 0.0,
    "drawdown_worst_mean_1pct_usd": 0.17491587943526674,
    "drawdown_worst_strategy_eq": 0.2470239163604399,
    "drawdown_worst_strategy_eq_long": 0.24702391636043977,
    "drawdown_worst_strategy_eq_short": 0.0,
    "drawdown_worst_usd": 0.24702391636043977,
    "entry_initial_balance_pct_long": 0.023779589615999998,
    "entry_initial_balance_pct_short": 0.0,
    "entry_interval_hours_max": 592.5666666666667,
    "entry_interval_hours_mean": 9.004321851139476,
    "entry_interval_hours_median": 1.2666666666666666,
    "entry_interval_hours_p95": 44.731666666666584,
    "entry_interval_hours_p99": 108.21133333333322,
    "equity_balance_diff_neg_max_btc": 0.23016681384195398,
    "equity_balance_diff_neg_max_usd": 0.22630843795913616,
    "equity_balance_diff_neg_mean_btc": 0.03962374398367148,
    "equity_balance_diff_neg_mean_usd": 0.014747610018284764,
    "equity_balance_diff_pos_max_btc": 0.46318072037563335,
    "equity_balance_diff_pos_max_usd": 0.2571653543285682,
    "equity_balance_diff_pos_mean_btc": 0.044616169882263086,
    "equity_balance_diff_pos_mean_usd": 0.007010074441677849,
    "equity_choppiness_btc": 26.862600287975987,
    "equity_choppiness_usd": 2.1017251164911768,
    "equity_choppiness_w_btc": 12.047980453751347,
    "equity_choppiness_w_usd": 4.165895479130636,
    "equity_jerkiness_btc": 0.029546457516884953,
    "equity_jerkiness_usd": 0.004137359132686704,
    "equity_jerkiness_w_btc": 0.02237404378540293,
    "equity_jerkiness_w_usd": 0.0020434038175570204,
    "expected_shortfall_1pct_btc": 0.13266065236639502,
    "expected_shortfall_1pct_strategy_eq": 0.08009303388705567,
    "expected_shortfall_1pct_usd": 0.0800930338870556,
    "exponential_fit_error_btc": 0.19013939737257887,
    "exponential_fit_error_usd": 0.0671554077846383,
    "exponential_fit_error_w_btc": 0.0346176179031082,
    "exponential_fit_error_w_usd": 0.008435743869446777,
    "exposure_mean_ratio_btc": 0.05085574716377652,
    "exposure_mean_ratio_usd": 0.11240157740808643,
    "exposure_mean_ratio_w_btc": 0.134104718527479,
    "exposure_mean_ratio_w_usd": 0.04308269791482783,
    "exposure_ratio_btc": 0.0007667749772097204,
    "exposure_ratio_usd": 0.0016947291459088244,
    "exposure_ratio_w_btc": 0.0019371961864124436,
    "exposure_ratio_w_usd": 0.0005935672728824952,
    "gain_btc": 3.8289988150301815,
    "gain_per_exposure_long_btc": 1.9144994075150907,
    "gain_per_exposure_long_usd": 9.71003817057796,
    "gain_per_exposure_short_btc": 0.0,
    "gain_per_exposure_short_usd": 0.0,
    "gain_strategy_eq": 19.42007634115586,
    "gain_usd": 19.42007634115592,
    "hard_stop_duration_minutes_max": 611.0,
    "hard_stop_duration_minutes_mean": 102.26,
    "hard_stop_flatten_time_minutes_mean": 0.332,
    "hard_stop_halt_to_restart_equity_loss_pct": 0.0,
    "hard_stop_panic_close_loss_max": 974.97893320298,
    "hard_stop_panic_close_loss_sum": 10868.31498255052,
    "hard_stop_post_restart_retrigger_pct": 0.544,
    "hard_stop_restarts": 83,
    "hard_stop_restarts_long": 83,
    "hard_stop_restarts_per_year": 14.099046405919868,
    "hard_stop_restarts_per_year_long": 14.099046405919868,
    "hard_stop_restarts_per_year_short": 0.0,
    "hard_stop_restarts_short": 0,
    "hard_stop_time_in_orange_pct": 0.009705818614359716,
    "hard_stop_time_in_red_pct": 0.016722932983925586,
    "hard_stop_time_in_yellow_pct": 0.027055631470855254,
    "hard_stop_trigger_drawdown_mean": 0.016372376420245808,
    "hard_stop_triggers": 83,
    "hard_stop_triggers_long": 83,
    "hard_stop_triggers_per_year": 14.099046405919868,
    "hard_stop_triggers_short": 0,
    "high_exposure_days_max_long": 3.486111111111111,
    "high_exposure_days_max_short": 0.0,
    "high_exposure_days_mean_long": 0.07602549055013844,
    "high_exposure_days_mean_short": 0.0,
    "high_exposure_hours_max_long": 83.66666666666667,
    "high_exposure_hours_max_short": 0.0,
    "high_exposure_hours_mean_long": 1.8246117732033225,
    "high_exposure_hours_mean_short": 0.0,
    "liquidated": false,
    "long_short_profit_ratio": 1.0,
    "loss_profit_ratio": 0.33933338449081535,
    "loss_profit_ratio_long": 0.33933338449081535,
    "loss_profit_ratio_short": 1.0,
    "loss_profit_ratio_w": 0.4841193641779906,
    "mdg_btc": 0.0,
    "mdg_per_exposure_long_btc": 0.0,
    "mdg_per_exposure_long_usd": 0.00012994969177511294,
    "mdg_per_exposure_short_btc": 0.0,
    "mdg_per_exposure_short_usd": 0.0,
    "mdg_pnl": 0.0006040816678320039,
    "mdg_pnl_w": 0.00033616079076814276,
    "mdg_strategy_eq": 0.00025989938355022637,
    "mdg_strategy_eq_w": 4.0745208902418425e-05,
    "mdg_usd": 0.0002598993835502259,
    "mdg_w_btc": 0.0,
    "mdg_w_per_exposure_long_btc": 0.0,
    "mdg_w_per_exposure_long_usd": 2.0372604451209172e-05,
    "mdg_w_per_exposure_short_btc": 0.0,
    "mdg_w_per_exposure_short_usd": 0.0,
    "mdg_w_usd": 4.0745208902418344e-05,
    "omega_ratio_btc": 1.1331448725226265,
    "omega_ratio_strategy_eq": 2.9074058828681544,
    "omega_ratio_strategy_eq_w": 2.254584773769617,
    "omega_ratio_usd": 2.9074058828681575,
    "omega_ratio_w_btc": 1.340819444059327,
    "omega_ratio_w_usd": 2.2545847737696314,
    "paper_loss_mean_ratio_btc": 0.01575750148062065,
    "paper_loss_mean_ratio_usd": 0.09357365373968704,
    "paper_loss_mean_ratio_w_btc": 1.2669393703233773,
    "paper_loss_mean_ratio_w_usd": 0.40141996613999326,
    "paper_loss_ratio_btc": 0.0027126899576372767,
    "paper_loss_ratio_usd": 0.006097818383546523,
    "paper_loss_ratio_w_btc": 0.07360205048287242,
    "paper_loss_ratio_w_usd": 0.051710362495810056,
    "peak_recovery_days_equity_btc": 255.41666666666666,
    "peak_recovery_days_equity_usd": 96.86041666666667,
    "peak_recovery_days_pnl": 130.36527777777778,
    "peak_recovery_days_strategy_eq": 96.86041666666667,
    "peak_recovery_days_strategy_eq_long": 93.47152777777778,
    "peak_recovery_days_strategy_eq_short": 0.0,
    "peak_recovery_hours_equity_btc": 6130.0,
    "peak_recovery_hours_equity_usd": 2324.65,
    "peak_recovery_hours_pnl": 3128.766666666667,
    "peak_recovery_hours_strategy_eq": 2324.65,
    "peak_recovery_hours_strategy_eq_long": 2243.3166666666666,
    "peak_recovery_hours_strategy_eq_short": 0.0,