{
    "adg": 0.009003267103834922,
    "adg_per_exposure_long": 0.0006002178069223281,
    "adg_per_exposure_short": 0.0,
    "adg_w": 0.007448565331441381,
    "adg_w_per_exposure_long": 0.0004965710220960921,
    "adg_w_per_exposure_short": 0.0,
    "calmar_ratio": 0.011492467529002256,
    "calmar_ratio_w": 0.011666278495141087,
    "drawdown_worst": 0.783405920540074,
    "drawdown_worst_mean_1pct": 0.45382418474319336,
    "equity_balance_diff_neg_max": 0.8116727415881135,
    "equity_balance_diff_neg_mean": 0.009672782547299561,
    "equity_balance_diff_pos_max": 0.620374841551747,
    "equity_balance_diff_pos_mean": 0.0036793065630239203,
    "equity_choppiness": 1.9446882485690187,
    "equity_choppiness_w": 1.9888036158275362,
    "equity_jerkiness": 0.0148320420705711,
    "equity_jerkiness_w": 0.01799345485439268,
    "expected_shortfall_1pct": 0.44762258910646935,
    "exponential_fit_error": 1.7918426015766744,
    "exponential_fit_error_w": 0.2269905484210148,
    "gain": 36911429.899438895,
    "gain_per_exposure_long": 2460761.993295926,
    "gain_per_exposure_short": 0.0,
    "loss_profit_ratio": 0.012138646374937178,
    "loss_profit_ratio_long": 0.012138646374937178,
    "loss_profit_ratio_short": 1.0,
    "loss_profit_ratio_w": 0.012907308998601943,
    "mdg": 0.0007147248213943526,
    "mdg_per_exposure_long": 4.7648321426290174e-05,
    "mdg_per_exposure_short": 0.0,
    "mdg_w": 0.0005921720160018994,
    "mdg_w_per_exposure_long": 3.947813440012663e-05,
    "mdg_w_per_exposure_short": 0.0,
    "omega_ratio": 20.971286977904043,
    "omega_ratio_w": 7.264532856670084,
    "pnl_ratio_long_short": 1.0,
    "position_held_hours_max": 372.51666666666665,
    "position_held_hours_mean": 0.9089760992873418,
    "position_held_hours_median": 0.13333333333333333,
    "position_unchanged_hours_max": 280.93333333333334,
    "positions_held_per_day": 10.61059670781893,
    "sharpe_ratio": 0.03008359348343989,
    "sharpe_ratio_w": 0.03814893484513147,
    "sortino_ratio": 0.09910489433337799,
    "sortino_ratio_w": 0.08586473646290758,
    "sterling_ratio": 0.0198386674983609,
    "sterling_ratio_w": 0.017064313001151236,
    "volume_pct_per_day_avg": 1.5687958117179803,
    "volume_pct_per_day_avg_w": 1.728747683601736
}