{
    "adg": 0.003353385955018773,
    "adg_per_exposure_long": 0.0003633019463093045,
    "adg_per_exposure_short": 0.0,
    "adg_w": 0.0024445323987882794,
    "adg_w_per_exposure_long": 0.0002648378057905246,
    "adg_w_per_exposure_short": 0.0,
    "calmar_ratio": 0.006784464855326896,
    "calmar_ratio_w": 0.0071389339113026055,
    "drawdown_worst": 0.494274202391339,
    "drawdown_worst_mean_1pct": 0.28136084790353943,
    "equity_balance_diff_neg_max": 0.4979322272301149,
    "equity_balance_diff_neg_mean": 0.010050379246797969,
    "equity_balance_diff_pos_max": 0.354920755683685,
    "equity_balance_diff_pos_mean": 0.000585765092489312,
    "equity_choppiness": 4.073803533843188,
    "equity_choppiness_w": 4.277503481820602,
    "equity_jerkiness": 0.01674205307944066,
    "equity_jerkiness_w": 0.016409824308513205,
    "expected_shortfall_1pct": 0.22663793457768558,
    "exponential_fit_error": 0.31243301036635845,
    "exponential_fit_error_w": 0.03389713519921089,
    "flat_btc_balance_hours": 0.0,
    "gain": 1212.7340953728751,
    "gain_per_exposure_long": 131.38620579752285,
    "gain_per_exposure_short": 0.0,
    "loss_profit_ratio": 0.05407310726431518,
    "loss_profit_ratio_long": 0.05407310726431518,
    "loss_profit_ratio_short": 1.0,
    "loss_profit_ratio_w": 0.02598896894506113,
    "mdg": 0.0009272875273486436,
    "mdg_per_exposure_long": 0.00010046125557659488,
    "mdg_per_exposure_short": 0.0,
    "mdg_w": 0.0006706751517478775,
    "mdg_w_per_exposure_long": 7.266016833124357e-05,
    "mdg_w_per_exposure_short": 0.0,
    "omega_ratio": 2.0479996118014814,
    "omega_ratio_w": 1.7488112634469348,
    "pnl_ratio_long_short": 1.0,
    "position_held_hours_max": 837.8166666666667,
    "position_held_hours_mean": 8.804232755440797,
    "position_held_hours_median": 0.8666666666666667,
    "position_unchanged_hours_max": 381.76666666666665,
    "positions_held_per_day": 2.556341348420556,
    "sharpe_ratio": 0.05571165868679644,
    "sharpe_ratio_w": 0.04831950001442905,
    "sortino_ratio": 0.07887293497795778,
    "sortino_ratio_w": 0.06798262150904688,
    "sterling_ratio": 0.01191845269164256,
    "sterling_ratio_w": 0.00920975924967763,
    "volume_pct_per_day_avg": 2.095284704384455,
    "volume_pct_per_day_avg_w": 1.7510429129293137
}