{
    "adg_btc": 0.0006859599573143527,
    "adg_per_exposure_long_btc": 0.0003541352386754531,
    "adg_per_exposure_long_usd": 0.000523336034364413,
    "adg_per_exposure_short_btc": 0.0,
    "adg_per_exposure_short_usd": 0.0,
    "adg_pnl": 0.011348463947968837,
    "adg_pnl_w": 0.013316899951723804,
    "adg_strategy_eq": 0.001013701898563868,
    "adg_strategy_eq_w": 0.0004402431945826457,
    "adg_usd": 0.001013701898563868,
    "adg_w_btc": 0.001276978533972095,
    "adg_w_per_exposure_long_btc": 0.0006592558254889494,
    "adg_w_per_exposure_long_usd": 0.0002272809471257851,
    "adg_w_per_exposure_short_btc": 0.0,
    "adg_w_per_exposure_short_usd": 0.0,
    "adg_w_usd": 0.0004402431945826457,
    "backtest_completion_ratio": 1.0,
    "calmar_ratio_btc": 0.0009053729672869214,
    "calmar_ratio_strategy_eq": 0.0027094335968290036,
    "calmar_ratio_strategy_eq_w": 0.0029390636993957705,
    "calmar_ratio_usd": 0.0027094335968290036,
    "calmar_ratio_w_btc": 0.009908370018612259,
    "calmar_ratio_w_usd": 0.003001710975381191,
    "drawdown_worst_btc": 0.757654560164226,
    "drawdown_worst_ema_strategy_eq": 0.0,
    "drawdown_worst_ema_strategy_eq_long": 0.0,
    "drawdown_worst_ema_strategy_eq_short": 0.0,
    "drawdown_worst_mean_1pct_btc": 0.7436287104227295,
    "drawdown_worst_mean_1pct_ema_strategy_eq": 0.0,
    "drawdown_worst_mean_1pct_ema_strategy_eq_long": 0.0,
    "drawdown_worst_mean_1pct_ema_strategy_eq_short": 0.0,
    "drawdown_worst_mean_1pct_strategy_eq": 0.1926689211125347,
    "drawdown_worst_mean_1pct_strategy_eq_long": 0.0,
    "drawdown_worst_mean_1pct_strategy_eq_short": 0.0,
    "drawdown_worst_mean_1pct_usd": 0.19266892111253534,
    "drawdown_worst_strategy_eq": 0.3741379378148474,
    "drawdown_worst_strategy_eq_long": 0.0,
    "drawdown_worst_strategy_eq_short": 0.0,
    "drawdown_worst_usd": 0.37413793781484733,
    "entry_initial_balance_pct_long": 0.29167346,
    "entry_initial_balance_pct_short": 0.0,
    "entry_interval_hours_max": 5228.45,
    "entry_interval_hours_mean": 664.8941025641026,
    "entry_interval_hours_median": 379.68333333333334,
    "entry_interval_hours_p95": 2322.3633333333323,
    "entry_interval_hours_p99": 3616.3219999999983,
    "equity_balance_diff_neg_max_btc": 0.3905337528178603,
    "equity_balance_diff_neg_max_usd": 0.2745598468149184,
    "equity_balance_diff_neg_mean_btc": 0.1300832283582896,
    "equity_balance_diff_neg_mean_usd": 0.031133865242639877,
    "equity_balance_diff_pos_max_btc": 1.972813138045349,
    "equity_balance_diff_pos_max_usd": 0.8036746673878967,
    "equity_balance_diff_pos_mean_btc": 0.2069320081646205,
    "equity_balance_diff_pos_mean_usd": 0.05710579420963722,
    "equity_choppiness_btc": 13.202759990181212,
    "equity_choppiness_usd": 2.4641051877882,
    "equity_choppiness_w_btc": 5.33938032752739,
    "equity_choppiness_w_usd": 2.3015755964462796,
    "equity_jerkiness_btc": 0.011285171857784167,
    "equity_jerkiness_usd": 0.0038630419106864045,
    "equity_jerkiness_w_btc": 0.007202707145647007,
    "equity_jerkiness_w_usd": 0.0016668125789676962,
    "expected_shortfall_1pct_btc": 0.20609626046845805,
    "expected_shortfall_1pct_strategy_eq": 0.12615709104345818,
    "expected_shortfall_1pct_usd": 0.12615709104345846,
    "exponential_fit_error_btc": 0.25596254576888805,
    "exponential_fit_error_usd": 0.02123776696811365,
    "exponential_fit_error_w_btc": 0.04447902535878973,
    "exponential_fit_error_w_usd": 0.0025966185827720166,
    "exposure_mean_ratio_btc": 0.012854079530101852,
    "exposure_mean_ratio_usd": 0.01899557646917266,
    "exposure_mean_ratio_w_btc": 0.07844131374391661,
    "exposure_mean_ratio_w_usd": 0.020415346758094782,
    "exposure_ratio_btc": 0.00035279658864505517,
    "exposure_ratio_usd": 0.0005213577963304615,
    "exposure_ratio_w_btc": 0.0006585005793439915,
    "exposure_ratio_w_usd": 0.0002269088661745262,
    "gain_btc": 3.787391602281308,
    "gain_per_exposure_long_btc": 1.955287352752353,
    "gain_per_exposure_long_usd": 3.6931198365720057,
    "gain_per_exposure_short_btc": 0.0,
    "gain_per_exposure_short_usd": 0.0,
    "gain_strategy_eq": 7.153573123440002,
    "gain_usd": 7.153573123439975,
    "hard_stop_duration_minutes_max": 0.0,
    "hard_stop_duration_minutes_mean": 0.0,
    "hard_stop_flatten_time_minutes_mean": 0.0,
    "hard_stop_halt_to_restart_equity_loss_pct": 0.0,
    "hard_stop_panic_close_loss_max": 0.0,
    "hard_stop_panic_close_loss_sum": 0.0,
    "hard_stop_post_restart_retrigger_pct": 0.0,
    "hard_stop_restarts": 0,
    "hard_stop_restarts_long": 0,
    "hard_stop_restarts_per_year": 0.0,
    "hard_stop_restarts_per_year_long": 0.0,
    "hard_stop_restarts_per_year_short": 0.0,
    "hard_stop_restarts_short": 0,
    "hard_stop_time_in_orange_pct": 0.0,
    "hard_stop_time_in_red_pct": 0.0,
    "hard_stop_time_in_yellow_pct": 0.0,
    "hard_stop_trigger_drawdown_mean": 0.0,
    "hard_stop_triggers": 0,
    "hard_stop_triggers_long": 0,
    "hard_stop_triggers_per_year": 0.0,
    "hard_stop_triggers_short": 0,
    "high_exposure_days_max_long": 44.97569444444445,
    "high_exposure_days_max_short": 0.0,
    "high_exposure_days_mean_long": 4.327328431372549,
    "high_exposure_days_mean_short": 0.0,
    "high_exposure_hours_max_long": 1079.4166666666667,
    "high_exposure_hours_max_short": 0.0,
    "high_exposure_hours_mean_long": 103.85588235294118,
    "high_exposure_hours_mean_short": 0.0,
    "liquidated": false,
    "long_short_profit_ratio": 1.0,
    "loss_profit_ratio": 0.21406474053752345,
    "loss_profit_ratio_long": 0.21406474053752345,
    "loss_profit_ratio_short": 1.0,
    "loss_profit_ratio_w": 0.11277730998630435,
    "mdg_btc": 0.0,
    "mdg_per_exposure_long_btc": 0.0,
    "mdg_per_exposure_long_usd": 0.0,
    "mdg_per_exposure_short_btc": 0.0,
    "mdg_per_exposure_short_usd": 0.0,
    "mdg_pnl": 0.011766313440938553,
    "mdg_pnl_w": 0.013081574372176335,
    "mdg_strategy_eq": 0.0,
    "mdg_strategy_eq_w": 0.0,
    "mdg_usd": 0.0,
    "mdg_w_btc": 0.0,
    "mdg_w_per_exposure_long_btc": 0.0,
    "mdg_w_per_exposure_long_usd": 0.0,
    "mdg_w_per_exposure_short_btc": 0.0,
    "mdg_w_per_exposure_short_usd": 0.0,
    "mdg_w_usd": 0.0,
    "omega_ratio_btc": 1.4622556309131116,
    "omega_ratio_strategy_eq": 2.57707131246879,
    "omega_ratio_strategy_eq_w": 3.0148956964122045,
    "omega_ratio_usd": 2.5770713124687816,
    "omega_ratio_w_btc": 4.456226771102142,
    "omega_ratio_w_usd": 3.014895696412162,
    "paper_loss_mean_ratio_btc": 0.00527323903297515,
    "paper_loss_mean_ratio_usd": 0.03255946188061277,
    "paper_loss_mean_ratio_w_btc": 0.04148203177713974,
    "paper_loss_mean_ratio_w_usd": 0.05009191659320814,
    "paper_loss_ratio_btc": 0.0017564677889295658,
    "paper_loss_ratio_usd": 0.0036920981357015667,
    "paper_loss_ratio_w_btc": 0.011877883725040391,
    "paper_loss_ratio_w_usd": 0.019900608855692933,
    "peak_recovery_days_equity_btc": 317.19444444444446,
    "peak_recovery_days_equity_usd": 159.33541666666667,
    "peak_recovery_days_pnl": 217.3395833333333,
    "peak_recovery_days_strategy_eq": 217.3215277777778,
    "peak_recovery_days_strategy_eq_long": 0.0,
    "peak_recovery_days_strategy_eq_short": 0.0,
    "peak_recovery_hours_equity_btc": 7612.666666666667,
    "peak_recovery_hours_equity_usd": 3824.05,
    "peak_recovery_hours_pnl": 5216.15,
    "peak_recovery_hours_strategy_eq": 5215.716666666667,
    "peak_recovery_hours_strategy_eq_long": 0.0,
    "peak_recovery_hours_strategy_eq_short": 0.0,
    "pnl_ratio_long_short": 1.0,
    "position_held_days_max": 44.97569444444445,
    "position_held_days_mean": 4.574978956228956,
    "position_held_days_median": 1.109375,
    "position_held_hours_max": 1079.4166666666667,
    "position_held_hours_mean": 109.79949494949496,
    "position_held_hours_median": 26.625,
    "position_unchanged_days_max": 35.46180555555556,
    "position_unchanged_hours_max": 851.0833333333334,