{"analysis": {"adg": 0.005278481031405491,
              "adg_per_exposure_long": 0.0020756905353541055,
              "adg_per_exposure_short": 0.0,
              "adg_w": 0.003244282537742982,
              "adg_w_per_exposure_long": 0.0012757697749677475,
              "adg_w_per_exposure_short": 0.0,
              "calmar_ratio": 0.01417082531225253,
              "calmar_ratio_w": 0.011309185909004284,
              "drawdown_worst": 0.3724893162603278,
              "drawdown_worst_mean_1pct": 0.262203511376209,
              "equity_balance_diff_neg_max": 0.3723760046270443,
              "equity_balance_diff_neg_mean": 0.022406150707321604,
              "equity_balance_diff_pos_max": 0.15505826861978572,
              "equity_balance_diff_pos_mean": 0.004512234287345223,
              "equity_choppiness": 2.1649169106087514,
              "equity_choppiness_w": 2.7747209411015965,
              "equity_jerkiness": 0.014599235823390571,
              "equity_jerkiness_w": 0.012360059026002585,
              "expected_shortfall_1pct": 0.22568971520608555,
              "exponential_fit_error": 0.07955035015237437,
              "exponential_fit_error_w": 0.0179116020353571,
              "gain": 1195.2968270380513,
              "gain_per_exposure_long": 470.03414354622544,
              "gain_per_exposure_short": 0.0,
              "loss_profit_ratio": 0.04617797042710397,
              "loss_profit_ratio_long": 0.04617797042710397,
              "loss_profit_ratio_short": 1.0,
              "loss_profit_ratio_w": 0.05601920913115366,
              "mdg": 0.00011832713932877974,
              "mdg_per_exposure_long": 4.65305306051041e-05,
              "mdg_per_exposure_short": 0.0,
              "mdg_w": 4.8969687990303973e-05,
              "mdg_w_per_exposure_long": 1.9256660633230033e-05,
              "mdg_w_per_exposure_short": 0.0,
              "omega_ratio": 4.5651385611447965,
              "omega_ratio_w": 2.917987903766453,
              "pnl_ratio_long_short": 1.0,
              "position_held_hours_max": 308.1,
              "position_held_hours_mean": 2.5780836067565924,
              "position_held_hours_median": 0.6666666666666666,
              "position_unchanged_hours_max": 157.6,
              "positions_held_per_day": 2.0383412004576296,
              "sharpe_ratio": 0.08588918393703472,
              "sharpe_ratio_w": 0.06328451640006347,
              "sortino_ratio": 0.10924260835715256,
              "sortino_ratio_w": 0.07372320491592706,
              "sterling_ratio": 0.0201312370063265,
              "sterling_ratio_w": 0.013008973489850723,
              "volume_pct_per_day_avg": 1.1960527168315995,
              "volume_pct_per_day_avg_w": 0.9575367108771378},
 "backtest": {"base_dir": "backtests/pbgui/SHIB_adg_sharpe_omega_twe9_trgr_TWE2-9",
              "cache_dir": {"bybit": "caches/hlcvs_data/b47dd5737c56d21e"},
              "coins": {"bybit": ["SHIB"]},
              "combine_ohlcvs": false,
              "compress_cache": true,
              "end_date": "2025-06-27",
              "exchanges": ["binance", "bybit"],
              "gap_tolerance_ohlcvs_minutes": 120,
              "start_date": "2020-01-01",
              "starting_balance": 1000,
              "use_btc_collateral": false},
 "bot": {"long": {"close_grid_markup_end": 0.024435,
                  "close_grid_markup_start": 0.022973,
                  "close_grid_qty_pct": 0.24643,
                  "close_trailing_grid_ratio": 0.56934,
                  "close_trailing_qty_pct": 0.068516,
                  "close_trailing_retracement_pct": 0.0083347,
                  "close_trailing_threshold_pct": 0.0044662,
                  "ema_span_0": 718.96,
                  "ema_span_1": 266.95,
                  "enforce_exposure_limit": true,
                  "entry_grid_double_down_factor": 6.9136,
                  "entry_grid_spacing_pct": 0.036029,
                  "entry_grid_spacing_weight": 0.2746,
                  "entry_initial_ema_dist": 0.018065,
                  "entry_initial_qty_pct": 0.020276,
                  "entry_trailing_double_down_factor": 0.94823,
                  "entry_trailing_grid_ratio": -0.60788,
                  "entry_trailing_retracement_pct": 0.08911,
                  "entry_trailing_threshold_pct": 0.01251,
                  "filter_noisiness_rolling_window": 60,
                  "filter_volume_drop_pct": 0,
                  "filter_volume_rolling_window": 60,
                  "n_positions": 1,
                  "total_wallet_exposure_limit": 2.543,
                  "unstuck_close_pct": 0.012228,
                  "unstuck_ema_dist": -0.025758,
                  "unstuck_loss_allowance_pct": 0.22862,
                  "unstuck_threshold": 0.9451},
         "short": {"close_grid_markup_end": 0.001,
                   "close_grid_markup_start": 0.001,
                   "close_grid_qty_pct": 0.1,
                   "close_trailing_grid_ratio": -1,
                   "close_trailing_qty_pct": 0.1,
                   "close_trailing_retracement_pct": 0.003,
                   "close_trailing_threshold_pct": -0.001,
                   "ema_span_0": 200,
                   "ema_span_1": 200,
                   "enforce_exposure_limit": true,
                   "entry_grid_double_down_factor": 0.6,
                   "entry_grid_spacing_pct": 0.01,
                   "entry_grid_spacing_weight": 0.2,
                   "entry_initial_ema_dist": -0.001,
                   "entry_initial_qty_pct": 0.025,
                   "entry_trailing_double_down_factor": 0.1,
                   "entry_trailing_grid_ratio": -1,
                   "entry_trailing_retracement_pct": 0,
                   "entry_trailing_threshold_pct": -0.1,
                   "filter_noisiness_rolling_window": 60,
                   "filter_volume_drop_pct": 0.53,
                   "filter_volume_rolling_window": 60,
                   "n_positions": 0,
                   "total_wallet_exposure_limit": 0,
                   "unstuck_close_pct": 0.005,
                   "unstuck_ema_dist": -0.1,
                   "unstuck_loss_allowance_pct": 0.01,
                   "unstuck_threshold": 0.55}},
 "disable_plotting": false,
 "live": {"approved_coins": {"long": ["1000SHIBUSDT", "SHIB1000USDT"],
                             "short": []},
          "auto_gs": true,
          "coin_flags": {},
          "empty_means_all_approved": false,
          "execution_delay_seconds": 2,
          "filter_by_min_effective_cost": true,
          "forced_mode_long": "",
          "forced_mode_short": "",
          "ignored_coins": {"long": [], "short": []},
          "leverage": 10,
          "market_orders_allowed": true,
          "max_n_cancellations_per_batch": 5,
          "max_n_creations_per_batch": 3,
          "max_n_restarts_per_day": 10,
          "mimic_backtest_1m_delay": false,
          "minimum_coin_age_days": 30,
          "ohlcvs_1m_rolling_window_days": 4,
          "ohlcvs_1m_update_after_minutes": 10,
          "pnls_max_lookback_days": 30,
          "price_distance_threshold": 0.002,
          "time_in_force": "good_till_cancelled",
          "user": "bybit_01"},
 "optimize": {"bounds": {"long_close_grid_markup_end": [0.001, 0.03],
                         "long_close_grid_markup_start": [0.001, 0.03],
                         "long_close_grid_qty_pct": [0.05, 0.4],
                         "long_close_trailing_grid_ratio": [-1, 1],
                         "long_close_trailing_qty_pct": [0.05, 0.25],
                         "long_close_trailing_retracement_pct": [0.003, 0.01],
                         "long_close_trailing_threshold_pct": [0.001, 0.005],
                         "long_ema_span_0": [100, 800],
                         "long_ema_span_1": [100, 800],
                         "long_entry_grid_double_down_factor": [0.4, 10],
                         "long_entry_grid_spacing_pct": [0.01, 0.12],