{
    "adg": 0.024233485396691457,
    "adg_per_exposure_long": 0.0016155656931127638,
    "adg_per_exposure_short": 0.0,
    "adg_w": 0.01277741373046073,
    "adg_w_per_exposure_long": 0.0008518275820307153,
    "adg_w_per_exposure_short": 0.0,
    "calmar_ratio": 0.04342113893023793,
    "calmar_ratio_w": 0.053129677998742686,
    "drawdown_worst": 0.5581034029444945,
    "drawdown_worst_mean_1pct": 0.42779266549003875,
    "equity_balance_diff_neg_max": 0.5700420221563208,
    "equity_balance_diff_neg_mean": 0.010902708932876691,
    "equity_balance_diff_pos_max": 0.5077350871905305,
    "equity_balance_diff_pos_mean": 0.01896229468534548,
    "equity_choppiness": 1.0908367735612154,
    "equity_choppiness_w": 1.0540648825755337,
    "equity_jerkiness": 0.04174725816517258,
    "equity_jerkiness_w": 0.024386231607164514,
    "expected_shortfall_1pct": 0.4046617989564389,
    "exponential_fit_error": 0.12941886657605894,
    "exponential_fit_error_w": 0.028525997718329137,
    "gain": 2575.503934190452,
    "gain_per_exposure_long": 171.70026227936347,
    "gain_per_exposure_short": 0.0,
    "loss_profit_ratio": 0.03582469875901128,
    "loss_profit_ratio_long": 0.03582469875901128,
    "loss_profit_ratio_short": 1.0,
    "loss_profit_ratio_w": 0.04887550276339885,
    "mdg": 0.00027304608289248475,
    "mdg_per_exposure_long": 1.8203072192832318e-05,
    "mdg_per_exposure_short": 0.0,
    "mdg_w": 2.7304608289248475e-05,
    "mdg_w_per_exposure_long": 1.8203072192832317e-06,
    "mdg_w_per_exposure_short": 0.0,
    "omega_ratio": 42.782962527445875,
    "omega_ratio_w": 60.31762257858439,
    "pnl_ratio_long_short": 1.0,
    "position_held_hours_max": 7.45,
    "position_held_hours_mean": 0.20824944071588367,
    "position_held_hours_median": 0.1,
    "position_unchanged_hours_max": 2.783333333333333,
    "positions_held_per_day": 3.6341463414634148,
    "sharpe_ratio": 0.12191146365290466,
    "sharpe_ratio_w": 0.1065587848054305,
    "sortino_ratio": 0.25652752540059937,
    "sortino_ratio_w": 0.17075986065958698,
    "sterling_ratio": 0.05664773464250929,
    "sterling_ratio_w": 0.054452337569969825,
    "volume_pct_per_day_avg": 8.980432566276194,
    "volume_pct_per_day_avg_w": 6.449322447291673
}