{
    "adg": 0.0053386698025850166,
    "adg_w": 0.002724710881124981,
    "calmar_ratio": 0.009288089499344414,
    "calmar_ratio_w": 0.011486739014053563,
    "drawdown_worst": 0.5747866450858208,
    "drawdown_worst_mean_1pct": 0.20129603191852208,
    "equity_balance_diff_neg_max": 0.5263089249841563,
    "equity_balance_diff_neg_mean": 0.003949156959792455,
    "equity_balance_diff_pos_max": 0.7394384801359457,
    "equity_balance_diff_pos_mean": 0.007222452568342207,
    "equity_choppiness": 1.171424963522271,
    "equity_choppiness_w": 1.2122248686357109,
    "equity_jerkiness": 0.010141482798376886,
    "equity_jerkiness_w": 0.00578608654455242,
    "expected_shortfall_1pct": 0.1790902195544928,
    "exponential_fit_error": 1.3710677092537336,
    "exponential_fit_error_w": 0.15106804554041114,
    "gain": 20322.560586519256,
    "loss_profit_ratio": 0.059325176129683306,
    "loss_profit_ratio_long": 0.059325176129683306,
    "loss_profit_ratio_short": 1.0,
    "loss_profit_ratio_w": 0.07317264675646037,
    "mdg": 0.0,
    "mdg_w": 0.0,
    "omega_ratio": 26.384455851767303,
    "omega_ratio_w": 18.824751316542017,
    "pnl_ratio_long_short": 1.0,
    "position_held_hours_max": 80.08333333333333,
    "position_held_hours_mean": 1.5112,
    "position_held_hours_median": 0.38333333333333336,
    "position_unchanged_hours_max": 72.18333333333334,
    "positions_held_per_day": 1.0737918722903532,
    "sharpe_ratio": 0.0607112760858456,
    "sharpe_ratio_w": 0.0590221977926836,
    "sortino_ratio": 0.11548127685240153,
    "sortino_ratio_w": 0.07923317617798113,
    "sterling_ratio": 0.02652148555390268,
    "sterling_ratio_w": 0.019439906644303027
}