{
    "adg": 0.04014776128611319,
    "adg_per_exposure_long": 0.007386620784168603,
    "adg_per_exposure_short": 0.0,
    "adg_w": 0.02140483269181437,
    "adg_w_per_exposure_long": 0.00393818676255048,
    "adg_w_per_exposure_short": 0.0,
    "calmar_ratio": 0.08953452361776051,
    "calmar_ratio_w": 1.1510157514357655,
    "drawdown_worst": 0.44840537106682365,
    "drawdown_worst_mean_1pct": 0.4310507811404593,
    "equity_balance_diff_neg_max": 0.5334552736725162,
    "equity_balance_diff_neg_mean": 0.02242795522574524,
    "equity_balance_diff_pos_max": 0.413478207849471,
    "equity_balance_diff_pos_mean": 0.0038636373139407693,
    "equity_choppiness": 1.0813334226331184,
    "equity_choppiness_w": 1.0190029367786042,
    "equity_jerkiness": 0.05712312701523761,
    "equity_jerkiness_w": 0.025806199337873658,
    "expected_shortfall_1pct": 0.40686091465132607,
    "exponential_fit_error": 0.6941909403661463,
    "exponential_fit_error_w": 0.07911629488648879,
    "gain": 4736.235791991362,
    "gain_per_exposure_long": 871.4004621709158,
    "gain_per_exposure_short": 0.0,
    "loss_profit_ratio": 0.013541338898278034,
    "loss_profit_ratio_long": 0.013541338898278034,
    "loss_profit_ratio_short": 1.0,
    "loss_profit_ratio_w": 0.011127311863732286,
    "mdg": 0.0008716159165264126,
    "mdg_per_exposure_long": 0.00016036501260789163,
    "mdg_per_exposure_short": 0.0,
    "mdg_w": 0.003720294888157448,
    "mdg_w_per_exposure_long": 0.0006844816912270842,
    "mdg_w_per_exposure_short": 0.0,
    "omega_ratio": 31.784210321364718,
    "omega_ratio_w": null,
    "pnl_ratio_long_short": 1.0,
    "position_held_hours_max": 22.866666666666667,
    "position_held_hours_mean": 1.4424990207598902,
    "position_held_hours_median": 0.5333333333333333,
    "position_unchanged_hours_max": 14.133333333333333,
    "positions_held_per_day": 3.958139534883721,
    "sharpe_ratio": 0.1606770736201483,
    "sharpe_ratio_w": 0.37902972940513446,
    "sortino_ratio": 0.34018264986218644,
    "sortino_ratio_w": 2.958709969978283,
    "sterling_ratio": 0.09313928437826195,
    "sterling_ratio_w": 1.1513762275118158,
    "volume_pct_per_day_avg": 10.745265754068356,
    "volume_pct_per_day_avg_w": 5.520602513847292
}