{"analysis": {"adg": 0.004574623406700784,
              "adg_per_exposure_long": 0.0002287311703350392,
              "adg_per_exposure_short": 0.0,
              "adg_w": 0.0013047421634219125,
              "adg_w_per_exposure_long": 6.523710817109563e-05,
              "adg_w_per_exposure_short": 0.0,
              "calmar_ratio": 0.009952507804734443,
              "calmar_ratio_w": 0.007324712068528129,
              "drawdown_worst": 0.45964529709030916,
              "drawdown_worst_mean_1pct": 0.20255702956004504,
              "equity_balance_diff_neg_max": 0.453278751344474,
              "equity_balance_diff_neg_mean": 0.01390208926262368,
              "equity_balance_diff_pos_max": 2.003451776833157,
              "equity_balance_diff_pos_mean": 0.006601971194294957,
              "equity_choppiness": 1.7163053438104188,
              "equity_choppiness_w": 1.7570861171898144,
              "equity_jerkiness": 0.010457955088978193,
              "equity_jerkiness_w": 0.003896819872366485,
              "expected_shortfall_1pct": 0.1680566546819544,
              "exponential_fit_error": 1.6291807910433993,
              "exponential_fit_error_w": 0.1658583739651133,
              "gain": 13212.972306441206,
              "gain_per_exposure_long": 660.6486153220603,
              "gain_per_exposure_short": 0.0,
              "loss_profit_ratio": 0.2556281429308418,
              "loss_profit_ratio_long": 0.2556281429308418,
              "loss_profit_ratio_short": 1.0,
              "loss_profit_ratio_w": 0.2269731566939058,
              "mdg": 0.0,
              "mdg_per_exposure_long": 0.0,
              "mdg_per_exposure_short": 0.0,
              "mdg_w": 0.0,
              "mdg_w_per_exposure_long": 0.0,
              "mdg_w_per_exposure_short": 0.0,
              "omega_ratio": 11.266730172846959,
              "omega_ratio_w": 4.675975217727762,
              "pnl_ratio_long_short": 1.0,
              "position_held_hours_max": 115.36666666666666,
              "position_held_hours_mean": 1.3560051880674449,
              "position_held_hours_median": 0.23333333333333334,
              "position_unchanged_hours_max": 115.36666666666666,
              "positions_held_per_day": 1.2361712361712363,
              "sharpe_ratio": 0.03593439027938936,
              "sharpe_ratio_w": 0.04208117746133257,
              "sortino_ratio": 0.10828713172374063,
              "sortino_ratio_w": 0.05362698205764656,
              "sterling_ratio": 0.02258437249320298,
              "sterling_ratio_w": 0.011896453859317433,
              "volume_pct_per_day_avg": 3.274905399400364,
              "volume_pct_per_day_avg_w": 2.1231395690604176},
 "backtest": {"base_dir": "backtests/pbgui/btc_adg_w_sharpe_posmax_gain_125_dd55_TWE20_fix",
              "cache_dir": {"binance": "caches/hlcvs_data/bb2dc4c2371de47d"},
              "coins": {"binance": ["BTC"]},
              "combine_ohlcvs": false,
              "compress_cache": true,
              "end_date": "2025-09-10",
              "exchanges": ["bybit", "binance"],
              "gap_tolerance_ohlcvs_minutes": 120,
              "start_date": "2020-01-01",
              "starting_balance": 1000,
              "use_btc_collateral": false},
 "bot": {"long": {"close_grid_markup_end": 0.03,
                  "close_grid_markup_start": 0.0058307,
                  "close_grid_qty_pct": 0.25824,
                  "close_trailing_grid_ratio": 0.93908,
                  "close_trailing_qty_pct": 0.10031,
                  "close_trailing_retracement_pct": 0.007643,
                  "close_trailing_threshold_pct": 0.0015558,
                  "ema_span_0": 28.306,
                  "ema_span_1": 703.09,
                  "enforce_exposure_limit": true,
                  "entry_grid_double_down_factor": 1.5152,
                  "entry_grid_spacing_pct": 0.046985,
                  "entry_grid_spacing_weight": 1.2856,
                  "entry_initial_ema_dist": 0.0111,
                  "entry_initial_qty_pct": 0.021478,
                  "entry_trailing_double_down_factor": 0.61226,
                  "entry_trailing_grid_ratio": -0.0095675,
                  "entry_trailing_retracement_pct": 0.023498,
                  "entry_trailing_threshold_pct": -0.021811,
                  "filter_noisiness_rolling_window": 60,
                  "filter_volume_drop_pct": 0,
                  "filter_volume_rolling_window": 60,
                  "n_positions": 1,
                  "total_wallet_exposure_limit": 20,
                  "unstuck_close_pct": 0.030067,
                  "unstuck_ema_dist": -0.0029354,
                  "unstuck_loss_allowance_pct": 0.1773,
                  "unstuck_threshold": 0.63738},
         "short": {"close_grid_markup_end": 0.001,
                   "close_grid_markup_start": 0.001,
                   "close_grid_qty_pct": 0.1,
                   "close_trailing_grid_ratio": -1,
                   "close_trailing_qty_pct": 0.1,
                   "close_trailing_retracement_pct": 0.003,
                   "close_trailing_threshold_pct": -0.001,
                   "ema_span_0": 200,
                   "ema_span_1": 200,
                   "enforce_exposure_limit": true,
                   "entry_grid_double_down_factor": 0.6,
                   "entry_grid_spacing_pct": 0.01,
                   "entry_grid_spacing_weight": 0.2,
                   "entry_initial_ema_dist": -0.001,
                   "entry_initial_qty_pct": 0.025,
                   "entry_trailing_double_down_factor": 0.1,
                   "entry_trailing_grid_ratio": -1,
                   "entry_trailing_retracement_pct": 0,
                   "entry_trailing_threshold_pct": -0.1,
                   "filter_noisiness_rolling_window": 60,
                   "filter_volume_drop_pct": 0.53,
                   "filter_volume_rolling_window": 60,
                   "n_positions": 0,
                   "total_wallet_exposure_limit": 0,
                   "unstuck_close_pct": 0.005,
                   "unstuck_ema_dist": -0.1,
                   "unstuck_loss_allowance_pct": 0.01,
                   "unstuck_threshold": 0.55}},
 "coin_overrides": {},
 "disable_plotting": false,
 "live": {"approved_coins": {"long": ["BTC"], "short": []},
          "auto_gs": true,
          "base_config_path": "",
          "empty_means_all_approved": false,
          "execution_delay_seconds": 2,
          "filter_by_min_effective_cost": true,
          "forced_mode_long": "",
          "forced_mode_short": "",
          "ignored_coins": {"long": [], "short": []},
          "leverage": 10,
          "market_orders_allowed": true,
          "max_n_cancellations_per_batch": 5,
          "max_n_creations_per_batch": 3,
          "max_n_restarts_per_day": 10,
          "mimic_backtest_1m_delay": false,
          "minimum_coin_age_days": 30,
          "ohlcvs_1m_rolling_window_days": 4,
          "ohlcvs_1m_update_after_minutes": 10,
          "pnls_max_lookback_days": 30,
          "price_distance_threshold": 0.002,
          "time_in_force": "good_till_cancelled",
          "user": "bybit_01"},
 "optimize": {"bounds": {"long_close_grid_markup_end": [0.001, 0.03],
                         "long_close_grid_markup_start": [0.001, 0.03],
                         "long_close_grid_qty_pct": [0.05, 0.4],
                         "long_close_trailing_grid_ratio": [-1, 1],
                         "long_close_trailing_qty_pct": [0.05, 0.25],
                         "long_close_trailing_retracement_pct": [0.003, 0.01],
                         "long_close_trailing_threshold_pct": [0.001, 0.005],
                         "long_ema_span_0": [1, 800],
                         "long_ema_span_1": [1, 800],
                         "long_entry_grid_double_down_factor": [0.4, 2],
                         "long_entry_grid_spacing_pct": [0.01, 0.12],
                         "long_entry_grid_spacing_weight": [0.2, 2],