{
    "adg": 0.02023421721976071,
    "adg_per_exposure_long": 0.005058554304940177,
    "adg_per_exposure_short": 0.0,
    "adg_w": 0.008772947815087728,
    "adg_w_per_exposure_long": 0.002193236953771932,
    "adg_w_per_exposure_short": 0.0,
    "calmar_ratio": 0.08181924417698168,
    "calmar_ratio_w": 0.05952355433227145,
    "drawdown_worst": 0.24730388826365166,
    "drawdown_worst_mean_1pct": 0.24468734466957703,
    "equity_balance_diff_neg_max": 0.2665171268135985,
    "equity_balance_diff_neg_mean": 0.008730846916844974,
    "equity_balance_diff_pos_max": 0.3163945716922719,
    "equity_balance_diff_pos_mean": 0.002767852842152587,
    "equity_choppiness": 1.4199853707285175,
    "equity_choppiness_w": 1.5789633055574428,
    "equity_jerkiness": 0.03291114382423311,
    "equity_jerkiness_w": 0.01835495451338413,
    "expected_shortfall_1pct": 0.23746548363696457,
    "exponential_fit_error": 0.175242528947317,
    "exponential_fit_error_w": 0.01821707898702634,
    "gain": 155.72955278215983,
    "gain_per_exposure_long": 38.93238819553996,
    "gain_per_exposure_short": 0.0,
    "loss_profit_ratio": 0.03659492203850421,
    "loss_profit_ratio_long": 0.03659492203850421,
    "loss_profit_ratio_short": 1.0,
    "loss_profit_ratio_w": 0.03507434251532733,
    "mdg": 0.009673671496540623,
    "mdg_per_exposure_long": 0.0024184178741351557,
    "mdg_per_exposure_short": 0.0,
    "mdg_w": 0.006222652523184413,
    "mdg_w_per_exposure_long": 0.0015556631307961032,
    "mdg_w_per_exposure_short": 0.0,
    "omega_ratio": 10.035271497517488,
    "omega_ratio_w": 5.458143445521576,
    "pnl_ratio_long_short": 1.0,
    "position_held_hours_max": 109.63333333333334,
    "position_held_hours_mean": 8.27754820936639,
    "position_held_hours_median": 3.8583333333333334,
    "position_unchanged_hours_max": 59.666666666666664,
    "positions_held_per_day": 1.9206349206349207,
    "sharpe_ratio": 0.19836447932639356,
    "sharpe_ratio_w": 0.1833918177723117,
    "sortino_ratio": 0.2961172778046613,
    "sortino_ratio_w": 0.2005589420543608,
    "sterling_ratio": 0.0826941714009965,
    "sterling_ratio_w": 0.059611047054672926,
    "volume_pct_per_day_avg": 3.0432440781670116,
    "volume_pct_per_day_avg_w": 1.5357949530545711
}