{
    "adg_btc": 0.0003561072270821253,
    "adg_per_exposure_long_btc": 0.00016196999321483002,
    "adg_per_exposure_long_usd": 0.00032406656218167244,
    "adg_per_exposure_short_btc": 0.0,
    "adg_per_exposure_short_usd": 0.0,
    "adg_pnl": 0.0020523400220420957,
    "adg_pnl_w": 0.0006351897655883516,
    "adg_strategy_eq": 0.0007124927436126249,
    "adg_strategy_eq_w": 0.000184211407874435,
    "adg_usd": 0.0007124927436126249,
    "adg_w_btc": 0.0011754869845102323,
    "adg_w_per_exposure_long_btc": 0.0005346524990949842,
    "adg_w_per_exposure_long_usd": 8.378577634604421e-05,
    "adg_w_per_exposure_short_btc": 0.0,
    "adg_w_per_exposure_short_usd": 0.0,
    "adg_w_usd": 0.0001842114078744128,
    "backtest_completion_ratio": 1.0,
    "calmar_ratio_btc": 0.0004387042084535714,
    "calmar_ratio_strategy_eq": 0.001987890597403237,
    "calmar_ratio_strategy_eq_w": 0.00353923134474349,
    "calmar_ratio_usd": 0.0019878905974032362,
    "calmar_ratio_w_btc": 0.005067073845728626,
    "calmar_ratio_w_usd": 0.00353923134474279,
    "drawdown_worst_btc": 0.8117251218934056,
    "drawdown_worst_ema_strategy_eq": 0.0,
    "drawdown_worst_ema_strategy_eq_long": 0.0,
    "drawdown_worst_ema_strategy_eq_short": 0.0,
    "drawdown_worst_mean_1pct_btc": 0.8074390739095211,
    "drawdown_worst_mean_1pct_ema_strategy_eq": 0.0,
    "drawdown_worst_mean_1pct_ema_strategy_eq_long": 0.0,
    "drawdown_worst_mean_1pct_ema_strategy_eq_short": 0.0,
    "drawdown_worst_mean_1pct_strategy_eq": 0.09670006084303531,
    "drawdown_worst_mean_1pct_strategy_eq_long": 0.0,
    "drawdown_worst_mean_1pct_strategy_eq_short": 0.0,
    "drawdown_worst_mean_1pct_usd": 0.09670006084303702,
    "drawdown_worst_strategy_eq": 0.3584164765120111,
    "drawdown_worst_strategy_eq_long": 0.0,
    "drawdown_worst_strategy_eq_short": 0.0,
    "drawdown_worst_usd": 0.3584164765120112,
    "entry_initial_balance_pct_long": 0.0263194406,
    "entry_initial_balance_pct_short": 0.0,
    "entry_interval_hours_max": 1270.2166666666667,
    "entry_interval_hours_mean": 25.673711245643002,
    "entry_interval_hours_median": 1.5333333333333334,
    "entry_interval_hours_p95": 131.4766666666665,
    "entry_interval_hours_p99": 300.876666666666,
    "equity_balance_diff_neg_max_btc": 0.41381552162542207,
    "equity_balance_diff_neg_max_usd": 0.28019035785867713,
    "equity_balance_diff_neg_mean_btc": 0.11552125879885823,
    "equity_balance_diff_neg_mean_usd": 0.010487090180905618,
    "equity_balance_diff_pos_max_btc": 1.22486859727591,
    "equity_balance_diff_pos_max_usd": 0.3518645416919473,
    "equity_balance_diff_pos_mean_btc": 0.15917886431065487,
    "equity_balance_diff_pos_mean_usd": 0.023232978504143305,
    "equity_choppiness_btc": 49.69210205401287,
    "equity_choppiness_usd": 1.3169329518789208,
    "equity_choppiness_w_btc": 14.849975592000572,
    "equity_choppiness_w_usd": 1.9421356857595342,
    "equity_jerkiness_btc": 0.021484939710475923,
    "equity_jerkiness_usd": 0.0015612659387758457,
    "equity_jerkiness_w_btc": 0.014405205272008306,
    "equity_jerkiness_w_usd": 0.0004970456503746465,
    "expected_shortfall_1pct_btc": 0.18414084081123216,
    "expected_shortfall_1pct_strategy_eq": 0.05240152744879874,
    "expected_shortfall_1pct_usd": 0.05240152744879889,
    "exponential_fit_error_btc": 0.23322044457335503,
    "exponential_fit_error_usd": 0.012875948362202915,
    "exponential_fit_error_w_btc": 0.040368216856417664,
    "exponential_fit_error_w_usd": 0.00154474658028388,
    "exposure_mean_ratio_btc": 0.054064504368807255,
    "exposure_mean_ratio_usd": 0.10817125888013678,
    "exposure_mean_ratio_w_btc": 0.2591484421100006,
    "exposure_mean_ratio_w_usd": 0.0384315408991605,
    "exposure_ratio_btc": 0.00015727652878484035,
    "exposure_ratio_usd": 0.00031467596548928796,
    "exposure_ratio_w_btc": 0.0005339224134880733,
    "exposure_ratio_w_usd": 8.281836105343806e-05,
    "gain_btc": 2.000140341002412,
    "gain_per_exposure_long_btc": 0.9097336218513655,
    "gain_per_exposure_long_usd": 1.8201312592808994,
    "gain_per_exposure_short_btc": 0.0,
    "gain_per_exposure_short_usd": 0.0,
    "gain_strategy_eq": 4.001740586654995,
    "gain_usd": 4.001740586654985,
    "hard_stop_duration_minutes_max": 0.0,
    "hard_stop_duration_minutes_mean": 0.0,
    "hard_stop_flatten_time_minutes_mean": 0.0,
    "hard_stop_halt_to_restart_equity_loss_pct": 0.0,
    "hard_stop_panic_close_loss_max": 0.0,
    "hard_stop_panic_close_loss_sum": 0.0,
    "hard_stop_post_restart_retrigger_pct": 0.0,
    "hard_stop_restarts": 0,
    "hard_stop_restarts_long": 0,
    "hard_stop_restarts_per_year": 0.0,
    "hard_stop_restarts_per_year_long": 0.0,
    "hard_stop_restarts_per_year_short": 0.0,
    "hard_stop_restarts_short": 0,
    "hard_stop_time_in_orange_pct": 0.0,
    "hard_stop_time_in_red_pct": 0.0,
    "hard_stop_time_in_yellow_pct": 0.0,
    "hard_stop_trigger_drawdown_mean": 0.0,
    "hard_stop_triggers": 0,
    "hard_stop_triggers_long": 0,
    "hard_stop_triggers_per_year": 0.0,
    "hard_stop_triggers_short": 0,
    "high_exposure_days_max_long": 3.170833333333333,
    "high_exposure_days_max_short": 0.0,
    "high_exposure_days_mean_long": 0.06552588500102312,
    "high_exposure_days_mean_short": 0.0,
    "high_exposure_hours_max_long": 76.1,
    "high_exposure_hours_max_short": 0.0,
    "high_exposure_hours_mean_long": 1.572621240024555,
    "high_exposure_hours_mean_short": 0.0,
    "liquidated": false,
    "long_short_profit_ratio": 1.0,
    "loss_profit_ratio": 0.1357778105966834,
    "loss_profit_ratio_long": 0.1357778105966834,
    "loss_profit_ratio_short": 1.0,
    "loss_profit_ratio_w": 0.20908306224916468,
    "mdg_btc": 0.0,
    "mdg_per_exposure_long_btc": 0.0,
    "mdg_per_exposure_long_usd": 0.0,
    "mdg_per_exposure_short_btc": 0.0,
    "mdg_per_exposure_short_usd": 0.0,
    "mdg_pnl": 0.00017277210455483272,
    "mdg_pnl_w": 9.36117744793568e-05,
    "mdg_strategy_eq": 0.0,
    "mdg_strategy_eq_w": 0.0,
    "mdg_usd": 0.0,
    "mdg_w_btc": 0.0,
    "mdg_w_per_exposure_long_btc": 0.0,
    "mdg_w_per_exposure_long_usd": 0.0,
    "mdg_w_per_exposure_short_btc": 0.0,
    "mdg_w_per_exposure_short_usd": 0.0,
    "mdg_w_usd": 0.0,
    "omega_ratio_btc": 1.1619844743964338,
    "omega_ratio_strategy_eq": 9.138523038876231,
    "omega_ratio_strategy_eq_w": 4.403369885467095,
    "omega_ratio_usd": 9.138523038875897,
    "omega_ratio_w_btc": 1.454097431933851,
    "omega_ratio_w_usd": 4.403369885466825,
    "paper_loss_mean_ratio_btc": 0.0030826120731783863,
    "paper_loss_mean_ratio_usd": 0.06793998443056178,
    "paper_loss_mean_ratio_w_btc": 0.1958131558511477,
    "paper_loss_mean_ratio_w_usd": 0.14215041415694782,
    "paper_loss_ratio_btc": 0.0008605458434313316,
    "paper_loss_ratio_usd": 0.0025428881602413784,
    "paper_loss_ratio_w_btc": 0.054029943425476235,
    "paper_loss_ratio_w_usd": 0.006399796885711661,
    "peak_recovery_days_equity_btc": 184.63750000000002,
    "peak_recovery_days_equity_usd": 262.4347222222222,
    "peak_recovery_days_pnl": 263.94444444444446,
    "peak_recovery_days_strategy_eq": 262.4347222222222,
    "peak_recovery_days_strategy_eq_long": 0.0,
    "peak_recovery_days_strategy_eq_short": 0.0,
    "peak_recovery_hours_equity_btc": 4431.3,
    "peak_recovery_hours_equity_usd": 6298.433333333333,
    "peak_recovery_hours_pnl": 6334.666666666667,
    "peak_recovery_hours_strategy_eq": 6298.4333333333325,
    "peak_recovery_hours_strategy_eq_long": 0.0,
    "peak_recovery_hours_strategy_eq_short": 0.0,
    "pnl_ratio_long_short": 1.0,
    "position_held_days_max": 3.738888888888889,
    "position_held_days_mean": 0.06789644383394383,
    "position_held_days_median": 0.014583333333333332,
    "position_held_hours_max": 89.73333333333333,
    "position_held_hours_mean": 1.629514652014652,
    "position_held_hours_median": 0.35,
    "position_unchanged_days_max": 2.995138888888889,