{
    "adg": 0.0031860752747718823,
    "adg_per_exposure_long": 0.0012833623115974713,
    "adg_per_exposure_short": 0.0,
    "adg_w": 0.003191989260064587,
    "adg_w_per_exposure_long": 0.0012857444856459305,
    "adg_w_per_exposure_short": 0.0,
    "calmar_ratio": 0.0075830811027634195,
    "calmar_ratio_w": 0.010504642579276842,
    "drawdown_worst": 0.4201557693495874,
    "drawdown_worst_mean_1pct": 0.26875483423178526,
    "equity_balance_diff_neg_max": 0.4021585928142514,
    "equity_balance_diff_neg_mean": 0.017334277827825824,
    "equity_balance_diff_pos_max": 0.16479582832810152,
    "equity_balance_diff_pos_mean": 0.0026855884752551903,
    "equity_choppiness": 1.9914161796748278,
    "equity_choppiness_w": 2.540102950660021,
    "equity_jerkiness": 0.009325463284439225,
    "equity_jerkiness_w": 0.012445021017344461,
    "expected_shortfall_1pct": 0.19435447573394143,
    "exponential_fit_error": 0.019030754632638886,
    "exponential_fit_error_w": 0.008876539851903845,
    "gain": 95.42952671878305,
    "gain_per_exposure_long": 38.4393485534452,
    "gain_per_exposure_short": 0.0,
    "loss_profit_ratio": 0.09696512312587366,
    "loss_profit_ratio_long": 0.09696512312587366,
    "loss_profit_ratio_short": 1.0,
    "loss_profit_ratio_w": 0.14730840330499553,
    "mdg": 0.0,
    "mdg_per_exposure_long": 0.0,
    "mdg_per_exposure_short": 0.0,
    "mdg_w": 0.0,
    "mdg_w_per_exposure_long": 0.0,
    "mdg_w_per_exposure_short": 0.0,
    "omega_ratio": 4.028743744305767,
    "omega_ratio_w": 3.1244899762799907,
    "pnl_ratio_long_short": 1.0,
    "position_held_hours_max": 171.08333333333334,
    "position_held_hours_mean": 2.204367201426025,
    "position_held_hours_median": 0.26666666666666666,
    "position_unchanged_hours_max": 128.68333333333334,
    "positions_held_per_day": 1.044289622837243,
    "sharpe_ratio": 0.0681745344335981,
    "sharpe_ratio_w": 0.06202487006538675,
    "sortino_ratio": 0.06244206170785613,
    "sortino_ratio_w": 0.06007171495430329,
    "sterling_ratio": 0.011854950568160123,
    "sterling_ratio_w": 0.011661427457411002
}