{
    "adg": 0.027437065180328846,
    "adg_per_exposure_long": 0.004533328681712546,
    "adg_per_exposure_short": 0.0,
    "adg_w": 0.014918542467027996,
    "adg_w_per_exposure_long": 0.0024649377041832026,
    "adg_w_per_exposure_short": 0.0,
    "calmar_ratio": 0.11135492515635748,
    "calmar_ratio_w": 0.10898493780185736,
    "drawdown_worst": 0.24639292013176312,
    "drawdown_worst_mean_1pct": 0.24639292013176312,
    "equity_balance_diff_neg_max": 0.2981320716059551,
    "equity_balance_diff_neg_mean": 0.027397328868417673,
    "equity_balance_diff_pos_max": 0.2595800781452337,
    "equity_balance_diff_pos_mean": 0.00850255845819533,
    "equity_choppiness": 1.5207993989603177,
    "equity_choppiness_w": 1.5422205262755928,
    "equity_jerkiness": 0.06782327604233954,
    "equity_jerkiness_w": 0.043654604494529056,
    "expected_shortfall_1pct": 0.2463929201317632,
    "exponential_fit_error": 0.11036141835163808,
    "exponential_fit_error_w": 0.01452053567502203,
    "gain": 64.61082214732657,
    "gain_per_exposure_long": 10.67541631236498,
    "gain_per_exposure_short": 0.0,
    "loss_profit_ratio": 0.03959412973085882,
    "loss_profit_ratio_long": 0.03959412973085882,
    "loss_profit_ratio_short": 1.0,
    "loss_profit_ratio_w": 0.041496897286394205,
    "mdg": 0.00770070181309186,
    "mdg_per_exposure_long": 0.0012723595679480298,
    "mdg_per_exposure_short": 0.0,
    "mdg_w": 0.0038257449489504936,
    "mdg_w_per_exposure_long": 0.0006321142291278512,
    "mdg_w_per_exposure_short": 0.0,
    "omega_ratio": 5.600020114079656,
    "omega_ratio_w": 5.489264173096006,
    "pnl_ratio_long_short": 1.0,
    "position_held_hours_max": 129.33333333333334,
    "position_held_hours_mean": 1.4952872531418313,
    "position_held_hours_median": 0.2,
    "position_unchanged_hours_max": 74.25,
    "positions_held_per_day": 7.233766233766234,
    "sharpe_ratio": 0.20896135163163446,
    "sharpe_ratio_w": 0.16795644822660222,
    "sortino_ratio": 0.40385259244209065,
    "sortino_ratio_w": 0.38656250222175254,
    "sterling_ratio": 0.11135492515635748,
    "sterling_ratio_w": 0.10898493780185736,
    "volume_pct_per_day_avg": 6.469279407107552,
    "volume_pct_per_day_avg_w": 3.7845018622704742
}