{
    "adg": 0.004573388717801441,
    "adg_per_exposure_long": 0.0005252542457564534,
    "adg_per_exposure_short": 0.0,
    "adg_w": 0.0017178760413278705,
    "adg_w_per_exposure_long": 0.00019729827050968995,
    "adg_w_per_exposure_short": 0.0,
    "calmar_ratio": 0.0067895068074228715,
    "calmar_ratio_w": 0.004111091070960508,
    "drawdown_worst": 0.6735966024515094,
    "drawdown_worst_mean_1pct": 0.3074959182626019,
    "equity_balance_diff_neg_max": 0.6768761196991819,
    "equity_balance_diff_neg_mean": 0.010839280708668665,
    "equity_balance_diff_pos_max": 0.8534368756429322,
    "equity_balance_diff_pos_mean": 0.0018718757808173056,
    "equity_choppiness": 2.8344213159558804,
    "equity_choppiness_w": 3.333142434720917,
    "equity_jerkiness": 0.013899658878362425,
    "equity_jerkiness_w": 0.00832435588705493,
    "expected_shortfall_1pct": 0.23360675841135267,
    "exponential_fit_error": 0.8310247873019052,
    "exponential_fit_error_w": 0.08421797089990296,
    "gain": 9663.562928208243,
    "gain_per_exposure_long": 1109.8613676591526,
    "gain_per_exposure_short": 0.0,
    "loss_profit_ratio": 0.029523021450833034,
    "loss_profit_ratio_long": 0.029523021450833034,
    "loss_profit_ratio_short": 1.0,
    "loss_profit_ratio_w": 0.021770840359581867,
    "mdg": 0.001306861416327909,
    "mdg_per_exposure_long": 0.00015009319126311118,
    "mdg_per_exposure_short": 0.0,
    "mdg_w": 0.00013068614163279092,
    "mdg_w_per_exposure_long": 1.500931912631112e-05,
    "mdg_w_per_exposure_short": 0.0,
    "omega_ratio": 3.8785728888101976,
    "omega_ratio_w": 2.1427152062904495,
    "pnl_ratio_long_short": 1.0,
    "position_held_hours_max": 433.73333333333335,
    "position_held_hours_mean": 7.172384384384384,
    "position_held_hours_median": 0.4,
    "position_unchanged_hours_max": 430.21666666666664,
    "positions_held_per_day": 1.379910492292392,
    "sharpe_ratio": 0.046979939142226104,
    "sharpe_ratio_w": 0.03264566909226542,
    "sortino_ratio": 0.09767885181454539,
    "sortino_ratio_w": 0.04608887596442023,
    "sterling_ratio": 0.014873006261812429,
    "sterling_ratio_w": 0.0075328225480569945,
    "volume_pct_per_day_avg": 1.8985688215402767,
    "volume_pct_per_day_avg_w": 1.1732090762836203
}