{"analysis": {"adg": 0.004573388717801441,
              "adg_per_exposure_long": 0.0005252542457564534,
              "adg_per_exposure_short": 0.0,
              "adg_w": 0.0017178760413278705,
              "adg_w_per_exposure_long": 0.00019729827050968995,
              "adg_w_per_exposure_short": 0.0,
              "calmar_ratio": 0.0067895068074228715,
              "calmar_ratio_w": 0.004111091070960508,
              "drawdown_worst": 0.6735966024515094,
              "drawdown_worst_mean_1pct": 0.3074959182626019,
              "equity_balance_diff_neg_max": 0.6768761196991819,
              "equity_balance_diff_neg_mean": 0.010839280708668665,
              "equity_balance_diff_pos_max": 0.8534368756429322,
              "equity_balance_diff_pos_mean": 0.0018718757808173056,
              "equity_choppiness": 2.8344213159558804,
              "equity_choppiness_w": 3.333142434720917,
              "equity_jerkiness": 0.013899658878362425,
              "equity_jerkiness_w": 0.00832435588705493,
              "expected_shortfall_1pct": 0.23360675841135267,
              "exponential_fit_error": 0.8310247873019052,
              "exponential_fit_error_w": 0.08421797089990296,
              "gain": 9663.562928208243,
              "gain_per_exposure_long": 1109.8613676591526,
              "gain_per_exposure_short": 0.0,
              "loss_profit_ratio": 0.029523021450833034,
              "loss_profit_ratio_long": 0.029523021450833034,
              "loss_profit_ratio_short": 1.0,
              "loss_profit_ratio_w": 0.021770840359581867,
              "mdg": 0.001306861416327909,
              "mdg_per_exposure_long": 0.00015009319126311118,
              "mdg_per_exposure_short": 0.0,
              "mdg_w": 0.00013068614163279092,
              "mdg_w_per_exposure_long": 1.500931912631112e-05,
              "mdg_w_per_exposure_short": 0.0,
              "omega_ratio": 3.8785728888101976,
              "omega_ratio_w": 2.1427152062904495,
              "pnl_ratio_long_short": 1.0,
              "position_held_hours_max": 433.73333333333335,
              "position_held_hours_mean": 7.172384384384384,
              "position_held_hours_median": 0.4,
              "position_unchanged_hours_max": 430.21666666666664,
              "positions_held_per_day": 1.379910492292392,
              "sharpe_ratio": 0.046979939142226104,
              "sharpe_ratio_w": 0.03264566909226542,
              "sortino_ratio": 0.09767885181454539,
              "sortino_ratio_w": 0.04608887596442023,
              "sterling_ratio": 0.014873006261812429,
              "sterling_ratio_w": 0.0075328225480569945,
              "volume_pct_per_day_avg": 1.8985688215402767,
              "volume_pct_per_day_avg_w": 1.1732090762836203},
 "backtest": {"base_dir": "backtests/pbgui/BTC_cpt_adg_omega_sharpe_grtr_maxdd75_eema125_dd65_ftwe25",
              "cache_dir": {"binance": "caches/hlcvs_data/a79aef82b6883c61"},
              "coins": {"binance": ["BTC"]},
              "combine_ohlcvs": false,
              "compress_cache": true,
              "end_date": "2025-07-04",
              "exchanges": ["bybit", "binance"],
              "gap_tolerance_ohlcvs_minutes": 120,
              "start_date": "2020-01-01",
              "starting_balance": 1000,
              "use_btc_collateral": false},
 "bot": {"long": {"close_grid_markup_end": 0.012885,
                  "close_grid_markup_start": 0.0047921,
                  "close_grid_qty_pct": 0.063173,
                  "close_trailing_grid_ratio": -0.24795,
                  "close_trailing_qty_pct": 0.19282,
                  "close_trailing_retracement_pct": 0.0083701,
                  "close_trailing_threshold_pct": 0.0016441,
                  "ema_span_0": 522.54,
                  "ema_span_1": 535.94,
                  "enforce_exposure_limit": true,
                  "entry_grid_double_down_factor": 3.4717,
                  "entry_grid_spacing_pct": 0.070862,
                  "entry_grid_spacing_weight": 1.1041,
                  "entry_initial_ema_dist": 0.010465,
                  "entry_initial_qty_pct": 0.032269,
                  "entry_trailing_double_down_factor": 3.8154,
                  "entry_trailing_grid_ratio": -0.0018873,
                  "entry_trailing_retracement_pct": 0.024411,
                  "entry_trailing_threshold_pct": -0.021863,
                  "filter_noisiness_rolling_window": 60,
                  "filter_volume_drop_pct": 0,
                  "filter_volume_rolling_window": 60,
                  "n_positions": 1,
                  "total_wallet_exposure_limit": 8.707,
                  "unstuck_close_pct": 0.029469,
                  "unstuck_ema_dist": -0.031224,
                  "unstuck_loss_allowance_pct": 0.24894,
                  "unstuck_threshold": 0.82195},
         "short": {"close_grid_markup_end": 0.001,
                   "close_grid_markup_start": 0.001,
                   "close_grid_qty_pct": 0.1,
                   "close_trailing_grid_ratio": -1,
                   "close_trailing_qty_pct": 0.1,
                   "close_trailing_retracement_pct": 0.003,
                   "close_trailing_threshold_pct": -0.001,
                   "ema_span_0": 200,
                   "ema_span_1": 200,
                   "enforce_exposure_limit": true,
                   "entry_grid_double_down_factor": 0.6,
                   "entry_grid_spacing_pct": 0.01,
                   "entry_grid_spacing_weight": 0.2,
                   "entry_initial_ema_dist": -0.001,
                   "entry_initial_qty_pct": 0.025,
                   "entry_trailing_double_down_factor": 0.1,
                   "entry_trailing_grid_ratio": -1,
                   "entry_trailing_retracement_pct": 0,
                   "entry_trailing_threshold_pct": -0.1,
                   "filter_noisiness_rolling_window": 60,
                   "filter_volume_drop_pct": 0.53,
                   "filter_volume_rolling_window": 60,
                   "n_positions": 0,
                   "total_wallet_exposure_limit": 0,
                   "unstuck_close_pct": 0.005,
                   "unstuck_ema_dist": -0.1,
                   "unstuck_loss_allowance_pct": 0.01,
                   "unstuck_threshold": 0.55}},
 "disable_plotting": false,
 "live": {"approved_coins": {"long": ["BTCUSDT"], "short": []},
          "auto_gs": true,
          "coin_flags": {},
          "empty_means_all_approved": false,
          "execution_delay_seconds": 2,
          "filter_by_min_effective_cost": true,
          "forced_mode_long": "",
          "forced_mode_short": "",
          "ignored_coins": {"long": [], "short": []},
          "leverage": 10,
          "market_orders_allowed": true,
          "max_n_cancellations_per_batch": 5,
          "max_n_creations_per_batch": 3,
          "max_n_restarts_per_day": 10,
          "mimic_backtest_1m_delay": false,
          "minimum_coin_age_days": 30,
          "ohlcvs_1m_rolling_window_days": 4,
          "ohlcvs_1m_update_after_minutes": 10,
          "pnls_max_lookback_days": 30,
          "price_distance_threshold": 0.002,
          "time_in_force": "good_till_cancelled",
          "user": "bybit_01"},
 "optimize": {"bounds": {"long_close_grid_markup_end": [0.001, 0.03],
                         "long_close_grid_markup_start": [0.001, 0.03],
                         "long_close_grid_qty_pct": [0.05, 0.4],
                         "long_close_trailing_grid_ratio": [-1, 1],
                         "long_close_trailing_qty_pct": [0.05, 0.25],
                         "long_close_trailing_retracement_pct": [0.003, 0.01],
                         "long_close_trailing_threshold_pct": [0.001, 0.005],
                         "long_ema_span_0": [50, 800],
                         "long_ema_span_1": [50, 800],
                         "long_entry_grid_double_down_factor": [0.4, 10],
                         "long_entry_grid_spacing_pct": [0.01, 0.12],