{
    "adg": 0.002051772632644333,
    "adg_w": 0.0009972942907366944,
    "calmar_ratio": 0.012643672976212762,
    "calmar_ratio_w": 0.025709815366591383,
    "drawdown_worst": 0.1622766293073576,
    "drawdown_worst_mean_1pct": 0.06446078552301415,
    "equity_balance_diff_neg_max": 0.24412074798592523,
    "equity_balance_diff_neg_mean": 0.0006419517703362514,
    "equity_balance_diff_pos_max": 0.3240521559521834,
    "equity_balance_diff_pos_mean": 0.003472187284850296,
    "equity_choppiness": 1.0268109042169327,
    "equity_choppiness_w": 1.0249287386683927,
    "equity_jerkiness": 0.003791849661853863,
    "equity_jerkiness_w": 0.0019473793236403822,
    "expected_shortfall_1pct": 0.06331667121467019,
    "exponential_fit_error": 0.1868301460116966,
    "exponential_fit_error_w": 0.02082946548863053,
    "gain": 45.912391645432095,
    "loss_profit_ratio": 0.01655034178723759,
    "loss_profit_ratio_long": 0.01655034178723759,
    "loss_profit_ratio_short": 1.0,
    "loss_profit_ratio_w": 0.01034949562388216,
    "mdg": 0.0,
    "mdg_w": 0.0,
    "omega_ratio": 107.81366522963692,
    "omega_ratio_w": 103.69958933307574,
    "pnl_ratio_long_short": 1.0,
    "position_held_hours_max": 76.65,
    "position_held_hours_mean": 1.0234175438596491,
    "position_held_hours_median": 0.25,
    "position_unchanged_hours_max": 76.65,
    "positions_held_per_day": 1.2723952729399475,
    "sharpe_ratio": 0.07005236459046534,
    "sharpe_ratio_w": 0.06427324723883944,
    "sortino_ratio": 0.12312113984617384,
    "sortino_ratio_w": 0.1602239611677385,
    "sterling_ratio": 0.031829780167847904,
    "sterling_ratio_w": 0.045197907009925445
}