{
    "adg": 0.013879377459291797,
    "adg_per_exposure_long": 0.0019319846129303726,
    "adg_per_exposure_short": 0.0,
    "adg_w": 0.007876100702524402,
    "adg_w_per_exposure_long": 0.0010963391846498332,
    "adg_w_per_exposure_short": 0.0,
    "calmar_ratio": 0.06383907489823615,
    "calmar_ratio_w": 0.15627580278287884,
    "drawdown_worst": 0.2174119452923852,
    "drawdown_worst_mean_1pct": 0.21150854847944367,
    "equity_balance_diff_neg_max": 0.21908931392102318,
    "equity_balance_diff_neg_mean": 0.0035517098812486493,
    "equity_balance_diff_pos_max": 0.5547961753165547,
    "equity_balance_diff_pos_mean": 0.005894264588162662,
    "equity_choppiness": 1.0876902553388603,
    "equity_choppiness_w": 1.1387339601470767,
    "equity_jerkiness": 0.027811731165435945,
    "equity_jerkiness_w": 0.016441996069897998,
    "expected_shortfall_1pct": 0.18936455748256698,
    "exponential_fit_error": 0.10430231988673058,
    "exponential_fit_error_w": 0.016252701283827643,
    "gain": 56.752215714207864,
    "gain_per_exposure_long": 7.899807309884168,
    "gain_per_exposure_short": 0.0,
    "loss_profit_ratio": 0.04743396398502358,
    "loss_profit_ratio_long": 0.04743396398502358,
    "loss_profit_ratio_short": 1.0,
    "loss_profit_ratio_w": 0.04635371094298113,
    "mdg": 0.0005845346660866742,
    "mdg_per_exposure_long": 8.136618403210942e-05,
    "mdg_per_exposure_short": 0.0,
    "mdg_w": 0.0007096905079582304,
    "mdg_w_per_exposure_long": 9.878765422581157e-05,
    "mdg_w_per_exposure_short": 0.0,
    "omega_ratio": 20.559354985749966,
    "omega_ratio_w": 24.54814270753654,
    "pnl_ratio_long_short": 1.0,
    "position_held_hours_max": 73.6,
    "position_held_hours_mean": 2.410663410663411,
    "position_held_hours_median": 0.75,
    "position_unchanged_hours_max": 50.983333333333334,
    "positions_held_per_day": 2.800398917224676,
    "sharpe_ratio": 0.1243556272925773,
    "sharpe_ratio_w": 0.1411675180100583,
    "sortino_ratio": 0.30371873701740637,
    "sortino_ratio_w": 0.5385194490779834,
    "sterling_ratio": 0.0656208817992088,
    "sterling_ratio_w": 0.1564539834729761,
    "volume_pct_per_day_avg": 1.8150689149973125,
    "volume_pct_per_day_avg_w": 1.3427049201330825
}