{
    "adg": 0.004413608701089089,
    "adg_per_exposure_long": 0.0006738231021036457,
    "adg_per_exposure_short": 0.0,
    "adg_w": 0.003956564037698907,
    "adg_w_per_exposure_long": 0.0006040463561928683,
    "adg_w_per_exposure_short": 0.0,
    "calmar_ratio": 0.006098712946236278,
    "calmar_ratio_w": 0.011976005730986544,
    "drawdown_worst": 0.7236951041961855,
    "drawdown_worst_mean_1pct": 0.33318633664559455,
    "equity_balance_diff_neg_max": 0.7386915157055579,
    "equity_balance_diff_neg_mean": 0.015136771171627697,
    "equity_balance_diff_pos_max": 0.13719685849072155,
    "equity_balance_diff_pos_mean": 0.000749281089920949,
    "equity_choppiness": 2.076812740184482,
    "equity_choppiness_w": 2.5585433821030006,
    "equity_jerkiness": 0.01046612218515209,
    "equity_jerkiness_w": 0.01266141790621309,
    "expected_shortfall_1pct": 0.31196152428279644,
    "exponential_fit_error": 0.042609033825352874,
    "exponential_fit_error_w": 0.012183380354160035,
    "gain": 590.6639126346527,
    "gain_per_exposure_long": 90.17631984773556,
    "gain_per_exposure_short": 0.0,
    "loss_profit_ratio": 0.005254991781480056,
    "loss_profit_ratio_long": 0.005254991781480056,
    "loss_profit_ratio_short": 1.0,
    "loss_profit_ratio_w": 0.007640410165755736,
    "mdg": 0.0007377444622706701,
    "mdg_per_exposure_long": 0.00011263102277380042,
    "mdg_per_exposure_short": 0.0,
    "mdg_w": 0.0006058540147593979,
    "mdg_w_per_exposure_long": 9.249538400320574e-05,
    "mdg_w_per_exposure_short": 0.0,
    "omega_ratio": 5.402433927092634,
    "omega_ratio_w": 3.534405218605432,
    "pnl_ratio_long_short": 1.0,
    "position_held_hours_max": 531.4833333333333,
    "position_held_hours_mean": 1.5784470104706918,
    "position_held_hours_median": 0.3,
    "position_unchanged_hours_max": 158.73333333333332,
    "positions_held_per_day": 7.054627319604434,
    "sharpe_ratio": 0.0385469937741949,
    "sharpe_ratio_w": 0.05901889099583757,
    "sortino_ratio": 0.0678181844058184,
    "sortino_ratio_w": 0.069078582095946,
    "sterling_ratio": 0.013246667752116678,
    "sterling_ratio_w": 0.01417329760365132,
    "volume_pct_per_day_avg": 1.5163759596829731,
    "volume_pct_per_day_avg_w": 1.5637070730139189
}