{
    "adg": 0.011949324563994335,
    "adg_per_exposure_long": 0.0024109851426484677,
    "adg_per_exposure_short": 0.0,
    "adg_w": 0.0147549292791479,
    "adg_w_per_exposure_long": 0.002977064944745551,
    "adg_w_per_exposure_short": 0.0,
    "calmar_ratio": 0.030195984628293576,
    "calmar_ratio_w": 0.037357685389755715,
    "drawdown_worst": 0.39572561421950925,
    "drawdown_worst_mean_1pct": 0.38061373679842214,
    "equity_balance_diff_neg_max": 0.39840272495125656,
    "equity_balance_diff_neg_mean": 0.04741369268640456,
    "equity_balance_diff_pos_max": 0.3930398233941575,
    "equity_balance_diff_pos_mean": 0.0033238837700965127,
    "equity_choppiness": 2.165090554009471,
    "equity_choppiness_w": 1.7964907604153377,
    "equity_jerkiness": 0.04367013838651139,
    "equity_jerkiness_w": 0.04706815773283586,
    "expected_shortfall_1pct": 0.2811097458827809,
    "exponential_fit_error": 0.0739460072733408,
    "exponential_fit_error_w": 0.02799020983748491,
    "flat_btc_balance_hours": 0.0,
    "gain": 34.45973465070278,
    "gain_per_exposure_long": 6.95285393057237,
    "gain_per_exposure_short": 0.0,
    "loss_profit_ratio": 0.003424958836977443,
    "loss_profit_ratio_long": 0.003424958836977443,
    "loss_profit_ratio_short": 1.0,
    "loss_profit_ratio_w": 0.0015197781232796068,
    "mdg": 0.004339705425336102,
    "mdg_per_exposure_long": 0.0008756114412929467,
    "mdg_per_exposure_short": 0.0,
    "mdg_w": 0.0040211721754887225,
    "mdg_w_per_exposure_long": 0.0008113417891708815,
    "mdg_w_per_exposure_short": 0.0,
    "omega_ratio": 2.718402802096508,
    "omega_ratio_w": 3.7045955079331696,
    "pnl_ratio_long_short": 1.0,
    "position_held_hours_max": 226.21666666666667,
    "position_held_hours_mean": 4.445755841678588,
    "position_held_hours_median": 0.45,
    "position_unchanged_hours_max": 162.58333333333334,
    "positions_held_per_day": 2.3456375838926173,
    "sharpe_ratio": 0.0967227473252605,
    "sharpe_ratio_w": 0.06983695583863427,
    "sortino_ratio": 0.1755271691405731,
    "sortino_ratio_w": 0.17852189938556523,
    "sterling_ratio": 0.03139488517810078,
    "sterling_ratio_w": 0.037477575444736434,
    "volume_pct_per_day_avg": 4.5329809101365415,
    "volume_pct_per_day_avg_w": 4.151276802425125
}