{
    "adg_btc": 0.0037637239814007906,
    "adg_per_exposure_long_btc": 0.0009409309953501976,
    "adg_per_exposure_long_usd": 0.0010362641857162291,
    "adg_per_exposure_short_btc": 0.0,
    "adg_per_exposure_short_usd": 0.0,
    "adg_pnl": 0.005844337863786895,
    "adg_pnl_w": 0.003144117900994658,
    "adg_strategy_eq": 0.0041450567428649165,
    "adg_strategy_eq_w": 0.001949794984827191,
    "adg_usd": 0.0041450567428649165,
    "adg_w_btc": 0.0030324891879694336,
    "adg_w_per_exposure_long_btc": 0.0007581222969923584,
    "adg_w_per_exposure_long_usd": 0.00048744874620679777,
    "adg_w_per_exposure_short_btc": 0.0,
    "adg_w_per_exposure_short_usd": 0.0,
    "adg_w_usd": 0.001949794984827191,
    "backtest_completion_ratio": 1.0,
    "calmar_ratio_btc": 0.003986255124072771,
    "calmar_ratio_strategy_eq": 0.004959202476699833,
    "calmar_ratio_strategy_eq_w": 0.005133975537990544,
    "calmar_ratio_usd": 0.004959202476699839,
    "calmar_ratio_w_btc": 0.006998616464096741,
    "calmar_ratio_w_usd": 0.005133975537990533,
    "drawdown_worst_btc": 0.9441753887431521,
    "drawdown_worst_ema_strategy_eq": 0.0,
    "drawdown_worst_ema_strategy_eq_long": 0.0,
    "drawdown_worst_ema_strategy_eq_short": 0.0,
    "drawdown_worst_mean_1pct_btc": 0.5079895401659537,
    "drawdown_worst_mean_1pct_ema_strategy_eq": 0.0,
    "drawdown_worst_mean_1pct_ema_strategy_eq_long": 0.0,
    "drawdown_worst_mean_1pct_ema_strategy_eq_short": 0.0,
    "drawdown_worst_mean_1pct_strategy_eq": 0.4441171391827766,
    "drawdown_worst_mean_1pct_strategy_eq_long": 0.0,
    "drawdown_worst_mean_1pct_strategy_eq_short": 0.0,
    "drawdown_worst_mean_1pct_usd": 0.4441171391827765,
    "drawdown_worst_strategy_eq": 0.8358313181080882,
    "drawdown_worst_strategy_eq_long": 0.0,
    "drawdown_worst_strategy_eq_short": 0.0,
    "drawdown_worst_usd": 0.8358313181080872,
    "entry_initial_balance_pct_long": 0.081104,
    "entry_initial_balance_pct_short": 0.0,
    "entry_interval_hours_max": 512.55,
    "entry_interval_hours_mean": 10.55714861379755,
    "entry_interval_hours_median": 1.5333333333333334,
    "entry_interval_hours_p95": 49.8125,
    "entry_interval_hours_p99": 106.00000000000011,
    "equity_balance_diff_neg_max_btc": 0.9200401245427117,
    "equity_balance_diff_neg_max_usd": 0.8124780341304656,
    "equity_balance_diff_neg_mean_btc": 0.09037637834761947,
    "equity_balance_diff_neg_mean_usd": 0.033363065699040795,
    "equity_balance_diff_pos_max_btc": 2.1001392047673697,
    "equity_balance_diff_pos_max_usd": 1.53927420657195,
    "equity_balance_diff_pos_mean_btc": 0.24190535700287033,
    "equity_balance_diff_pos_mean_usd": 0.12593613259606615,
    "equity_choppiness_btc": 5.5335606599621725,
    "equity_choppiness_usd": 1.37272618631096,
    "equity_choppiness_w_btc": 4.96102302288864,
    "equity_choppiness_w_usd": 1.4345445880930687,
    "equity_jerkiness_btc": 0.0314722127731121,
    "equity_jerkiness_usd": 0.009928868481953417,
    "equity_jerkiness_w_btc": 0.02409880665830578,
    "equity_jerkiness_w_usd": 0.00456244266515811,
    "expected_shortfall_1pct_btc": 0.3276496264588639,
    "expected_shortfall_1pct_strategy_eq": 0.33991768134854616,
    "expected_shortfall_1pct_usd": 0.33991768134854633,
    "exponential_fit_error_btc": 0.38791388551932565,
    "exponential_fit_error_usd": 0.17012700411840456,
    "exponential_fit_error_w_btc": 0.05955453132002879,
    "exponential_fit_error_w_usd": 0.028237018758070838,
    "exposure_mean_ratio_btc": 0.08107166116204703,
    "exposure_mean_ratio_usd": 0.08928567488361148,
    "exposure_mean_ratio_w_btc": 0.06309798626333009,
    "exposure_mean_ratio_w_usd": 0.04022138554160533,
    "exposure_ratio_btc": 0.0009266933040069156,
    "exposure_ratio_usd": 0.001020583960812134,
    "exposure_ratio_w_btc": 0.0008176167374540914,
    "exposure_ratio_w_usd": 0.0005084256600221338,
    "gain_btc": 935.3079619882159,
    "gain_per_exposure_long_btc": 233.82699049705397,
    "gain_per_exposure_long_usd": 466.96453454123275,
    "gain_per_exposure_short_btc": 0.0,
    "gain_per_exposure_short_usd": 0.0,
    "gain_strategy_eq": 1867.858138164936,
    "gain_usd": 1867.858138164931,
    "hard_stop_duration_minutes_max": 0.0,
    "hard_stop_duration_minutes_mean": 0.0,
    "hard_stop_flatten_time_minutes_mean": 0.0,
    "hard_stop_halt_to_restart_equity_loss_pct": 0.0,
    "hard_stop_panic_close_loss_max": 0.0,
    "hard_stop_panic_close_loss_sum": 0.0,
    "hard_stop_post_restart_retrigger_pct": 0.0,
    "hard_stop_restarts": 0,
    "hard_stop_restarts_long": 0,
    "hard_stop_restarts_per_year": 0.0,
    "hard_stop_restarts_per_year_long": 0.0,
    "hard_stop_restarts_per_year_short": 0.0,
    "hard_stop_restarts_short": 0,
    "hard_stop_time_in_orange_pct": 0.0,
    "hard_stop_time_in_red_pct": 0.0,
    "hard_stop_time_in_yellow_pct": 0.0,
    "hard_stop_trigger_drawdown_mean": 0.0,
    "hard_stop_triggers": 0,
    "hard_stop_triggers_long": 0,
    "hard_stop_triggers_per_year": 0.0,
    "hard_stop_triggers_short": 0,
    "high_exposure_days_max_long": 5.902083333333334,
    "high_exposure_days_max_short": 0.0,
    "high_exposure_days_mean_long": 0.12961200178134044,
    "high_exposure_days_mean_short": 0.0,
    "high_exposure_hours_max_long": 141.65,
    "high_exposure_hours_max_short": 0.0,
    "high_exposure_hours_mean_long": 3.110688042752171,
    "high_exposure_hours_mean_short": 0.0,
    "liquidated": false,
    "long_short_profit_ratio": 1.0,
    "loss_profit_ratio": 0.08609092968008165,
    "loss_profit_ratio_long": 0.08609092968008165,
    "loss_profit_ratio_short": 1.0,
    "loss_profit_ratio_w": 0.08048502628647013,
    "mdg_btc": 0.0,
    "mdg_per_exposure_long_btc": 0.0,
    "mdg_per_exposure_long_usd": 6.8817022023444255e-06,
    "mdg_per_exposure_short_btc": 0.0,
    "mdg_per_exposure_short_usd": 0.0,
    "mdg_pnl": 0.0007525640709622722,
    "mdg_pnl_w": 0.0003662817247382367,
    "mdg_strategy_eq": 2.7526808809321764e-05,
    "mdg_strategy_eq_w": 2.7526808809321763e-06,
    "mdg_usd": 2.7526808809377702e-05,
    "mdg_w_btc": 0.0,
    "mdg_w_per_exposure_long_btc": 0.0,
    "mdg_w_per_exposure_long_usd": 6.881702202344425e-07,
    "mdg_w_per_exposure_short_btc": 0.0,
    "mdg_w_per_exposure_short_usd": 0.0,
    "mdg_w_usd": 2.75268088093777e-06,
    "omega_ratio_btc": 1.6582449407090787,
    "omega_ratio_strategy_eq": 6.931716992764531,
    "omega_ratio_strategy_eq_w": 6.702766794750441,
    "omega_ratio_usd": 6.931716992764518,
    "omega_ratio_w_btc": 1.6224262963891753,
    "omega_ratio_w_usd": 6.702766794750389,
    "paper_loss_mean_ratio_btc": 0.0416449967371361,
    "paper_loss_mean_ratio_usd": 0.12424088302485012,
    "paper_loss_mean_ratio_w_btc": 0.10213192149038638,
    "paper_loss_mean_ratio_w_usd": 0.8274506780956139,
    "paper_loss_ratio_btc": 0.004090825911828006,
    "paper_loss_ratio_usd": 0.005101746224193076,
    "paper_loss_ratio_w_btc": 0.03092925870109795,
    "paper_loss_ratio_w_usd": 0.01871548513379868,
    "peak_recovery_days_equity_btc": 211.3361111111111,
    "peak_recovery_days_equity_usd": 81.05208333333333,
    "peak_recovery_days_pnl": 28.12222222222222,
    "peak_recovery_days_strategy_eq": 81.05208333333333,
    "peak_recovery_days_strategy_eq_long": 0.0,
    "peak_recovery_days_strategy_eq_short": 0.0,
    "peak_recovery_hours_equity_btc": 5072.066666666667,
    "peak_recovery_hours_equity_usd": 1945.25,
    "peak_recovery_hours_pnl": 674.9333333333333,
    "peak_recovery_hours_strategy_eq": 1945.25,
    "peak_recovery_hours_strategy_eq_long": 0.0,
    "peak_recovery_hours_strategy_eq_short": 0.0,
    "pnl_ratio_long_short": 1.0,
    "position_held_days_max": 6.721527777777777,
    "position_held_days_mean": 0.07349967778314806,
    "position_held_days_median": 0.024305555555555556,
    "position_held_hours_max": 161.31666666666666,
    "position_held_hours_mean": 1.7639922667955534,
    "position_held_hours_median": 0.5833333333333334,