{"analysis": {"adg": 0.0029201951116892833,
              "adg_per_exposure_long": 0.0004901300959532197,
              "adg_per_exposure_short": 0.0,
              "adg_w": 0.002985740580554519,
              "adg_w_per_exposure_long": 0.0005011313495391942,
              "adg_w_per_exposure_short": 0.0,
              "calmar_ratio": 0.007106872560298538,
              "calmar_ratio_w": 0.011647129370516438,
              "drawdown_worst": 0.41089735138948585,
              "drawdown_worst_mean_1pct": 0.2985436858881793,
              "equity_balance_diff_neg_max": 0.41950784300049565,
              "equity_balance_diff_neg_mean": 0.016212466167664384,
              "equity_balance_diff_pos_max": 0.36212684490510516,
              "equity_balance_diff_pos_mean": 0.004422384327973244,
              "equity_choppiness": 3.4246607782041516,
              "equity_choppiness_w": 3.464316347929961,
              "equity_jerkiness": 0.017640972184097267,
              "equity_jerkiness_w": 0.018227990687449392,
              "expected_shortfall_1pct": 0.15946739232529766,
              "exponential_fit_error": 0.049075433117896375,
              "exponential_fit_error_w": 0.010338073330346965,
              "gain": 83.14320402103404,
              "gain_per_exposure_long": 13.954884864221892,
              "gain_per_exposure_short": 0.0,
              "loss_profit_ratio": 0.0012246232869055956,
              "loss_profit_ratio_long": 0.0012246232869055956,
              "loss_profit_ratio_short": 1.0,
              "loss_profit_ratio_w": 0.0003245040933524075,
              "mdg": 0.0,
              "mdg_per_exposure_long": 0.0,
              "mdg_per_exposure_short": 0.0,
              "mdg_w": 0.0003535788530674089,
              "mdg_w_per_exposure_long": 5.934522542252582e-05,
              "mdg_w_per_exposure_short": 0.0,
              "omega_ratio": 1.902893138581103,
              "omega_ratio_w": 1.9090021215182749,
              "pnl_ratio_long_short": 1.0,
              "position_held_hours_max": 1101.5,
              "position_held_hours_mean": 12.560625,
              "position_held_hours_median": 0.7,
              "position_unchanged_hours_max": 408.23333333333335,
              "positions_held_per_day": 1.6890884173455964,
              "sharpe_ratio": 0.047894668201081195,
              "sharpe_ratio_w": 0.06790186186277869,
              "sortino_ratio": 0.10062143407156077,
              "sortino_ratio_w": 0.142378748861204,
              "sterling_ratio": 0.009781466665428167,
              "sterling_ratio_w": 0.012927995006465447,
              "volume_pct_per_day_avg": 1.036916267857496,
              "volume_pct_per_day_avg_w": 1.0338518879044307},
 "backtest": {"base_dir": "backtests/pbgui/AAVE_adg_sharpe_omega_new_markup_grtr_TWE9",
              "cache_dir": {"bybit": "caches/hlcvs_data/4662a18f6e5c1422"},
              "coins": {"bybit": ["AAVE"]},
              "combine_ohlcvs": false,
              "compress_cache": true,
              "end_date": "2025-07-07",
              "exchanges": ["bybit", "binance"],
              "gap_tolerance_ohlcvs_minutes": 120,
              "start_date": "2020-01-01",
              "starting_balance": 1000,
              "use_btc_collateral": false},
 "bot": {"long": {"close_grid_markup_end": 0.028834,
                  "close_grid_markup_start": 0.03,
                  "close_grid_qty_pct": 0.29429,
                  "close_trailing_grid_ratio": 0.15964,
                  "close_trailing_qty_pct": 0.052482,
                  "close_trailing_retracement_pct": 0.0034025,
                  "close_trailing_threshold_pct": 0.0047405,
                  "ema_span_0": 353.93,
                  "ema_span_1": 372.13,
                  "enforce_exposure_limit": true,
                  "entry_grid_double_down_factor": 1.3965,
                  "entry_grid_spacing_pct": 0.11877,
                  "entry_grid_spacing_weight": 0.95459,
                  "entry_initial_ema_dist": -0.00098261,
                  "entry_initial_qty_pct": 0.017653,
                  "entry_trailing_double_down_factor": 1.0686,
                  "entry_trailing_grid_ratio": 0.93401,
                  "entry_trailing_retracement_pct": 0.081219,
                  "entry_trailing_threshold_pct": -0.010589,
                  "filter_noisiness_rolling_window": 60,
                  "filter_volume_drop_pct": 0,
                  "filter_volume_rolling_window": 60,
                  "n_positions": 1,
                  "total_wallet_exposure_limit": 5.958,
                  "unstuck_close_pct": 0.0078474,
                  "unstuck_ema_dist": -0.09265,
                  "unstuck_loss_allowance_pct": 0.2073,
                  "unstuck_threshold": 0.91604},
         "short": {"close_grid_markup_end": 0.001,
                   "close_grid_markup_start": 0.001,
                   "close_grid_qty_pct": 0.05,
                   "close_trailing_grid_ratio": -1,
                   "close_trailing_qty_pct": 0.05,
                   "close_trailing_retracement_pct": 0,
                   "close_trailing_threshold_pct": -0.1,
                   "ema_span_0": 200,
                   "ema_span_1": 200,
                   "enforce_exposure_limit": true,
                   "entry_grid_double_down_factor": 0.1,
                   "entry_grid_spacing_pct": 0.01,
                   "entry_grid_spacing_weight": 0.2,
                   "entry_initial_ema_dist": -0.1,
                   "entry_initial_qty_pct": 0.025,
                   "entry_trailing_double_down_factor": 0.1,
                   "entry_trailing_grid_ratio": -1,
                   "entry_trailing_retracement_pct": 0,
                   "entry_trailing_threshold_pct": -0.1,
                   "filter_noisiness_rolling_window": 10,
                   "filter_volume_drop_pct": 0,
                   "filter_volume_rolling_window": 10,
                   "n_positions": 0,
                   "total_wallet_exposure_limit": 0,
                   "unstuck_close_pct": 0.005,
                   "unstuck_ema_dist": -0.1,
                   "unstuck_loss_allowance_pct": 0.01,
                   "unstuck_threshold": 0.7}},
 "disable_plotting": false,
 "live": {"approved_coins": {"long": ["AAVEUSDT"], "short": []},
          "auto_gs": true,
          "coin_flags": {},
          "empty_means_all_approved": false,
          "execution_delay_seconds": 2,
          "filter_by_min_effective_cost": true,
          "forced_mode_long": "",
          "forced_mode_short": "",
          "ignored_coins": {"long": [], "short": []},
          "leverage": 10,
          "market_orders_allowed": true,
          "max_n_cancellations_per_batch": 5,
          "max_n_creations_per_batch": 3,
          "max_n_restarts_per_day": 10,
          "mimic_backtest_1m_delay": false,
          "minimum_coin_age_days": 30,
          "ohlcvs_1m_rolling_window_days": 4,
          "ohlcvs_1m_update_after_minutes": 10,
          "pnls_max_lookback_days": 30,
          "price_distance_threshold": 0.002,
          "time_in_force": "good_till_cancelled",
          "user": "bybit_01"},
 "optimize": {"bounds": {"long_close_grid_markup_end": [0.001, 0.03],
                         "long_close_grid_markup_start": [0.001, 0.03],
                         "long_close_grid_qty_pct": [0.05, 0.4],
                         "long_close_trailing_grid_ratio": [-1, 1],
                         "long_close_trailing_qty_pct": [0.05, 0.25],
                         "long_close_trailing_retracement_pct": [0.003, 0.01],
                         "long_close_trailing_threshold_pct": [0.001, 0.005],
                         "long_ema_span_0": [100, 800],
                         "long_ema_span_1": [100, 800],
                         "long_entry_grid_double_down_factor": [0.4, 10],
                         "long_entry_grid_spacing_pct": [0.01, 0.12],
                         "long_entry_grid_spacing_weight": [0.2, 2],